SEQN,age,sex,tc,hdl,sbp,bmi,egfr,dm,smoking,bptreat,statin,RIDEXPRG,URDACT,URDACT2,risk_first,risk_second,category_first,category_second,delta_pp,SDMVSTRA,SDMVPSU,WTMEC2YR,sbp_primary,sbp_source
51628,60.0,1.0,202.0,45.0,150.0,42.39,56.90343386974225,1.0,1.0,1.0,0.0,,6.77,4.14,15.11203406907312,14.189104525452576,3,3,-0.922929543620544,75.0,2.0,21000.338724,151.33333333333334,sbp_alt
51630,49.0,1.0,259.0,45.0,112.0,30.57,91.63990354877845,0.0,1.0,1.0,0.0,,8.39,4.64,2.921894138989792,2.6799554744287217,0,0,-0.24193866456107038,85.0,2.0,74112.486841,114.0,sbp_alt
51643,42.0,1.0,170.0,35.0,116.0,39.9,23.56913946018339,1.0,0.0,1.0,1.0,2.0,69.5,65.69,13.990554268273161,13.88901693445613,3,3,-0.10153733381703134,75.0,2.0,40755.226149,116.0,sbp_alt
51645,66.0,0.0,217.0,40.0,138.0,28.25,95.49586105926478,0.0,0.0,1.0,1.0,,12.57,7.54,10.011060145566091,9.336912049740107,3,2,-0.6741480958259842,75.0,1.0,9590.4584,140.66666666666666,sbp_alt
51647,45.0,1.0,225.0,82.0,118.0,27.24,84.84827587528017,0.0,0.0,0.0,0.0,,4.34,2.1,0.45341032594899755,0.4067858476100368,0,0,-0.04662447833896077,78.0,2.0,89078.480785,114.0,sbp_alt
51653,44.0,0.0,197.0,37.0,119.0,29.1,68.20972589286554,0.0,0.0,0.0,0.0,,2.18,2.36,1.1677821112743398,1.1816904627843952,0,0,0.013908351510055317,79.0,2.0,93833.198076,118.66666666666667,sbp_alt
51656,58.0,0.0,164.0,37.0,104.0,23.69,75.34020251959399,0.0,0.0,0.0,1.0,,2.86,2.43,2.4516689699995493,2.393511054176143,0,0,-0.05815791582340646,77.0,2.0,101200.947582,105.33333333333333,sbp_alt
51657,54.0,0.0,248.0,45.0,134.0,26.03,52.859969476891486,0.0,0.0,0.0,0.0,,1.5,4.03,3.5299881754996796,4.07499575861602,1,1,0.5450075831163406,76.0,1.0,17242.660371,134.66666666666666,sbp_alt
51661,60.0,1.0,188.0,55.0,118.0,32.07,91.08618933780032,0.0,0.0,0.0,0.0,,7.82,4.06,2.3105529435425955,2.098556255274269,0,0,-0.2119966882683264,88.0,2.0,6385.326701,122.66666666666667,sbp_alt
51662,44.0,1.0,213.0,63.0,129.0,25.06,90.39940001702745,0.0,0.0,0.0,0.0,2.0,7.47,5.7,0.7950375827967375,0.7636491852405723,0,0,-0.03138839755616518,86.0,2.0,18084.593642,129.33333333333334,sbp_alt
51664,53.0,1.0,216.0,51.0,135.0,27.62,98.27559241352726,0.0,0.0,0.0,1.0,,6.27,8.34,1.9986899372960785,2.0843258651998546,0,0,0.08563592790377617,84.0,1.0,79625.602161,133.33333333333334,sbp_alt
51666,58.0,1.0,185.0,44.0,124.0,26.22,89.35918403372622,0.0,1.0,0.0,0.0,,16.93,10.49,4.3660117187024925,4.075623832048724,1,1,-0.29038788665376813,85.0,2.0,9566.287534,127.33333333333333,sbp_alt
51669,65.0,1.0,258.0,48.0,161.0,27.85,98.3854595988943,0.0,0.0,0.0,0.0,,7.9,5.52,6.601700642946461,6.277525099116294,2,2,-0.324175543830167,86.0,2.0,5845.770433,156.66666666666666,sbp_alt
51673,30.0,1.0,196.0,48.0,95.0,19.01,113.38845690259502,0.0,1.0,0.0,0.0,2.0,4.32,2.86,0.38780028261892635,0.3646026258941491,0,0,-0.02319765672477725,81.0,2.0,21763.490175,95.33333333333333,sbp_alt
51677,33.0,0.0,216.0,35.0,128.0,28.54,116.0434280195391,0.0,0.0,0.0,0.0,,3.14,2.83,0.780478343329446,0.7684165230706633,0,0,-0.012061820258782663,76.0,2.0,18875.984973,127.33333333333333,sbp_alt
51678,60.0,0.0,247.0,52.0,152.0,25.84,97.77501448289098,0.0,0.0,1.0,0.0,,4.21,3.69,6.6129628492934645,6.491073461812243,2,2,-0.12188938748122169,81.0,1.0,63106.006013,152.66666666666666,sbp_alt
51680,60.0,1.0,289.0,34.0,113.0,31.71,62.98046217896165,0.0,1.0,0.0,0.0,,1.86,2.08,4.692230172630222,4.76785494783469,1,1,0.07562477520446809,79.0,1.0,18341.269681,114.0,sbp_alt
51683,35.0,1.0,194.0,89.0,109.0,20.29,118.5662669751566,0.0,0.0,0.0,0.0,2.0,8.75,4.33,0.11198242784922775,0.10077050114398221,0,0,-0.01121192670524554,76.0,1.0,62794.052912,110.0,sbp_alt
51687,78.0,0.0,167.0,62.0,131.0,26.79,81.92801587914562,0.0,0.0,1.0,1.0,,11.97,14.21,12.524325172561941,12.810890220392753,3,3,0.2865650478308126,82.0,2.0,42248.55886,132.66666666666666,sbp_alt
51690,63.0,1.0,167.0,50.0,150.0,32.04,102.04886201818927,1.0,0.0,1.0,1.0,,10.45,7.32,8.395895153224537,7.993906526584008,2,2,-0.40198862664052815,88.0,1.0,5642.636108,149.33333333333334,sbp_alt
51691,57.0,1.0,195.0,59.0,122.0,20.66,103.01267813225209,0.0,0.0,0.0,0.0,,5.22,3.15,1.7092422230603748,1.5864095563192349,0,0,-0.1228326667411399,76.0,1.0,92628.908642,122.0,sbp_alt
51692,54.0,0.0,186.0,62.0,90.0,36.32,102.53694126719333,0.0,0.0,0.0,0.0,,4.97,1.82,1.9803072262148649,1.7063282216340976,0,0,-0.2739790045807673,78.0,2.0,14961.227317,91.33333333333333,sbp_alt
51694,38.0,0.0,181.0,36.0,147.0,35.84,120.4345994267417,1.0,0.0,0.0,0.0,,18.62,10.62,4.654234552329572,4.292108534584654,1,1,-0.36212601774491837,80.0,2.0,18320.203148,151.33333333333334,sbp_alt
51701,36.0,0.0,198.0,43.0,117.0,25.95,92.23219603117406,0.0,0.0,0.0,0.0,,2.43,2.41,0.5599460943631482,0.5592516224659244,0,0,-0.0006944718972238251,76.0,1.0,14828.742364,116.0,sbp_alt
51704,54.0,0.0,169.0,24.0,120.0,29.31,108.56773024876183,0.0,0.0,0.0,0.0,,3.28,5.91,2.6193631648061646,2.855971318689483,0,0,0.23660815388331846,85.0,2.0,12815.795366,121.33333333333333,sbp_alt
51707,64.0,1.0,161.0,53.0,130.0,27.18,102.74627898757669,1.0,0.0,0.0,1.0,,43.0,5.91,6.775239987469948,5.119005543315752,2,2,-1.6562344441541956,85.0,1.0,20396.805728,132.66666666666666,sbp_alt
51708,39.0,1.0,226.0,37.0,99.0,29.39,88.07427307171558,0.0,1.0,0.0,0.0,2.0,3.64,4.31,1.1229453148101698,1.1514594819069526,0,0,0.028514167096782783,78.0,2.0,22444.203247,99.33333333333333,sbp_alt
51709,40.0,0.0,212.0,46.0,112.0,27.56,93.0891457489064,0.0,0.0,0.0,0.0,,3.35,4.04,0.7202457171947577,0.7407529358922859,0,0,0.02050721869752814,88.0,2.0,18943.613035,110.66666666666667,sbp_alt
51711,59.0,1.0,161.0,41.0,150.0,25.79,107.97575902636123,1.0,0.0,1.0,1.0,,32.35,24.5,9.291793217555414,8.946040698294768,2,2,-0.3457525192606461,85.0,1.0,19913.750105,148.0,sbp_alt
51714,58.0,0.0,315.0,36.0,131.0,33.23,91.62108612217807,0.0,0.0,0.0,0.0,,5.3,2.44,6.428782070602859,5.759087191691088,2,2,-0.6696948789117707,86.0,3.0,66034.937617,134.0,sbp_alt
51718,51.0,1.0,175.0,70.0,105.0,30.6,94.81101742508345,0.0,0.0,0.0,0.0,,5.65,3.82,0.6944224811614271,0.6550545333661925,0,0,-0.03936794779523467,85.0,2.0,12633.150263,102.66666666666667,sbp_alt
51721,40.0,1.0,209.0,46.0,140.0,26.59,115.38006618419608,0.0,0.0,0.0,0.0,2.0,6.46,4.96,1.01184435237376,0.9728772520893316,0,0,-0.03896710028442829,86.0,3.0,14040.455584,142.0,sbp_alt
51724,37.0,1.0,167.0,54.0,102.0,21.16,119.95942170501232,0.0,0.0,0.0,0.0,2.0,7.59,6.84,0.2656671104096394,0.261560599045489,0,0,-0.004106511364150411,77.0,2.0,25452.884514,102.66666666666667,sbp_alt
51728,55.0,1.0,191.0,31.0,113.0,41.56,71.66014178371597,1.0,0.0,1.0,1.0,,0.63,2.0,4.103323861395888,4.842713357455936,1,1,0.7393894960600482,80.0,2.0,112421.513631,114.66666666666667,sbp_alt
51732,32.0,0.0,156.0,70.0,124.0,20.15,119.25476898306897,0.0,1.0,0.0,0.0,,12.92,3.19,0.5192762806914637,0.420819075740745,0,0,-0.09845720495071869,80.0,1.0,53465.061204,124.0,sbp_alt
51735,55.0,1.0,187.0,59.0,144.0,28.97,102.42817532604263,0.0,0.0,0.0,1.0,,4.53,4.31,1.8925781228985845,1.8787511032969078,0,0,-0.01382701960167676,75.0,1.0,20180.00055,147.33333333333334,sbp_alt
51736,60.0,1.0,252.0,51.0,184.0,27.3,99.64198740179515,0.0,0.0,0.0,0.0,,10.88,8.17,7.24533836272713,6.961598922105927,2,2,-0.28373944062120326,81.0,1.0,7084.376544,186.0,sbp_alt
51737,52.0,0.0,218.0,38.0,127.0,31.43,100.08789793030527,0.0,0.0,0.0,0.0,,5.38,4.55,2.795121457044697,2.727188499394133,0,0,-0.06793295765056406,82.0,1.0,86798.825172,125.33333333333333,sbp_alt
51738,37.0,0.0,309.0,50.0,139.0,28.42,114.3704339965901,0.0,0.0,0.0,0.0,,16.01,11.63,2.0762242827548145,1.9803309718845004,0,0,-0.09589331087031416,77.0,2.0,33324.854365,140.66666666666666,sbp_alt
51740,50.0,1.0,210.0,60.0,118.0,29.15,109.72656156782712,0.0,0.0,0.0,0.0,,4.43,3.75,0.914803407027873,0.8924035012034761,0,0,-0.022399905824396882,78.0,2.0,14542.445662,118.66666666666667,sbp_alt
51744,44.0,1.0,213.0,46.0,115.0,34.61,116.88066287272547,0.0,0.0,0.0,0.0,2.0,9.09,3.23,0.7867766589810481,0.6743485661126619,0,0,-0.11242809286838618,88.0,2.0,14357.518355,116.66666666666667,sbp_alt
51745,44.0,0.0,171.0,38.0,156.0,25.54,95.17765967693163,0.0,0.0,1.0,0.0,,4.88,3.38,2.6459328875161674,2.5067618938373295,0,0,-0.1391709936788379,87.0,2.0,81219.584061,152.66666666666666,sbp_alt
51746,40.0,1.0,222.0,34.0,104.0,40.01,82.88103960861761,0.0,1.0,0.0,0.0,2.0,6.2,3.96,1.3471236218798073,1.2605504476799183,0,0,-0.08657317419988897,88.0,2.0,29040.493951,104.0,sbp_alt
51750,37.0,0.0,134.0,49.0,122.0,29.1,114.3704339965901,0.0,0.0,0.0,0.0,,4.4,2.81,0.45723709721869643,0.4274283952720324,0,0,-0.029808701946664018,86.0,1.0,17616.92681,121.33333333333333,sbp_alt
51754,58.0,1.0,179.0,51.0,144.0,37.92,89.35918403372622,0.0,0.0,1.0,1.0,,15.85,14.69,3.7537566966092473,3.7127522372830497,1,1,-0.04100445932619756,79.0,1.0,95185.415335,143.33333333333334,sbp_alt
51759,40.0,0.0,237.0,48.0,115.0,32.29,118.94583989985206,0.0,1.0,0.0,0.0,,7.18,3.6,1.5635577882029803,1.410949309066435,0,0,-0.1526084791365454,88.0,1.0,18943.613035,116.0,sbp_alt
51768,56.0,1.0,283.0,64.0,127.0,28.48,81.50700526579048,0.0,0.0,0.0,0.0,,15.45,5.0,2.5133614238229303,2.1301268892788174,0,0,-0.3832345345441128,79.0,2.0,108048.508847,128.0,sbp_alt
51770,60.0,1.0,201.0,57.0,118.0,23.41,91.08618933780032,0.0,0.0,0.0,0.0,,5.35,3.64,2.189149638450129,2.068719614574264,0,0,-0.1204300238758651,76.0,2.0,65138.423846,118.0,sbp_alt
51776,30.0,0.0,148.0,35.0,119.0,28.6,120.31146361944003,0.0,1.0,0.0,0.0,,5.25,4.56,0.6798750745953137,0.6656569579110322,0,0,-0.014218116684281523,86.0,2.0,26792.411843,120.66666666666667,sbp_alt
51778,72.0,0.0,145.0,50.0,129.0,33.1,86.12978931512214,1.0,0.0,1.0,1.0,,8.86,7.12,10.720842634225216,10.408903546486863,3,3,-0.3119390877383523,87.0,1.0,14128.519785,131.33333333333334,sbp_alt
51779,36.0,0.0,166.0,38.0,114.0,27.05,123.5422814971357,0.0,0.0,0.0,0.0,,3.81,4.77,0.49891735882006144,0.5160492468883117,0,0,0.017131888068250223,86.0,1.0,24159.506437,114.66666666666667,sbp_alt
51780,54.0,1.0,224.0,51.0,131.0,21.03,75.9698176010205,0.0,0.0,1.0,0.0,,6.0,5.45,2.642393171959953,2.605515248708021,0,0,-0.03687792325193229,86.0,1.0,92722.673705,132.66666666666666,sbp_alt
51783,42.0,0.0,265.0,42.0,189.0,27.49,39.56160324886355,1.0,0.0,0.0,0.0,,13787.88,8817.39,48.23571080033896,46.55270759242325,3,3,-1.6830032079157036,81.0,1.0,21277.202709,187.33333333333334,sbp_alt
51784,61.0,0.0,250.0,54.0,141.0,31.13,85.62841253083518,0.0,0.0,0.0,0.0,,5.49,5.0,5.570565641120961,5.496766953232975,2,2,-0.07379868788798571,88.0,2.0,6162.897031,144.0,sbp_alt
51791,31.0,0.0,167.0,28.0,126.0,23.3,119.9987613031485,0.0,1.0,0.0,0.0,,6.87,7.24,1.1684081259198542,1.1775908909979576,0,0,0.009182765078103339,79.0,1.0,17694.285254,128.66666666666666,sbp_alt
51796,62.0,1.0,243.0,52.0,116.0,23.0,79.65816970136743,0.0,0.0,1.0,0.0,,4.52,6.25,3.6528070749999877,3.8279385735354214,1,1,0.17513149853543375,77.0,1.0,60851.686967,115.33333333333333,sbp_alt
51798,62.0,0.0,221.0,36.0,108.0,35.59,106.04857644477978,0.0,0.0,0.0,0.0,,5.76,5.37,4.660650557887489,4.613832839961484,1,1,-0.046817717926004754,75.0,2.0,6797.608313,111.33333333333333,sbp_alt
51799,50.0,0.0,313.0,38.0,125.0,29.83,114.2659761778726,0.0,0.0,0.0,0.0,,7.26,5.4,3.7002144608197374,3.544206233810871,1,1,-0.1560082270088663,85.0,2.0,12553.070826,124.0,sbp_alt
51803,58.0,0.0,233.0,69.0,139.0,29.27,79.54491257883113,0.0,1.0,0.0,0.0,,2.78,2.23,4.533194597056706,4.391288872763,1,1,-0.1419057242937063,84.0,1.0,18014.411781,138.0,sbp_alt
51805,42.0,1.0,166.0,46.0,111.0,26.78,108.80132082585563,0.0,0.0,0.0,0.0,2.0,169.29,3.97,0.7830214402098934,0.4472665034502306,0,0,-0.3357549367596628,78.0,1.0,27466.731558,112.66666666666667,sbp_alt
51806,53.0,0.0,177.0,43.0,127.0,39.01,99.46735296313739,0.0,0.0,1.0,0.0,,4.25,3.23,2.7304586936028006,2.622522633620262,0,0,-0.10793605998253852,82.0,1.0,20607.556278,129.33333333333334,sbp_alt
51807,78.0,0.0,271.0,44.0,132.0,34.24,60.68326881963101,0.0,0.0,0.0,0.0,,3.43,1.65,15.120924246665991,13.756621832749861,3,3,-1.3643024139161302,82.0,2.0,14386.992439,132.0,sbp_alt
51808,43.0,1.0,188.0,40.0,123.0,30.7,112.38407733592186,0.0,0.0,0.0,0.0,2.0,7.99,4.53,0.881035130498809,0.8096708796071825,0,0,-0.07136425089162646,75.0,1.0,26829.082247,123.33333333333333,sbp_alt
51809,35.0,1.0,155.0,70.0,106.0,20.39,103.10087926027653,0.0,0.0,0.0,0.0,2.0,10.63,5.44,0.15384787702931396,0.1391489317706788,0,0,-0.01469894525863516,79.0,1.0,54729.408706,106.0,sbp_alt
51815,44.0,1.0,198.0,40.0,100.0,23.71,94.53435412519977,0.0,0.0,0.0,0.0,2.0,2.44,5.03,0.6711464503327416,0.747563366983367,0,0,0.07641691665062544,82.0,2.0,18646.910739,97.33333333333333,sbp_alt
51818,56.0,0.0,259.0,44.0,128.0,22.64,103.09589513098398,0.0,0.0,0.0,0.0,,5.78,3.61,4.017423854845848,3.75212579045742,1,1,-0.2652980643884284,86.0,2.0,9128.236138,130.66666666666666,sbp_alt
51829,34.0,1.0,144.0,78.0,121.0,25.36,112.44839242943972,0.0,0.0,0.0,0.0,2.0,11.11,3.3,0.1415283852815622,0.11797820484629033,0,0,-0.023550180435271864,79.0,2.0,59587.981851,119.33333333333333,sbp_alt
51831,41.0,1.0,155.0,44.0,124.0,24.88,84.61862949621997,0.0,0.0,0.0,0.0,2.0,4.87,2.7,0.6124029512306934,0.5607983901594361,0,0,-0.05160456107125733,83.0,2.0,29054.036585,123.33333333333333,sbp_alt
51832,38.0,0.0,182.0,34.0,118.0,25.91,96.47634928022208,0.0,0.0,0.0,0.0,,2.71,2.9,0.7296829852714429,0.7371325297650367,0,0,0.007449544493593807,79.0,2.0,68137.198783,116.0,sbp_alt
51833,48.0,1.0,317.0,48.0,114.0,26.37,68.66769856459193,0.0,1.0,0.0,0.0,,7.01,4.79,2.7300166708024887,2.582242837799125,0,0,-0.14777383300336355,76.0,2.0,20571.4402,109.0,sbp_alt
51839,36.0,0.0,200.0,40.0,115.0,44.46,102.48771054741968,0.0,0.0,0.0,0.0,,4.42,2.43,0.619039669361391,0.5658699837240831,0,0,-0.05316968563730784,78.0,2.0,32902.441091,113.33333333333333,sbp_alt
51845,50.0,1.0,189.0,51.0,110.0,40.7,93.91765822093848,1.0,0.0,1.0,0.0,,3.7,2.32,2.696246677588836,2.518378729746566,0,0,-0.17786794784227,81.0,2.0,28522.937384,112.0,sbp_alt
51846,43.0,0.0,226.0,49.0,123.0,39.82,113.04279169532374,0.0,0.0,1.0,0.0,,3.95,3.31,1.4138642172805302,1.3771358222108032,0,0,-0.03672839506972703,77.0,1.0,68566.199782,124.66666666666667,sbp_alt
51848,52.0,0.0,239.0,44.0,138.0,27.61,74.24522919222467,0.0,0.0,0.0,0.0,,0.55,3.21,2.4575977170031567,3.1838900596820485,0,1,0.7262923426788919,87.0,1.0,12741.448063,140.0,sbp_alt
51849,41.0,1.0,158.0,61.0,138.0,29.11,104.17586855243808,0.0,0.0,0.0,0.0,2.0,10.54,6.97,0.6430661860507276,0.6045897648529859,0,0,-0.03847642119774175,82.0,2.0,37645.371526,138.0,sbp_alt
51851,46.0,1.0,213.0,45.0,111.0,27.32,106.12803844517343,0.0,0.0,0.0,0.0,,27.18,10.0,1.031645283161763,0.8891296039776297,0,0,-0.14251567918413333,76.0,1.0,15376.640325,112.0,sbp_alt
51855,63.0,0.0,206.0,44.0,144.0,22.32,94.7035385987119,0.0,1.0,0.0,0.0,,5.19,3.75,8.194458313869664,7.832768904700454,2,2,-0.3616894091692098,83.0,2.0,12579.260134,142.0,sbp_alt
51856,61.0,1.0,282.0,64.0,174.0,28.37,102.89395838018297,0.0,1.0,0.0,0.0,,19.88,8.33,9.467110288750655,8.40559246597791,2,2,-1.0615178227727444,77.0,2.0,5117.331663,176.66666666666666,sbp_alt
51857,44.0,1.0,162.0,66.0,93.0,24.03,103.93330524844983,0.0,1.0,0.0,0.0,2.0,4.93,3.33,0.6583418766291081,0.6209175260366527,0,0,-0.03742435059245541,79.0,2.0,158146.917521,93.33333333333333,sbp_alt
51863,76.0,1.0,212.0,50.0,100.0,31.91,52.649970295569624,1.0,0.0,1.0,1.0,,13.16,11.76,15.033144502135011,14.818735282822907,3,3,-0.21440921931210433,75.0,2.0,14043.052734,103.33333333333333,sbp_alt
51865,40.0,1.0,130.0,49.0,128.0,28.6,80.7236532975235,0.0,0.0,0.0,0.0,2.0,3.25,2.86,0.47093559522982903,0.46202559901693097,0,0,-0.008909996212898064,82.0,1.0,30344.348456,128.0,sbp_alt
51866,74.0,0.0,226.0,52.0,143.0,28.12,66.78322469816139,0.0,0.0,1.0,0.0,,20.0,7.25,15.756317531888172,13.827354588885454,3,3,-1.928962943002718,81.0,2.0,32931.023461,140.0,sbp_alt
51867,35.0,1.0,147.0,49.0,105.0,21.02,101.51675242765624,0.0,0.0,0.0,0.0,2.0,36.19,15.27,0.29548744192145554,0.25967906338530466,0,0,-0.035808378536150876,85.0,1.0,57097.484011,105.33333333333333,sbp_alt
51877,55.0,0.0,262.0,34.0,126.0,40.25,101.55010990526476,0.0,0.0,0.0,0.0,,2.2,1.77,3.691210371899324,3.5762219581338455,1,1,-0.11498841376547864,81.0,1.0,21126.981723,126.66666666666667,sbp_alt
51878,75.0,0.0,231.0,31.0,124.0,29.47,69.2494314121603,0.0,0.0,1.0,0.0,,2.0,4.46,13.556327968318612,15.039179270587098,3,3,1.482851302268486,76.0,2.0,33645.553037,125.33333333333333,sbp_alt
51880,47.0,0.0,206.0,30.0,120.0,23.89,110.26529505274233,0.0,0.0,0.0,0.0,,6.12,4.36,1.9181062273961222,1.8241081674093855,0,0,-0.09399805998673672,85.0,1.0,18226.446244,120.66666666666667,sbp_alt
51883,63.0,1.0,183.0,58.0,158.0,31.5,98.86939744552022,0.0,0.0,0.0,0.0,,26.04,8.59,5.394033010415553,4.604850902280647,2,1,-0.7891821081349057,85.0,1.0,5939.990537,160.0,sbp_alt
51885,43.0,0.0,205.0,53.0,115.0,22.14,107.24729780281115,1.0,0.0,1.0,1.0,,67.68,56.67,3.6362202078471233,3.5434344501325903,1,1,-0.09278575771453301,86.0,1.0,20257.239026,116.66666666666667,sbp_alt
51886,30.0,0.0,233.0,49.0,107.0,30.69,122.09733322291598,0.0,0.0,0.0,0.0,,4.77,3.87,0.3620171842169043,0.35080475614364176,0,0,-0.01121242807326256,86.0,3.0,22871.407788,108.0,sbp_alt
51888,63.0,0.0,207.0,42.0,127.0,27.46,95.96765132565572,0.0,0.0,0.0,0.0,,10.53,3.06,5.7733233103583474,4.838032175837949,2,1,-0.9352911345203987,80.0,1.0,52696.446317,127.33333333333333,sbp_alt
51889,66.0,0.0,216.0,45.0,126.0,23.13,90.55935413203161,1.0,1.0,0.0,1.0,,23.35,7.88,14.888575577979227,12.927304415391374,3,3,-1.9612711625878525,84.0,2.0,9775.236398,126.0,sbp_alt
51892,50.0,0.0,179.0,33.0,130.0,29.65,113.74822078851547,0.0,0.0,0.0,0.0,,10.23,4.23,2.543289230974644,2.2328539425685285,0,0,-0.31043528840611545,85.0,1.0,81016.09058,132.66666666666666,sbp_alt
51895,61.0,1.0,199.0,62.0,196.0,31.28,99.73921207757469,1.0,0.0,1.0,0.0,,23.18,4.71,14.225884698974712,11.548607120947665,3,3,-2.677277578027047,81.0,1.0,8567.6299,196.0,sbp_alt
51898,31.0,1.0,196.0,41.0,138.0,48.91,109.08919915591581,0.0,0.0,0.0,0.0,2.0,10.17,4.77,0.6262480597027595,0.5593431053782998,0,0,-0.06690495432445975,79.0,2.0,22563.920985,138.0,sbp_alt
51899,30.0,1.0,164.0,45.0,104.0,20.47,124.7731416755749,0.0,0.0,0.0,0.0,2.0,9.22,5.61,0.18248650596989605,0.16939330878048958,0,0,-0.013093197189406464,76.0,2.0,61263.384725,104.0,sbp_alt
51900,70.0,1.0,172.0,56.0,164.0,38.54,93.63372588598125,1.0,0.0,1.0,1.0,,26.41,25.89,13.036749674592212,13.002942004801884,3,3,-0.033807669790327566,83.0,1.0,18281.815192,164.66666666666666,sbp_alt
51902,46.0,0.0,164.0,32.0,116.0,32.32,108.52722977268286,0.0,0.0,0.0,1.0,,3.33,3.1,1.094296534879355,1.082660826027182,0,0,-0.011635708852173021,80.0,1.0,66379.952465,116.66666666666667,sbp_alt
51906,46.0,0.0,154.0,39.0,131.0,34.22,97.5005185404594,0.0,0.0,0.0,0.0,,1.81,2.16,1.2633181298791512,1.297053618186925,0,0,0.03373548830777384,83.0,2.0,94815.614301,132.66666666666666,sbp_alt
51908,43.0,1.0,178.0,48.0,99.0,39.55,118.15098655555143,0.0,0.0,0.0,0.0,2.0,36.71,35.4,0.6805106267193771,0.6768335853608084,0,0,-0.0036770413585687223,82.0,2.0,16306.175177,101.33333333333333,sbp_alt
51911,48.0,0.0,213.0,57.0,116.0,25.65,83.71806731905,0.0,0.0,0.0,0.0,,5.84,4.55,1.3162945387136673,1.2682217002451799,0,0,-0.04807283846848742,80.0,1.0,63260.599658,116.66666666666667,sbp_alt
51916,66.0,1.0,261.0,45.0,166.0,31.83,66.07720699446986,0.0,0.0,1.0,0.0,,15.0,8.92,9.993754258382875,9.313486567339162,2,2,-0.6802676910437135,86.0,3.0,5184.204509,166.0,sbp_alt
51919,64.0,1.0,184.0,45.0,108.0,33.99,91.77715417488379,0.0,0.0,0.0,0.0,,3.78,3.14,2.8828914980977327,2.8059385580499447,0,0,-0.07695294004778797,81.0,2.0,63755.08114,106.0,sbp_alt
51921,55.0,0.0,225.0,49.0,181.0,26.97,62.004529455221935,0.0,1.0,1.0,0.0,,5.42,3.63,10.550840478881977,9.993039951548395,3,2,-0.5578005273335815,88.0,1.0,18605.354846,185.33333333333334,sbp_alt
51922,46.0,0.0,224.0,83.0,118.0,23.25,74.04593300160977,0.0,0.0,0.0,0.0,,3.52,1.85,0.7568984244311281,0.6873136224868152,0,0,-0.06958480194431294,86.0,1.0,23814.325568,116.0,sbp_alt
51928,62.0,1.0,186.0,61.0,116.0,20.76,69.4935497338664,0.0,0.0,1.0,0.0,,345.12,75.22,5.608780487770021,4.513890344486651,2,1,-1.0948901432833704,86.0,1.0,22204.695803,115.33333333333333,sbp_alt
51933,54.0,0.0,200.0,48.0,191.0,35.82,105.5678777099181,0.0,1.0,0.0,0.0,,880.3,316.96,18.801635661472353,16.55909368263413,3,3,-2.242541978838222,77.0,2.0,103268.230044,194.0,sbp_alt
51936,51.0,1.0,161.0,55.0,123.0,26.14,106.1392486442389,0.0,0.0,0.0,1.0,,14.16,9.71,1.0707733020495862,1.0124116180440637,0,0,-0.05836168400552255,87.0,2.0,12719.508666,126.0,sbp_alt
51940,31.0,0.0,241.0,48.0,114.0,30.49,109.74374946445099,0.0,0.0,0.0,0.0,,3.85,2.21,0.4369321659393984,0.401942121933673,0,0,-0.03499004400572536,81.0,2.0,14982.222912,113.33333333333333,sbp_alt
51943,39.0,1.0,231.0,46.0,118.0,36.75,103.79434504779843,0.0,0.0,1.0,0.0,2.0,0.95,3.45,0.6043015633477731,0.7324465429151237,0,0,0.1281449795673506,81.0,2.0,71929.361138,118.66666666666667,sbp_alt
51944,42.0,0.0,207.0,51.0,110.0,25.65,107.91637935481099,0.0,0.0,0.0,0.0,,1.88,2.44,0.6488550700727918,0.67473527034883,0,0,0.025880200276038212,82.0,2.0,25040.876065,110.0,sbp_alt
51951,56.0,1.0,237.0,94.0,138.0,29.35,98.06885034418413,0.0,0.0,1.0,0.0,,5.45,10.63,1.6771025818582692,1.850750044943842,0,0,0.17364746308557288,87.0,2.0,93109.959096,138.0,sbp_alt
51952,46.0,1.0,168.0,57.0,124.0,22.5,71.21605662034494,0.0,0.0,0.0,0.0,,3.09,2.5,0.7106861568999915,0.6885897070676313,0,0,-0.022096449832360143,84.0,1.0,63386.839663,126.0,sbp_alt
51957,40.0,1.0,191.0,37.0,141.0,31.25,115.83310301534061,1.0,0.0,0.0,0.0,2.0,5.77,5.38,3.459167581822389,3.4242534922735564,1,1,-0.03491408954883246,76.0,2.0,18372.138824,139.33333333333334,sbp_alt
51963,49.0,0.0,215.0,47.0,93.0,23.43,105.05202498526823,0.0,0.0,0.0,0.0,,4.86,6.65,1.798278179180519,1.8838369632004004,0,0,0.08555878401988148,84.0,1.0,67765.448326,94.66666666666667,sbp_alt
51964,60.0,1.0,200.0,67.0,130.0,30.69,94.08894899177962,0.0,0.0,1.0,0.0,,10.0,6.2,3.034734237305436,2.8305301990405067,1,0,-0.20420403826492928,76.0,2.0,65943.007088,129.33333333333334,sbp_alt
51968,45.0,0.0,217.0,42.0,105.0,37.42,108.4399793910444,0.0,1.0,0.0,0.0,,3.53,2.18,1.8962381297410558,1.7654798458939966,0,0,-0.13075828384705912,78.0,1.0,17917.020794,104.66666666666667,sbp_alt
51973,46.0,0.0,205.0,33.0,147.0,30.22,80.32434354518116,0.0,0.0,1.0,0.0,,3.12,2.56,3.06490366418806,2.9773851708520076,1,0,-0.08751849333605222,78.0,2.0,94172.422984,144.66666666666666,sbp_alt
51974,55.0,1.0,190.0,87.0,106.0,28.51,108.18191349942937,0.0,0.0,0.0,1.0,,4.57,5.15,0.6607962496250483,0.6726754869490847,0,0,0.011879237324036396,86.0,1.0,20180.00055,108.66666666666667,sbp_alt
51975,57.0,0.0,225.0,41.0,127.0,31.88,85.7238597205695,0.0,0.0,1.0,1.0,,558.15,226.74,9.324770044312524,8.236486692154603,2,2,-1.0882833521579212,80.0,2.0,20432.419271,129.33333333333334,sbp_alt
51976,79.0,0.0,188.0,50.0,146.0,27.78,83.52571804006685,1.0,0.0,1.0,0.0,,4.66,5.79,18.40464021911493,18.902110605625328,3,3,0.4974703865103969,87.0,2.0,34860.620863,146.0,sbp_alt
51982,46.0,0.0,228.0,100.0,141.0,22.89,109.31044169423751,0.0,1.0,0.0,0.0,,76.99,5.87,2.2202937777517375,1.516112774389238,0,0,-0.7041810033624996,75.0,2.0,27020.765699,140.66666666666666,sbp_alt
51985,60.0,1.0,203.0,63.0,110.0,33.25,60.82734918180882,0.0,0.0,0.0,1.0,,3.04,2.53,1.7097146735327289,1.6639984723524852,0,0,-0.045716201180243665,83.0,2.0,79504.28538,111.33333333333333,sbp_alt
51991,35.0,0.0,192.0,46.0,121.0,28.82,108.41532242346997,0.0,0.0,0.0,0.0,,6.67,2.53,0.5985704263577941,0.5174811358912391,0,0,-0.081089290466555,80.0,1.0,53465.061204,121.33333333333333,sbp_alt
51993,49.0,1.0,207.0,78.0,132.0,46.13,112.7927580926323,0.0,0.0,1.0,1.0,,40.24,24.27,1.2571733663689084,1.1663516033037291,0,0,-0.0908217630651793,84.0,1.0,26152.25275,132.0,sbp_alt
51995,72.0,0.0,251.0,91.0,131.0,14.59,72.10991965450054,0.0,1.0,0.0,0.0,,6.16,3.09,9.1265982682132,8.29856738472538,2,2,-0.8280308834878198,76.0,2.0,10399.3983,132.66666666666666,sbp_alt
51997,74.0,1.0,260.0,45.0,131.0,26.18,71.84709820828168,0.0,0.0,0.0,0.0,,2.67,5.22,7.318120135043233,8.030759514363808,2,2,0.7126393793205752,76.0,2.0,39394.168753,131.33333333333334,sbp_alt
52007,49.0,1.0,220.0,74.0,98.0,23.63,107.46771727945188,0.0,1.0,0.0,0.0,,4.29,4.22,1.0200310854510302,1.0175405816740237,0,0,-0.0024905037770064364,75.0,2.0,24194.944766,98.66666666666667,sbp_alt
52008,62.0,1.0,189.0,80.0,160.0,27.59,60.76927108924858,0.0,1.0,0.0,0.0,,3.06,4.24,4.8580184488554075,5.089388916198546,1,2,0.2313704673431385,89.0,2.0,16242.073126,158.66666666666666,sbp_alt
52009,44.0,1.0,227.0,79.0,97.0,29.12,75.76591014045789,0.0,0.0,0.0,0.0,2.0,7.79,2.26,0.43647933806230793,0.362748334029948,0,0,-0.07373100403235994,77.0,1.0,76603.798386,100.0,sbp_alt
52010,49.0,1.0,221.0,38.0,161.0,43.92,60.28031398314845,0.0,0.0,1.0,0.0,,7.41,5.96,4.2944227746755255,4.162054326091475,1,1,-0.1323684485840504,84.0,1.0,21427.791671,159.33333333333334,sbp_alt
52012,66.0,1.0,146.0,50.0,125.0,30.96,96.33563316155355,1.0,0.0,1.0,0.0,,5.69,5.34,7.492655355492512,7.426864626566828,2,2,-0.06579072892568405,78.0,1.0,13823.802605,125.33333333333333,sbp_alt
52013,36.0,0.0,146.0,40.0,102.0,28.09,90.20514000880766,0.0,0.0,0.0,0.0,,7.19,5.38,0.49572816906811623,0.47458826634983264,0,0,-0.021139902718283587,77.0,2.0,79961.680523,102.0,sbp_alt
52017,31.0,0.0,170.0,21.0,148.0,35.24,117.49586014446653,0.0,0.0,1.0,0.0,,18.02,14.38,1.7604413441776487,1.7024707619783666,0,0,-0.057970582199282195,78.0,2.0,81216.199549,148.66666666666666,sbp_alt
52020,32.0,1.0,202.0,34.0,110.0,34.29,119.02034757046715,0.0,0.0,0.0,0.0,2.0,7.34,5.91,0.3444667955952366,0.33347824721331726,0,0,-0.010988548381919316,75.0,2.0,21013.966653,110.66666666666667,sbp_alt
52023,65.0,0.0,177.0,36.0,130.0,31.28,77.88374461139381,1.0,0.0,1.0,1.0,,23.13,11.53,12.465832763690948,11.363214090877017,3,3,-1.1026186728139304,87.0,1.0,70560.254529,131.33333333333334,sbp_alt
52027,55.0,0.0,250.0,57.0,134.0,22.81,104.91335686811661,0.0,0.0,0.0,0.0,,12.65,24.1,3.7349567930591783,4.101110741519378,1,1,0.36615394846019944,75.0,1.0,19364.17167,134.0,sbp_alt
52029,43.0,1.0,135.0,38.0,136.0,31.22,117.60984390493607,0.0,0.0,0.0,0.0,2.0,54.29,10.31,1.2747786153480762,0.9962113588329242,0,0,-0.278567256515152,78.0,2.0,21420.29799,136.66666666666666,sbp_alt
52031,77.0,0.0,194.0,51.0,142.0,30.34,88.87040993917834,0.0,0.0,0.0,0.0,,6.34,4.79,12.769439342260569,12.305265262891979,3,3,-0.4641740793685898,85.0,2.0,33963.063829,147.33333333333334,sbp_alt
52032,40.0,1.0,191.0,58.0,105.0,26.8,114.50061179342943,0.0,0.0,0.0,0.0,2.0,24.4,4.62,0.4239913801682753,0.3305705416873729,0,0,-0.09342083848090244,87.0,2.0,14348.956279,106.66666666666667,sbp_alt
52033,45.0,1.0,250.0,80.0,136.0,26.43,79.28508434642143,0.0,0.0,0.0,0.0,,20.0,20.56,0.9948072768116164,0.9988986646689636,0,0,0.004091387857347195,84.0,1.0,16371.808858,137.33333333333334,sbp_alt
52039,43.0,1.0,215.0,80.0,116.0,38.52,87.12453388757395,1.0,0.0,1.0,0.0,2.0,8.92,6.85,1.4775110739797286,1.4209051805237063,0,0,-0.056605893456022294,86.0,3.0,13601.228883,118.66666666666667,sbp_alt
52042,61.0,0.0,176.0,42.0,111.0,35.56,79.84557529498599,0.0,0.0,0.0,0.0,,5.47,4.02,3.4599356846154423,3.30790098588341,1,1,-0.15203469873203224,85.0,2.0,61520.627241,110.66666666666667,sbp_alt
52043,62.0,0.0,216.0,39.0,110.0,28.97,101.22479656428506,0.0,0.0,0.0,1.0,,6.36,4.91,4.499070544633116,4.334137225549944,1,1,-0.16493331908317188,85.0,2.0,61520.627241,110.0,sbp_alt
52050,39.0,0.0,155.0,48.0,127.0,32.7,84.79025229167237,0.0,0.0,0.0,0.0,,8.79,3.49,0.7775590022524486,0.6770092862313214,0,0,-0.10054971602112717,79.0,2.0,79303.669349,128.66666666666666,sbp_alt
52051,56.0,0.0,218.0,36.0,100.0,30.9,104.66478535898611,0.0,0.0,0.0,0.0,,6.96,5.62,3.436991716671538,3.331413765866958,1,1,-0.10557795080458021,88.0,2.0,9731.188016,100.66666666666667,sbp_alt
52052,43.0,0.0,212.0,51.0,120.0,33.36,90.32518722372444,0.0,0.0,1.0,0.0,,4.47,5.07,1.2568597464687161,1.2806845869599877,0,0,0.023824840491271537,83.0,2.0,28866.856878,122.0,sbp_alt
52058,49.0,0.0,192.0,37.0,129.0,24.65,92.2635123866304,0.0,0.0,0.0,0.0,,3.45,5.45,2.030309981040747,2.1722965486759565,0,0,0.14198656763520967,75.0,2.0,21178.53496,129.33333333333334,sbp_alt
52063,47.0,0.0,194.0,45.0,107.0,24.67,88.10586920714,0.0,0.0,0.0,0.0,,2.99,3.24,1.133404872633366,1.1470734572081964,0,0,0.013668584574830334,77.0,1.0,83568.320819,108.66666666666667,sbp_alt
52065,66.0,0.0,148.0,28.0,151.0,44.05,82.02140535138454,1.0,0.0,0.0,0.0,,14.22,8.28,13.181361296308014,12.274558547235628,3,3,-0.9068027490723853,81.0,1.0,7737.568458,150.0,sbp_alt
52068,72.0,0.0,205.0,41.0,106.0,28.15,75.4188056113002,0.0,0.0,0.0,0.0,,6.74,5.71,9.202518114229687,8.995392913867304,2,2,-0.20712520036238224,76.0,2.0,34061.139515,107.33333333333333,sbp_alt
52069,40.0,1.0,197.0,71.0,118.0,32.72,98.40851494827916,0.0,0.0,0.0,0.0,2.0,5.8,3.64,0.3300890633321894,0.3078607803020405,0,0,-0.0222282830301489,77.0,2.0,85415.930989,118.66666666666667,sbp_alt
52071,41.0,0.0,252.0,35.0,108.0,36.54,116.26788421940397,0.0,0.0,0.0,0.0,,119.6,64.82,1.8960715273877642,1.7314563629694497,0,0,-0.16461516441831447,82.0,1.0,16715.945903,108.0,sbp_alt
52072,32.0,1.0,170.0,60.0,119.0,30.35,125.37136245398901,0.0,0.0,0.0,0.0,2.0,4.0,4.72,0.17016660421976287,0.1744402856087231,0,0,0.0042736813889602265,81.0,1.0,18734.521353,119.33333333333333,sbp_alt
52080,30.0,0.0,218.0,57.0,108.0,21.77,102.60380803210388,0.0,1.0,0.0,0.0,,22.11,4.04,0.665180038704029,0.515369823894365,0,0,-0.14981021480966394,78.0,1.0,60193.00099,110.66666666666667,sbp_alt
52081,65.0,0.0,206.0,45.0,126.0,31.77,85.5741455611713,1.0,0.0,1.0,1.0,,4.04,4.2,9.960213681659825,10.012936455129694,2,3,0.052722773469868756,86.0,3.0,47075.842776,127.33333333333333,sbp_alt
52084,72.0,1.0,270.0,92.0,132.0,21.38,80.64926896953644,0.0,0.0,0.0,0.0,,4.4,4.44,4.747635061614677,4.753782642758108,1,1,0.006147581143431502,77.0,2.0,12618.187505,133.33333333333334,sbp_alt
52086,68.0,0.0,132.0,45.0,139.0,24.27,81.00749282784909,0.0,0.0,1.0,1.0,,4.96,1.56,5.957810314647895,5.051191927824913,2,2,-0.9066183868229816,77.0,2.0,19682.063679,140.66666666666666,sbp_alt
52088,79.0,1.0,183.0,76.0,152.0,21.29,57.30689857429213,0.0,0.0,0.0,0.0,,6.47,6.5,10.77717505248852,10.783854718167625,3,3,0.006679665679104829,77.0,1.0,34245.404778,154.66666666666666,sbp_alt
52090,52.0,1.0,188.0,59.0,124.0,39.66,83.56010305475766,0.0,0.0,1.0,0.0,,1.58,3.87,1.2975077676204265,1.4815114680080887,0,0,0.18400370038766223,80.0,2.0,112421.513631,124.66666666666667,sbp_alt
52092,35.0,1.0,211.0,34.0,110.0,36.13,116.8202661662569,0.0,0.0,0.0,0.0,2.0,5.53,5.48,0.434626655298939,0.4340370106694228,0,0,-0.0005896446295162172,75.0,1.0,21156.502109,109.0,sbp_alt
52094,61.0,1.0,188.0,45.0,133.0,40.81,101.2534020945155,0.0,0.0,0.0,0.0,,6.9,10.23,3.342541607915533,3.538901301521068,1,1,0.1963596936055354,89.0,1.0,5760.494111,131.33333333333334,sbp_alt
52099,56.0,0.0,186.0,31.0,133.0,30.27,95.14139311573523,0.0,0.0,1.0,1.0,,12.64,5.0,4.982749660188787,4.359975133698975,1,1,-0.6227745264898124,81.0,2.0,99844.470859,132.66666666666666,sbp_alt
52103,62.0,0.0,205.0,66.0,176.0,32.26,98.59951239648791,0.0,0.0,0.0,0.0,,621.02,9.15,12.446843054273707,6.9936257424373744,3,2,-5.453217311836332,86.0,3.0,5296.291204,174.66666666666666,sbp_alt
52104,74.0,1.0,217.0,40.0,132.0,40.35,72.87470335659705,0.0,0.0,1.0,0.0,,8.76,6.55,10.699820561619044,10.289890699910625,3,3,-0.4099298617084184,80.0,1.0,34299.447413,132.0,sbp_alt
52106,50.0,1.0,206.0,71.0,106.0,26.37,106.80141743231928,0.0,0.0,0.0,0.0,,3.0,5.03,0.6118852146055294,0.6609216181922759,0,0,0.049036403586746546,76.0,1.0,18247.773898,105.33333333333333,sbp_alt
52107,48.0,1.0,158.0,27.0,111.0,35.43,109.35736765515784,0.0,1.0,0.0,0.0,,2.54,2.37,1.595796210081136,1.5795474195938837,0,0,-0.016248790487252363,82.0,2.0,36481.199046,108.66666666666667,sbp_alt
52110,48.0,1.0,158.0,78.0,110.0,21.48,85.66491677313871,0.0,0.0,0.0,0.0,,6.74,2.73,0.43984434487118834,0.3842546044840827,0,0,-0.055589740387105624,76.0,1.0,74567.776013,109.33333333333333,sbp_alt
52111,52.0,0.0,172.0,98.0,119.0,19.15,57.50472541884386,0.0,1.0,0.0,0.0,,8.91,8.07,1.4911647167560993,1.4693586068133033,0,0,-0.02180610994279597,83.0,1.0,25644.008191,118.0,sbp_alt
52112,63.0,1.0,228.0,55.0,108.0,28.1,75.86210430092883,0.0,0.0,0.0,0.0,,5.81,10.94,2.8338027513085744,3.10745190154959,0,1,0.27364915024101544,88.0,1.0,5642.636108,108.66666666666667,sbp_alt
52115,43.0,1.0,218.0,90.0,114.0,22.62,113.69193756642323,0.0,0.0,0.0,0.0,2.0,7.65,5.43,0.28842067521150155,0.273994509784951,0,0,-0.014426165426550563,75.0,2.0,72750.111486,114.66666666666667,sbp_alt
52117,40.0,0.0,291.0,49.0,124.0,31.91,105.09586469420975,0.0,1.0,0.0,0.0,,4.63,3.33,2.3406834893885953,2.2295736598282185,0,0,-0.11110982956037674,84.0,1.0,14003.820486,124.0,sbp_alt
52119,67.0,1.0,232.0,76.0,115.0,25.07,46.79229455239509,0.0,1.0,1.0,0.0,,34.23,19.21,9.279360570064897,8.574644860637939,2,2,-0.7047157094269583,78.0,2.0,69974.023405,118.0,sbp_alt
52122,67.0,0.0,185.0,76.0,140.0,32.35,95.92691763867045,0.0,0.0,1.0,1.0,,11.61,8.67,5.717305612274353,5.484210089960412,2,2,-0.23309552231394104,85.0,2.0,60349.521987,141.33333333333334,sbp_alt
52124,45.0,0.0,253.0,39.0,115.0,32.91,111.2220932895185,0.0,1.0,0.0,0.0,,5.19,4.14,2.5733628702403317,2.489157017095929,0,0,-0.08420585314440254,82.0,1.0,20118.340821,115.33333333333333,sbp_alt
52126,55.0,1.0,240.0,62.0,116.0,46.72,89.6432439689536,0.0,0.0,0.0,0.0,,3.81,5.59,1.4215200211379826,1.5044602386888775,0,0,0.08294021755089487,75.0,2.0,29830.589625,116.0,sbp_alt
52127,50.0,1.0,212.0,56.0,107.0,30.02,91.07173614677602,0.0,1.0,0.0,1.0,,2.38,4.29,1.3359537551985072,1.4577007763228427,0,0,0.12174702112433544,77.0,2.0,25427.452028,109.33333333333333,sbp_alt
52130,30.0,1.0,245.0,40.0,109.0,30.33,66.41565431386736,0.0,1.0,0.0,0.0,2.0,18.67,4.06,0.8724843656647175,0.6951213589382627,0,0,-0.17736300672645489,80.0,2.0,76211.655508,109.33333333333333,sbp_alt
52131,38.0,1.0,192.0,42.0,115.0,28.87,117.75103814504187,0.0,0.0,0.0,0.0,2.0,4.19,4.51,0.4413839515446653,0.4462657022406068,0,0,0.004881750695941489,79.0,2.0,62125.389482,116.0,sbp_alt
52135,74.0,0.0,217.0,56.0,133.0,32.93,67.48682122425716,0.0,0.0,1.0,0.0,,8.67,5.69,12.914692193697883,12.21612948564536,3,3,-0.6985627080525223,77.0,1.0,29609.395167,132.0,sbp_alt
52137,55.0,1.0,282.0,42.0,154.0,30.14,102.78918416545584,0.0,0.0,1.0,0.0,,5.31,7.19,4.857854643743887,5.07253036570247,1,2,0.21467572195858242,76.0,2.0,106549.309737,158.66666666666666,sbp_alt
52138,46.0,0.0,208.0,58.0,118.0,27.35,84.76590615392612,0.0,0.0,1.0,0.0,,4.19,3.39,1.319697985874134,1.2786751472134308,0,0,-0.04102283866070322,80.0,1.0,55814.203457,118.66666666666667,sbp_alt
52146,62.0,0.0,212.0,43.0,112.0,28.18,76.73704787212746,0.0,0.0,0.0,0.0,,5.78,13.24,4.278589594003163,4.8215511041207115,1,1,0.5429615101175482,78.0,2.0,18864.80023,112.66666666666667,sbp_alt
52149,60.0,1.0,163.0,94.0,164.0,23.03,92.56525157392575,0.0,0.0,0.0,0.0,,10.4,5.0,2.6055050426926956,2.340579739813459,0,0,-0.26492530287923666,85.0,2.0,63146.96853,168.66666666666666,sbp_alt
52151,31.0,1.0,138.0,43.0,120.0,42.7,126.72309306219134,0.0,0.0,0.0,0.0,2.0,7.6,4.11,0.22454416762772325,0.20479035427999645,0,0,-0.0197538133477268,86.0,3.0,14711.599201,119.33333333333333,sbp_alt
52153,38.0,1.0,259.0,58.0,159.0,32.6,80.68051805819022,0.0,1.0,0.0,0.0,2.0,4.78,3.61,2.741192539308642,2.6310443625909112,0,0,-0.1101481767177308,80.0,1.0,20725.232406,159.33333333333334,sbp_alt
52157,53.0,1.0,292.0,39.0,112.0,33.43,73.49428418499251,0.0,0.0,0.0,0.0,,2.07,2.74,1.8636621385279233,1.9422323792545337,0,0,0.07857024072661045,75.0,2.0,125317.169771,113.33333333333333,sbp_alt
52159,45.0,1.0,166.0,63.0,103.0,19.2,101.61623497648871,0.0,0.0,0.0,0.0,,3.49,5.35,0.4089713353975839,0.43594036125580354,0,0,0.026969025858219642,76.0,2.0,19211.164516,103.33333333333333,sbp_alt
52160,73.0,1.0,203.0,48.0,161.0,45.82,33.34225229003716,1.0,0.0,1.0,1.0,,44.12,68.13,21.87986683475997,23.015213466664726,3,3,1.1353466319047563,89.0,2.0,36266.584603,164.66666666666666,sbp_alt
52162,61.0,0.0,208.0,32.0,145.0,35.21,87.7296914369089,1.0,0.0,0.0,0.0,,428.13,198.74,18.69253194050283,16.994723889304396,3,3,-1.6978080511984324,78.0,1.0,8365.161334,146.0,sbp_alt
52164,74.0,0.0,156.0,49.0,133.0,21.73,79.9360272664231,0.0,0.0,0.0,0.0,,6.4,8.11,9.491928476623306,9.803609979430334,2,2,0.3116815028070281,79.0,2.0,22662.89954,130.0,sbp_alt
52166,60.0,1.0,214.0,29.0,142.0,32.5,85.58024785216206,1.0,0.0,1.0,1.0,,470.94,311.05,18.661948440608697,17.735164650831287,3,3,-0.92678378977741,88.0,1.0,5697.985261,144.0,sbp_alt
52167,47.0,0.0,183.0,55.0,125.0,31.78,87.1093876169541,0.0,0.0,0.0,0.0,,2.61,1.3,1.1445001551076652,1.0313432140640173,0,0,-0.11315694104364793,77.0,1.0,81895.402401,123.33333333333333,sbp_alt
52168,73.0,0.0,167.0,58.0,178.0,23.52,81.42063980918934,0.0,0.0,0.0,1.0,,10.52,3.76,10.477758068618627,9.107347733909755,3,2,-1.3704103347088719,76.0,2.0,33645.553037,175.33333333333334,sbp_alt
52172,58.0,0.0,208.0,64.0,111.0,19.05,107.74408823073323,0.0,1.0,0.0,0.0,,17.1,13.08,3.8272507107570735,3.6810451918499436,1,1,-0.14620551890712985,85.0,2.0,23192.901232,113.33333333333333,sbp_alt
52173,54.0,1.0,267.0,79.0,128.0,24.2,65.37502815362195,0.0,0.0,0.0,0.0,,4.06,4.12,1.4443891884621691,1.4475275955217937,0,0,0.0031384070596245373,82.0,1.0,95337.536404,129.33333333333334,sbp_alt
52175,64.0,1.0,252.0,50.0,106.0,24.34,72.35257817155274,0.0,0.0,0.0,0.0,,5.54,3.74,3.4011248941801075,3.2125727115179354,1,1,-0.1885521826621721,75.0,1.0,6260.61572,117.0,sbp_alt
52179,40.0,0.0,216.0,47.0,117.0,35.45,94.17472971693599,0.0,0.0,0.0,0.0,,6.76,6.74,0.8944463135389674,0.8940497787117438,0,0,-0.00039653482722357136,79.0,2.0,75648.543242,117.33333333333333,sbp_alt
52185,33.0,0.0,171.0,36.0,101.0,34.14,120.29648846490694,0.0,0.0,0.0,0.0,,5.16,2.68,0.45570625751131777,0.41295965094329024,0,0,-0.042746606568027534,84.0,2.0,23915.271061,102.0,sbp_alt
52187,44.0,1.0,180.0,54.0,122.0,20.92,81.9358876424416,0.0,0.0,0.0,0.0,2.0,3.04,2.92,0.6297108263741894,0.6259388484462027,0,0,-0.0037719779279866694,77.0,2.0,34615.20916,123.33333333333333,sbp_alt
52191,51.0,1.0,218.0,66.0,145.0,31.56,65.83099937680893,0.0,1.0,0.0,0.0,,11.18,10.23,3.2191018808171408,3.177827209395624,1,1,-0.04127467142151664,83.0,2.0,31163.599633,144.66666666666666,sbp_alt
52192,73.0,0.0,151.0,50.0,134.0,26.39,86.70143056277719,1.0,0.0,0.0,1.0,,24.24,19.57,11.57962960061664,11.252834697485431,3,3,-0.3267949031312085,83.0,2.0,14932.548383,132.66666666666666,sbp_alt
52195,46.0,1.0,272.0,73.0,107.0,24.63,108.70674387954075,0.0,0.0,0.0,0.0,,11.47,13.79,0.6611294928984238,0.6795413574819462,0,0,0.018411864583522397,76.0,2.0,79088.217729,110.0,sbp_alt
52197,39.0,0.0,149.0,34.0,140.0,40.66,116.79119098470599,1.0,0.0,1.0,0.0,,146.54,73.13,5.786589728439749,5.240235259493736,2,2,-0.5463544689460127,78.0,2.0,79590.36724,139.33333333333334,sbp_alt
52198,45.0,1.0,194.0,32.0,120.0,36.29,115.12369885973024,1.0,1.0,1.0,0.0,,4.73,4.55,6.087830765893463,6.054616371014434,2,2,-0.03321439487902911,82.0,2.0,17929.959406,113.33333333333333,sbp_alt
52202,65.0,1.0,208.0,75.0,132.0,24.07,64.84775273058324,0.0,0.0,1.0,0.0,,6.58,2.09,4.205356101699799,3.563924700490377,1,1,-0.641431401209422,86.0,1.0,65573.061923,132.0,sbp_alt
52203,75.0,0.0,229.0,64.0,133.0,20.21,91.94572407830873,0.0,0.0,0.0,0.0,,11.11,7.61,11.495649370356304,10.926979521556307,3,3,-0.5686698487999973,85.0,2.0,10532.096527,134.66666666666666,sbp_alt
52205,48.0,1.0,220.0,49.0,110.0,20.23,103.07163016695893,0.0,0.0,0.0,0.0,,13.33,3.43,1.0152408429771458,0.8296225830602222,0,0,-0.1856182599169236,86.0,3.0,58388.657969,110.66666666666667,sbp_alt
52207,67.0,0.0,188.0,34.0,122.0,28.83,86.63360118013901,0.0,0.0,0.0,1.0,,3.62,3.58,6.1031450767419875,6.093536815925828,2,2,-0.009608260816159842,86.0,3.0,46179.70811,119.33333333333333,sbp_alt
52212,65.0,1.0,226.0,40.0,113.0,25.84,71.9039921868891,1.0,0.0,0.0,0.0,,85.25,25.6,9.724184107873722,8.250037104767179,2,2,-1.474147003106543,82.0,2.0,7692.636623,114.66666666666667,sbp_alt
52214,38.0,0.0,163.0,30.0,125.0,26.66,98.7963880495905,1.0,1.0,0.0,0.0,,5.14,4.21,4.186428936219901,4.067189406000462,1,1,-0.11923953021943934,86.0,3.0,22430.51295,124.66666666666667,sbp_alt
52215,63.0,1.0,227.0,79.0,164.0,24.81,85.29223669906257,0.0,0.0,0.0,0.0,,7.05,3.79,4.201258443173879,3.841849989783806,1,1,-0.3594084533900732,88.0,2.0,5642.636108,162.66666666666666,sbp_alt
52217,48.0,1.0,188.0,54.0,143.0,35.5,108.13817395799143,1.0,0.0,1.0,0.0,,23.8,12.6,5.14678359467313,4.7001476140744805,2,1,-0.44663598059864995,86.0,2.0,71535.396711,142.66666666666666,sbp_alt
52222,39.0,1.0,172.0,48.0,107.0,34.23,82.29956469009588,0.0,0.0,0.0,0.0,2.0,2.12,2.57,0.3316360759030068,0.3413259488421311,0,0,0.009689872939124267,79.0,2.0,60172.700525,108.0,sbp_alt
52227,57.0,1.0,217.0,79.0,127.0,29.86,104.21147949415595,0.0,0.0,0.0,0.0,,9.57,8.77,1.5921142638236319,1.5717113899084931,0,0,-0.02040287391513873,87.0,1.0,15295.318785,128.0,sbp_alt
52231,56.0,1.0,137.0,44.0,114.0,41.79,74.04238663056476,0.0,0.0,0.0,0.0,,3.93,0.94,1.534276921444,1.2414467184708313,0,0,-0.29283020297316864,76.0,1.0,100459.275616,115.33333333333333,sbp_alt
52232,36.0,0.0,197.0,84.0,118.0,29.05,120.42740540213123,0.0,0.0,0.0,0.0,,17.12,24.02,0.3384235970318643,0.3561164697616213,0,0,0.017692872729757003,86.0,3.0,22224.860402,114.0,sbp_alt
52241,43.0,1.0,221.0,48.0,107.0,22.04,110.75402294823633,0.0,0.0,0.0,0.0,2.0,8.88,8.16,0.6637525685140908,0.655435087265536,0,0,-0.008317481248554803,79.0,2.0,19234.873728,106.0,sbp_alt
52242,33.0,0.0,209.0,25.0,126.0,34.84,116.0434280195391,0.0,0.0,0.0,0.0,,9.92,5.16,1.0342212041011838,0.9379302843198456,0,0,-0.09629091978133819,75.0,1.0,41403.555697,126.0,sbp_alt
52243,76.0,0.0,168.0,52.0,116.0,26.26,59.10961418803394,0.0,0.0,1.0,0.0,,4.16,3.08,11.616383606602167,11.158416792119446,3,3,-0.45796681448272025,87.0,1.0,40482.073409,116.0,sbp_alt
52245,43.0,1.0,187.0,24.0,135.0,30.6,111.1501698505097,0.0,0.0,0.0,0.0,2.0,18.57,14.02,1.8232479517303832,1.7492366517661984,0,0,-0.07401129996418487,76.0,1.0,15496.851984,136.0,sbp_alt
52247,45.0,0.0,234.0,35.0,126.0,33.91,112.95840093863947,0.0,0.0,0.0,0.0,,5.37,4.0,1.939973730160985,1.8571480457314158,0,0,-0.08282568442956917,80.0,1.0,55814.203457,126.0,sbp_alt
52248,60.0,0.0,152.0,41.0,120.0,,43.72237037940083,1.0,0.0,1.0,1.0,,158.0,108.36,11.736907028530084,11.159673095479077,3,3,-0.5772339330510068,80.0,2.0,24081.070993,123.33333333333333,sbp_alt
52249,43.0,0.0,224.0,47.0,120.0,34.73,110.18125721930724,0.0,1.0,0.0,0.0,,6.51,3.72,1.9844024930221449,1.8265357171524932,0,0,-0.1578667758696517,82.0,2.0,25861.388576,120.0,sbp_alt
52250,76.0,0.0,168.0,33.0,159.0,24.62,76.16975746094442,0.0,1.0,0.0,0.0,,16.04,10.35,18.624758998019562,17.642839508460515,3,3,-0.9819194895590471,77.0,2.0,44875.382692,162.0,sbp_alt
52251,43.0,0.0,195.0,100.0,124.0,20.08,107.24729780281115,0.0,0.0,0.0,0.0,,3.6,2.73,0.4187778249338128,0.40171319578966497,0,0,-0.017064629144147858,79.0,1.0,82662.426594,124.0,sbp_alt
52256,34.0,1.0,196.0,65.0,103.0,20.0,120.23716734931925,0.0,0.0,0.0,0.0,2.0,8.88,6.1,0.18911970928150218,0.17877199930070692,0,0,-0.010347709980795261,88.0,2.0,20293.289262,106.0,sbp_alt
52266,54.0,0.0,289.0,38.0,113.0,,101.49249629792372,0.0,1.0,0.0,0.0,,2.31,3.33,4.448457790683031,4.68919960301769,1,1,0.24074181233465897,75.0,2.0,27677.826653,112.66666666666667,sbp_alt
52272,46.0,0.0,222.0,37.0,115.0,27.83,86.67073375625436,0.0,1.0,0.0,0.0,,3.96,3.68,2.400709412233588,2.3748995383363294,0,0,-0.02580987389725875,86.0,1.0,19566.546628,112.66666666666667,sbp_alt
52274,33.0,1.0,194.0,51.0,108.0,24.75,99.71150469678942,0.0,0.0,0.0,0.0,2.0,3.96,6.1,0.22324026775157008,0.23816372026088808,0,0,0.014923452509318008,77.0,1.0,63360.142345,106.66666666666667,sbp_alt
52275,53.0,0.0,216.0,46.0,123.0,26.63,104.65370210703844,0.0,0.0,0.0,0.0,,3.26,3.39,2.293713105039097,2.3069837012034182,0,0,0.013270596164321358,88.0,1.0,11723.777579,123.33333333333333,sbp_alt
52276,50.0,1.0,217.0,83.0,117.0,20.23,106.80141743231928,0.0,0.0,0.0,0.0,,5.75,3.33,0.6404667130664634,0.5903413322743406,0,0,-0.05012538079212281,77.0,1.0,96228.548493,112.66666666666667,sbp_alt
52282,54.0,0.0,225.0,45.0,128.0,27.63,76.42564703175121,0.0,0.0,0.0,0.0,,2.47,1.62,2.757237440314559,2.5915041353538406,0,0,-0.16573330496071836,76.0,1.0,103268.230044,131.33333333333334,sbp_alt
52283,67.0,0.0,250.0,47.0,170.0,27.64,100.13540524799988,0.0,0.0,0.0,0.0,,7.5,5.73,11.28115090592258,10.880670607654283,3,3,-0.4004802982682971,88.0,1.0,6906.320246,169.33333333333334,sbp_alt
52288,39.0,1.0,174.0,50.0,100.0,28.38,89.31913283408254,0.0,0.0,0.0,0.0,2.0,5.05,3.58,0.3673213260535152,0.34889682067002975,0,0,-0.018424505383485446,86.0,2.0,58615.208279,100.0,sbp_alt
52290,32.0,0.0,205.0,70.0,112.0,22.77,117.57162615510919,0.0,0.0,0.0,0.0,,6.6,4.15,0.2495152416797357,0.23267143355141376,0,0,-0.016843808128321952,86.0,1.0,65252.432747,114.66666666666667,sbp_alt
52295,37.0,1.0,236.0,79.0,106.0,24.12,110.36979307926666,0.0,0.0,0.0,0.0,2.0,4.12,3.11,0.1988060660780088,0.19060309050323396,0,0,-0.00820297557477484,77.0,2.0,24814.811919,106.0,sbp_alt
52299,71.0,1.0,187.0,56.0,111.0,25.65,74.24715597080363,0.0,0.0,0.0,0.0,,17.92,7.5,5.878411133438231,5.195327187539724,2,2,-0.683083945898507,86.0,1.0,21160.969531,111.33333333333333,sbp_alt
52305,39.0,0.0,212.0,35.0,139.0,51.26,92.60040812740436,0.0,0.0,1.0,0.0,,9.89,6.19,2.0669999160538803,1.9285162748911242,0,0,-0.13848364116275613,83.0,2.0,33287.030545,142.0,sbp_alt
52307,51.0,0.0,138.0,55.0,121.0,25.27,79.53647535479794,0.0,0.0,0.0,0.0,,7.28,3.33,1.3880765384379241,1.2353507150363927,0,0,-0.1527258234015314,86.0,2.0,18761.435679,118.66666666666667,sbp_alt
52308,67.0,1.0,138.0,44.0,95.0,39.98,88.62187466754497,1.0,0.0,1.0,1.0,,9.08,5.53,7.380487881771303,6.887479931331041,2,2,-0.493007950440262,78.0,2.0,71331.895741,94.0,sbp_alt
52310,69.0,1.0,205.0,68.0,128.0,25.06,74.1163921159566,0.0,0.0,1.0,1.0,,4.64,3.5,5.159021419560009,4.955808244507458,2,1,-0.203213175052551,85.0,2.0,63146.96853,128.0,sbp_alt
52316,75.0,1.0,177.0,55.0,130.0,21.3,41.35092010857133,0.0,0.0,1.0,0.0,,85.86,11.43,15.514631879869812,11.946442698941036,3,3,-3.5681891809287762,83.0,1.0,25606.368457,127.33333333333333,sbp_alt
52320,39.0,1.0,193.0,53.0,134.0,28.06,82.29956469009588,0.0,1.0,0.0,0.0,2.0,4.84,3.97,1.2300955514238667,1.1944741269897643,0,0,-0.03562142443410243,82.0,1.0,19337.483659,133.33333333333334,sbp_alt
52322,60.0,0.0,188.0,46.0,175.0,29.31,89.37021838168954,0.0,1.0,1.0,1.0,,24.83,7.37,11.938694329063425,10.140890183063139,3,3,-1.7978041460002867,82.0,2.0,9029.071662,179.33333333333334,sbp_alt
52324,41.0,1.0,197.0,51.0,96.0,24.37,111.35957009664503,0.0,1.0,0.0,0.0,2.0,4.21,2.75,0.7955681267513908,0.7466661887448875,0,0,-0.04890193800650322,81.0,2.0,64175.252011,98.0,sbp_alt
52333,51.0,1.0,160.0,65.0,98.0,22.15,106.1392486442389,0.0,0.0,0.0,1.0,,6.74,3.98,0.6416579437351845,0.5931590296225748,0,0,-0.04849891411260965,82.0,1.0,13157.993056,96.0,sbp_alt
52339,65.0,1.0,284.0,94.0,108.0,24.0,85.55238897078398,0.0,0.0,0.0,0.0,,14.46,2.82,2.5749549779178174,2.025982396010862,0,0,-0.5489725819069555,88.0,1.0,17219.709674,106.66666666666667,sbp_alt
52340,59.0,1.0,223.0,79.0,136.0,22.01,100.98757605827362,0.0,1.0,0.0,0.0,,11.25,31.21,3.434532936698048,3.9804363655875323,1,1,0.5459034288894844,79.0,1.0,76056.591161,134.0,sbp_alt
52344,31.0,1.0,202.0,75.0,93.0,19.94,99.46567791581263,0.0,1.0,0.0,0.0,2.0,12.95,16.94,0.26531391175824637,0.27619979942096284,0,0,0.010885887662716476,85.0,1.0,17588.985738,92.66666666666667,sbp_alt
52348,57.0,0.0,130.0,43.0,139.0,35.43,60.166845512694714,0.0,0.0,0.0,0.0,,14.28,4.55,3.6530664277510567,3.091530550869479,1,1,-0.5615358768815777,87.0,1.0,23837.112439,140.0,sbp_alt
52355,36.0,0.0,171.0,45.0,117.0,25.76,78.79729075701779,0.0,0.0,0.0,0.0,,2.86,2.08,0.48257238861641416,0.46001941600915275,0,0,-0.022552972607261412,79.0,1.0,58721.807158,117.33333333333333,sbp_alt
52361,36.0,1.0,152.0,56.0,98.0,27.45,120.7078101278047,0.0,0.0,0.0,0.0,2.0,4.08,1.45,0.1973904687124328,0.16904448486307322,0,0,-0.028345983849359574,86.0,2.0,17065.069489,99.33333333333333,sbp_alt
52364,33.0,1.0,205.0,64.0,104.0,22.37,121.96322488942297,0.0,0.0,0.0,0.0,2.0,7.24,5.6,0.1804958756063904,0.17368038685652218,0,0,-0.0068154887498682315,85.0,1.0,19933.667798,106.0,sbp_alt
52366,49.0,0.0,217.0,33.0,114.0,34.44,105.41112377352103,1.0,0.0,1.0,1.0,,9.88,3.03,5.835240361797926,4.9284107116454745,2,1,-0.9068296501524511,80.0,2.0,97630.872181,114.0,sbp_alt
52368,34.0,1.0,280.0,53.0,112.0,36.84,119.76690570680314,0.0,0.0,0.0,0.0,2.0,4.67,3.25,0.38792138672828735,0.3674504446366332,0,0,-0.020470942091654176,84.0,2.0,47553.058157,111.33333333333333,sbp_alt
52369,69.0,1.0,220.0,43.0,159.0,28.81,84.76970472978522,1.0,0.0,1.0,0.0,,6.92,4.23,13.290580674627279,12.461891407173509,3,3,-0.82868926745377,75.0,2.0,65138.423846,158.0,sbp_alt
52370,33.0,0.0,183.0,47.0,111.0,24.65,92.92607602252718,0.0,1.0,0.0,0.0,,4.67,3.42,0.6550289798861221,0.6251170761378396,0,0,-0.029911903748282453,77.0,1.0,69214.37238,114.66666666666667,sbp_alt
52372,62.0,0.0,212.0,51.0,117.0,26.66,88.26546306495118,0.0,0.0,0.0,1.0,,2.84,3.13,3.620965218677048,3.672554569497626,1,1,0.051589350820577806,79.0,2.0,71158.455782,120.0,sbp_alt
52381,61.0,1.0,232.0,68.0,117.0,37.79,82.53592430394467,0.0,0.0,0.0,0.0,,5.25,3.06,2.1961086859945653,2.028629176782302,0,0,-0.16747950921226318,86.0,2.0,60654.992506,119.33333333333333,sbp_alt
52384,59.0,0.0,193.0,40.0,118.0,30.01,104.37636186270034,1.0,0.0,0.0,1.0,,7.89,3.62,6.117141418804249,5.475341716723065,2,2,-0.6417997020811841,88.0,2.0,11376.596125,119.33333333333333,sbp_alt
52391,75.0,1.0,215.0,47.0,162.0,34.4,34.1925391398511,0.0,0.0,1.0,0.0,,4.52,4.47,13.34476188155726,13.325463181489528,3,3,-0.019298700067730934,84.0,2.0,15110.45853,157.33333333333334,sbp_alt
52392,47.0,1.0,254.0,62.0,122.0,26.33,118.7040373377908,0.0,0.0,0.0,0.0,,6.62,5.24,0.9375566442787201,0.9055169737395237,0,0,-0.03203967053919643,86.0,3.0,14200.752219,121.0,sbp_alt
52407,35.0,0.0,219.0,45.0,132.0,41.99,104.40420937362191,0.0,0.0,0.0,0.0,,3.33,2.07,0.837598286339457,0.7800254812611603,0,0,-0.05757280507829665,87.0,2.0,30224.895205,132.0,sbp_alt
52411,56.0,0.0,210.0,58.0,124.0,37.19,98.91752920163769,0.0,0.0,1.0,0.0,,20.54,11.59,3.8064594684240536,3.502385884286979,1,1,-0.3040735841370745,82.0,1.0,90526.887831,123.33333333333333,sbp_alt
52414,30.0,0.0,148.0,51.0,126.0,21.57,122.09733322291598,1.0,1.0,0.0,0.0,,3.97,3.26,1.7716517355282406,1.72060761969472,0,0,-0.05104411583352064,75.0,2.0,88190.405495,122.66666666666667,sbp_alt
52416,56.0,1.0,198.0,71.0,116.0,32.46,85.14282527639995,0.0,0.0,0.0,0.0,,3.78,3.05,1.2031134227791767,1.165419024230455,0,0,-0.0376943985487217,84.0,1.0,21842.228822,116.0,sbp_alt
52417,73.0,1.0,158.0,65.0,136.0,33.93,91.5801392518562,1.0,0.0,1.0,1.0,,7.65,3.92,9.440744109209506,8.61683782158896,2,2,-0.8239062876205452,75.0,2.0,18831.994429,136.66666666666666,sbp_alt
52421,30.0,0.0,176.0,34.0,122.0,33.44,121.64013089727042,0.0,0.0,0.0,0.0,,6.33,5.47,0.4868341392676108,0.4762673410228409,0,0,-0.010566798244769915,88.0,2.0,62367.862156,122.0,sbp_alt
52424,42.0,1.0,231.0,42.0,106.0,29.61,113.95378857325616,0.0,1.0,0.0,0.0,2.0,5.0,4.12,1.1908849991875157,1.1571691330187157,0,0,-0.03371586616879996,85.0,1.0,16911.675887,106.0,sbp_alt
52427,33.0,1.0,163.0,79.0,125.0,24.55,88.93527408610579,0.0,0.0,0.0,0.0,2.0,5.24,3.74,0.14971768633282448,0.1423372038813961,0,0,-0.0073804824514283884,84.0,1.0,25966.025398,124.0,sbp_alt
52428,33.0,1.0,151.0,37.0,101.0,34.77,96.80028401809014,0.0,0.0,0.0,0.0,3.0,6.22,6.59,0.27097353026918103,0.27332787520736157,0,0,0.0023543449381805415,87.0,2.0,67739.572629,103.33333333333333,sbp_alt
52430,45.0,1.0,208.0,58.0,99.0,21.05,105.01278288192735,0.0,0.0,0.0,0.0,,2.86,3.23,0.5282421868688755,0.5379262072598656,0,0,0.009684020390990145,76.0,1.0,15376.640325,97.33333333333333,sbp_alt
52433,45.0,0.0,230.0,43.0,130.0,22.95,110.3957761655357,0.0,0.0,0.0,0.0,,3.42,4.53,1.6913418544745882,1.763383614385837,0,0,0.07204175991124884,77.0,1.0,83002.097028,131.33333333333334,sbp_alt
52436,49.0,1.0,225.0,57.0,107.0,28.26,106.69730859722462,0.0,0.0,0.0,0.0,,4.5,5.73,0.8223344731013019,0.852453453849475,0,0,0.030118980748173096,87.0,1.0,21698.029982,108.0,sbp_alt
52439,59.0,0.0,170.0,44.0,127.0,24.75,100.09805039517565,0.0,1.0,0.0,0.0,,8.92,10.92,5.136964481794189,5.287887830065091,2,2,0.1509233482709016,76.0,2.0,24020.218472,128.0,sbp_alt
52444,71.0,0.0,163.0,77.0,129.0,23.68,94.97617206846043,1.0,0.0,1.0,0.0,,4.44,3.28,9.194377486895448,8.81966215056897,2,2,-0.3747153363264779,84.0,2.0,12272.384717,128.0,sbp_alt
52445,44.0,1.0,190.0,36.0,106.0,28.85,109.68077731874413,0.0,0.0,0.0,0.0,2.0,4.34,3.12,0.7200816363268469,0.6855122452153569,0,0,-0.03456939111148993,79.0,1.0,64991.031801,106.66666666666667,sbp_alt
52446,65.0,1.0,304.0,66.0,142.0,35.06,72.88561202675902,1.0,0.0,1.0,0.0,,5.31,6.43,9.190558811989554,9.433170082069045,2,2,0.24261127007949135,82.0,1.0,68034.654966,143.33333333333334,sbp_alt
52458,64.0,0.0,240.0,75.0,159.0,33.29,100.36895247972306,0.0,0.0,1.0,1.0,,3.04,2.55,6.2861710956031,6.131616084224456,2,2,-0.15455501137864402,83.0,2.0,13072.889822,162.0,sbp_alt
52462,58.0,0.0,154.0,37.0,125.0,26.28,67.39301611410177,0.0,0.0,1.0,1.0,,3.16,2.89,3.2191477132968562,3.177391880979497,1,1,-0.04175583231735924,81.0,2.0,101200.947582,124.0,sbp_alt
52467,38.0,0.0,231.0,39.0,119.0,29.34,105.06855051128726,0.0,0.0,0.0,0.0,,11.22,2.45,1.083401486162276,0.86291246514958,0,0,-0.22048902101269607,88.0,1.0,23709.472842,118.0,sbp_alt
52469,61.0,0.0,143.0,36.0,111.0,25.62,100.68735750547624,0.0,0.0,0.0,1.0,,20.0,60.0,3.325640346939088,3.902344108724204,1,1,0.5767037617851161,79.0,2.0,70059.588852,114.66666666666667,sbp_alt
52471,46.0,1.0,175.0,40.0,125.0,19.92,114.40993192679991,0.0,0.0,0.0,0.0,,29.23,5.92,1.2971858366852584,1.0235150268094517,0,0,-0.2736708098758067,78.0,2.0,21971.086171,123.33333333333333,sbp_alt
52473,67.0,1.0,238.0,36.0,184.0,36.03,97.16926183693501,0.0,0.0,0.0,0.0,,9.73,7.95,10.313013120136524,10.035827560126162,3,3,-0.27718556001036276,82.0,1.0,21702.813537,183.33333333333334,sbp_alt
52477,36.0,1.0,190.0,47.0,121.0,25.91,122.84308845271384,0.0,0.0,0.0,0.0,2.0,616.67,6.31,0.8139493115583981,0.4107838594201104,0,0,-0.4031654521382877,86.0,2.0,20463.530223,119.33333333333333,sbp_alt
52480,39.0,1.0,135.0,53.0,105.0,30.08,122.27746243837021,0.0,0.0,0.0,0.0,2.0,7.93,7.87,0.27093319578988867,0.27062529735947277,0,0,-0.00030789843041589826,78.0,1.0,18712.396478,105.33333333333333,sbp_alt
52484,31.0,1.0,226.0,54.0,140.0,24.09,102.49501894446688,0.0,1.0,0.0,0.0,2.0,2.84,4.2,0.9394131778088655,0.9956809905685606,0,0,0.05626781275969517,81.0,2.0,71929.361138,138.0,sbp_alt
52490,68.0,0.0,152.0,42.0,143.0,38.88,74.74847435546465,1.0,1.0,1.0,1.0,,27.37,23.14,16.166954179131217,15.826294662086376,3,3,-0.3406595170448412,84.0,2.0,9387.789425,142.0,sbp_alt
52494,78.0,1.0,158.0,64.0,191.0,20.95,37.858368970965934,1.0,0.0,1.0,1.0,,152.35,20.0,23.362731745759636,18.350846657529424,3,3,-5.011885088230212,85.0,2.0,38087.107887,191.33333333333334,sbp_alt
52496,60.0,1.0,278.0,68.0,119.0,22.88,76.22596766963032,0.0,0.0,0.0,0.0,,32.47,13.82,3.067936573395383,2.7087044493509067,1,0,-0.35923212404447646,85.0,2.0,63146.96853,120.0,sbp_alt
52497,78.0,1.0,211.0,54.0,146.0,25.92,94.1785492885899,0.0,0.0,1.0,0.0,,15.75,10.53,13.258904202199643,12.579082896803262,3,3,-0.6798213053963806,79.0,1.0,21701.741092,146.0,sbp_alt
52499,54.0,0.0,166.0,66.0,107.0,22.5,103.25965192949795,0.0,1.0,0.0,0.0,,2.7,5.04,1.8539605205028813,2.033473302630613,0,0,0.17951278212773158,89.0,1.0,12664.205092,109.33333333333333,sbp_alt
52501,38.0,0.0,226.0,54.0,137.0,24.79,98.7963880495905,0.0,1.0,0.0,0.0,,6.2,3.52,1.913299971754205,1.7592979681983547,0,0,-0.15400200355585025,80.0,1.0,47171.696443,139.33333333333334,sbp_alt
52503,75.0,1.0,193.0,52.0,151.0,29.03,94.31391410269826,0.0,0.0,1.0,0.0,,10.37,6.71,10.99174540051525,10.36849281860848,3,3,-0.6232525819067689,84.0,2.0,14539.890657,152.0,sbp_alt
52509,54.0,0.0,239.0,74.0,147.0,28.04,81.54858678581037,0.0,0.0,0.0,0.0,,5.51,4.34,2.926220847892273,2.8255535289032547,0,0,-0.10066731898901837,77.0,1.0,91372.94023,150.0,sbp_alt
52510,77.0,1.0,216.0,31.0,113.0,36.17,79.39991732690974,0.0,0.0,0.0,0.0,,7.56,5.28,9.623621026431472,9.165041677873761,2,2,-0.458579348557711,83.0,1.0,25606.368457,115.33333333333333,sbp_alt
52513,73.0,1.0,135.0,48.0,107.0,33.81,52.483812616266654,0.0,0.0,0.0,0.0,,4.95,1.53,6.569800545300176,5.567222161229984,2,2,-1.0025783840701923,89.0,2.0,10355.639459,107.33333333333333,sbp_alt
52516,50.0,1.0,176.0,59.0,114.0,25.92,84.60596476455257,0.0,0.0,0.0,0.0,,5.27,5.14,0.8349953394619909,0.831896273912545,0,0,-0.003099065549445945,78.0,2.0,107475.234232,114.66666666666667,sbp_alt
52517,54.0,0.0,179.0,97.0,190.0,26.08,96.33220950344462,0.0,1.0,0.0,0.0,,47.41,34.58,6.3156254869707835,6.039483671156317,2,2,-0.2761418158144666,84.0,1.0,14106.78685,190.66666666666666,sbp_alt
52523,52.0,1.0,194.0,73.0,122.0,21.39,82.38182323833549,0.0,1.0,0.0,0.0,,11.43,10.98,1.7727824131087373,1.762312878491398,0,0,-0.010469534617339349,83.0,1.0,112088.298641,121.33333333333333,sbp_alt
52524,54.0,1.0,234.0,83.0,110.0,25.74,91.61007207169659,0.0,0.0,0.0,0.0,,25.73,3.94,1.0994046023182569,0.831745766815513,0,0,-0.26765883550274383,81.0,2.0,104215.604292,107.33333333333333,sbp_alt
52525,65.0,0.0,183.0,56.0,124.0,18.34,67.11141057202191,0.0,1.0,0.0,0.0,,3.94,2.54,5.992436201246825,5.6296911186270995,2,2,-0.3627450826197256,79.0,1.0,11057.718816,124.66666666666667,sbp_alt
52535,43.0,0.0,229.0,58.0,108.0,25.49,91.36840049251458,0.0,0.0,0.0,0.0,,3.04,3.8,0.7795259190989097,0.806025300858121,0,0,0.026499381759211293,83.0,1.0,96465.970305,110.66666666666667,sbp_alt
52537,52.0,1.0,222.0,45.0,127.0,41.24,98.88870236821016,0.0,0.0,1.0,0.0,,6.34,5.24,2.2722770833494166,2.209611457513303,0,0,-0.06266562583611357,75.0,2.0,106549.309737,127.33333333333333,sbp_alt
52538,37.0,0.0,205.0,51.0,140.0,30.92,107.0751399104129,0.0,0.0,0.0,0.0,,5.86,3.41,1.0349642596501762,0.9544870205050916,0,0,-0.08047723914508464,79.0,2.0,63934.803279,138.0,sbp_alt
52543,59.0,1.0,202.0,60.0,106.0,28.67,63.37337711708759,0.0,0.0,1.0,1.0,,3.85,4.13,2.2089696216501493,2.231851129047096,0,0,0.02288150739694661,77.0,1.0,96228.548493,104.0,sbp_alt
52545,58.0,0.0,220.0,41.0,135.0,33.23,100.72253008168205,0.0,0.0,0.0,0.0,,5.56,4.08,4.467058491640824,4.271798873563194,1,1,-0.19525961807763004,80.0,2.0,106748.822533,136.0,sbp_alt
52550,68.0,1.0,187.0,76.0,92.0,19.84,95.4902169214041,0.0,0.0,0.0,0.0,,15.82,7.94,3.726917068662017,3.3728699672874156,1,1,-0.3540471013746016,77.0,1.0,61674.007061,93.33333333333333,sbp_alt
52556,39.0,1.0,139.0,61.0,99.0,19.41,105.47976297119224,0.0,0.0,0.0,0.0,2.0,5.45,3.38,0.23331100233333837,0.21719915419352204,0,0,-0.016111848139816337,85.0,1.0,57739.796005,99.33333333333333,sbp_alt
52557,62.0,0.0,226.0,76.0,146.0,24.47,88.26546306495118,0.0,0.0,1.0,0.0,,4.85,4.92,5.0856147018084235,5.096070001076738,2,2,0.010455299268314455,82.0,1.0,57701.152929,143.33333333333334,sbp_alt
52560,52.0,1.0,189.0,31.0,135.0,32.4,59.80624500509302,0.0,0.0,1.0,0.0,,2.54,1.83,2.841882438560829,2.709096839103122,0,0,-0.13278559945770718,83.0,2.0,31163.599633,137.33333333333334,sbp_alt
52561,65.0,0.0,159.0,57.0,177.0,27.08,57.752019079696694,1.0,0.0,1.0,1.0,,2362.32,1455.83,23.045398444531244,21.774649501382235,3,3,-1.2707489431490089,86.0,2.0,6660.118587,176.66666666666666,sbp_alt
52565,51.0,0.0,248.0,37.0,135.0,31.05,108.39219126731537,1.0,0.0,1.0,0.0,,9.89,5.22,8.856842204418633,8.108178074256395,2,2,-0.7486641301622381,75.0,1.0,14704.563313,134.0,sbp_alt
52566,70.0,1.0,171.0,74.0,134.0,39.55,69.70243748692573,0.0,0.0,1.0,1.0,,26.16,4.07,6.411966127182758,4.926360364505761,2,1,-1.4856057626769967,83.0,2.0,19444.889193,134.66666666666666,sbp_alt
52570,32.0,0.0,186.0,20.0,119.0,28.8,107.70147054890822,0.0,0.0,0.0,0.0,,3.11,3.06,0.6662809147252927,0.6646630132566274,0,0,-0.0016179014686653614,84.0,1.0,23874.823219,117.33333333333333,sbp_alt
52571,71.0,1.0,170.0,60.0,137.0,33.44,89.33383337589149,1.0,0.0,1.0,1.0,,12.78,3.72,10.024899321013162,8.4731121920789,3,2,-1.5517871289342615,76.0,1.0,19819.22855,136.0,sbp_alt
52575,49.0,0.0,158.0,37.0,121.0,42.85,114.97884501697786,1.0,0.0,0.0,0.0,,2.0,3.08,2.9273103924065373,3.1183874105299827,0,1,0.19107701812344535,82.0,2.0,25040.876065,120.0,sbp_alt
52577,78.0,0.0,159.0,52.0,109.0,23.46,65.82864898206702,1.0,0.0,0.0,1.0,,5.34,7.1,11.297055162463973,11.735353623267637,3,3,0.4382984608036633,77.0,2.0,33464.063035,110.0,sbp_alt
52579,69.0,1.0,159.0,63.0,132.0,45.9,37.489311993663726,1.0,0.0,1.0,0.0,,16.67,3.74,13.237714227676461,10.866381833615945,3,3,-2.3713323940605164,75.0,1.0,8567.6299,134.0,sbp_alt
52581,59.0,0.0,230.0,39.0,125.0,31.26,98.38500149214225,0.0,0.0,0.0,0.0,,8.09,5.03,4.696830175170762,4.3858590616469755,1,1,-0.31097111352378626,77.0,2.0,14617.91824,127.33333333333333,sbp_alt
52583,64.0,1.0,201.0,52.0,124.0,25.33,76.45736177627614,0.0,0.0,1.0,1.0,,5.38,7.0,4.241105068806604,4.404519562446146,1,1,0.16341449363954208,76.0,2.0,65138.423846,126.66666666666667,sbp_alt
52584,39.0,0.0,216.0,55.0,121.0,26.14,92.60040812740436,0.0,0.0,0.0,0.0,,2.21,2.83,0.6650755614848002,0.6902054904279495,0,0,0.02512992894314936,79.0,1.0,56323.413154,121.33333333333333,sbp_alt
52585,36.0,1.0,287.0,79.0,106.0,21.59,99.35682892445334,1.0,0.0,0.0,0.0,2.0,6.18,5.03,0.9043047582619099,0.8770218491242314,0,0,-0.0272829091376785,80.0,1.0,48942.925752,106.66666666666667,sbp_alt
52586,64.0,1.0,212.0,63.0,123.0,28.18,101.41615907367648,0.0,0.0,0.0,0.0,,8.97,19.27,3.154023760401886,3.524161067937659,1,1,0.370137307535773,77.0,1.0,62032.536921,123.33333333333333,sbp_alt
52587,72.0,1.0,233.0,81.0,118.0,27.21,45.35960920543768,0.0,0.0,1.0,0.0,,14.81,21.75,8.046156030451634,8.483479301035015,2,2,0.4373232705833807,81.0,2.0,16124.202669,120.0,sbp_alt
52589,52.0,1.0,193.0,65.0,125.0,39.9,92.75668945378085,0.0,1.0,0.0,0.0,,5.75,4.8,1.8781883140775073,1.8288741100602173,0,0,-0.04931420401729003,82.0,1.0,10371.228792,126.0,sbp_alt
52591,63.0,0.0,215.0,65.0,106.0,27.09,101.39991769559944,0.0,0.0,0.0,0.0,,6.02,2.98,3.6717715788713843,3.314136703028413,1,1,-0.3576348758429715,87.0,2.0,10255.228054,108.66666666666667,sbp_alt
52592,54.0,0.0,192.0,44.0,136.0,33.94,96.33220950344462,0.0,0.0,0.0,0.0,,3.03,2.98,2.789107562326233,2.7823030253290533,0,0,-0.006804536997179866,77.0,2.0,14704.563313,137.33333333333334,sbp_alt
52595,48.0,1.0,200.0,68.0,126.0,21.77,101.37963152851904,0.0,1.0,0.0,0.0,,4.67,5.75,1.3339272762689258,1.3756629735966355,0,0,0.04173569732770965,79.0,2.0,19234.873728,129.33333333333334,sbp_alt
52597,69.0,1.0,221.0,39.0,167.0,38.22,101.46498365429962,1.0,0.0,1.0,0.0,,31.67,6.76,16.97432226479408,13.951930815578391,3,3,-3.0223914492156876,88.0,1.0,4856.73745,173.33333333333334,sbp_alt
52602,64.0,1.0,206.0,43.0,143.0,29.51,76.45736177627614,0.0,0.0,1.0,0.0,,2.3,2.06,5.231950108367858,5.15052685440277,2,2,-0.0814232539650881,82.0,2.0,16850.48776,143.33333333333334,sbp_alt
52605,60.0,1.0,201.0,65.0,143.0,35.8,104.86960227898052,1.0,0.0,1.0,1.0,,12.63,9.5,6.479117661157764,6.224838365593755,2,2,-0.2542792955640083,88.0,1.0,5642.636108,146.0,sbp_alt
52607,52.0,0.0,196.0,38.0,159.0,31.62,92.78027814981152,0.0,0.0,0.0,0.0,,67.36,19.15,6.164959802683877,5.153488946940554,2,2,-1.0114708557433234,88.0,2.0,10247.317308,161.33333333333334,sbp_alt
52609,51.0,0.0,245.0,50.0,117.0,23.87,78.69258945399746,0.0,0.0,0.0,0.0,,4.72,3.56,2.0907902075673945,2.0053586397305594,0,0,-0.08543156783683514,81.0,1.0,13442.33475,116.66666666666667,sbp_alt
52611,50.0,1.0,224.0,33.0,112.0,35.5,81.117213251514,0.0,0.0,0.0,0.0,,5.12,6.1,1.5187820775142225,1.558612011215659,0,0,0.039829933701436504,80.0,1.0,17694.120385,112.0,sbp_alt
52617,70.0,0.0,189.0,48.0,137.0,27.8,58.557600115672976,0.0,0.0,1.0,1.0,,4.65,5.1,8.953414125063167,9.067776587136242,2,2,0.11436246207307477,83.0,2.0,15548.835179,134.66666666666666,sbp_alt
52625,61.0,1.0,157.0,68.0,146.0,29.07,109.38349750309872,1.0,0.0,1.0,0.0,,19.68,7.59,6.8659368859045875,6.0058466891201245,2,2,-0.860090196784463,88.0,1.0,5837.209767,145.33333333333334,sbp_alt
52627,48.0,1.0,244.0,69.0,97.0,33.66,84.45695700861891,0.0,0.0,0.0,0.0,,10.93,2.35,0.8205940812973542,0.6526033259481838,0,0,-0.1679907553491704,77.0,2.0,21594.166094,101.33333333333333,sbp_alt
52630,72.0,1.0,193.0,75.0,193.0,22.89,90.28257553779176,0.0,1.0,0.0,0.0,,11.77,3.75,12.894022553227433,11.085171783521863,3,3,-1.80885076970557,84.0,1.0,12842.615886,198.66666666666666,sbp_alt
52631,44.0,1.0,192.0,31.0,105.0,25.97,86.58436177747099,0.0,1.0,0.0,0.0,2.0,5.72,7.93,1.5612925352049942,1.6384848526969167,0,0,0.07719231749192246,83.0,1.0,88626.466787,106.66666666666667,sbp_alt
52634,48.0,1.0,166.0,63.0,108.0,20.72,95.09315799913425,0.0,0.0,0.0,0.0,,3.2,8.78,0.5277312104552311,0.6135401727336468,0,0,0.08580896227841572,79.0,2.0,70760.574889,110.0,sbp_alt
52642,42.0,0.0,202.0,55.0,106.0,26.6,83.22291140305029,0.0,0.0,0.0,0.0,,2.42,1.7,0.6629785738526502,0.6287667769692463,0,0,-0.03421179688340392,88.0,2.0,18943.613035,106.66666666666667,sbp_alt
52643,61.0,0.0,151.0,48.0,116.0,29.09,97.8305178107,0.0,0.0,1.0,0.0,,8.06,4.17,4.004122503503726,3.638643780025625,1,1,-0.3654787234781005,83.0,2.0,71577.80142,118.66666666666667,sbp_alt
52646,42.0,1.0,229.0,48.0,111.0,26.99,103.52997816741295,0.0,0.0,0.0,0.0,2.0,4.91,5.59,0.603661561482692,0.6154579420235434,0,0,0.011796380540851414,75.0,1.0,28627.468517,110.0,sbp_alt
52647,43.0,0.0,198.0,52.0,141.0,29.71,103.15317621872674,0.0,1.0,0.0,0.0,,18.6,2.43,2.8887396618493164,2.1407422057569607,0,0,-0.7479974560923557,86.0,2.0,18710.928533,142.0,sbp_alt
52648,39.0,0.0,142.0,54.0,127.0,29.86,111.79297257551902,1.0,0.0,0.0,1.0,,3.02,3.95,1.148239084683894,1.195176448604208,0,0,0.04693736392031411,86.0,1.0,68055.064666,128.0,sbp_alt
52652,71.0,1.0,196.0,69.0,142.0,40.46,64.05405666310824,1.0,0.0,1.0,0.0,,12.03,4.5,11.328834165158595,9.92843033379543,3,2,-1.4004038313631657,87.0,1.0,14030.454612,143.33333333333334,sbp_alt
52655,76.0,0.0,153.0,30.0,153.0,30.86,79.91558593210299,1.0,0.0,1.0,0.0,,86.69,28.1,25.352794391215035,22.26993995502464,3,3,-3.082854436190395,83.0,1.0,41780.654377,152.0,sbp_alt
52656,53.0,1.0,170.0,35.0,108.0,31.8,65.78288202215931,0.0,0.0,1.0,0.0,,33.2,23.09,2.602378312059526,2.4677103472173187,0,0,-0.13466796484220733,78.0,1.0,22496.539278,109.33333333333333,sbp_alt
52660,62.0,1.0,235.0,38.0,145.0,28.07,83.25609745276236,1.0,1.0,1.0,0.0,,8.82,4.55,15.941887607324515,14.654965666856286,3,3,-1.286921940468229,88.0,2.0,5302.202469,145.33333333333334,sbp_alt
52661,71.0,0.0,210.0,60.0,122.0,35.13,64.65324413131933,0.0,0.0,1.0,1.0,,298.53,214.88,14.769633404500398,14.155499679186663,3,3,-0.6141337253137351,77.0,1.0,31856.098952,126.0,sbp_alt
52675,34.0,1.0,133.0,55.0,95.0,23.27,120.23716734931925,0.0,0.0,0.0,0.0,2.0,3.15,3.75,0.14760426743642768,0.15151276930468205,0,0,0.003908501868254366,79.0,2.0,56252.917386,96.0,sbp_alt
52678,36.0,1.0,148.0,44.0,120.0,35.28,88.4967106245771,0.0,0.0,0.0,0.0,2.0,62.47,53.88,0.5244575528097636,0.5129983450143984,0,0,-0.011459207795365134,75.0,1.0,31454.307072,120.66666666666667,sbp_alt
52686,36.0,0.0,210.0,45.0,117.0,31.41,115.0839545145805,0.0,0.0,0.0,0.0,,11.47,12.12,0.7099943314941128,0.7158863851678232,0,0,0.0058920536737103735,86.0,1.0,23502.59786,117.33333333333333,sbp_alt
52687,77.0,1.0,170.0,77.0,145.0,30.85,76.99391635022707,0.0,1.0,0.0,0.0,,30.38,14.64,13.791425230422906,12.539369483245778,3,3,-1.2520557471771276,84.0,1.0,13372.648295,142.66666666666666,sbp_alt
52688,67.0,0.0,222.0,35.0,107.0,29.16,73.57675415152679,0.0,1.0,1.0,0.0,,256.52,7.1,18.01452255734373,11.334256085063377,3,3,-6.680266472280355,88.0,1.0,6437.94773,108.66666666666667,sbp_alt
52689,44.0,1.0,185.0,79.0,116.0,28.51,112.98704755351142,0.0,0.0,0.0,0.0,2.0,3.82,4.51,0.32271118620397793,0.3308296299719124,0,0,0.008118443767934469,83.0,2.0,88689.181428,115.33333333333333,sbp_alt
52690,58.0,1.0,211.0,50.0,128.0,35.48,69.44799921582327,0.0,0.0,0.0,0.0,,6.88,6.23,2.7161833911549436,2.6770917944033252,0,0,-0.03909159675161833,85.0,2.0,13081.942284,128.0,sbp_alt
52693,44.0,0.0,240.0,61.0,138.0,28.3,112.77495909357644,0.0,0.0,0.0,0.0,,8.6,6.98,1.6516637791915485,1.6012402308579814,0,0,-0.0504235483335671,86.0,3.0,15845.945448,138.0,sbp_alt
52700,67.0,0.0,184.0,47.0,126.0,33.66,74.3875147896653,0.0,0.0,1.0,0.0,,3.83,3.05,6.969769601578199,6.750071481029802,2,2,-0.2196981205483972,76.0,2.0,59368.56666,127.33333333333333,sbp_alt
52702,46.0,1.0,185.0,55.0,119.0,35.74,99.3725969693899,0.0,0.0,0.0,1.0,,3.92,3.67,0.63910511873119,0.6328534281086745,0,0,-0.0062516906225155155,84.0,1.0,26667.863366,118.66666666666667,sbp_alt
52703,38.0,1.0,214.0,53.0,101.0,23.81,102.7949798467782,0.0,0.0,0.0,0.0,2.0,3.26,8.71,0.3509970728730051,0.4065680625547572,0,0,0.055570989681752114,77.0,2.0,35465.4779,102.0,sbp_alt
52708,51.0,0.0,232.0,31.0,131.0,34.8,77.8649747302517,0.0,1.0,0.0,0.0,,8.88,3.79,5.44502102919657,4.81973892683373,2,1,-0.6252821023628403,78.0,1.0,17639.746152,132.0,sbp_alt
52719,73.0,1.0,208.0,60.0,130.0,32.42,74.39080185046181,0.0,0.0,1.0,1.0,,6.69,3.08,7.972447668911683,7.158830819911557,2,2,-0.8136168490001259,87.0,2.0,40318.826695,133.33333333333334,sbp_alt
52726,56.0,1.0,269.0,37.0,138.0,32.49,85.14282527639995,0.0,1.0,1.0,0.0,,10.69,8.44,7.566449912288148,7.322026208070746,2,2,-0.244423704217402,89.0,2.0,9790.237054,142.66666666666666,sbp_alt
52727,35.0,1.0,209.0,46.0,113.0,30.0,87.83589535937396,0.0,0.0,0.0,0.0,2.0,3.81,2.39,0.3561607279491452,0.33215968252480016,0,0,-0.024001045424345058,82.0,2.0,30625.012229,112.0,sbp_alt
52728,65.0,0.0,204.0,46.0,141.0,23.22,102.25498298013133,0.0,0.0,0.0,0.0,,8.54,2.92,6.931412788891422,5.956184634557443,2,2,-0.9752281543339789,88.0,2.0,6162.897031,139.33333333333334,sbp_alt
52730,53.0,1.0,213.0,80.0,114.0,23.6,81.87105593425781,0.0,0.0,0.0,0.0,,4.29,3.48,0.8354774686206631,0.8098492795410831,0,0,-0.025628189079579977,86.0,2.0,84925.255206,110.0,sbp_alt
52731,47.0,1.0,224.0,82.0,120.0,22.31,110.89849120736291,0.0,0.0,0.0,0.0,,9.6,7.08,0.5877075029107985,0.5615953517492761,0,0,-0.026112151161522434,76.0,1.0,80871.348615,121.33333333333333,sbp_alt
52733,42.0,0.0,150.0,35.0,116.0,45.17,91.93841868838255,0.0,0.0,0.0,1.0,,3.33,5.22,0.699979498503923,0.7487769060617644,0,0,0.048797407557841344,75.0,2.0,27028.404053,116.66666666666667,sbp_alt
52737,34.0,1.0,137.0,76.0,114.0,19.51,114.35159546054872,0.0,0.0,0.0,0.0,2.0,13.6,8.16,0.12062092089924108,0.11172670744225562,0,0,-0.008894213456985461,75.0,2.0,64508.601789,114.0,sbp_alt
52739,71.0,1.0,206.0,63.0,127.0,31.35,75.32189801205168,1.0,0.0,0.0,0.0,,4.8,3.39,7.688135274274967,7.325685374745533,2,2,-0.36244989952943385,77.0,1.0,37058.064768,128.66666666666666,sbp_alt
52741,73.0,0.0,208.0,48.0,136.0,28.22,49.646855098481254,1.0,0.0,1.0,1.0,,81.61,23.41,22.26239465582948,19.16977127539649,3,3,-3.0926233804329897,80.0,1.0,30233.187542,136.0,sbp_alt
52745,62.0,1.0,237.0,62.0,149.0,34.48,77.41432358209563,0.0,0.0,1.0,0.0,,9.75,11.32,5.131129573379511,5.241339919040828,2,2,0.11021034566131771,86.0,2.0,6249.638458,150.66666666666666,sbp_alt
52749,34.0,0.0,221.0,44.0,124.0,53.47,120.9566135508645,0.0,0.0,1.0,0.0,,10.62,4.63,0.9457102432883148,0.8352136451379396,0,0,-0.11049659815037516,88.0,1.0,23709.472842,124.0,sbp_alt
52750,37.0,1.0,152.0,67.0,121.0,32.15,100.26184700151661,0.0,0.0,0.0,0.0,2.0,9.56,6.4,0.2553765367420901,0.2404822029919283,0,0,-0.014894333750161803,83.0,2.0,36330.97264,124.0,sbp_alt
52751,67.0,1.0,215.0,71.0,131.0,19.05,99.12514360955946,0.0,0.0,0.0,0.0,,9.15,4.92,4.004814150914175,3.661683267179163,1,1,-0.3431308837350122,77.0,2.0,68773.599629,128.66666666666666,sbp_alt
52754,36.0,1.0,208.0,39.0,128.0,33.14,114.87686724967725,0.0,1.0,0.0,0.0,2.0,15.73,3.7,1.4430806940765761,1.1645567833047423,0,0,-0.2785239107718338,75.0,2.0,39602.339482,127.33333333333333,sbp_alt
52759,67.0,1.0,242.0,62.0,121.0,31.93,83.19657984631601,0.0,0.0,1.0,0.0,,8.64,0.71,5.263588733138975,3.677660679044861,2,1,-1.5859280540941136,80.0,2.0,20803.887002,122.66666666666667,sbp_alt
52763,33.0,0.0,237.0,28.0,127.0,26.79,107.033721431505,1.0,0.0,0.0,0.0,,5.14,5.3,3.1540778058072494,3.168248044581948,1,1,0.014170238774698696,84.0,1.0,25022.933137,126.66666666666667,sbp_alt
52764,74.0,0.0,262.0,57.0,149.0,28.26,79.9360272664231,0.0,0.0,1.0,0.0,,24.75,8.72,17.165335559234844,15.039755034408207,3,3,-2.1255805248266366,81.0,1.0,9611.003247,151.33333333333334,sbp_alt
52766,52.0,0.0,263.0,62.0,119.0,21.17,101.40918448736092,0.0,0.0,0.0,0.0,,5.0,4.43,2.0762373051377496,2.0394001243953994,0,0,-0.036837180742350206,78.0,2.0,105070.747861,119.33333333333333,sbp_alt
52773,64.0,1.0,224.0,39.0,120.0,38.92,90.29089447772783,1.0,0.0,1.0,0.0,,3.69,5.37,7.86218926392006,8.280023315703433,2,2,0.4178340517833732,76.0,2.0,66402.459548,122.0,sbp_alt
52775,51.0,1.0,210.0,45.0,118.0,28.93,104.64475602201932,0.0,1.0,1.0,1.0,,4.44,2.0,2.695758572738761,2.398882178334489,0,0,-0.29687639440427205,82.0,2.0,14893.417155,118.66666666666667,sbp_alt
52778,34.0,1.0,174.0,55.0,102.0,32.86,126.1396017241202,0.0,0.0,0.0,0.0,2.0,21.65,18.19,0.24018632236360474,0.23400341984243622,0,0,-0.006182902521168515,87.0,2.0,20058.631527,100.66666666666667,sbp_alt
52782,38.0,1.0,178.0,34.0,112.0,28.47,115.50135446083699,0.0,1.0,0.0,0.0,2.0,4.74,6.41,0.860733571091468,0.9002713137998002,0,0,0.03953774270833221,79.0,2.0,73247.152332,113.33333333333333,sbp_alt
52786,71.0,0.0,147.0,46.0,149.0,29.3,51.09570430320382,0.0,0.0,1.0,1.0,,2.61,3.04,7.992384906610008,8.16338299778317,2,2,0.17099809117316234,78.0,1.0,10339.917726,149.33333333333334,sbp_alt
52789,34.0,0.0,183.0,48.0,107.0,22.31,98.90651315078676,0.0,0.0,0.0,0.0,,4.14,2.85,0.37879209898921723,0.35810010376743456,0,0,-0.020691995221782666,88.0,1.0,23118.384573,106.0,sbp_alt
52794,51.0,0.0,197.0,26.0,121.0,25.38,105.96357722471642,0.0,0.0,0.0,0.0,,6.25,2.99,2.623446796716754,2.3535342427312926,0,0,-0.2699125539854612,78.0,2.0,14518.17382,120.66666666666667,sbp_alt
52795,61.0,0.0,267.0,54.0,139.0,22.03,99.21464318423014,0.0,0.0,0.0,0.0,,3.87,3.13,5.421794717336042,5.259791215452882,2,2,-0.16200350188316026,86.0,1.0,15046.354,138.66666666666666,sbp_alt
52800,31.0,0.0,190.0,29.0,121.0,35.57,117.89749562944185,0.0,0.0,0.0,0.0,,2.38,3.41,0.5307729904309961,0.5602271168031975,0,0,0.02945412637220135,77.0,1.0,18056.193274,122.66666666666667,sbp_alt
52813,65.0,0.0,232.0,45.0,123.0,35.03,93.5328551241116,0.0,0.0,1.0,0.0,,4.82,3.37,7.171934008471625,6.820383263112606,2,2,-0.3515507453590194,77.0,1.0,54784.845182,124.0,sbp_alt
52814,76.0,1.0,196.0,56.0,132.0,31.92,74.08551516593587,0.0,0.0,0.0,1.0,,4.96,4.29,7.8863084387695155,7.729495334144726,2,2,-0.15681310462478937,83.0,1.0,45521.282957,132.0,sbp_alt
52815,67.0,0.0,249.0,52.0,118.0,30.39,94.57302039155289,0.0,0.0,0.0,0.0,,20.98,15.48,7.81117994963714,7.486922495808362,2,2,-0.32425745382877746,81.0,2.0,58107.758234,121.33333333333333,sbp_alt
52823,41.0,1.0,179.0,50.0,100.0,33.26,77.19281298397524,0.0,1.0,0.0,0.0,2.0,6.41,2.94,0.8547539072851411,0.7610854222222981,0,0,-0.09366848506284298,80.0,1.0,13054.353715,98.0,sbp_alt
52825,39.0,1.0,187.0,48.0,103.0,27.45,113.14504972452636,0.0,0.0,0.0,0.0,2.0,5.59,3.31,0.3875020479580334,0.358291140314573,0,0,-0.029210907643460404,75.0,2.0,25879.036132,104.0,sbp_alt
52832,30.0,1.0,176.0,61.0,104.0,30.49,120.0805335298673,0.0,1.0,0.0,0.0,2.0,19.4,4.46,0.28921439250370107,0.23207106122349866,0,0,-0.05714333128020241,75.0,2.0,26170.159561,102.0,sbp_alt
52835,72.0,1.0,251.0,62.0,107.0,25.92,75.95167141699271,0.0,1.0,1.0,0.0,,7.22,3.29,9.538595063167108,8.56794786280309,2,2,-0.9706472003640183,85.0,1.0,9953.929233,109.33333333333333,sbp_alt
52836,45.0,0.0,209.0,53.0,106.0,26.05,112.5133463707831,0.0,0.0,0.0,0.0,,2.82,2.57,0.8955850473354606,0.8832282922111652,0,0,-0.01235675512429546,75.0,2.0,106651.302622,107.33333333333333,sbp_alt
52838,67.0,1.0,243.0,68.0,119.0,29.1,80.70696426734294,0.0,0.0,0.0,0.0,,6.35,0.94,3.735371523287895,2.8304114958057416,1,0,-0.9049600274821534,81.0,2.0,63755.08114,121.33333333333333,sbp_alt
52843,31.0,0.0,261.0,39.0,110.0,23.02,103.19249675898193,0.0,0.0,0.0,0.0,,4.87,3.63,0.5553457526840823,0.5313690423218358,0,0,-0.023976710362246467,79.0,2.0,66657.309609,110.66666666666667,sbp_alt
52846,47.0,0.0,225.0,43.0,111.0,27.89,109.43588384219085,0.0,0.0,0.0,0.0,,6.8,7.68,1.464281943794967,1.49103507989962,0,0,0.026753136104652908,89.0,1.0,15348.401484,114.0,sbp_alt
52849,50.0,1.0,154.0,48.0,129.0,33.21,98.50495154282892,0.0,0.0,0.0,0.0,,5.13,3.91,1.2064890408345101,1.1588502151942908,0,0,-0.04763882564021937,76.0,2.0,98244.250886,132.0,sbp_alt
52852,46.0,0.0,197.0,38.0,148.0,56.43,66.16179030726455,1.0,0.0,1.0,0.0,,7.17,6.05,7.063486491101052,6.896960414960752,2,2,-0.16652607614030046,86.0,1.0,24024.876747,150.0,sbp_alt
52853,70.0,1.0,249.0,59.0,169.0,30.3,89.89115855895703,0.0,0.0,1.0,0.0,,6.84,5.17,8.830615800883438,8.498111014806257,2,2,-0.33250478607718037,85.0,1.0,10283.785318,171.33333333333334,sbp_alt
52865,68.0,0.0,229.0,86.0,155.0,19.49,101.24728225813871,0.0,0.0,0.0,0.0,,17.5,6.17,7.598501372716841,6.564361622687158,2,2,-1.0341397500296834,87.0,2.0,61941.173422,157.33333333333334,sbp_alt
52869,49.0,0.0,223.0,36.0,154.0,39.19,115.51021084637148,0.0,0.0,1.0,0.0,,12.6,6.14,4.929874024812034,4.445279683441214,1,1,-0.48459434137082,84.0,1.0,21586.798802,150.0,sbp_alt
52874,50.0,0.0,256.0,29.0,136.0,26.36,101.34062616103245,0.0,0.0,0.0,0.0,,2.69,1.74,3.4850631622930663,3.2704262338899555,1,1,-0.21463692840311088,75.0,1.0,13442.33475,138.66666666666666,sbp_alt
52878,51.0,1.0,236.0,64.0,128.0,26.79,65.07214317687469,0.0,1.0,1.0,0.0,,6.47,3.77,2.946704740315418,2.7234628309564064,0,0,-0.22324190935901145,86.0,2.0,21047.773035,129.33333333333334,sbp_alt
52881,69.0,0.0,213.0,64.0,151.0,29.11,78.63305742645397,0.0,0.0,0.0,0.0,,3.55,2.17,7.48812106299199,6.989209655877517,2,2,-0.49891140711447246,86.0,2.0,6660.118587,152.0,sbp_alt
52883,73.0,0.0,215.0,55.0,160.0,24.05,74.10350726157328,1.0,0.0,1.0,1.0,,785.6,839.52,29.152842072538224,29.36031433434712,3,3,0.20747226180889555,84.0,1.0,11548.958359,156.0,sbp_alt
52884,44.0,1.0,208.0,48.0,140.0,31.21,105.66792401079427,0.0,1.0,0.0,0.0,2.0,10.74,13.14,2.3821606974662117,2.4535926705759428,0,0,0.07143197310973104,83.0,2.0,35459.954056,140.66666666666666,sbp_alt
52886,48.0,1.0,191.0,58.0,103.0,29.91,77.81950603764923,0.0,0.0,0.0,0.0,,3.7,2.9,0.6947720540943005,0.6699883942688768,0,0,-0.024783659825423743,77.0,2.0,85417.857252,103.33333333333333,sbp_alt
52893,48.0,0.0,212.0,27.0,95.0,32.37,81.91122422185927,0.0,1.0,0.0,0.0,,7.32,5.93,3.7009311910936,3.589250742069289,1,1,-0.11168044902431085,77.0,2.0,28031.224271,95.33333333333333,sbp_alt
52894,43.0,1.0,187.0,54.0,130.0,52.03,81.34899036051259,0.0,0.0,0.0,0.0,2.0,4.67,5.35,0.7720655666911342,0.7878576935950397,0,0,0.015792126903905412,86.0,1.0,30453.858214,128.0,sbp_alt
52895,50.0,1.0,265.0,60.0,135.0,28.61,101.79750402635226,0.0,0.0,0.0,0.0,,11.22,7.42,1.815352969412312,1.7079520807763058,0,0,-0.10740088863600628,76.0,2.0,23649.212232,135.33333333333334,sbp_alt
52903,51.0,0.0,314.0,41.0,111.0,26.27,86.93365943250865,0.0,0.0,0.0,0.0,,2.32,3.15,2.6004608024793585,2.7200319568833526,0,0,0.11957115440399413,79.0,1.0,21044.354447,106.66666666666667,sbp_alt
52912,35.0,1.0,208.0,46.0,139.0,29.22,97.02177519260448,0.0,1.0,0.0,0.0,2.0,6.8,5.93,1.4342077842444039,1.4054436163709343,0,0,-0.02876416787346958,75.0,2.0,19518.20924,136.66666666666666,sbp_alt
52917,36.0,1.0,165.0,32.0,93.0,25.56,116.94700184091356,0.0,1.0,0.0,0.0,2.0,6.32,4.9,0.7710443618065475,0.7423578401302111,0,0,-0.02868652167633634,83.0,2.0,16993.360219,93.33333333333333,sbp_alt
52924,40.0,1.0,135.0,57.0,99.0,22.35,121.51934217125232,0.0,0.0,0.0,0.0,2.0,4.05,11.38,0.25132968382342014,0.2933718169932136,0,0,0.04204213316979344,79.0,2.0,30306.556418,98.66666666666667,sbp_alt
52927,35.0,1.0,183.0,61.0,121.0,29.14,119.02435089142097,0.0,0.0,0.0,0.0,3.0,6.36,4.32,0.2644522851463739,0.24957188987253115,0,0,-0.014880395273842772,81.0,1.0,22987.966492,118.66666666666667,sbp_alt
52931,70.0,0.0,171.0,44.0,138.0,34.25,58.557600115672976,0.0,0.0,1.0,0.0,,3.39,3.0,9.090641177960695,8.939265527595547,2,2,-0.15137565036514822,76.0,2.0,35466.889558,140.0,sbp_alt
52936,73.0,1.0,186.0,63.0,139.0,37.99,98.04086280937206,0.0,0.0,1.0,0.0,,6.86,6.0,7.942274447614193,7.796489469124495,2,2,-0.14578497848969807,76.0,2.0,41020.020243,138.66666666666666,sbp_alt
52949,41.0,0.0,239.0,54.0,117.0,37.22,112.35591131463279,0.0,0.0,0.0,0.0,,5.36,4.65,0.9072092777497475,0.8881211136817833,0,0,-0.01908816406796421,87.0,2.0,18637.276899,117.33333333333333,sbp_alt
52952,58.0,0.0,248.0,59.0,134.0,36.61,99.67296441746652,1.0,0.0,0.0,0.0,,15.31,6.98,7.950977802203165,7.125057053610318,2,2,-0.8259207485928473,82.0,2.0,12490.513579,134.66666666666666,sbp_alt
52960,44.0,1.0,177.0,59.0,118.0,38.84,112.54514197858055,0.0,0.0,0.0,0.0,2.0,7.5,3.57,0.5419021351995612,0.48503259610325006,0,0,-0.05686953909631115,77.0,2.0,85035.046516,120.0,sbp_alt
52961,73.0,1.0,212.0,47.0,138.0,30.71,81.39993921676408,0.0,0.0,1.0,0.0,,7.74,5.23,9.533393310819848,9.037815716212553,2,2,-0.4955775946072958,79.0,2.0,44645.637846,138.66666666666666,sbp_alt
52965,36.0,1.0,179.0,57.0,99.0,21.09,107.46626816116635,0.0,0.0,0.0,0.0,2.0,3.89,2.71,0.22935605645742826,0.21726845443333492,0,0,-0.012087602024093341,77.0,2.0,72906.586048,99.33333333333333,sbp_alt
52975,37.0,0.0,186.0,92.0,106.0,21.96,83.1940923215071,0.0,1.0,0.0,0.0,,8.78,4.71,0.4296719484137522,0.39125602442922186,0,0,-0.038415923984530365,78.0,1.0,15927.667811,106.66666666666667,sbp_alt
52976,67.0,0.0,169.0,30.0,145.0,31.54,100.55925619664286,0.0,1.0,1.0,1.0,,9.82,11.35,11.874371935122149,12.10509307095828,3,3,0.23072113583613074,87.0,2.0,7269.265283,146.66666666666666,sbp_alt
52979,42.0,0.0,217.0,93.0,113.0,25.41,113.31674404844895,0.0,0.0,0.0,0.0,,3.88,2.99,0.3864918311073536,0.37163535072880965,0,0,-0.014856480378543924,85.0,1.0,72486.78935,110.66666666666667,sbp_alt
52980,38.0,0.0,181.0,38.0,119.0,30.9,101.22080256422512,0.0,0.0,0.0,0.0,,2.72,3.36,0.6864871923608198,0.7085879762873828,0,0,0.022100783926563006,76.0,1.0,78224.972418,121.33333333333333,sbp_alt
52989,52.0,1.0,154.0,67.0,117.0,18.08,72.08846596022256,0.0,0.0,0.0,0.0,,7.59,3.64,0.9251442220621948,0.8293147844600016,0,0,-0.0958294376021932,82.0,2.0,114618.629798,116.0,sbp_alt
53000,53.0,0.0,177.0,41.0,127.0,33.04,122.70915451696771,0.0,1.0,0.0,0.0,,14.37,6.79,4.03841255586506,3.6218128081294734,1,1,-0.4165997477355865,87.0,1.0,14984.141601,126.66666666666667,sbp_alt
53003,49.0,1.0,180.0,49.0,123.0,25.15,107.07894537353795,0.0,0.0,0.0,0.0,,9.83,4.74,1.157061268646995,1.0383004079003688,0,0,-0.11876086074662617,85.0,2.0,18719.903516,123.33333333333333,sbp_alt
53004,46.0,0.0,176.0,31.0,135.0,24.98,92.88537911132154,0.0,0.0,0.0,0.0,,5.15,6.58,2.0210035220192095,2.095590074560268,0,0,0.07458655254105828,82.0,2.0,29542.293604,134.66666666666666,sbp_alt
53005,46.0,0.0,209.0,24.0,122.0,31.59,106.66992634691798,0.0,0.0,0.0,0.0,,4.42,3.26,1.9904304396065478,1.9027059682308922,0,0,-0.08772447137565553,82.0,2.0,25345.948319,126.0,sbp_alt
53006,68.0,0.0,192.0,37.0,132.0,29.09,73.92631219796938,0.0,0.0,0.0,1.0,,9.65,3.44,8.13658178766673,7.0456722617288525,2,2,-1.0909095259378772,83.0,2.0,8776.31423,134.0,sbp_alt
53009,73.0,1.0,277.0,84.0,157.0,22.2,76.60038071492362,0.0,0.0,0.0,0.0,,15.13,3.94,7.928412248144724,6.573662382406635,2,2,-1.3547498657380892,76.0,1.0,41882.429829,155.33333333333334,sbp_alt
53010,51.0,0.0,215.0,76.0,105.0,21.24,72.49123926041173,0.0,1.0,0.0,0.0,,7.92,3.43,1.9610849268225028,1.73231900132279,0,0,-0.22876592549971275,82.0,1.0,20506.179986,105.33333333333333,sbp_alt
53012,65.0,1.0,234.0,76.0,105.0,25.88,99.15337489184805,0.0,0.0,0.0,0.0,,6.8,5.93,2.5582497052495587,2.5075154986646746,0,0,-0.050734206584884145,79.0,1.0,69887.73768,108.0,sbp_alt
53019,44.0,1.0,246.0,61.0,109.0,24.13,111.68729605643915,0.0,0.0,0.0,0.0,2.0,9.64,4.24,0.6159414124596119,0.5448785856096768,0,0,-0.07106282684993503,86.0,2.0,17361.209897,110.0,sbp_alt
53025,65.0,0.0,234.0,68.0,170.0,24.86,99.74666497434879,1.0,1.0,0.0,0.0,,19.82,11.17,17.53152162558822,16.314488594870042,3,3,-1.2170330307181771,77.0,1.0,6250.708337,176.66666666666666,sbp_alt
53027,55.0,1.0,134.0,43.0,111.0,30.78,97.06075278137192,0.0,0.0,1.0,1.0,,7.02,4.81,1.550016710732997,1.465747533947907,0,0,-0.08426917678509005,83.0,1.0,113349.223878,110.0,sbp_alt
53028,48.0,1.0,167.0,59.0,115.0,36.73,104.8161303302511,0.0,1.0,1.0,0.0,,4.62,3.11,1.4002383811239671,1.3205344796628862,0,0,-0.07970390146108097,76.0,1.0,18598.939847,113.33333333333333,sbp_alt
53038,66.0,0.0,205.0,44.0,109.0,26.19,88.2763826218965,0.0,0.0,0.0,0.0,,4.55,2.92,5.2442308165577725,4.9212053526888155,2,1,-0.3230254638689569,78.0,2.0,62997.695381,110.0,sbp_alt
53040,46.0,0.0,299.0,27.0,116.0,39.96,108.52722977268286,0.0,0.0,0.0,0.0,,1.84,1.66,2.2642149841801094,2.2300668224037516,0,0,-0.03414816177635771,76.0,2.0,21161.833828,117.33333333333333,sbp_alt
53041,60.0,1.0,202.0,45.0,124.0,37.53,99.29203192232717,0.0,1.0,0.0,0.0,,8.33,2.92,4.451627016952845,3.8282328163127497,1,1,-0.623394200640095,88.0,1.0,5250.697876,122.66666666666667,sbp_alt
53044,53.0,1.0,251.0,80.0,116.0,21.95,75.43683027716128,0.0,0.0,0.0,0.0,,3.72,4.71,0.9732027439619145,1.0079410099803767,0,0,0.034738266018462194,77.0,2.0,107546.131922,115.33333333333333,sbp_alt
53051,59.0,1.0,229.0,58.0,129.0,32.35,88.80515709271712,0.0,0.0,0.0,0.0,,12.8,4.29,2.8702290134839528,2.446451320653324,0,0,-0.4237776928306287,81.0,2.0,106104.605651,132.66666666666666,sbp_alt
53054,66.0,0.0,141.0,84.0,132.0,25.98,81.05739616261003,0.0,0.0,0.0,1.0,,9.38,3.23,2.8794597922466805,2.4618302487474675,0,0,-0.417629543499213,84.0,1.0,9131.507529,130.66666666666666,sbp_alt
53055,41.0,0.0,224.0,44.0,148.0,39.87,114.45766701357203,1.0,1.0,1.0,1.0,,30.35,10.0,11.778808756396723,10.145192419895272,3,3,-1.6336163365014507,87.0,2.0,26396.247913,147.33333333333334,sbp_alt
53068,55.0,1.0,189.0,48.0,127.0,25.46,104.69862897275345,0.0,0.0,0.0,0.0,,11.85,7.09,2.0881501866403362,1.936186941311516,0,0,-0.15196324532882022,79.0,2.0,108048.508847,129.33333333333334,sbp_alt
53075,72.0,1.0,137.0,51.0,135.0,37.34,25.592853630953297,0.0,0.0,1.0,1.0,,2.59,2.93,8.634030203858867,8.78122358735469,2,2,0.14719338349582323,79.0,2.0,47217.380729,136.66666666666666,sbp_alt
53079,31.0,1.0,147.0,68.0,107.0,21.59,116.50518427669196,0.0,0.0,0.0,0.0,2.0,11.19,5.02,0.1024097139518754,0.09080928567414454,0,0,-0.011600428277730862,84.0,2.0,28789.114826,109.33333333333333,sbp_alt
53085,44.0,1.0,204.0,37.0,125.0,40.68,100.61637229246554,0.0,0.0,1.0,0.0,2.0,4.19,4.17,1.3177605145299867,1.3168267838094163,0,0,-0.0009337307205703471,86.0,1.0,73812.908056,128.0,sbp_alt
53086,33.0,1.0,144.0,75.0,118.0,30.3,109.49018529404434,0.0,1.0,0.0,0.0,2.0,5.17,3.27,0.2209394406036536,0.20628677774148008,0,0,-0.01465266286217351,78.0,2.0,25758.8122,118.66666666666667,sbp_alt
53087,32.0,0.0,133.0,40.0,101.0,28.12,93.50581205728233,0.0,0.0,0.0,0.0,,2.52,2.54,0.28780847678660154,0.28815125978334016,0,0,0.000342782996738622,82.0,2.0,35121.28555,102.0,sbp_alt
53095,52.0,1.0,233.0,62.0,114.0,33.52,108.81754993192841,0.0,1.0,1.0,0.0,,92.98,99.19,3.3871781985206098,3.4190839792406758,1,1,0.031905780720066,77.0,1.0,22498.50756,114.66666666666667,sbp_alt
53098,73.0,1.0,207.0,59.0,110.0,37.59,89.72282356945743,0.0,0.0,0.0,0.0,,4.29,4.73,5.289392512796933,5.363304785430143,2,2,0.07391227263321021,76.0,1.0,38703.606665,110.66666666666667,sbp_alt
53100,57.0,1.0,288.0,67.0,118.0,23.94,64.16657609751155,0.0,0.0,0.0,0.0,,6.18,5.0,2.0602732327385103,1.9970597930484602,0,0,-0.06321343969005011,76.0,1.0,92628.908642,120.66666666666667,sbp_alt
53101,78.0,0.0,220.0,64.0,114.0,,60.091719302810425,1.0,0.0,1.0,0.0,,78.02,65.89,23.1881389214839,22.736762283387982,3,3,-0.451376638095919,84.0,1.0,11548.958359,116.0,sbp_alt
53106,33.0,1.0,213.0,50.0,127.0,28.5,119.14947006386863,0.0,0.0,0.0,0.0,2.0,12.04,7.53,0.4604018470564278,0.42921370223195476,0,0,-0.03118814482447302,79.0,2.0,62125.389482,128.0,sbp_alt
53110,55.0,1.0,213.0,72.0,126.0,23.34,59.341683816966324,0.0,0.0,1.0,1.0,,7.45,4.18,1.9131238148040859,1.7569383387014714,0,0,-0.15618547610261446,85.0,1.0,20502.782804,127.33333333333333,sbp_alt
53112,42.0,1.0,168.0,51.0,117.0,26.5,106.99049341456805,0.0,0.0,0.0,0.0,2.0,12.65,9.39,0.5589337433028675,0.5346099724530072,0,0,-0.02432377084986026,88.0,2.0,12812.019149,117.33333333333333,sbp_alt
53116,63.0,0.0,137.0,44.0,115.0,28.67,87.71821719394848,1.0,0.0,1.0,1.0,,2.73,3.33,5.269660177419637,5.421448332932166,2,2,0.1517881555125289,84.0,1.0,8990.493906,116.66666666666667,sbp_alt
53121,64.0,0.0,148.0,46.0,118.0,25.96,64.92453498492583,0.0,0.0,1.0,0.0,,10.88,2.7,5.579588137684816,4.5690513561215225,2,1,-1.0105367815632933,78.0,2.0,11505.828824,120.66666666666667,sbp_alt
53124,52.0,0.0,201.0,37.0,146.0,52.65,87.40218530148034,1.0,0.0,1.0,1.0,,15.48,7.92,9.475905948427455,8.64270609563354,2,2,-0.8331998527939142,76.0,2.0,91691.331738,146.0,sbp_alt
53125,53.0,1.0,242.0,79.0,115.0,27.17,92.1815979791674,0.0,0.0,0.0,0.0,,6.48,4.52,0.9817797773488753,0.9305807394080429,0,0,-0.05119903794083247,88.0,1.0,9637.428563,115.33333333333333,sbp_alt
53127,39.0,0.0,178.0,39.0,143.0,32.65,89.52236628676455,0.0,0.0,1.0,0.0,,7.69,5.18,1.687206288831752,1.5910376771177641,0,0,-0.09616861171398794,75.0,1.0,44803.365457,143.33333333333334,sbp_alt
53130,43.0,0.0,169.0,54.0,120.0,28.38,110.18125721930724,0.0,0.0,1.0,1.0,,6.56,3.61,0.8673284029586306,0.7931179389902345,0,0,-0.07421046396839603,77.0,1.0,81503.299626,120.0,sbp_alt
53131,39.0,0.0,180.0,93.0,113.0,19.9,85.69952848820785,0.0,1.0,0.0,0.0,,2.33,3.11,0.3988472312111354,0.4165492702408064,0,0,0.01770203902967099,84.0,2.0,26682.605877,112.66666666666667,sbp_alt
53139,65.0,1.0,185.0,66.0,119.0,38.37,68.20896714271308,0.0,0.0,1.0,0.0,,6.7,13.08,3.949762220910614,4.348884230425802,1,1,0.39912200951518795,83.0,2.0,20038.030035,122.66666666666667,sbp_alt
53154,55.0,0.0,212.0,96.0,129.0,22.57,108.35130426303613,1.0,1.0,1.0,0.0,,14.6,11.15,5.880371921327814,5.659070603059244,2,2,-0.22130131826857014,77.0,2.0,23507.997605,126.0,sbp_alt
53159,32.0,0.0,147.0,43.0,129.0,18.73,81.58393872418567,0.0,0.0,0.0,0.0,,5.11,1.64,0.476736222399122,0.40185654505117085,0,0,-0.07487967734795115,81.0,2.0,32058.506552,130.0,sbp_alt
53161,49.0,1.0,236.0,63.0,106.0,26.32,104.16627032220356,0.0,0.0,0.0,0.0,,4.17,6.51,0.7674177464558206,0.8200525835206582,0,0,0.052634837064837625,75.0,2.0,24882.496233,109.33333333333333,sbp_alt
53169,73.0,0.0,139.0,47.0,100.0,24.04,50.882002963446105,0.0,0.0,0.0,0.0,,40.73,11.41,11.440829217734748,9.633426709414614,3,2,-1.8074025083201342,76.0,1.0,32338.062285,100.66666666666667,sbp_alt
53171,65.0,1.0,204.0,71.0,164.0,29.85,104.52850423935244,1.0,0.0,1.0,1.0,,134.52,14.08,12.453131062671371,9.20363685692748,3,2,-3.2494942057438916,78.0,2.0,18721.249999,164.66666666666666,sbp_alt
53175,42.0,1.0,146.0,95.0,112.0,18.92,111.84360017157344,0.0,0.0,0.0,0.0,2.0,8.13,6.97,0.16288570012335088,0.15917040397855267,0,0,-0.003715296144798208,80.0,1.0,52207.814643,110.0,sbp_alt
53177,55.0,0.0,216.0,71.0,142.0,36.38,82.88136593884091,1.0,0.0,1.0,1.0,,2.75,3.85,5.151451884901384,5.40544554511605,2,2,0.2539936602146664,83.0,2.0,25115.577435,139.33333333333334,sbp_alt
53181,37.0,1.0,189.0,48.0,105.0,30.97,108.55798958578825,0.0,0.0,0.0,0.0,2.0,4.72,4.87,0.3266269376164549,0.3281595286017302,0,0,0.0015325909852753061,79.0,1.0,54729.408706,104.0,sbp_alt
53182,62.0,0.0,184.0,49.0,110.0,26.31,86.1300405303884,0.0,0.0,1.0,1.0,,3.99,2.4,3.789472039708654,3.519328490640645,1,1,-0.2701435490680093,86.0,2.0,55670.350052,108.66666666666667,sbp_alt
53184,66.0,1.0,175.0,72.0,133.0,27.12,73.43395191495505,0.0,0.0,0.0,0.0,,9.03,5.39,3.7981048735566807,3.5249754917486364,1,1,-0.27312938180804425,88.0,2.0,16494.909549,136.0,sbp_alt
53188,71.0,1.0,200.0,75.0,116.0,36.88,89.33383337589149,0.0,0.0,0.0,0.0,,3.71,2.74,4.042354747097451,3.8695143123292226,1,1,-0.1728404347682284,81.0,1.0,11967.214768,116.66666666666667,sbp_alt
53191,59.0,0.0,202.0,41.0,128.0,28.23,65.08118361261015,0.0,0.0,1.0,1.0,,48.33,22.14,6.731739021456242,6.02827687477311,2,2,-0.7034621466831323,77.0,1.0,91372.94023,130.0,sbp_alt
53198,53.0,1.0,168.0,38.0,121.0,41.4,88.04913995269463,0.0,0.0,1.0,0.0,,16.24,8.82,2.4662090255698317,2.255116235826206,0,0,-0.21109278974362589,84.0,2.0,23748.745332,124.66666666666667,sbp_alt
53199,54.0,0.0,187.0,50.0,94.0,28.85,105.5678777099181,0.0,0.0,0.0,0.0,,5.89,4.27,2.278495022723955,2.1728195192889097,0,0,-0.10567550343504539,88.0,2.0,11723.777579,96.66666666666667,sbp_alt
53201,44.0,1.0,188.0,45.0,124.0,52.86,116.3553225545601,1.0,1.0,0.0,0.0,2.0,135.62,31.58,6.246697227718241,5.081600504185716,2,2,-1.1650967235325247,75.0,1.0,21284.906566,124.0,sbp_alt
53211,45.0,0.0,210.0,38.0,128.0,34.34,112.95840093863947,1.0,0.0,0.0,0.0,,9.7,5.88,4.308634576852023,4.007522495111324,1,1,-0.3011120817406985,81.0,1.0,29520.027261,128.0,sbp_alt
53215,55.0,1.0,156.0,75.0,125.0,25.79,91.04208962485207,1.0,0.0,0.0,0.0,,14.0,17.04,2.7444805919609814,2.8243276626766884,0,0,0.07984707071570707,88.0,2.0,77376.076869,124.66666666666667,sbp_alt
53217,47.0,1.0,192.0,43.0,143.0,28.72,98.75648686817968,0.0,0.0,0.0,0.0,,20.05,5.56,2.016966481734943,1.6695978847240118,0,0,-0.34736859701093126,75.0,1.0,26455.132893,142.0,sbp_alt
53220,66.0,1.0,228.0,37.0,102.0,28.19,86.366176447723,0.0,0.0,0.0,0.0,,9.73,2.71,4.621609366703646,3.8456783694799563,1,1,-0.7759309972236901,78.0,2.0,6369.893001,104.66666666666667,sbp_alt
53221,39.0,0.0,267.0,76.0,125.0,30.4,89.52236628676455,0.0,0.0,0.0,0.0,,20.77,14.12,0.9092234650965167,0.8581933345749866,0,0,-0.05103013052153016,77.0,1.0,69214.37238,124.0,sbp_alt
53222,63.0,1.0,160.0,55.0,110.0,36.82,75.86210430092883,1.0,0.0,1.0,1.0,,3.26,3.56,4.6189046262528315,4.6774777164314765,1,1,0.05857309017864498,77.0,1.0,7525.781928,108.0,sbp_alt
53228,39.0,0.0,201.0,26.0,113.0,28.8,112.17511390970725,0.0,0.0,0.0,0.0,,5.48,19.4,0.9809116285587693,1.1847888735770362,0,0,0.20387724501826687,79.0,1.0,23791.14885,115.33333333333333,sbp_alt
53234,53.0,1.0,239.0,90.0,121.0,24.54,93.63900534452222,0.0,0.0,0.0,0.0,,14.12,7.27,1.0107807582164179,0.9157847601757032,0,0,-0.09499599804071468,85.0,1.0,11351.89691,117.33333333333333,sbp_alt
53236,60.0,0.0,222.0,56.0,134.0,27.71,76.02060573180033,0.0,1.0,0.0,0.0,,6.24,3.49,6.030261031730104,5.551798654465544,2,2,-0.4784623772645604,75.0,2.0,12660.83781,136.0,sbp_alt
53238,40.0,1.0,219.0,44.0,107.0,38.38,114.93600787024052,0.0,0.0,0.0,0.0,2.0,4.24,7.58,0.5064116971552194,0.5523057442934141,0,0,0.04589404713819467,86.0,2.0,17361.209897,107.33333333333333,sbp_alt
53239,66.0,1.0,240.0,56.0,138.0,29.85,85.02196415916512,0.0,0.0,0.0,0.0,,3.33,4.39,4.384039774366041,4.561276166885933,1,1,0.17723639251989187,87.0,1.0,79894.934078,136.66666666666666,sbp_alt
53242,57.0,0.0,149.0,44.0,148.0,27.92,101.71378253906796,1.0,0.0,1.0,0.0,,8.94,9.52,8.13521707830689,8.206438625965777,2,2,0.07122154765888666,83.0,1.0,77604.592842,147.33333333333334,sbp_alt
53247,44.0,1.0,272.0,45.0,92.0,28.32,105.66792401079427,0.0,0.0,0.0,0.0,2.0,154.0,0.63,1.555901106240155,0.6875091914006631,0,0,-0.868391914839492,77.0,1.0,75240.005755,90.66666666666667,sbp_alt
53249,33.0,1.0,242.0,49.0,101.0,37.43,115.06499845094459,0.0,1.0,0.0,0.0,2.0,3.25,2.83,0.574598128535416,0.5628512854027167,0,0,-0.011746843132699358,80.0,1.0,16169.588736,103.33333333333333,sbp_alt
53251,72.0,0.0,132.0,43.0,114.0,27.78,78.08841414719208,1.0,0.0,1.0,1.0,,36.8,40.28,12.256066754511462,12.403557462018417,3,3,0.1474907075069556,84.0,1.0,9134.933197,113.33333333333333,sbp_alt
53264,35.0,1.0,204.0,55.0,116.0,40.32,118.11711889319605,0.0,0.0,0.0,0.0,2.0,5.44,9.07,0.29448503592634395,0.31789925404261904,0,0,0.023414218116275087,84.0,1.0,21275.206694,116.0,sbp_alt
53266,45.0,0.0,248.0,62.0,114.0,28.1,111.2220932895185,0.0,0.0,0.0,0.0,,3.99,4.09,1.0064371091714688,1.0101681321957956,0,0,0.0037310230243268183,86.0,3.0,15845.945448,114.66666666666667,sbp_alt
53268,71.0,1.0,181.0,71.0,158.0,48.2,64.05405666310824,0.0,0.0,1.0,0.0,,6.98,3.2,7.9422827584617,7.127317348450232,2,2,-0.8149654100114683,87.0,1.0,46820.442712,160.0,sbp_alt
53269,67.0,0.0,233.0,36.0,113.0,39.3,61.342275699504384,0.0,0.0,1.0,0.0,,5.94,4.7,8.820094820766712,8.539851181050455,2,2,-0.2802436397162573,82.0,2.0,8401.91118,114.0,sbp_alt
53272,58.0,1.0,249.0,38.0,140.0,32.85,96.85656636652348,1.0,0.0,0.0,0.0,,21.95,8.14,9.008312523221186,7.859890602627692,2,2,-1.1484219205934938,75.0,1.0,18008.917501,143.33333333333334,sbp_alt
53273,56.0,0.0,173.0,40.0,123.0,27.43,88.33298988644091,0.0,0.0,0.0,0.0,,3.43,4.07,2.6418542051785496,2.7091219898483154,0,0,0.0672677846697658,89.0,1.0,8208.877021,123.33333333333333,sbp_alt
53278,62.0,1.0,225.0,42.0,110.0,29.33,99.48621195967016,0.0,0.0,0.0,0.0,,11.78,4.5,3.1840091535899577,2.767563552912566,1,0,-0.4164456006773918,85.0,2.0,6774.929441,109.33333333333333,sbp_alt
53286,67.0,1.0,243.0,74.0,117.0,21.5,79.51278654619192,0.0,0.0,0.0,0.0,,9.44,1.76,3.6485883233640246,2.858664430388649,1,0,-0.7899238929753758,77.0,2.0,6468.081751,119.33333333333333,sbp_alt
53288,79.0,1.0,141.0,64.0,139.0,30.19,89.17596063641223,1.0,0.0,1.0,1.0,,5.52,5.25,12.090455113064595,12.010664566178532,3,3,-0.07979054688606269,76.0,2.0,20875.261565,144.0,sbp_alt
53291,52.0,1.0,179.0,62.0,108.0,29.55,75.90745650750783,0.0,0.0,0.0,0.0,,792.31,11.5,1.9071480610650846,1.0193981391526148,0,0,-0.8877499219124698,76.0,1.0,100459.275616,107.33333333333333,sbp_alt
53302,51.0,0.0,151.0,36.0,131.0,37.36,102.04184391966284,0.0,0.0,0.0,0.0,,4.91,4.25,2.124506964288297,2.079649383277134,0,0,-0.044857581011163106,76.0,2.0,101172.924903,126.66666666666667,sbp_alt
53305,31.0,0.0,154.0,34.0,116.0,25.79,111.14621970072785,0.0,0.0,0.0,0.0,,7.87,4.07,0.410123181979777,0.37139636352294897,0,0,-0.038726818456828016,89.0,2.0,13638.075008,116.66666666666667,sbp_alt
53317,77.0,1.0,182.0,46.0,139.0,23.3,84.64893301861179,0.0,0.0,1.0,0.0,,14.12,16.07,12.977763686611631,13.198665923165708,3,3,0.22090223655407648,80.0,1.0,34966.865728,145.33333333333334,sbp_alt
53319,30.0,1.0,157.0,39.0,97.0,24.45,117.23202281816458,0.0,0.0,0.0,0.0,3.0,6.02,1.96,0.20048033470164567,0.1694518875757981,0,0,-0.03102844712584757,79.0,2.0,54009.255077,94.66666666666667,sbp_alt
53322,32.0,0.0,176.0,35.0,108.0,24.91,110.45711313858332,0.0,1.0,0.0,0.0,,5.59,5.73,0.7566524412336418,0.7594625854608563,0,0,0.002810144227214484,77.0,2.0,79822.913123,107.33333333333333,sbp_alt
53325,37.0,0.0,229.0,29.0,149.0,36.26,81.50489008777826,0.0,0.0,1.0,0.0,,7.87,6.32,2.705172241982168,2.6193482594627215,0,0,-0.08582398251944667,83.0,1.0,21268.693396,150.0,sbp_alt
53338,54.0,1.0,210.0,41.0,132.0,31.88,81.36345538746542,0.0,1.0,1.0,0.0,,7.13,5.88,4.845540804256826,4.713851164411383,1,1,-0.13168963984544302,84.0,1.0,21166.764065,132.0,sbp_alt
53341,60.0,0.0,191.0,30.0,120.0,29.66,86.16262077966914,0.0,0.0,0.0,0.0,,9.01,10.44,4.6813438577105115,4.781611188663476,1,1,0.10026733095296425,80.0,1.0,6461.229075,122.66666666666667,sbp_alt
53342,52.0,0.0,203.0,53.0,137.0,36.99,103.11014688322453,1.0,0.0,1.0,0.0,,7.08,4.93,6.068785185093511,5.764605534150108,2,2,-0.3041796509434036,80.0,1.0,68602.600632,136.66666666666666,sbp_alt
53346,46.0,1.0,178.0,62.0,104.0,19.78,113.42931128248769,0.0,1.0,0.0,0.0,,7.68,3.83,0.8990504512558262,0.8106069820518862,0,0,-0.08844346920393997,77.0,2.0,86576.383051,105.33333333333333,sbp_alt
53352,56.0,0.0,204.0,41.0,97.0,26.41,83.30973859382364,0.0,0.0,1.0,0.0,,4.84,5.33,3.819565563047481,3.873425143741658,1,1,0.053859580694176845,80.0,2.0,24300.320276,96.66666666666667,sbp_alt
53353,74.0,0.0,168.0,59.0,97.0,35.29,90.86078576170786,0.0,0.0,0.0,1.0,,51.87,21.28,10.521808406350432,9.320726415829867,3,2,-1.2010819905205654,78.0,2.0,36844.629325,102.66666666666667,sbp_alt
53356,57.0,1.0,220.0,90.0,119.0,50.94,112.7477689532705,0.0,0.0,0.0,0.0,,12.83,6.11,1.2265094310594298,1.0986658203253736,0,0,-0.12784361073405615,88.0,1.0,10257.596301,116.0,sbp_alt
53357,55.0,1.0,210.0,61.0,132.0,27.04,93.96315082535236,0.0,1.0,0.0,0.0,,4.81,4.24,2.824396847357622,2.7728878824614402,0,0,-0.05150896489618173,83.0,2.0,88661.041635,130.66666666666666,sbp_alt
53359,46.0,0.0,209.0,36.0,107.0,29.1,89.67946307165046,0.0,0.0,0.0,0.0,,2.35,3.0,1.2558991906197192,1.3024611582484285,0,0,0.04656196762870923,89.0,2.0,55095.024199,106.0,sbp_alt
53369,39.0,1.0,180.0,54.0,116.0,24.41,97.52022605645575,0.0,0.0,0.0,0.0,2.0,4.86,3.76,0.37781452897790185,0.3635882516412119,0,0,-0.014226277336689963,81.0,2.0,71929.361138,118.66666666666667,sbp_alt
53372,61.0,0.0,179.0,43.0,137.0,44.92,53.493847368552785,1.0,0.0,0.0,0.0,,3.72,2.74,8.155510896537798,7.816272907167206,2,2,-0.33923798937059235,79.0,2.0,13044.589394,137.33333333333334,sbp_alt
53373,77.0,1.0,232.0,42.0,137.0,22.51,73.62618497190708,0.0,0.0,0.0,0.0,,3.02,8.57,9.210921976158659,10.606599370886578,2,3,1.3956773947279189,81.0,2.0,38087.107887,137.33333333333334,sbp_alt
53381,59.0,0.0,234.0,50.0,161.0,23.32,101.94758874054784,0.0,0.0,0.0,0.0,,4.85,5.0,6.111010770591421,6.137454401355003,2,2,0.02644363076358225,79.0,1.0,21458.369625,158.0,sbp_alt
53382,72.0,0.0,204.0,50.0,125.0,28.5,82.94318880349778,0.0,0.0,1.0,1.0,,4.29,9.69,9.6741354552688,10.803939261270212,2,3,1.1298038060014122,81.0,2.0,30233.187542,125.33333333333333,sbp_alt
53383,36.0,1.0,250.0,74.0,103.0,20.34,117.38479275605825,0.0,0.0,0.0,0.0,2.0,96.98,18.05,0.35320849713610897,0.27463371485084453,0,0,-0.07857478228526443,84.0,1.0,19297.330507,102.66666666666667,sbp_alt
53385,77.0,0.0,266.0,45.0,140.0,31.44,74.81645073789245,0.0,0.0,1.0,0.0,,3.51,3.01,16.639216006500206,16.31981967385205,3,3,-0.31939633264815726,83.0,2.0,41065.863933,142.0,sbp_alt
53389,47.0,0.0,239.0,54.0,114.0,29.03,112.92724203740053,0.0,0.0,1.0,0.0,,3.57,2.99,1.55807204485414,1.5175367399691717,0,0,-0.04053530488496837,77.0,1.0,27028.404053,116.66666666666667,sbp_alt
53396,43.0,0.0,299.0,44.0,127.0,26.56,95.77144262118296,0.0,0.0,0.0,0.0,,2.16,22.4,1.8287383120393275,2.583404944229153,0,0,0.7546666321898254,75.0,2.0,106651.302622,124.0,sbp_alt
53397,43.0,1.0,214.0,58.0,133.0,24.1,89.64982944285553,0.0,0.0,0.0,0.0,2.0,29.89,14.18,1.1107309035878155,0.9942673204112604,0,0,-0.11646358317655503,80.0,1.0,26699.211227,128.66666666666666,sbp_alt
53404,54.0,0.0,173.0,31.0,123.0,28.79,61.29997046015957,0.0,0.0,0.0,0.0,,3.58,3.16,2.685162051887757,2.6363572936382713,0,0,-0.04880475824948549,88.0,2.0,80686.340356,124.0,sbp_alt
53408,79.0,0.0,176.0,59.0,163.0,25.02,59.14169045517482,0.0,1.0,1.0,1.0,,448.72,871.83,27.02235763217792,29.045192264073776,3,3,2.022834631895858,88.0,1.0,10411.441994,166.66666666666666,sbp_alt
53411,53.0,1.0,164.0,45.0,127.0,26.71,75.43683027716128,0.0,1.0,0.0,0.0,,7.56,12.5,2.869961392633847,3.0880521522724687,0,1,0.21809075963862146,80.0,2.0,26284.468736,128.66666666666666,sbp_alt
53418,39.0,0.0,226.0,50.0,123.0,41.49,108.51622237660078,0.0,1.0,0.0,0.0,,4.6,3.14,1.510029895825911,1.4266317022438155,0,0,-0.08339819358209555,76.0,1.0,61498.830035,124.66666666666667,sbp_alt
53420,62.0,1.0,214.0,48.0,104.0,30.0,56.81366578027693,1.0,0.0,0.0,0.0,,4.5,5.7,5.39484620301714,5.578858715040754,2,2,0.1840125120236138,78.0,1.0,13070.875072,104.66666666666667,sbp_alt
53427,53.0,0.0,315.0,54.0,123.0,27.12,62.22705723749963,0.0,0.0,0.0,0.0,,3.92,2.57,3.3162446109905255,3.1178080182143026,1,1,-0.19843659277622283,79.0,1.0,82587.952309,126.66666666666667,sbp_alt
53434,42.0,0.0,194.0,36.0,112.0,25.36,109.72648860781621,0.0,0.0,0.0,0.0,,2.52,1.35,0.8590455871366924,0.7823820008758536,0,0,-0.0766635862608388,87.0,1.0,94316.655377,111.33333333333333,sbp_alt
53436,70.0,1.0,193.0,58.0,124.0,33.26,78.04299918085387,0.0,0.0,0.0,0.0,,11.29,4.92,5.602198216773254,4.978137651847895,2,1,-0.624060564925359,76.0,2.0,38913.512966,124.0,sbp_alt
53439,46.0,0.0,191.0,37.0,112.0,24.42,102.55420404703159,0.0,0.0,0.0,0.0,,2.54,2.34,1.130887523244781,1.117123815448338,0,0,-0.013763707796442981,78.0,2.0,96263.187675,112.66666666666667,sbp_alt
53444,75.0,1.0,171.0,74.0,185.0,21.07,70.40650626128217,1.0,0.0,1.0,0.0,,90.93,44.86,19.61959602923851,18.000567305285912,3,3,-1.6190287239525993,80.0,2.0,15553.107018,186.66666666666666,sbp_alt
53457,30.0,1.0,228.0,57.0,104.0,25.43,101.58937601542708,0.0,0.0,0.0,0.0,3.0,6.48,3.05,0.20196404361616846,0.1804001039038568,0,0,-0.02156393971231166,88.0,1.0,20293.289262,104.0,sbp_alt
53460,68.0,0.0,148.0,48.0,145.0,30.98,57.70123140015393,0.0,1.0,0.0,0.0,,5.4,4.0,8.991780691433535,8.6277591762608,2,2,-0.36402151517273396,89.0,2.0,5797.734364,145.33333333333334,sbp_alt
53465,47.0,1.0,207.0,25.0,102.0,18.63,114.72013336540064,0.0,1.0,0.0,0.0,,6.0,6.0,2.125272928139656,2.125272928139656,0,0,0.0,75.0,2.0,23499.838461,102.66666666666667,sbp_alt
53471,49.0,1.0,243.0,56.0,111.0,22.92,106.69730859722462,0.0,0.0,0.0,0.0,,6.45,7.8,0.9536162835905958,0.9809437291465477,0,0,0.0273274455559519,78.0,2.0,21971.086171,114.0,sbp_alt
53472,50.0,1.0,286.0,47.0,125.0,26.44,108.00553999344656,0.0,1.0,0.0,0.0,,8.75,7.03,3.179766845884417,3.0801537269924664,1,1,-0.09961311889195068,80.0,1.0,79719.201422,124.0,sbp_alt
53473,46.0,1.0,161.0,43.0,95.0,33.16,107.94996546308099,0.0,1.0,0.0,0.0,,5.62,36.22,1.2112124341519412,1.5959017531583057,0,0,0.3846893190063645,85.0,1.0,14103.085882,96.0,sbp_alt
53474,59.0,1.0,256.0,89.0,134.0,22.23,106.95995976246047,0.0,1.0,1.0,0.0,,26.32,4.43,4.252241674046598,3.286985143216147,1,1,-0.9652565308304508,83.0,2.0,15056.319146,134.66666666666666,sbp_alt
53478,30.0,1.0,176.0,63.0,106.0,31.15,120.94757588373878,0.0,0.0,0.0,0.0,2.0,2.22,5.58,0.09949688064869422,0.11424474837967108,0,0,0.01474786773097686,87.0,1.0,26858.225188,109.33333333333333,sbp_alt
53479,30.0,1.0,176.0,65.0,115.0,28.71,106.35732528267559,0.0,0.0,0.0,0.0,2.0,7.49,5.0,0.13455485965704972,0.12664430232862114,0,0,-0.007910557328428575,84.0,2.0,23132.230222,113.33333333333333,sbp_alt
53481,66.0,0.0,238.0,88.0,144.0,27.71,79.19045669694431,0.0,1.0,0.0,0.0,,4.59,4.78,6.6943748539450505,6.732734222244775,2,2,0.03835936829972475,88.0,2.0,57944.956916,136.66666666666666,sbp_alt
53484,71.0,0.0,178.0,40.0,111.0,23.86,75.88931939152766,0.0,0.0,0.0,1.0,,15.62,5.3,8.026009516801,6.900763656199781,2,2,-1.1252458606012192,80.0,1.0,29656.12172,110.0,sbp_alt
53487,47.0,0.0,177.0,39.0,121.0,,99.34903947145831,0.0,0.0,0.0,0.0,,3.38,4.56,1.3694929939811407,1.4319340075115963,0,0,0.062441013530455614,77.0,1.0,81895.402401,124.66666666666667,sbp_alt
53492,44.0,1.0,233.0,51.0,142.0,45.65,85.37761710130829,0.0,0.0,1.0,1.0,2.0,5.23,5.65,1.7547234972966346,1.77482653597584,0,0,0.020103038679205376,83.0,1.0,90232.901038,140.0,sbp_alt
53495,31.0,0.0,160.0,33.0,118.0,20.17,111.14621970072785,0.0,1.0,0.0,0.0,,6.42,4.38,0.8214721598905605,0.7757408225010511,0,0,-0.04573133738950941,77.0,1.0,69214.37238,120.66666666666667,sbp_alt
53496,59.0,1.0,142.0,63.0,104.0,30.06,100.98757605827362,0.0,0.0,0.0,0.0,,4.43,2.5,1.3956844098682193,1.2822909488381675,0,0,-0.11339346103005177,78.0,1.0,21800.840156,104.0,sbp_alt
53500,32.0,0.0,246.0,55.0,103.0,24.43,117.57162615510919,0.0,0.0,0.0,0.0,,3.5,3.66,0.40753451582206823,0.41028337617441163,0,0,0.0027488603523433963,82.0,2.0,28776.549278,102.66666666666667,sbp_alt
53501,44.0,0.0,212.0,54.0,114.0,29.68,108.74053897532865,0.0,0.0,1.0,0.0,,2.86,3.55,1.0598881009919163,1.0946650014425516,0,0,0.034776900450635306,79.0,1.0,66323.566341,114.66666666666667,sbp_alt
53506,30.0,0.0,211.0,34.0,108.0,32.29,77.21419791031012,0.0,1.0,0.0,0.0,,2.78,2.28,0.7742440828074578,0.7515776552733617,0,0,-0.02266642753409609,87.0,1.0,81340.588478,106.66666666666667,sbp_alt
53515,41.0,0.0,255.0,42.0,140.0,31.56,91.45572262631296,0.0,0.0,0.0,0.0,,6.0,3.93,2.0643806379329592,1.9390819010919365,0,0,-0.12529873684102277,84.0,1.0,67765.448326,140.66666666666666,sbp_alt
53518,63.0,0.0,258.0,44.0,117.0,34.64,92.2648625813928,1.0,1.0,0.0,0.0,,17.28,3.8,13.451627373123483,11.00420846495305,3,3,-2.447418908170432,84.0,2.0,9387.789425,116.0,sbp_alt
53524,39.0,1.0,275.0,70.0,109.0,28.32,105.47976297119224,0.0,1.0,0.0,0.0,2.0,3.25,4.3,0.625735251497079,0.6524189277229026,0,0,0.02668367622582357,81.0,2.0,72738.522735,108.66666666666667,sbp_alt
53526,62.0,1.0,217.0,52.0,106.0,32.68,96.07580141895353,0.0,0.0,0.0,0.0,,5.04,3.53,2.500939810874253,2.373842015855854,0,0,-0.12709779501839868,86.0,1.0,65573.061923,106.66666666666667,sbp_alt
53529,57.0,1.0,191.0,42.0,97.0,23.81,67.32211965777641,0.0,1.0,1.0,1.0,,5.0,8.96,3.974333303929985,4.322341010884669,1,1,0.3480077069546841,78.0,2.0,29415.070778,101.33333333333333,sbp_alt
53530,62.0,1.0,250.0,54.0,136.0,22.65,101.42395986655644,0.0,0.0,0.0,0.0,,5.0,6.27,3.564040525522436,3.682685127854356,1,1,0.11864460233192009,86.0,1.0,61772.041071,137.33333333333334,sbp_alt
53532,51.0,0.0,202.0,61.0,127.0,26.94,107.55604236878804,1.0,0.0,0.0,0.0,,3.94,3.06,3.3957211770254343,3.272712636843988,1,1,-0.12300854018144625,80.0,1.0,75696.640351,128.0,sbp_alt
53533,42.0,0.0,150.0,70.0,111.0,21.86,65.47599897479763,0.0,1.0,0.0,0.0,,3.63,2.7,0.6843102198965447,0.6545940316604901,0,0,-0.029716188236054597,83.0,2.0,28866.856878,110.66666666666667,sbp_alt
53534,56.0,0.0,217.0,52.0,127.0,30.93,90.50063778359142,0.0,0.0,0.0,0.0,,6.18,3.4,3.08903762770986,2.830052059300516,1,0,-0.25898556840934406,86.0,3.0,68871.178599,126.0,sbp_alt
53544,50.0,0.0,196.0,35.0,103.0,23.3,83.60273198078316,0.0,0.0,0.0,0.0,,5.28,3.46,1.9346096463546645,1.8171659073088346,0,0,-0.11744373904582983,77.0,2.0,100372.774694,108.0,sbp_alt
53546,66.0,1.0,216.0,50.0,141.0,40.81,78.83941281807857,0.0,0.0,0.0,0.0,,4.28,2.08,4.925682551872424,4.44245446996547,1,1,-0.48322808190695454,86.0,2.0,61835.25213,140.0,sbp_alt
53548,49.0,1.0,234.0,49.0,113.0,34.52,76.32938094900652,1.0,0.0,0.0,0.0,,9.79,4.27,3.0951823042201565,2.742624388558444,1,0,-0.3525579156617127,86.0,3.0,14401.4831,114.0,sbp_alt
53550,43.0,1.0,156.0,61.0,111.0,19.32,104.5817118619942,0.0,0.0,0.0,0.0,2.0,9.18,4.86,0.38939160128893746,0.3540593132674043,0,0,-0.035332288021533154,77.0,1.0,76603.798386,110.0,sbp_alt
53554,31.0,1.0,221.0,42.0,114.0,27.52,126.72309306219134,0.0,0.0,0.0,0.0,3.0,21.25,23.1,0.37866911405312237,0.38342596091114994,0,0,0.004756846858027575,78.0,2.0,25247.94746,114.66666666666667,sbp_alt
53555,50.0,0.0,232.0,54.0,114.0,30.9,79.18352732340254,0.0,0.0,1.0,0.0,,6.85,4.57,2.151303689381295,2.0263421935847847,0,0,-0.12496149579651039,80.0,1.0,75696.640351,114.0,sbp_alt
53557,36.0,1.0,173.0,48.0,114.0,38.55,117.83115611991063,0.0,0.0,0.0,0.0,2.0,5.44,4.59,0.3003612992599939,0.29281944533781323,0,0,-0.007541853922180652,88.0,1.0,18108.840553,112.66666666666667,sbp_alt
53558,49.0,0.0,199.0,38.0,129.0,42.89,93.38298460428818,1.0,0.0,0.0,0.0,,46.21,24.3,6.362575148810067,5.808255119867655,2,2,-0.5543200289424117,75.0,2.0,28044.512771,131.33333333333334,sbp_alt
53562,56.0,1.0,181.0,51.0,158.0,33.9,83.89835718328561,0.0,0.0,1.0,0.0,,6.08,5.52,3.822160176610503,3.7691916167583908,1,1,-0.05296855985211213,83.0,2.0,31519.808267,158.0,sbp_alt
53563,30.0,0.0,172.0,47.0,100.0,20.77,74.41498705590679,0.0,0.0,0.0,0.0,,3.67,2.52,0.2913924036310311,0.27535551879009323,0,0,-0.01603688484093785,81.0,2.0,77176.460949,100.0,sbp_alt
53571,49.0,1.0,171.0,45.0,119.0,25.34,74.38471590270265,1.0,0.0,1.0,0.0,,10.6,5.28,3.799498066249169,3.4350325875232848,1,1,-0.3644654787258843,78.0,1.0,26102.697054,122.66666666666667,sbp_alt
53572,59.0,0.0,181.0,48.0,115.0,29.92,99.39746767051284,0.0,0.0,1.0,0.0,,2.0,3.68,3.0941446620644677,3.382485028375419,1,1,0.28834036631095117,82.0,2.0,108835.074142,114.66666666666667,sbp_alt
53573,43.0,1.0,188.0,76.0,125.0,22.35,111.96493677342299,0.0,1.0,0.0,0.0,2.0,4.89,2.61,0.720682848264905,0.6562848300553794,0,0,-0.06439801820952562,75.0,2.0,99760.116491,126.66666666666667,sbp_alt
53582,56.0,1.0,271.0,46.0,109.0,30.74,76.04349549068134,0.0,0.0,1.0,0.0,,41.0,23.21,3.6453715047284274,3.356939448133728,1,1,-0.2884320565946994,87.0,2.0,22972.84107,108.66666666666667,sbp_alt
53583,77.0,0.0,155.0,47.0,154.0,22.39,52.213644862769684,0.0,1.0,1.0,1.0,,4.16,2.47,14.160507280166392,13.230367865030209,3,3,-0.9301394151361837,81.0,2.0,33570.062401,154.66666666666666,sbp_alt
53585,43.0,1.0,185.0,58.0,115.0,21.78,110.36504057027986,0.0,0.0,0.0,0.0,2.0,37.63,8.0,0.6309582627126411,0.5007498948257827,0,0,-0.1302083678868584,83.0,2.0,72667.288792,114.66666666666667,sbp_alt
53592,72.0,0.0,187.0,64.0,106.0,27.66,82.94318880349778,0.0,0.0,1.0,1.0,,10.77,5.0,8.425385741615724,7.57337170224799,2,2,-0.8520140393677336,83.0,2.0,38685.432082,108.0,sbp_alt
53597,43.0,1.0,228.0,66.0,123.0,42.08,110.36504057027986,0.0,0.0,1.0,0.0,2.0,4.83,4.7,0.7229052501643486,0.7199716223150686,0,0,-0.002933627849279974,88.0,1.0,21435.8242,123.33333333333333,sbp_alt
53604,63.0,1.0,237.0,68.0,142.0,26.01,70.88810321894239,0.0,0.0,1.0,1.0,,5.85,3.93,4.463441573219998,4.2156011759082075,1,1,-0.24784039731179064,81.0,2.0,67206.338355,140.66666666666666,sbp_alt
53605,46.0,1.0,225.0,69.0,131.0,31.09,112.03576502101555,0.0,1.0,0.0,0.0,,132.98,81.43,2.2359380331127876,2.0805271431708716,0,0,-0.155410889941916,80.0,2.0,21081.607689,131.33333333333334,sbp_alt
53606,45.0,0.0,204.0,50.0,119.0,29.3,94.58755818693466,0.0,1.0,0.0,0.0,,43.06,17.58,2.555339312890213,2.2392616042407663,0,0,-0.3160777086494466,80.0,1.0,66379.952465,115.33333333333333,sbp_alt
53609,79.0,1.0,253.0,65.0,137.0,27.2,93.1816672353934,0.0,0.0,1.0,0.0,,9.2,25.11,11.928861445419845,13.605469510793698,3,3,1.6766080653738538,81.0,2.0,46431.463359,137.33333333333334,sbp_alt
53610,67.0,1.0,224.0,68.0,145.0,26.52,72.97866141308232,0.0,0.0,0.0,0.0,,2.54,3.14,4.310423987348871,4.443656512315127,1,1,0.13323252496625582,75.0,2.0,25526.05719,146.0,sbp_alt
53611,39.0,1.0,170.0,86.0,91.0,20.12,114.7852460631798,0.0,0.0,0.0,0.0,2.0,11.12,18.21,0.1744032907815275,0.18778171911946945,0,0,0.01337842833794195,77.0,2.0,25452.884514,92.66666666666667,sbp_alt
53617,48.0,1.0,274.0,76.0,141.0,31.05,103.07163016695893,1.0,0.0,0.0,0.0,,16.04,7.16,3.6967011975328714,3.2889916001696156,1,1,-0.40770959736325585,82.0,2.0,37275.88316,143.33333333333334,sbp_alt
53618,41.0,0.0,190.0,65.0,138.0,27.68,100.58007691145434,0.0,0.0,1.0,0.0,,12.76,3.77,1.243031144726619,1.0361699189243974,0,0,-0.20686122580222155,86.0,2.0,74413.581068,141.33333333333334,sbp_alt
53620,31.0,1.0,243.0,37.0,108.0,41.22,81.12034517364062,1.0,1.0,0.0,0.0,2.0,5.56,4.02,3.025979790624281,2.8863335768253298,1,0,-0.13964621379895137,75.0,2.0,25418.306514,107.33333333333333,sbp_alt
53621,40.0,0.0,167.0,50.0,103.0,26.39,88.9673276157866,0.0,0.0,0.0,0.0,,2.77,2.94,0.5443626043465369,0.5492538559931346,0,0,0.00489125164659765,78.0,2.0,24032.329043,103.33333333333333,sbp_alt
53622,62.0,0.0,211.0,48.0,131.0,42.46,71.95806505158664,1.0,0.0,1.0,0.0,,61.11,46.4,13.27594785099111,12.804443723790609,3,3,-0.47150412720050205,87.0,2.0,11499.896597,132.0,sbp_alt
53625,53.0,0.0,218.0,36.0,134.0,37.46,105.82371506212196,0.0,0.0,0.0,0.0,,5.69,4.53,3.432981892805297,3.320660823298353,1,1,-0.11232106950694387,76.0,2.0,101172.924903,134.0,sbp_alt
53626,71.0,1.0,183.0,68.0,132.0,24.54,73.20019788783168,0.0,0.0,0.0,0.0,,10.0,5.12,5.855196884150664,5.325185336016418,2,2,-0.5300115481342464,81.0,2.0,9993.180213,136.0,sbp_alt
53640,31.0,0.0,178.0,34.0,115.0,29.65,98.44827553648804,0.0,1.0,0.0,0.0,,2.54,4.51,0.728814408453617,0.7942970813039542,0,0,0.06548267285033715,83.0,1.0,81138.424601,114.0,sbp_alt
53652,30.0,1.0,266.0,70.0,113.0,30.81,120.94757588373878,1.0,0.0,1.0,1.0,2.0,877.78,786.05,2.0607024183899934,2.0275249872209615,0,0,-0.033177431169031824,85.0,2.0,16798.179129,111.33333333333333,sbp_alt
53656,54.0,1.0,290.0,62.0,117.0,27.29,99.29630760846462,0.0,0.0,1.0,0.0,,4.08,3.76,1.9524313912236617,1.929096551103888,0,0,-0.023334840119773714,76.0,1.0,77179.478965,119.33333333333333,sbp_alt
53659,58.0,0.0,216.0,33.0,161.0,25.69,91.62108612217807,0.0,1.0,0.0,0.0,,10.78,18.97,10.499721280499504,11.329183619126455,3,3,0.8294623386269517,79.0,1.0,13244.126734,162.0,sbp_alt
53670,40.0,1.0,204.0,69.0,112.0,22.71,114.0735775375881,0.0,0.0,0.0,0.0,2.0,15.0,3.37,0.3410077408468294,0.2727178774178445,0,0,-0.06828986342898491,80.0,2.0,20013.359204,116.0,sbp_alt
53672,36.0,0.0,163.0,37.0,117.0,31.7,86.38711098278095,0.0,0.0,1.0,0.0,,2.21,3.68,0.6352196322250063,0.6857164262739436,0,0,0.050496794048937255,79.0,2.0,118825.907009,119.33333333333333,sbp_alt
53679,52.0,1.0,167.0,70.0,153.0,30.09,71.18830140728049,0.0,1.0,1.0,0.0,,19.4,7.11,3.8897493484506263,3.3639400621232047,1,1,-0.5258092863274215,84.0,2.0,24216.969057,158.66666666666666,sbp_alt
53681,63.0,1.0,176.0,35.0,158.0,35.78,98.50627982312504,0.0,0.0,1.0,0.0,,17.71,11.64,7.583575012498422,7.153649250596434,2,2,-0.4299257619019876,88.0,2.0,5250.697876,160.0,sbp_alt
53682,67.0,1.0,244.0,71.0,142.0,37.23,72.97866141308232,0.0,0.0,0.0,0.0,,3.64,1.45,4.36729317691363,3.8252371768504365,1,1,-0.5420560000631931,82.0,2.0,21883.63541,141.33333333333334,sbp_alt
53683,55.0,0.0,182.0,70.0,126.0,22.42,106.14717977631172,0.0,1.0,0.0,0.0,,4.88,2.96,2.6813975360390887,2.4912706392823263,0,0,-0.19012689675676242,83.0,2.0,105788.374004,127.33333333333333,sbp_alt
53684,42.0,0.0,226.0,49.0,127.0,26.71,112.89242127623127,0.0,0.0,0.0,0.0,,17.08,5.43,1.4624027337236511,1.2328858263445472,0,0,-0.2295169073791039,88.0,2.0,14374.340639,130.0,sbp_alt
53686,65.0,1.0,172.0,45.0,132.0,27.0,84.2378915975729,0.0,0.0,1.0,0.0,,41.06,42.42,6.854451609800583,6.885749848730935,2,2,0.03129823893035155,75.0,1.0,8567.6299,134.0,sbp_alt
53695,58.0,0.0,237.0,90.0,158.0,28.75,93.96529707625147,0.0,0.0,0.0,0.0,,121.1,27.95,5.485527369597399,4.444471536386672,2,1,-1.0410558332107271,78.0,1.0,10760.07565,152.0,sbp_alt
53696,51.0,1.0,213.0,31.0,130.0,29.74,99.50563731959164,0.0,0.0,1.0,0.0,,3.02,8.12,2.468214253033954,2.852036121691679,0,0,0.38382186865772505,75.0,2.0,12274.824178,129.33333333333334,sbp_alt
53697,70.0,1.0,148.0,60.0,130.0,23.17,95.7415724529939,0.0,0.0,1.0,1.0,,20.51,8.08,6.188101319930454,5.424335134953175,2,2,-0.7637661849772792,81.0,1.0,12860.507262,134.0,sbp_alt
53700,37.0,1.0,175.0,35.0,107.0,26.01,118.01459313087702,0.0,0.0,0.0,0.0,2.0,17.86,4.42,0.4842138155075199,0.3929998413545283,0,0,-0.0912139741529916,85.0,2.0,18499.4128,106.66666666666667,sbp_alt
53701,63.0,1.0,199.0,44.0,136.0,28.94,92.34972245409921,0.0,0.0,0.0,0.0,,56.06,11.43,5.633614930227251,4.490960559131357,2,1,-1.1426543710958947,78.0,1.0,13875.16562,135.33333333333334,sbp_alt
53702,38.0,0.0,261.0,70.0,125.0,24.27,114.06352221847904,0.0,1.0,0.0,0.0,,8.09,4.31,1.3384696805698242,1.2185405153200362,0,0,-0.11992916524978803,75.0,2.0,88190.405495,124.66666666666667,sbp_alt
53706,42.0,0.0,159.0,34.0,120.0,31.46,111.26094590864483,0.0,0.0,0.0,0.0,,12.73,12.79,1.1222859370305356,1.1230741652757685,0,0,0.000788228245232947,82.0,1.0,17065.795693,120.66666666666667,sbp_alt
53714,61.0,0.0,137.0,24.0,114.0,46.26,48.353380434345034,1.0,0.0,1.0,0.0,,4.14,3.15,8.836337874693236,8.509490765381392,2,2,-0.3268471093118439,80.0,2.0,13264.885078,113.33333333333333,sbp_alt
53716,32.0,1.0,297.0,81.0,116.0,37.2,118.17962586984909,0.0,0.0,0.0,0.0,2.0,7.64,7.15,0.22328801615277136,0.2210820159610378,0,0,-0.002206000191733559,85.0,1.0,19655.82817,116.66666666666667,sbp_alt
53719,61.0,0.0,223.0,54.0,126.0,24.55,69.4962769182883,0.0,0.0,1.0,1.0,,4.74,3.14,5.080636137527023,4.788980106211267,2,1,-0.2916560313157559,78.0,1.0,8142.940258,129.33333333333334,sbp_alt
53724,59.0,1.0,135.0,30.0,129.0,45.96,70.80232492758533,0.0,0.0,0.0,0.0,,5.25,3.29,3.117451354974537,2.912384777905262,1,0,-0.205066577069275,87.0,1.0,26677.328619,130.66666666666666,sbp_alt
53725,32.0,1.0,187.0,38.0,117.0,22.88,122.22802385883092,0.0,0.0,0.0,0.0,2.0,9.49,2.86,0.3575438028369526,0.2988042546724715,0,0,-0.05873954816448107,79.0,1.0,53997.044639,116.0,sbp_alt
53732,79.0,0.0,159.0,39.0,137.0,38.16,82.46056985791095,0.0,0.0,1.0,0.0,,4.18,3.29,15.526678550508052,15.058364721815718,3,3,-0.4683138286923345,86.0,3.0,8089.148939,139.33333333333334,sbp_alt
53742,38.0,0.0,193.0,42.0,113.0,22.85,116.61325348011431,0.0,0.0,0.0,0.0,,8.15,5.41,0.6875086218849485,0.6465230768942103,0,0,-0.040985544990738254,79.0,1.0,17237.166867,110.66666666666667,sbp_alt
53743,65.0,0.0,143.0,41.0,124.0,33.37,77.88374461139381,1.0,0.0,1.0,1.0,,1.86,2.95,6.5350228972917135,6.973533131591923,2,2,0.4385102343002094,76.0,2.0,58644.199424,123.33333333333333,sbp_alt
53745,60.0,0.0,220.0,43.0,130.0,32.51,101.70112223583631,0.0,0.0,0.0,0.0,,8.28,5.27,4.8999927921619415,4.5916690622863685,1,1,-0.308323729875573,87.0,1.0,8050.612715,133.33333333333334,sbp_alt
53746,38.0,1.0,220.0,37.0,126.0,40.69,121.32455624422032,1.0,0.0,0.0,0.0,2.0,37.56,66.92,3.3366519338279095,3.6279013289538633,1,1,0.2912493951259538,85.0,2.0,62691.610913,128.66666666666666,sbp_alt
53750,40.0,1.0,247.0,48.0,104.0,20.2,116.29545162194965,0.0,0.0,0.0,0.0,2.0,7.75,4.14,0.5877432351265642,0.5352277907996114,0,0,-0.052515444326952876,82.0,1.0,13878.42642,101.33333333333333,sbp_alt
53759,60.0,0.0,243.0,24.0,100.0,,108.89508566045338,1.0,1.0,1.0,1.0,,10.95,3.1,18.803566250039545,16.06517752152395,3,3,-2.738388728515595,76.0,2.0,19650.859638,106.0,sbp_alt
53762,44.0,0.0,238.0,39.0,98.0,39.66,114.5822296454366,1.0,0.0,0.0,0.0,,6.17,6.62,3.56178811756857,3.5984835118740213,1,1,0.03669539430545132,89.0,2.0,12630.112133,99.0,sbp_alt
53763,60.0,1.0,210.0,53.0,93.0,36.75,79.50435272972467,0.0,0.0,0.0,0.0,,5.73,10.55,2.3216819654081946,2.5388271078927005,0,0,0.2171451424845059,79.0,1.0,65836.611494,100.0,sbp_alt
53764,49.0,1.0,217.0,66.0,127.0,31.2,67.43990143038276,0.0,0.0,0.0,0.0,,4.79,3.49,1.0530886730812006,1.0046945617732432,0,0,-0.048394111307957344,80.0,1.0,26699.211227,130.66666666666666,sbp_alt
53769,73.0,1.0,208.0,45.0,121.0,28.11,69.34796865556734,0.0,0.0,1.0,1.0,,7.92,6.0,9.048927256430634,8.711713106960074,2,2,-0.33721414947055983,81.0,2.0,32939.969593,122.0,sbp_alt
53770,41.0,1.0,208.0,56.0,124.0,37.38,117.51217344003192,0.0,1.0,0.0,0.0,2.0,8.43,8.99,1.093329078540983,1.1038194708547486,0,0,0.010490392313765584,77.0,1.0,75240.005755,123.33333333333333,sbp_alt
53774,49.0,0.0,237.0,69.0,113.0,29.87,82.29221680290215,0.0,0.0,0.0,0.0,,3.68,3.65,1.16631720785573,1.164893217074048,0,0,-0.001423990781681983,81.0,1.0,21459.071325,115.33333333333333,sbp_alt
53776,46.0,1.0,208.0,43.0,118.0,36.1,118.82711461046114,0.0,0.0,0.0,0.0,,24.42,8.6,1.1623139836373024,0.9954371907710525,0,0,-0.1668767928662499,83.0,2.0,22906.999842,118.66666666666667,sbp_alt
53777,63.0,0.0,185.0,31.0,136.0,36.22,82.58395380387805,0.0,0.0,0.0,0.0,,6.42,3.8,6.307720910608013,5.855595266795658,2,2,-0.4521256438123551,75.0,2.0,59368.56666,134.0,sbp_alt
53781,52.0,1.0,233.0,75.0,102.0,17.81,86.01169125891848,0.0,0.0,0.0,0.0,,13.33,4.59,0.9959771105250101,0.8499249806663853,0,0,-0.1460521298586248,78.0,2.0,109423.31931,101.33333333333333,sbp_alt
53785,56.0,1.0,194.0,58.0,141.0,39.16,93.38057929023518,0.0,0.0,1.0,0.0,,5.29,3.26,2.6948122459306347,2.5106625209463687,0,0,-0.18414972498426607,76.0,2.0,25977.219402,141.33333333333334,sbp_alt
53790,47.0,0.0,156.0,63.0,102.0,31.49,104.61219825240293,1.0,0.0,0.0,1.0,,2.32,2.54,1.3234686237998305,1.3414545889935312,0,0,0.01798596519370066,77.0,2.0,90558.050789,105.33333333333333,sbp_alt
53791,68.0,1.0,188.0,80.0,145.0,33.64,85.29855577559391,1.0,0.0,1.0,1.0,,17.0,8.21,8.190984997046352,7.405930615890501,2,2,-0.7850543811558506,85.0,1.0,6087.816497,146.0,sbp_alt
53794,44.0,0.0,212.0,56.0,120.0,26.01,94.04795859436328,0.0,0.0,0.0,0.0,,2.64,3.91,0.9332317560334406,0.9896911138469134,0,0,0.05645935781347289,79.0,2.0,85741.118073,122.66666666666667,sbp_alt
53800,32.0,0.0,231.0,39.0,115.0,28.55,117.98282942464486,0.0,0.0,0.0,0.0,,22.55,5.88,0.7069433633414203,0.5778240204946841,0,0,-0.1291193428467362,87.0,1.0,33958.460784,116.0,sbp_alt
53803,64.0,0.0,152.0,45.0,116.0,22.09,63.08852950115112,0.0,0.0,0.0,1.0,,4.92,5.67,3.4841437313697057,3.556913127658395,1,1,0.0727693962886895,78.0,2.0,11071.371044,114.0,sbp_alt
53807,63.0,1.0,305.0,45.0,124.0,41.08,100.00175208932002,1.0,0.0,0.0,0.0,,4.27,6.0,6.804115604833,7.1351452412986145,2,2,0.33102963646561445,77.0,2.0,17932.222812,124.0,sbp_alt
53813,62.0,0.0,149.0,60.0,120.0,30.59,103.73542493745721,1.0,1.0,1.0,1.0,,10.71,5.63,7.259554953436572,6.632297694898739,2,2,-0.6272572585378331,77.0,1.0,6554.181271,121.33333333333333,sbp_alt
53817,44.0,1.0,204.0,44.0,116.0,29.47,116.88066287272547,0.0,1.0,0.0,0.0,2.0,16.11,6.72,1.5335418166730017,1.3474432971110584,0,0,-0.18609851956194334,83.0,1.0,37228.447528,118.66666666666667,sbp_alt
53822,66.0,1.0,172.0,77.0,106.0,34.19,75.51222951123701,1.0,0.0,1.0,0.0,,16.46,9.62,6.353284456375447,5.890122889282353,2,2,-0.46316156709309375,83.0,2.0,26408.292413,108.0,sbp_alt
53829,56.0,1.0,216.0,57.0,107.0,24.79,108.47522881421843,0.0,0.0,1.0,0.0,,11.61,5.27,2.052844129278521,1.8275067082253345,0,0,-0.22533742105318666,86.0,1.0,22320.066258,110.66666666666667,sbp_alt
53831,40.0,0.0,267.0,33.0,127.0,28.76,111.0998561455508,0.0,0.0,0.0,0.0,,19.78,11.78,2.145185403911085,1.9869084165579405,0,0,-0.15827698735314466,85.0,2.0,20370.351231,126.66666666666667,sbp_alt
53833,35.0,0.0,225.0,45.0,115.0,24.89,80.87729076432674,0.0,0.0,0.0,0.0,,3.01,3.48,0.5783620814940462,0.5910980952973638,0,0,0.01273601380331757,79.0,1.0,15855.785441,117.33333333333333,sbp_alt
53835,71.0,1.0,149.0,39.0,123.0,28.68,36.731835375202984,1.0,0.0,1.0,1.0,,22.13,15.48,15.185244917404463,14.507082154261196,3,3,-0.6781627631432663,76.0,1.0,8716.464565,123.33333333333333,sbp_alt
53836,40.0,0.0,240.0,24.0,128.0,27.62,92.02628559701445,0.0,0.0,0.0,0.0,,16.52,8.84,2.2229546425200915,2.02672173564291,0,0,-0.19623290687718153,85.0,2.0,20283.608634,126.66666666666667,sbp_alt
53841,51.0,1.0,237.0,72.0,101.0,28.17,101.16635950138888,0.0,0.0,0.0,0.0,,14.39,10.09,0.9534032844184576,0.904372548877905,0,0,-0.049030735540552595,78.0,2.0,14748.006458,102.66666666666667,sbp_alt
53845,42.0,1.0,230.0,55.0,113.0,29.67,121.82027679916546,0.0,0.0,0.0,0.0,2.0,5.09,5.36,0.5255452061964074,0.5296172033009935,0,0,0.004071997104586056,88.0,2.0,17216.777874,117.33333333333333,sbp_alt
53847,54.0,1.0,186.0,60.0,114.0,28.95,82.5271698272401,0.0,0.0,0.0,0.0,,13.68,3.72,1.3735914101399975,1.1324468631520932,0,0,-0.24114454698790433,76.0,2.0,23952.407261,115.33333333333333,sbp_alt
53849,37.0,1.0,136.0,68.0,112.0,19.53,79.13723963963197,0.0,0.0,0.0,0.0,2.0,5.0,4.0,0.17347148136563278,0.1677662554257842,0,0,-0.005705225939848596,79.0,1.0,54729.408706,110.66666666666667,sbp_alt
53850,50.0,0.0,203.0,46.0,127.0,29.46,107.41297046721546,0.0,1.0,0.0,0.0,,19.58,17.38,3.7366287462836754,3.67242497923709,1,1,-0.06420376704658537,87.0,1.0,24483.695148,125.33333333333333,sbp_alt
53858,56.0,1.0,265.0,49.0,116.0,24.86,99.72867783660065,0.0,0.0,0.0,0.0,,3.51,2.62,1.923785576431004,1.842677541119282,0,0,-0.08110803531172195,78.0,2.0,110654.26515,115.33333333333333,sbp_alt
53864,72.0,0.0,213.0,43.0,169.0,29.88,64.25239401770516,0.0,0.0,0.0,0.0,,296.58,141.21,21.229638825091506,19.416098580497252,3,3,-1.813540244594254,80.0,2.0,42477.580814,170.0,sbp_alt
53868,41.0,1.0,175.0,71.0,103.0,23.63,113.36632135685505,0.0,0.0,0.0,0.0,2.0,5.6,2.99,0.26123703152639854,0.2378077782878457,0,0,-0.023429253238552855,77.0,1.0,77638.98485,105.33333333333333,sbp_alt
53874,34.0,1.0,161.0,31.0,110.0,31.56,116.7187413338814,1.0,1.0,1.0,1.0,2.0,11.63,28.16,2.956310043733168,3.3619070944457667,0,1,0.4055970507125988,83.0,1.0,74632.976098,111.33333333333333,sbp_alt
53875,50.0,1.0,189.0,61.0,113.0,42.76,81.117213251514,0.0,0.0,0.0,0.0,,5.12,2.85,0.8321051111145121,0.7625842179491945,0,0,-0.06952089316531762,84.0,2.0,23748.745332,114.0,sbp_alt
53876,37.0,0.0,247.0,36.0,134.0,38.27,119.19658139384109,0.0,0.0,0.0,0.0,,5.67,3.77,1.4705180365868025,1.383844940485959,0,0,-0.0866730961008435,87.0,1.0,79712.26608,134.0,sbp_alt
53877,46.0,1.0,189.0,39.0,119.0,28.0,113.42931128248769,0.0,0.0,0.0,0.0,,8.43,11.47,1.0272326246946006,1.0753118513409259,0,0,0.048079226646325246,78.0,2.0,21971.086171,121.33333333333333,sbp_alt
53883,35.0,1.0,172.0,82.0,109.0,24.9,113.64261556869333,0.0,0.0,0.0,0.0,2.0,13.74,4.21,0.12682310834232294,0.10621107418749745,0,0,-0.020612034154825487,82.0,2.0,26824.964193,108.0,sbp_alt
53884,68.0,1.0,166.0,41.0,145.0,45.57,68.7176529829177,1.0,0.0,0.0,1.0,,9.65,5.97,9.758953409803823,9.142243832236655,2,2,-0.6167095775671676,77.0,1.0,60851.686967,145.33333333333334,sbp_alt
53887,34.0,1.0,178.0,61.0,112.0,23.9,100.60040689025159,0.0,1.0,0.0,0.0,2.0,3.25,4.19,0.33469484568908675,0.3476606583334662,0,0,0.01296581264437946,77.0,1.0,64508.601789,110.66666666666667,sbp_alt
53889,66.0,0.0,247.0,70.0,145.0,27.37,73.23611200384849,0.0,0.0,0.0,0.0,,6.0,3.08,6.7005184052336055,6.097799610467586,2,2,-0.6027187947660195,77.0,1.0,55847.965781,144.66666666666666,sbp_alt
53895,38.0,1.0,186.0,43.0,114.0,31.64,116.82419548614985,1.0,0.0,0.0,0.0,2.0,466.67,174.53,2.6554098330213676,2.299293906931446,0,0,-0.3561159260899216,83.0,1.0,23407.555929,112.0,sbp_alt
53900,73.0,1.0,174.0,61.0,165.0,34.79,91.26311809274307,0.0,0.0,0.0,0.0,,5.6,2.88,8.087348937825078,7.375670215346199,2,2,-0.7116787224788794,81.0,2.0,38087.107887,164.66666666666666,sbp_alt
53910,54.0,1.0,209.0,79.0,119.0,25.55,70.3083029481363,0.0,1.0,0.0,0.0,,7.53,9.72,1.8026397356949886,1.8717479914960964,0,0,0.0691082558011078,83.0,1.0,32068.440528,120.66666666666667,sbp_alt
53912,34.0,0.0,265.0,43.0,119.0,22.8,116.9366932361714,0.0,0.0,0.0,0.0,,11.25,4.3,0.9081956200179447,0.7863928622855033,0,0,-0.12180275773244142,81.0,2.0,76806.95175,118.0,sbp_alt
53914,60.0,0.0,154.0,43.0,113.0,22.47,73.62631739255642,0.0,0.0,0.0,0.0,,3.18,2.37,2.7855206412375186,2.6677896630369693,0,0,-0.11773097820054934,75.0,2.0,68338.840828,112.66666666666667,sbp_alt
53933,58.0,1.0,262.0,45.0,126.0,30.0,103.16031203721438,1.0,0.0,1.0,0.0,,17.12,12.6,8.066973537454391,7.73219962095303,2,2,-0.33477391650136124,86.0,2.0,11361.502289,130.0,sbp_alt
53937,33.0,1.0,227.0,59.0,112.0,27.33,113.14992194550184,0.0,1.0,0.0,0.0,2.0,5.44,5.21,0.45530789735489124,0.4523780308441371,0,0,-0.0029298665107541644,86.0,2.0,28513.423636,114.0,sbp_alt
53946,63.0,0.0,182.0,40.0,137.0,34.99,77.97499297232129,1.0,0.0,0.0,0.0,,14.24,10.66,10.172930047801332,9.780268265635726,3,2,-0.39266178216560554,80.0,2.0,13314.171407,136.66666666666666,sbp_alt
53952,36.0,1.0,153.0,46.0,105.0,26.31,123.4083101406944,0.0,0.0,0.0,0.0,2.0,8.75,6.79,0.2730613975564706,0.26288781999265387,0,0,-0.010173577563816705,85.0,2.0,21874.320459,107.33333333333333,sbp_alt
53954,31.0,0.0,223.0,41.0,125.0,28.06,99.59635642973038,0.0,1.0,0.0,0.0,,3.22,2.97,1.1019839728428453,1.0887622796250769,0,0,-0.013221693217768449,76.0,2.0,65732.423367,126.66666666666667,sbp_alt
53956,59.0,0.0,214.0,79.0,158.0,30.81,101.19017592953568,0.0,0.0,1.0,0.0,,10.58,9.95,4.857437698579063,4.81477177577886,1,1,-0.04266592280020287,82.0,1.0,86798.825172,163.33333333333334,sbp_alt
53958,35.0,1.0,162.0,48.0,108.0,24.44,81.15173604056216,0.0,0.0,0.0,0.0,2.0,4.42,3.85,0.251069377255675,0.24593174149388025,0,0,-0.005137635761794768,84.0,1.0,53378.507132,109.33333333333333,sbp_alt
53961,41.0,0.0,156.0,60.0,122.0,27.09,110.78845450860557,0.0,1.0,0.0,0.0,,11.75,4.7,1.1246401964971744,0.9807388070419931,0,0,-0.14390138945518127,75.0,2.0,20306.364191,120.66666666666667,sbp_alt
53963,47.0,1.0,238.0,44.0,166.0,26.14,102.01210658937315,1.0,0.0,0.0,0.0,,31.0,16.78,9.955837832494021,9.15973180999336,2,2,-0.7961060225006609,80.0,1.0,21539.99113,164.66666666666666,sbp_alt
53965,31.0,0.0,221.0,54.0,108.0,30.77,100.76922402689995,0.0,0.0,0.0,0.0,,3.28,2.83,0.3130400130186704,0.306162607104197,0,0,-0.006877405914473389,87.0,2.0,29599.160437,110.0,sbp_alt
53968,52.0,1.0,205.0,72.0,102.0,33.71,52.363430154917886,0.0,1.0,1.0,0.0,,3.91,12.5,2.2265047702807004,2.639707306057877,0,0,0.41320253577717647,78.0,2.0,30353.751983,104.0,sbp_alt
53970,51.0,1.0,175.0,37.0,142.0,39.42,99.50563731959164,0.0,0.0,1.0,0.0,,5.24,8.05,2.58494195895827,2.7523040228329383,0,0,0.16736206387466845,78.0,1.0,10930.415019,145.33333333333334,sbp_alt
53972,41.0,1.0,253.0,71.0,120.0,29.86,94.87181502672615,0.0,0.0,0.0,0.0,2.0,6.41,3.2,0.5068323410147308,0.45686663524151244,0,0,-0.049965705773218405,77.0,1.0,76603.798386,120.0,sbp_alt
53973,35.0,0.0,185.0,28.0,118.0,27.17,122.18556535115025,0.0,1.0,0.0,0.0,,3.58,6.03,1.2148181190169614,1.3130235944616129,0,0,0.09820547544465152,75.0,1.0,28411.956292,117.33333333333333,sbp_alt
53974,30.0,0.0,183.0,23.0,113.0,33.01,91.61393839655402,0.0,1.0,0.0,0.0,,2.27,2.12,0.8310789396550639,0.8226137062838109,0,0,-0.008465233371252934,75.0,1.0,41403.555697,113.33333333333333,sbp_alt
53978,68.0,0.0,144.0,30.0,139.0,28.2,87.18514882153298,0.0,0.0,1.0,0.0,,2.89,2.33,8.077354498079456,7.839126923388966,2,2,-0.23822757469049005,82.0,2.0,8401.91118,138.0,sbp_alt
53987,35.0,1.0,207.0,61.0,129.0,33.9,90.29279520633172,0.0,0.0,0.0,0.0,2.0,12.48,12.17,0.44888100677463233,0.447196758337879,0,0,-0.001684248436753355,80.0,2.0,33126.41751,128.0,sbp_alt
53990,45.0,0.0,211.0,46.0,115.0,28.9,110.3957761655357,0.0,1.0,0.0,0.0,,3.58,2.86,1.7793257600174452,1.7210258437579773,0,0,-0.058299916259467954,78.0,2.0,24032.329043,116.0,sbp_alt
53991,61.0,1.0,231.0,43.0,152.0,27.11,102.89395838018297,0.0,0.0,0.0,0.0,,16.16,15.35,5.445945818202748,5.406330248072389,2,2,-0.03961557013035932,79.0,1.0,7063.4966,152.66666666666666,sbp_alt
53994,39.0,0.0,184.0,33.0,119.0,29.78,78.89011050992853,0.0,0.0,1.0,0.0,,5.09,2.08,1.1352048325387911,0.9931348258547164,0,0,-0.14207000668407477,84.0,2.0,25958.756366,120.0,sbp_alt
53998,40.0,0.0,190.0,38.0,104.0,29.51,114.30541451609687,0.0,0.0,0.0,0.0,,3.8,1.68,0.768266272362457,0.6797835277047015,0,0,-0.08848274465775552,78.0,2.0,23458.877905,104.0,sbp_alt
53999,63.0,1.0,256.0,51.0,111.0,31.23,90.85419045857098,0.0,0.0,1.0,0.0,,4.16,1.94,3.695098458272884,3.308505330833464,1,1,-0.38659312743941987,77.0,2.0,68773.599629,112.66666666666667,sbp_alt
54001,60.0,1.0,171.0,65.0,129.0,40.02,94.08894899177962,0.0,0.0,1.0,1.0,,1.72,3.26,1.9947941513310041,2.191358020896643,0,0,0.1965638695656391,78.0,2.0,18363.914422,129.33333333333334,sbp_alt
54002,59.0,1.0,208.0,46.0,124.0,28.45,90.20918233057064,0.0,0.0,0.0,0.0,,9.93,8.88,2.875367584024977,2.8288820135668074,0,0,-0.0464855704581697,88.0,2.0,10054.161288,124.66666666666667,sbp_alt
54008,57.0,0.0,199.0,57.0,128.0,31.87,100.64155428226633,0.0,0.0,0.0,0.0,,3.59,3.46,2.680943365838718,2.6664498841783426,0,0,-0.014493481660375451,88.0,1.0,18584.577393,128.66666666666666,sbp_alt
54027,62.0,1.0,248.0,85.0,121.0,31.02,79.65816970136743,0.0,0.0,0.0,0.0,,3.83,1.11,2.005115898901949,1.6706006062971077,0,0,-0.33451529260484114,82.0,2.0,21883.63541,122.0,sbp_alt
54032,40.0,0.0,163.0,26.0,115.0,26.95,105.09586469420975,0.0,1.0,0.0,0.0,,5.42,5.35,1.538905715699954,1.5359341866421121,0,0,-0.002971529057841815,77.0,1.0,81895.402401,116.0,sbp_alt
54034,47.0,1.0,237.0,32.0,116.0,33.11,95.686413764474,0.0,1.0,0.0,0.0,,8.17,3.39,2.5375371984816253,2.230632350167325,0,0,-0.3069048483143004,75.0,2.0,42450.422835,116.66666666666667,sbp_alt
54035,43.0,1.0,238.0,39.0,102.0,20.4,115.56553067861383,0.0,1.0,0.0,0.0,2.0,6.27,10.83,1.4549773514746331,1.577427027794924,0,0,0.12244967632029091,84.0,1.0,64099.903085,102.66666666666667,sbp_alt
54038,40.0,0.0,199.0,38.0,116.0,26.93,112.25630586502521,0.0,1.0,0.0,0.0,,4.15,1.35,1.4577903090685234,1.2332050632766471,0,0,-0.22458524579187622,81.0,2.0,91316.255685,116.0,sbp_alt
54041,52.0,0.0,193.0,44.0,106.0,29.69,80.77105189627044,0.0,0.0,0.0,0.0,,3.31,2.32,1.7473404721553165,1.6575542761331186,0,0,-0.08978619602219795,82.0,2.0,15686.03941,106.66666666666667,sbp_alt
54042,49.0,0.0,161.0,48.0,141.0,32.28,103.31902828697396,0.0,0.0,0.0,0.0,,9.34,5.91,2.114643648785109,1.9762267000276792,0,0,-0.1384169487574296,85.0,1.0,19272.47765,139.33333333333334,sbp_alt
54043,44.0,1.0,193.0,84.0,107.0,25.15,110.06734800595726,0.0,0.0,0.0,0.0,2.0,5.03,7.05,0.27993124129167096,0.29444161034196875,0,0,0.014510369050297789,76.0,2.0,80102.169238,106.66666666666667,sbp_alt
54046,38.0,1.0,147.0,39.0,119.0,36.98,117.75103814504187,0.0,0.0,0.0,0.0,2.0,1.35,2.73,0.34879142544090963,0.3875328101497224,0,0,0.038741384708812776,78.0,2.0,74179.149936,117.33333333333333,sbp_alt
54047,46.0,0.0,157.0,30.0,115.0,33.82,113.16581453874076,0.0,0.0,0.0,0.0,,3.67,3.38,1.1944179292637038,1.179836925588854,0,0,-0.014581003674849935,77.0,2.0,23272.968931,115.33333333333333,sbp_alt
54050,51.0,1.0,228.0,56.0,132.0,46.23,59.53515526502693,0.0,0.0,1.0,0.0,,8.19,3.8,2.274114173397389,2.0315304675575687,0,0,-0.24258370583982014,78.0,1.0,22674.02515,131.33333333333334,sbp_alt
54055,43.0,0.0,177.0,36.0,119.0,29.44,91.36840049251458,0.0,0.0,0.0,0.0,,11.36,10.0,1.2525865381835046,1.2289917454280854,0,0,-0.023594792755419203,83.0,1.0,24946.552122,118.66666666666667,sbp_alt
54060,47.0,1.0,200.0,44.0,112.0,43.48,90.04448644717048,0.0,1.0,1.0,0.0,,4.53,3.14,1.9232046612947749,1.8221251780972352,0,0,-0.10107948319753968,88.0,1.0,28703.694057,112.0,sbp_alt
54062,49.0,1.0,257.0,46.0,114.0,29.18,104.16627032220356,0.0,0.0,0.0,0.0,,6.61,3.47,1.2916626014664212,1.1739559502755232,0,0,-0.11770665119089796,85.0,1.0,67803.115123,116.66666666666667,sbp_alt
54063,37.0,1.0,175.0,49.0,113.0,35.88,118.9665504215649,0.0,0.0,0.0,0.0,2.0,34.11,19.06,0.4110086284274956,0.37675213095971133,0,0,-0.03425649746778425,82.0,1.0,18281.683005,112.0,sbp_alt
54064,42.0,0.0,214.0,47.0,129.0,32.1,115.08575165876829,0.0,1.0,0.0,0.0,,30.45,11.44,2.674622006192088,2.3155767239733853,0,0,-0.3590452822187027,81.0,1.0,21109.047302,130.0,sbp_alt
54066,62.0,0.0,223.0,52.0,97.0,25.65,95.29436365336274,0.0,0.0,1.0,0.0,,4.57,4.11,5.467097393455088,5.384888975883343,2,2,-0.0822084175717448,76.0,1.0,45557.034921,98.0,sbp_alt
54075,72.0,1.0,212.0,73.0,124.0,25.62,78.23588038036311,0.0,0.0,0.0,0.0,,9.4,4.19,5.640912040269998,5.028947078350479,2,2,-0.6119649619195195,86.0,2.0,34798.924142,126.0,sbp_alt
54077,71.0,1.0,189.0,48.0,156.0,29.64,60.961091230206954,0.0,0.0,1.0,1.0,,73.53,7.78,12.602425161380761,9.331855622491128,3,2,-3.2705695388896334,77.0,1.0,36352.628295,154.66666666666666,sbp_alt
54078,47.0,1.0,225.0,70.0,134.0,25.67,110.03961325735344,0.0,0.0,0.0,0.0,,0.65,3.09,0.667803033070167,0.8424099234993752,0,0,0.17460689042920818,78.0,1.0,16283.76628,132.66666666666666,sbp_alt
54085,75.0,0.0,211.0,40.0,123.0,32.57,67.06840293266676,0.0,0.0,1.0,0.0,,6.69,4.34,14.169329257108567,13.393057306977624,3,3,-0.7762719501309423,89.0,1.0,31356.955534,123.33333333333333,sbp_alt
54088,58.0,0.0,213.0,54.0,120.0,26.67,83.23019426426951,0.0,0.0,0.0,0.0,,2.43,3.02,2.7199787816417125,2.80819145333932,0,0,0.08821267169760771,81.0,2.0,23192.901232,119.33333333333333,sbp_alt
54090,73.0,0.0,241.0,66.0,118.0,26.17,69.36560434483778,0.0,0.0,0.0,0.0,,2.68,2.64,7.838465072742112,7.822076187291134,2,2,-0.016388885450978385,77.0,1.0,31431.350966,120.0,sbp_alt
54091,56.0,0.0,235.0,74.0,122.0,24.2,101.26942471550244,0.0,0.0,0.0,0.0,,5.45,5.38,2.236272231078485,2.232008389024763,0,0,-0.004263842053721767,86.0,2.0,11966.157316,120.0,sbp_alt
54092,68.0,1.0,156.0,73.0,136.0,24.43,88.07241904460619,0.0,0.0,1.0,0.0,,4.39,5.0,4.6620641519779955,4.749651793644763,1,1,0.0875876416667678,82.0,1.0,18202.380287,137.33333333333334,sbp_alt
54093,61.0,1.0,275.0,39.0,147.0,27.38,107.6953329604336,0.0,0.0,0.0,0.0,,10.0,6.59,5.396580455540879,5.085738935907559,2,2,-0.3108415196333203,88.0,1.0,6385.326701,149.33333333333334,sbp_alt
54094,47.0,1.0,239.0,43.0,132.0,38.56,108.4191755168399,0.0,0.0,1.0,0.0,,5.05,5.66,1.8877524368113352,1.9197217669587987,0,0,0.031969330147463504,75.0,2.0,85773.925002,132.66666666666666,sbp_alt
54095,39.0,1.0,174.0,34.0,120.0,32.5,103.79434504779843,0.0,0.0,0.0,0.0,2.0,6.32,4.53,0.6485480583753274,0.6171192515082371,0,0,-0.031428806867090264,78.0,1.0,27271.143945,118.66666666666667,sbp_alt
54104,65.0,0.0,135.0,43.0,94.0,32.0,82.53311063733602,1.0,0.0,0.0,0.0,,400.0,7.91,13.537305217884352,7.96790105947533,3,2,-5.569404158409022,79.0,2.0,71422.848504,94.0,sbp_alt
54106,62.0,0.0,169.0,68.0,116.0,23.6,96.89276058290638,0.0,1.0,0.0,0.0,,11.06,9.34,4.238495427489646,4.136096706512905,1,1,-0.10239872097674052,86.0,3.0,47075.842776,116.0,sbp_alt
54109,50.0,0.0,161.0,31.0,113.0,24.33,104.40070243035957,0.0,1.0,0.0,0.0,,1.89,2.03,2.1800340399886737,2.203164700746737,0,0,0.02313066075806347,78.0,2.0,24446.253808,112.66666666666667,sbp_alt
54110,76.0,1.0,225.0,74.0,120.0,37.0,66.25503941876642,1.0,0.0,1.0,1.0,,25.0,11.4,13.326495263512674,12.022734893335063,3,3,-1.3037603701776117,85.0,1.0,9953.929233,120.0,sbp_alt
54119,47.0,1.0,253.0,76.0,110.0,24.26,84.98385692153244,0.0,0.0,0.0,0.0,,4.52,2.84,0.5735169665917651,0.5350773484440774,0,0,-0.038439618147687704,83.0,2.0,87502.383122,112.66666666666667,sbp_alt
54123,34.0,0.0,187.0,27.0,106.0,26.96,97.75532591536043,0.0,1.0,0.0,0.0,,4.15,2.64,1.0710764955453702,1.0010671611357347,0,0,-0.07000933440963553,80.0,2.0,17571.94509,105.33333333333333,sbp_alt
54124,48.0,1.0,198.0,40.0,107.0,39.06,89.48621063119802,1.0,1.0,0.0,0.0,,3.0,2.38,3.932980020529832,3.8037476181751644,1,1,-0.12923240235466782,88.0,1.0,16785.174371,108.66666666666667,sbp_alt
54127,35.0,1.0,217.0,45.0,113.0,27.18,121.98007733264382,0.0,1.0,0.0,0.0,2.0,8.81,6.11,0.747999923200862,0.7082974796522109,0,0,-0.039702443548651045,80.0,1.0,15348.752512,113.33333333333333,sbp_alt
54130,48.0,1.0,241.0,75.0,115.0,23.88,88.17825856896944,0.0,0.0,0.0,0.0,,4.76,4.49,0.6711292869770742,0.6653106157606955,0,0,-0.00581867121637869,86.0,1.0,73812.908056,114.66666666666667,sbp_alt
54131,35.0,1.0,184.0,62.0,125.0,21.94,101.51675242765624,0.0,0.0,0.0,0.0,2.0,4.18,4.95,0.28448782080286383,0.2917797799014825,0,0,0.007291959098618683,79.0,1.0,31652.081377,122.66666666666667,sbp_alt
54133,43.0,1.0,205.0,34.0,169.0,40.0,111.1501698505097,1.0,1.0,1.0,0.0,2.0,36.53,16.56,18.84902506770871,17.099130281250005,3,3,-1.7498947864587038,86.0,1.0,17387.624199,170.66666666666666,sbp_alt
54135,33.0,1.0,150.0,37.0,125.0,35.85,120.05027566075354,0.0,1.0,0.0,0.0,2.0,15.0,17.15,0.8190773850385877,0.8355754979183924,0,0,0.016498112879804627,87.0,1.0,75128.509487,124.66666666666667,sbp_alt
54136,43.0,1.0,178.0,36.0,118.0,47.06,113.24727508410199,0.0,0.0,0.0,0.0,2.0,10.63,8.67,0.8485369873180132,0.8231783504522461,0,0,-0.025358636865767115,81.0,1.0,32260.640984,118.66666666666667,sbp_alt
54137,55.0,0.0,209.0,44.0,122.0,30.56,104.91335686811661,0.0,0.0,0.0,0.0,,33.07,21.49,3.6398703916936994,3.4183378827453317,1,1,-0.22153250894836773,77.0,1.0,89543.78448,122.0,sbp_alt
54139,67.0,0.0,179.0,60.0,126.0,30.08,77.80091206188634,1.0,0.0,1.0,0.0,,10.07,9.34,10.123761828385012,10.020830225171151,3,3,-0.10293160321386097,78.0,1.0,8334.195224,126.0,sbp_alt
54140,71.0,0.0,184.0,59.0,135.0,,86.66712549317985,0.0,0.0,0.0,0.0,,21.44,22.86,9.194097148991316,9.275268117659447,2,2,0.08117096866813078,80.0,1.0,33337.784141,136.66666666666666,sbp_alt
54141,35.0,1.0,184.0,62.0,107.0,25.13,87.83589535937396,0.0,1.0,0.0,0.0,2.0,8.66,4.15,0.41900925770153474,0.3753656843222967,0,0,-0.04364357337923802,75.0,2.0,19018.998244,106.66666666666667,sbp_alt
54143,71.0,1.0,257.0,55.0,140.0,31.64,95.14797470378535,0.0,0.0,1.0,0.0,,9.57,4.35,8.264590122728519,7.410396777233288,2,2,-0.8541933454952311,81.0,2.0,38826.202591,139.33333333333334,sbp_alt
54146,58.0,0.0,186.0,44.0,120.0,28.9,96.42186394717646,0.0,1.0,0.0,0.0,,3.63,3.02,4.128254815566414,4.019690130920097,1,1,-0.10856468464631686,87.0,1.0,14984.141601,120.0,sbp_alt
54148,34.0,0.0,203.0,25.0,124.0,28.69,102.51392552827187,0.0,0.0,0.0,0.0,,1.44,2.25,0.7705029102965673,0.8237763123881541,0,0,0.05327340209158682,81.0,1.0,31083.80169,122.66666666666667,sbp_alt
54153,70.0,1.0,173.0,46.0,131.0,30.87,58.49399773048167,1.0,0.0,1.0,1.0,,131.54,40.15,15.745679740249875,13.523760374464832,3,3,-2.221919365785043,80.0,2.0,19730.466943,133.33333333333334,sbp_alt
54159,37.0,0.0,165.0,31.0,140.0,31.28,121.70619734494883,0.0,0.0,0.0,0.0,,7.93,5.66,1.2523341075589007,1.1908972332261318,0,0,-0.0614368743327689,88.0,1.0,23709.472842,142.0,sbp_alt
54160,61.0,1.0,183.0,58.0,121.0,35.72,72.73342360634128,1.0,0.0,1.0,1.0,,141.71,72.59,8.292898700064963,7.560444513913311,2,2,-0.732454186151652,81.0,1.0,5215.604935,121.33333333333333,sbp_alt
54164,36.0,1.0,204.0,43.0,113.0,48.97,112.93803135216743,0.0,1.0,0.0,0.0,2.0,91.42,6.1,1.1294352655971927,0.755097008088064,0,0,-0.37433825750912864,80.0,1.0,21176.698185,112.66666666666667,sbp_alt
54170,60.0,0.0,192.0,58.0,123.0,24.24,98.78120337095567,0.0,0.0,0.0,0.0,,7.8,9.15,3.366243674384351,3.4455441224440984,1,1,0.07930044805974745,75.0,1.0,9590.4584,125.33333333333333,sbp_alt
54172,30.0,0.0,200.0,38.0,123.0,35.57,126.04480206316572,0.0,1.0,0.0,0.0,,12.95,10.73,1.0988393030120536,1.068402863660746,0,0,-0.030436439351307465,75.0,2.0,26591.248626,122.66666666666667,sbp_alt
54173,47.0,0.0,214.0,48.0,178.0,35.61,93.41830841115338,0.0,0.0,0.0,0.0,,36.29,13.28,5.712135074953813,4.947416600882754,2,1,-0.7647184740710591,80.0,1.0,63260.599658,177.33333333333334,sbp_alt
54175,51.0,0.0,238.0,33.0,144.0,33.51,108.39219126731537,0.0,0.0,1.0,0.0,,10.28,9.81,5.1458908993683465,5.111506171099087,2,2,-0.03438472826925931,75.0,1.0,19769.446456,143.33333333333334,sbp_alt
54189,43.0,1.0,203.0,57.0,114.0,27.35,115.08216186450382,0.0,0.0,0.0,0.0,2.0,6.61,8.13,0.5207270317549565,0.5370726785102766,0,0,0.01634564675532013,85.0,2.0,14251.534831,115.33333333333333,sbp_alt
54192,59.0,0.0,210.0,39.0,119.0,25.51,82.71416705983106,0.0,0.0,0.0,0.0,,3.11,2.69,3.5689979383340935,3.4943598662083213,1,1,-0.07463807212577223,76.0,2.0,101172.924903,119.33333333333333,sbp_alt
54193,73.0,1.0,176.0,72.0,122.0,22.02,70.3055884610466,0.0,0.0,1.0,1.0,,10.06,5.38,6.798833083945028,6.2270879055211585,2,2,-0.5717451784238694,76.0,2.0,39394.168753,122.0,sbp_alt
54196,60.0,0.0,185.0,48.0,106.0,21.96,90.4885065688136,0.0,0.0,0.0,0.0,,5.24,2.91,3.1541038834160777,2.8938011035148183,1,0,-0.2603027799012594,75.0,2.0,67037.944217,102.0,sbp_alt
54208,31.0,0.0,164.0,43.0,100.0,25.02,122.27165114439997,0.0,0.0,0.0,0.0,,5.63,3.32,0.3325095729505523,0.3070989085565776,0,0,-0.025410664393974658,86.0,2.0,26792.411843,100.0,sbp_alt
54213,68.0,0.0,192.0,89.0,154.0,23.04,57.188712244272075,0.0,0.0,1.0,0.0,,166.14,146.19,10.74335965036528,10.559521737644749,3,3,-0.18383791272053074,88.0,1.0,10381.544516,152.66666666666666,sbp_alt
54216,40.0,1.0,227.0,42.0,137.0,54.27,95.46368990413177,0.0,1.0,0.0,0.0,2.0,8.89,9.02,2.231913876220824,2.236674409327083,0,0,0.004760533106259235,80.0,1.0,14191.669922,136.66666666666666,sbp_alt
54222,46.0,1.0,216.0,64.0,100.0,29.01,90.60624516720716,0.0,0.0,0.0,0.0,,2.65,2.88,0.5393368776398746,0.5460809903572533,0,0,0.006744112717378736,77.0,1.0,18372.138824,102.0,sbp_alt
54224,39.0,1.0,158.0,71.0,95.0,21.47,99.02245416409656,0.0,0.0,0.0,0.0,2.0,4.32,3.21,0.20478242888708403,0.1958704710402298,0,0,-0.008911957846854224,85.0,1.0,57097.484011,96.0,sbp_alt
54227,60.0,1.0,162.0,56.0,165.0,24.07,73.18718414805923,0.0,0.0,1.0,1.0,,7.53,6.23,4.436150189775801,4.3170882904310846,1,1,-0.11906189934471634,86.0,2.0,61835.25213,168.66666666666666,sbp_alt
54234,40.0,1.0,198.0,63.0,106.0,19.95,114.93600787024052,0.0,0.0,0.0,0.0,2.0,6.3,3.75,0.31967534566026806,0.2957940042200064,0,0,-0.02388134144026166,82.0,2.0,36481.199046,106.0,sbp_alt
54236,60.0,1.0,172.0,68.0,131.0,33.02,64.4950003539451,1.0,0.0,1.0,0.0,,6.14,3.33,5.379776971902207,4.9309273356383,2,1,-0.4488496362639074,77.0,2.0,8499.199919,133.33333333333334,sbp_alt
54240,52.0,1.0,218.0,85.0,94.0,24.81,108.37017009341274,0.0,0.0,0.0,0.0,,8.2,8.05,0.7226319105454362,0.7206462816747098,0,0,-0.001985628870726397,76.0,1.0,22297.495269,97.33333333333333,sbp_alt
54241,32.0,1.0,164.0,36.0,104.0,34.18,122.22802385883092,0.0,0.0,0.0,0.0,2.0,5.6,2.55,0.2527538430806011,0.22466286951435294,0,0,-0.02809097356624818,88.0,1.0,18108.840553,106.0,sbp_alt
54245,65.0,0.0,177.0,51.0,145.0,30.81,95.1017058169569,0.0,0.0,0.0,0.0,,950.37,596.6,12.093386683801217,11.365628448575405,3,3,-0.7277582352258118,78.0,1.0,9201.677467,144.0,sbp_alt
54251,48.0,0.0,198.0,84.0,121.0,19.71,106.43547522851094,0.0,0.0,0.0,0.0,,10.75,4.04,0.9422604632122498,0.8138630593387096,0,0,-0.12839740387354015,85.0,1.0,18778.011327,120.0,sbp_alt
54255,36.0,1.0,230.0,41.0,135.0,48.42,118.28639991589417,0.0,0.0,0.0,0.0,2.0,5.8,5.53,0.8553802144848244,0.8493324990183035,0,0,-0.006047715466520831,82.0,1.0,64630.25845,134.0,sbp_alt
54256,49.0,1.0,212.0,54.0,103.0,36.23,80.51150155433311,0.0,0.0,1.0,0.0,,10.29,4.82,1.3126980718723915,1.1730956618111887,0,0,-0.13960241006120278,77.0,1.0,75240.005755,100.66666666666667,sbp_alt
54262,58.0,1.0,232.0,38.0,112.0,33.22,78.25821236105439,0.0,0.0,0.0,0.0,,5.3,5.45,2.4989298383723346,2.509158349864093,0,0,0.010228511491758407,81.0,1.0,13556.336626,112.66666666666667,sbp_alt
54265,31.0,1.0,207.0,43.0,101.0,35.76,98.01186355007623,0.0,1.0,0.0,0.0,2.0,13.83,21.19,0.6145974437184778,0.6549876107061111,0,0,0.040390166987633314,75.0,2.0,13543.36752,101.33333333333333,sbp_alt
54267,67.0,1.0,203.0,61.0,114.0,25.1,76.11738382746049,0.0,0.0,0.0,1.0,,4.25,3.0,3.303018183743318,3.1400301266442776,1,1,-0.16298805709904052,81.0,2.0,63755.08114,113.33333333333333,sbp_alt
54270,66.0,0.0,181.0,48.0,139.0,28.14,94.51207524089178,1.0,0.0,0.0,1.0,,15.86,12.63,9.906539717348146,9.603823747694758,2,2,-0.3027159696533879,83.0,1.0,8929.074332,142.66666666666666,sbp_alt
54279,57.0,0.0,224.0,49.0,126.0,31.56,100.29479212866424,0.0,0.0,0.0,0.0,,8.39,6.46,3.6093554482764563,3.4745057014078236,1,1,-0.1348497468686327,83.0,1.0,19905.406168,126.0,sbp_alt
54287,51.0,1.0,153.0,59.0,101.0,16.66,105.00826104510543,0.0,1.0,0.0,0.0,,20.6,44.22,1.540386011573007,1.7243306568012173,0,0,0.1839446452282103,83.0,2.0,21807.264957,100.0,sbp_alt
54288,57.0,1.0,237.0,41.0,140.0,29.73,60.585478047509376,0.0,0.0,1.0,1.0,,15.98,12.43,5.437290703266946,5.246604223708855,2,2,-0.19068647955809137,81.0,2.0,25086.627681,140.66666666666666,sbp_alt
54290,43.0,1.0,214.0,47.0,142.0,36.54,92.31263671757385,0.0,1.0,1.0,0.0,2.0,8.52,5.76,2.965268438767992,2.800763275301394,0,0,-0.16450516346659816,78.0,1.0,26102.697054,137.33333333333334,sbp_alt
54291,57.0,0.0,301.0,63.0,131.0,32.32,99.61641579295177,1.0,0.0,0.0,0.0,,10.09,59.78,7.986018332812449,10.196429056242394,2,3,2.210410723429945,81.0,2.0,22997.291583,136.66666666666666,sbp_alt
54292,56.0,1.0,238.0,46.0,173.0,41.81,77.08162705467984,0.0,0.0,0.0,0.0,,30.25,16.84,6.741137110435848,6.208920873505034,2,2,-0.5322162369308145,76.0,2.0,103488.211736,172.0,sbp_alt
54301,45.0,0.0,218.0,41.0,125.0,30.4,109.59529153719785,0.0,0.0,0.0,0.0,,5.56,3.07,1.6101881374273699,1.474098914408667,0,0,-0.13608922301870297,87.0,2.0,20849.684194,125.33333333333333,sbp_alt
54302,40.0,0.0,235.0,72.0,126.0,28.17,98.75903065584406,0.0,0.0,0.0,0.0,,1.78,2.05,0.6247876214392857,0.6381691301739705,0,0,0.0133815087346848,83.0,2.0,28613.871158,126.66666666666667,sbp_alt
54304,38.0,1.0,225.0,35.0,122.0,24.55,117.75103814504187,0.0,0.0,0.0,0.0,2.0,5.35,4.64,0.7636307222378862,0.7476023147188506,0,0,-0.01602840751903556,86.0,2.0,58615.208279,123.33333333333333,sbp_alt
54306,39.0,0.0,142.0,29.0,144.0,43.73,120.72517977779978,0.0,0.0,1.0,0.0,,2.77,2.31,1.424616929554838,1.3866149633024476,0,0,-0.038001966252390496,81.0,2.0,32878.174859,144.0,sbp_alt
54310,50.0,0.0,256.0,65.0,131.0,28.44,102.67845031159472,0.0,0.0,0.0,0.0,,2.55,3.16,1.8496073501315933,1.909330293351823,0,0,0.05972294322022975,76.0,2.0,92447.874289,131.33333333333334,sbp_alt
54312,48.0,1.0,170.0,65.0,110.0,27.27,115.070687477469,1.0,0.0,0.0,0.0,,14.72,4.84,1.5589352506721414,1.3223680206963948,0,0,-0.23656722997574664,85.0,2.0,14251.534831,110.0,sbp_alt
54317,64.0,0.0,244.0,52.0,145.0,25.09,59.15468034263472,0.0,0.0,0.0,0.0,,8.38,0.91,7.6080311384368615,5.561422154526407,2,2,-2.0466089839104544,81.0,2.0,58107.758234,146.66666666666666,sbp_alt
54319,43.0,0.0,247.0,27.0,116.0,34.85,95.77144262118296,0.0,1.0,1.0,0.0,,5.48,5.48,3.4974308890833075,3.4974308890833075,1,1,0.0,76.0,1.0,20202.943323,117.33333333333333,sbp_alt
54324,50.0,0.0,220.0,47.0,125.0,33.4,117.60276293738826,1.0,0.0,1.0,0.0,,9.22,12.89,5.5885251579364414,5.861573905470045,2,2,0.2730487475336032,82.0,2.0,15296.649112,128.0,sbp_alt
54325,65.0,1.0,145.0,40.0,135.0,28.77,65.6591916769494,1.0,0.0,1.0,1.0,,700.0,398.98,15.832775695087385,14.740293687699678,3,3,-1.0924820073877068,88.0,1.0,6323.300843,130.0,sbp_alt
54326,36.0,1.0,174.0,50.0,101.0,29.39,118.28639991589417,0.0,0.0,0.0,0.0,2.0,7.45,5.84,0.28011422306851114,0.2700874745533144,0,0,-0.010026748515196748,82.0,2.0,21978.976335,101.33333333333333,sbp_alt
54337,49.0,1.0,232.0,36.0,111.0,28.63,94.50358041953963,0.0,0.0,0.0,0.0,,6.42,3.95,1.3564064231707982,1.262228300762061,0,0,-0.09417812240873724,76.0,1.0,17883.832937,109.33333333333333,sbp_alt
54346,66.0,1.0,179.0,56.0,112.0,30.45,109.08738362017512,0.0,0.0,0.0,0.0,,7.22,4.88,3.1687866370385174,2.9932384868517037,1,0,-0.1755481501868137,77.0,2.0,6950.891576,114.0,sbp_alt
54349,37.0,0.0,206.0,49.0,149.0,26.65,101.85228674202568,0.0,1.0,0.0,0.0,,10.19,5.45,2.524180801969614,2.301811020323167,0,0,-0.22236978164644716,80.0,1.0,14122.836195,152.66666666666666,sbp_alt
54354,60.0,0.0,235.0,25.0,137.0,30.92,91.6327190932268,0.0,0.0,1.0,0.0,,7.63,4.41,8.149717026569542,7.551113518156088,2,2,-0.5986035084134542,80.0,2.0,70005.845559,136.66666666666666,sbp_alt
54356,55.0,1.0,216.0,92.0,129.0,25.53,71.66014178371597,0.0,0.0,1.0,0.0,,3.61,3.44,1.3300249135449396,1.3205552955436943,0,0,-0.009469618001245239,83.0,2.0,30561.066068,132.0,sbp_alt
54357,45.0,1.0,200.0,61.0,129.0,28.83,116.69045604618579,0.0,0.0,0.0,0.0,,6.06,4.64,0.7621583960639745,0.7324331580920252,0,0,-0.02972523797194926,88.0,1.0,15909.284279,129.33333333333334,sbp_alt
54358,62.0,1.0,183.0,81.0,113.0,40.09,87.16360101675303,1.0,0.0,1.0,0.0,,65.45,13.33,5.688286470782707,4.5343688295108375,2,1,-1.1539176412718692,84.0,2.0,12727.810827,115.33333333333333,sbp_alt
54363,54.0,1.0,229.0,68.0,125.0,28.86,96.08465416619245,0.0,0.0,0.0,1.0,,6.04,4.86,1.41047024712425,1.3658060903891045,0,0,-0.044664156735145566,87.0,1.0,14770.594178,128.0,sbp_alt
54364,61.0,0.0,237.0,43.0,144.0,29.49,100.3103263877649,0.0,1.0,0.0,0.0,,24.0,5.16,10.269435892606655,8.319135958919802,3,2,-1.9502999336868534,83.0,2.0,22753.03919,142.0,sbp_alt
54367,45.0,1.0,260.0,61.0,114.0,38.92,86.04753873445065,0.0,0.0,1.0,0.0,,3.77,2.87,0.916065825796486,0.8796359969673617,0,0,-0.03642982882912427,85.0,2.0,18096.820742,117.33333333333333,sbp_alt
54368,33.0,1.0,165.0,34.0,99.0,35.43,94.04118893479752,0.0,0.0,0.0,0.0,2.0,3.92,2.25,0.3005720454567555,0.2766037771484895,0,0,-0.023968268308265983,76.0,2.0,16637.651093,99.33333333333333,sbp_alt
54370,46.0,0.0,181.0,57.0,140.0,38.71,98.72054105015717,1.0,1.0,0.0,0.0,,11.21,10.65,5.94687920796375,5.903742899323061,2,2,-0.043136308640689514,81.0,1.0,21720.506558,138.66666666666666,sbp_alt
54378,65.0,1.0,231.0,84.0,123.0,27.62,96.25191088176868,0.0,0.0,1.0,0.0,,11.43,2.95,3.6160351902254364,2.9704792847040693,1,0,-0.6455559055213671,85.0,2.0,67032.592835,125.33333333333333,sbp_alt
54381,37.0,1.0,218.0,23.0,142.0,28.89,83.32964914781554,0.0,1.0,0.0,0.0,2.0,7.65,2.98,3.2362806914774667,2.8212295487051877,1,0,-0.41505114277227895,75.0,2.0,18680.399242,138.66666666666666,sbp_alt
54391,37.0,1.0,153.0,74.0,99.0,19.61,115.37618543682674,0.0,0.0,0.0,0.0,2.0,23.22,20.29,0.18695666097368951,0.1832158596992991,0,0,-0.003740801274390415,87.0,2.0,19444.28278,102.0,sbp_alt
54395,38.0,0.0,134.0,34.0,140.0,41.89,117.51981383045481,0.0,1.0,0.0,0.0,,9.62,9.11,1.9060790684666349,1.8907599567114148,0,0,-0.01531911175522005,88.0,1.0,13787.472062,140.66666666666666,sbp_alt
54397,52.0,1.0,250.0,58.0,122.0,27.17,91.33149927380364,1.0,1.0,1.0,0.0,,7.0,5.0,6.9958175418634765,6.67422166071202,2,2,-0.3215958811514561,82.0,2.0,24964.637383,122.0,sbp_alt
54399,47.0,1.0,281.0,33.0,124.0,31.12,123.52178457459196,1.0,0.0,0.0,0.0,,5.59,3.14,4.649446330122734,4.280321997029069,1,1,-0.3691243330936649,85.0,1.0,16675.957415,126.0,sbp_alt
54401,52.0,0.0,153.0,49.0,106.0,24.59,48.2461780749709,1.0,0.0,0.0,0.0,,1601.94,750.88,8.425936336778115,7.58402735946598,2,2,-0.8419089773121344,81.0,1.0,12887.255838,110.0,sbp_alt
54407,30.0,0.0,180.0,44.0,113.0,30.19,86.00547403716448,0.0,0.0,0.0,0.0,,4.16,2.54,0.30993050315500936,0.28774394881921916,0,0,-0.0221865543357902,81.0,2.0,32172.139568,113.33333333333333,sbp_alt
54415,40.0,0.0,299.0,22.0,103.0,28.76,112.65351914476398,0.0,1.0,0.0,1.0,,17.81,19.55,5.119428090641569,5.188234436869918,2,2,0.06880634622834858,80.0,2.0,79066.362267,101.33333333333333,sbp_alt
54416,52.0,1.0,236.0,38.0,103.0,42.84,70.30853181505444,0.0,0.0,0.0,0.0,,10.51,6.52,1.8786031817802105,1.7509398735783726,0,0,-0.1276633082018379,77.0,1.0,22498.50756,103.33333333333333,sbp_alt
54418,46.0,1.0,242.0,52.0,100.0,41.54,108.32495180907185,0.0,1.0,0.0,0.0,,6.04,10.66,1.4101084048138972,1.5337187056832575,0,0,0.12361030086936031,84.0,2.0,69167.196066,102.0,sbp_alt
54419,53.0,0.0,212.0,60.0,112.0,34.99,75.3141131242185,0.0,0.0,0.0,0.0,,5.65,2.89,1.7330995595816177,1.5688554209600412,0,0,-0.1642441386215765,78.0,2.0,25034.303586,114.66666666666667,sbp_alt
54421,61.0,1.0,163.0,60.0,149.0,28.05,102.89395838018297,0.0,0.0,0.0,0.0,,47.67,9.35,4.2948164960288855,3.3947572352931505,1,1,-0.900059260735735,87.0,2.0,22769.495307,150.66666666666666,sbp_alt
54422,42.0,1.0,241.0,31.0,122.0,36.3,118.88809273048041,1.0,1.0,0.0,0.0,2.0,23.67,17.36,7.199597879893147,6.894755352074038,2,2,-0.30484252781910826,81.0,1.0,19502.935565,121.0,sbp_alt
54430,47.0,0.0,166.0,32.0,108.0,32.62,107.09949207940325,0.0,0.0,0.0,0.0,,4.71,5.0,1.2686908600087203,1.280042467861614,0,0,0.011351607852893686,86.0,3.0,61727.606346,108.0,sbp_alt
54433,47.0,1.0,162.0,50.0,137.0,23.48,95.686413764474,0.0,1.0,0.0,0.0,,4.94,3.12,1.9320032060883927,1.8055410994519427,0,0,-0.12646210663644997,80.0,2.0,83446.970885,139.33333333333334,sbp_alt
54439,63.0,0.0,180.0,53.0,141.0,27.69,106.88216889569934,1.0,0.0,1.0,1.0,,3.81,3.73,7.811633598635528,7.788587694632761,2,2,-0.023045904002767514,87.0,1.0,6580.447866,144.0,sbp_alt
54441,45.0,1.0,166.0,59.0,113.0,30.94,101.61623497648871,0.0,0.0,0.0,0.0,,7.07,12.85,0.5127005038599269,0.5605430624526948,0,0,0.04784255859276787,87.0,2.0,34814.591257,113.33333333333333,sbp_alt
54443,47.0,1.0,208.0,57.0,123.0,28.82,82.6448974307473,0.0,0.0,1.0,0.0,,4.13,3.44,1.1246061751158083,1.0944962887756668,0,0,-0.030109886340141445,77.0,1.0,79088.217729,124.0,sbp_alt
54444,50.0,1.0,204.0,46.0,128.0,31.0,105.29760114914401,0.0,1.0,0.0,0.0,,3.04,2.06,2.2135691053671254,2.0905830807894725,0,0,-0.12298602457765284,83.0,2.0,26047.980138,130.0,sbp_alt
54449,43.0,1.0,166.0,51.0,100.0,15.98,74.3561846766193,0.0,1.0,0.0,0.0,2.0,9.88,10.49,0.982845867178676,0.9916371829253742,0,0,0.008791315746698225,77.0,1.0,85773.925002,100.0,sbp_alt
54450,47.0,1.0,241.0,57.0,109.0,32.43,113.20792057658915,1.0,0.0,1.0,0.0,,7.3,6.6,2.6364750276378244,2.597906392869773,0,0,-0.03856863476805117,87.0,1.0,21698.029982,107.33333333333333,sbp_alt
54458,41.0,1.0,216.0,37.0,124.0,32.67,114.22340462144503,1.0,0.0,0.0,0.0,2.0,18.19,21.73,3.212329040481376,3.2963719141066345,1,1,0.08404287362525853,88.0,1.0,15149.357206,125.33333333333333,sbp_alt
54459,41.0,1.0,179.0,97.0,114.0,27.75,104.17586855243808,0.0,0.0,0.0,0.0,2.0,4.31,5.68,0.16053078088878306,0.16731083731837834,0,0,0.0067800564295952825,80.0,1.0,59173.068083,115.33333333333333,sbp_alt
54463,68.0,1.0,208.0,43.0,136.0,32.36,96.20100180245817,0.0,0.0,0.0,0.0,,8.03,6.67,5.8584152684562,5.70665262611216,2,2,-0.1517626423440399,76.0,1.0,61415.309874,142.0,sbp_alt
54464,46.0,1.0,298.0,76.0,124.0,32.25,111.59035138595583,0.0,0.0,0.0,0.0,,10.41,4.76,0.9085973234517736,0.8087068167520614,0,0,-0.09989050669971222,83.0,1.0,66647.273602,125.33333333333333,sbp_alt
54466,54.0,1.0,227.0,49.0,95.0,31.38,87.50323528498794,0.0,0.0,0.0,0.0,,3.18,3.01,1.451959237991676,1.440204704005973,0,0,-0.01175453398570303,78.0,2.0,14378.292026,96.0,sbp_alt
54471,31.0,1.0,219.0,55.0,103.0,25.76,109.08919915591581,0.0,0.0,0.0,0.0,2.0,13.46,4.85,0.23884605090174132,0.2049821353748357,0,0,-0.033863915526905625,87.0,1.0,25936.820943,103.33333333333333,sbp_alt
54474,33.0,0.0,170.0,51.0,131.0,26.77,95.03401262959221,0.0,0.0,0.0,0.0,,3.13,2.62,0.47995409429999886,0.4672945097073128,0,0,-0.012659584592686068,77.0,2.0,33128.491208,130.0,sbp_alt
54475,35.0,0.0,250.0,34.0,119.0,46.58,116.62777012572678,0.0,0.0,0.0,0.0,,11.23,5.07,1.064918266612984,0.9455538583619395,0,0,-0.11936440825104444,86.0,3.0,21769.249489,120.0,sbp_alt
54476,46.0,1.0,208.0,42.0,137.0,31.58,80.9230322511963,0.0,0.0,0.0,0.0,,2.97,2.61,1.4368757739058078,1.409661691359107,0,0,-0.02721408254670088,80.0,2.0,73624.439794,135.33333333333334,sbp_alt
54478,43.0,0.0,183.0,53.0,139.0,43.29,116.74713576384794,0.0,0.0,1.0,0.0,,27.8,17.0,1.9090564492867372,1.7748354193515516,0,0,-0.1342210299351856,80.0,2.0,26922.572009,140.66666666666666,sbp_alt
54482,50.0,1.0,163.0,33.0,114.0,30.98,108.84854165469638,1.0,0.0,0.0,0.0,,5.44,2.76,2.875484756819183,2.6042511827314017,0,0,-0.27123357408778137,86.0,1.0,21678.824091,113.33333333333333,sbp_alt
54484,51.0,0.0,197.0,27.0,133.0,26.16,100.71231427883406,0.0,1.0,0.0,0.0,,3.53,2.19,4.404350435312642,4.11060625025907,1,1,-0.2937441850535718,76.0,2.0,92005.247878,132.0,sbp_alt
54485,31.0,1.0,190.0,60.0,124.0,24.36,110.8605951931603,0.0,0.0,0.0,0.0,2.0,195.65,135.21,0.3814486070836613,0.3609401935244481,0,0,-0.02050841355921318,79.0,1.0,28942.626204,121.33333333333333,sbp_alt
54486,36.0,0.0,174.0,37.0,122.0,41.19,89.22198071005022,0.0,1.0,0.0,0.0,,3.18,2.83,1.142681062315047,1.122960661581653,0,0,-0.019720400733393983,76.0,2.0,15307.30365,121.33333333333333,sbp_alt
54487,45.0,0.0,257.0,25.0,133.0,33.36,99.33642689691806,0.0,0.0,1.0,0.0,,11.68,10.5,3.9422912403035135,3.8818372213199326,1,1,-0.06045401898358094,85.0,1.0,72486.78935,131.33333333333334,sbp_alt
54491,63.0,0.0,193.0,42.0,146.0,58.18,94.7035385987119,0.0,0.0,0.0,0.0,,198.57,48.7,10.189820158942041,8.405043619355984,3,2,-1.7847765395860566,81.0,1.0,63106.006013,149.0,sbp_alt
54493,51.0,1.0,188.0,62.0,117.0,27.62,102.87861272163943,0.0,0.0,0.0,0.0,,6.91,6.65,0.9447673686174954,0.9393943718661828,0,0,-0.005372996751312642,86.0,2.0,12139.213408,118.0,sbp_alt
54498,33.0,1.0,234.0,79.0,122.0,32.22,101.2280206180837,0.0,0.0,0.0,0.0,2.0,4.57,2.5,0.1993800659640688,0.18214967378820476,0,0,-0.01723039217586403,83.0,2.0,36330.97264,123.33333333333333,sbp_alt
54503,43.0,0.0,186.0,45.0,117.0,27.18,89.3036050407381,0.0,0.0,0.0,0.0,,15.73,6.62,1.1335631564448296,0.9960704296832524,0,0,-0.1374927267615772,75.0,2.0,77775.512186,119.33333333333333,sbp_alt
54509,60.0,0.0,155.0,27.0,116.0,41.11,82.2013392240601,1.0,0.0,1.0,1.0,,3.8,4.9,6.753626873730049,6.999447102673051,2,2,0.24582022894300248,78.0,2.0,62997.695381,115.33333333333333,sbp_alt
54516,70.0,0.0,195.0,36.0,133.0,25.78,95.56869799603585,0.0,0.0,0.0,1.0,,15.71,10.67,9.963608319337538,9.451659291479746,2,2,-0.5119490278577921,76.0,1.0,31722.475671,132.0,sbp_alt
54519,61.0,0.0,202.0,63.0,111.0,29.53,71.65859778117311,0.0,0.0,0.0,0.0,,5.36,3.63,2.974105537011965,2.8088982482382603,0,0,-0.1652072887737046,85.0,1.0,8268.669572,108.0,sbp_alt
54523,68.0,1.0,165.0,69.0,120.0,27.77,96.93990085379212,1.0,0.0,0.0,1.0,,39.11,9.05,6.286831889180231,5.1100840840757895,2,2,-1.1767478051044415,81.0,1.0,6912.351852,120.66666666666667,sbp_alt
54524,41.0,1.0,222.0,47.0,122.0,35.15,115.57441982189357,0.0,0.0,0.0,0.0,2.0,5.08,7.08,0.7023747502980086,0.7379994354168279,0,0,0.03562468511881933,82.0,1.0,15510.135957,122.66666666666667,sbp_alt
54528,39.0,1.0,216.0,54.0,100.0,39.75,116.09988547413573,0.0,1.0,0.0,0.0,2.0,4.31,3.71,0.6936158790672989,0.678285663774687,0,0,-0.015330215292611915,75.0,2.0,82513.077868,100.66666666666667,sbp_alt
54532,61.0,1.0,186.0,59.0,123.0,27.31,96.6751875819617,0.0,0.0,0.0,1.0,,50.51,38.33,3.041608256903153,2.921791763919261,1,0,-0.11981649298389208,75.0,2.0,82542.952894,123.33333333333333,sbp_alt
54539,59.0,1.0,159.0,77.0,106.0,32.52,90.20918233057064,1.0,0.0,0.0,1.0,,10.52,9.0,2.309451197866546,2.257183448135768,0,0,-0.05226774973077797,77.0,1.0,23163.995303,110.0,sbp_alt
54540,47.0,0.0,177.0,36.0,113.0,56.21,109.03111215471887,1.0,0.0,1.0,0.0,,8.89,9.06,3.908987616405619,3.9197459523887894,1,1,0.01075833598317022,86.0,1.0,19841.964464,112.66666666666667,sbp_alt
54542,49.0,0.0,239.0,44.0,130.0,22.28,58.109773423401144,0.0,0.0,0.0,0.0,,287.18,205.17,4.6818691051776185,4.460402013258821,1,1,-0.22146709191879754,83.0,2.0,96920.658773,131.33333333333334,sbp_alt
54544,53.0,1.0,205.0,60.0,104.0,36.19,104.0757224531032,0.0,0.0,0.0,0.0,,2.56,5.88,0.9414541204197463,1.0652963130307058,0,0,0.12384219261095952,79.0,2.0,99626.593895,105.33333333333333,sbp_alt
54546,35.0,0.0,197.0,23.0,132.0,38.09,115.00071739733562,0.0,0.0,0.0,0.0,,3.83,3.08,1.1471262465896497,1.1104013576001879,0,0,-0.0367248889894618,76.0,2.0,57230.152048,130.0,sbp_alt
54550,50.0,0.0,169.0,44.0,125.0,33.17,92.8040100997416,0.0,1.0,0.0,0.0,,5.0,2.99,2.6651526012418363,2.4709722720269705,0,0,-0.19418032921486583,86.0,3.0,68871.178599,128.66666666666666,sbp_alt
54551,47.0,0.0,173.0,39.0,144.0,41.63,112.00920736127244,1.0,0.0,1.0,1.0,,77.31,43.31,7.476827200020047,6.893595172470652,2,2,-0.5832320275493945,87.0,1.0,24916.151745,143.33333333333334,sbp_alt
54553,61.0,0.0,221.0,48.0,119.0,25.06,89.92747782808695,0.0,0.0,0.0,0.0,,3.01,2.63,3.785047838823555,3.7115255942464893,1,1,-0.0735222445770658,77.0,2.0,61916.952446,118.0,sbp_alt
54556,33.0,1.0,243.0,50.0,106.0,25.88,120.98728853825644,0.0,0.0,0.0,0.0,2.0,20.26,12.79,0.37280174054200454,0.3480136893164812,0,0,-0.024788051225523355,82.0,2.0,23669.698792,108.0,sbp_alt
54560,72.0,1.0,205.0,59.0,107.0,26.73,47.6180398368047,1.0,0.0,0.0,0.0,,5.24,6.09,8.551250555651158,8.72938565691059,2,2,0.1781351012594321,80.0,1.0,35645.410956,108.66666666666667,sbp_alt
54564,34.0,0.0,206.0,41.0,116.0,28.7,120.48004613378063,0.0,0.0,0.0,0.0,,6.91,4.44,0.5829825743642223,0.5455209474475855,0,0,-0.03746162691663679,82.0,2.0,35121.28555,113.33333333333333,sbp_alt
54566,67.0,1.0,202.0,47.0,119.0,21.67,58.23604024069564,0.0,1.0,1.0,0.0,,4.04,1.2,7.939991276766031,6.705927976673538,2,2,-1.234063300092493,81.0,2.0,64992.272554,119.33333333333333,sbp_alt
54574,66.0,1.0,138.0,60.0,126.0,37.58,53.65693630295519,0.0,0.0,0.0,0.0,,1.16,17.37,3.1985610442253183,4.725977457777296,1,1,1.527416413551978,83.0,2.0,79504.28538,124.0,sbp_alt
54575,41.0,0.0,159.0,40.0,120.0,34.81,107.17479258271909,0.0,0.0,0.0,0.0,,3.82,2.86,0.7870043389511548,0.7536021043790941,0,0,-0.03340223457206071,75.0,1.0,32333.206704,120.0,sbp_alt
54577,44.0,1.0,202.0,96.0,110.0,21.15,99.02979047617373,0.0,0.0,0.0,0.0,2.0,5.0,6.03,0.23213359440283987,0.2387378304029051,0,0,0.006604236000065239,86.0,2.0,70388.427325,110.0,sbp_alt
54586,37.0,0.0,223.0,49.0,130.0,29.01,99.41274708149578,0.0,0.0,0.0,0.0,,5.47,3.7,0.9359369014780152,0.882756218480549,0,0,-0.053180682997466255,79.0,1.0,23603.166717,128.66666666666666,sbp_alt
54589,75.0,0.0,133.0,31.0,123.0,31.8,32.037958911395314,0.0,0.0,0.0,0.0,,2.76,2.64,10.114190258872316,10.053328240455622,3,3,-0.06086201841669414,75.0,1.0,45746.206431,124.66666666666667,sbp_alt
54598,37.0,1.0,164.0,63.0,111.0,24.03,117.55302423641562,0.0,0.0,0.0,0.0,2.0,4.0,5.89,0.19321701712251824,0.20475001112572994,0,0,0.0115329940032117,85.0,1.0,19933.667798,116.0,sbp_alt
54603,31.0,1.0,170.0,74.0,102.0,23.97,122.50159940945234,0.0,0.0,0.0,0.0,2.0,8.0,43.12,0.09651524406407874,0.12425179484968518,0,0,0.02773655078560644,86.0,1.0,21700.507207,101.33333333333333,sbp_alt
54607,70.0,0.0,208.0,50.0,140.0,34.32,80.96714473557303,0.0,0.0,1.0,0.0,,50.58,6.45,13.499618836044073,10.261661711388212,3,3,-3.2379571246558605,75.0,1.0,12115.199838,142.0,sbp_alt
54613,54.0,0.0,293.0,97.0,145.0,29.65,109.02727335785482,0.0,0.0,1.0,0.0,,14.49,23.04,3.3578897304092394,3.5927318182791437,1,1,0.23484208786990424,80.0,1.0,17971.703799,149.33333333333334,sbp_alt
54615,43.0,1.0,142.0,57.0,114.0,20.31,72.55727186486953,0.0,1.0,0.0,0.0,2.0,4.13,18.33,0.7262587211901562,0.9066964310809634,0,0,0.1804377098908072,75.0,1.0,28229.910621,112.0,sbp_alt
54618,44.0,0.0,211.0,88.0,114.0,26.99,79.64993663857311,0.0,0.0,0.0,0.0,,3.24,3.24,0.500891077807547,0.500891077807547,0,0,0.0,77.0,1.0,81895.402401,115.33333333333333,sbp_alt
54620,75.0,1.0,158.0,68.0,106.0,31.45,74.54771097397452,0.0,0.0,1.0,1.0,,27.85,1.96,8.730257137643608,6.034522313173414,2,2,-2.695734824470194,80.0,1.0,18888.767065,112.66666666666667,sbp_alt
54628,75.0,1.0,223.0,77.0,109.0,25.41,63.27869459127227,0.0,0.0,1.0,0.0,,6.71,6.15,7.934401093933918,7.839358749506255,2,2,-0.09504234442766268,85.0,1.0,35983.714165,113.33333333333333,sbp_alt
54629,70.0,0.0,209.0,84.0,128.0,24.61,88.33428256148879,0.0,0.0,1.0,0.0,,28.13,9.29,8.63401030021935,7.40235914833243,2,2,-1.2316511518869202,77.0,1.0,9040.211166,130.0,sbp_alt
54631,64.0,0.0,206.0,42.0,171.0,26.75,98.45609819703205,1.0,0.0,1.0,0.0,,5.31,3.67,14.687795930351655,14.002495685994607,3,3,-0.6853002443570482,82.0,1.0,7327.840584,170.66666666666666,sbp_alt
54632,49.0,1.0,253.0,60.0,190.0,31.93,69.89963363007564,0.0,0.0,0.0,0.0,,32.33,10.15,6.032758737164814,5.11901591192382,2,2,-0.9137428252409938,85.0,2.0,17774.63945,190.0,sbp_alt
54634,72.0,0.0,209.0,35.0,156.0,24.86,74.56581531653582,0.0,0.0,1.0,0.0,,11.28,6.67,15.204529928767428,14.209595702514038,3,3,-0.99493422625339,85.0,1.0,31716.126453,157.33333333333334,sbp_alt
54636,34.0,0.0,152.0,53.0,106.0,20.45,98.90651315078676,0.0,0.0,0.0,0.0,,6.88,8.23,0.315133291361625,0.323747812077174,0,0,0.008614520715549023,86.0,2.0,16612.722955,108.0,sbp_alt
54641,41.0,0.0,225.0,45.0,101.0,40.01,104.44427033310565,0.0,1.0,0.0,0.0,,1.18,2.52,1.2989236710131655,1.4543169001573966,0,0,0.15539322914423104,89.0,2.0,13659.3528,100.0,sbp_alt
54642,68.0,0.0,201.0,51.0,189.0,25.71,68.6058662774054,0.0,0.0,1.0,0.0,,77.46,24.94,16.998432652198858,14.718237952788247,3,3,-2.280194699410611,75.0,1.0,8652.260078,188.66666666666666,sbp_alt
54644,31.0,1.0,152.0,33.0,123.0,31.28,133.27244074182047,1.0,0.0,0.0,0.0,2.0,63.61,28.84,1.789806902718281,1.5925975871235982,0,0,-0.1972093155946828,75.0,1.0,34219.951101,122.0,sbp_alt
54645,59.0,0.0,214.0,43.0,126.0,33.67,63.28312034857613,0.0,0.0,1.0,1.0,,50.7,19.77,6.949302437199508,6.084128684524604,2,2,-0.8651737526749042,76.0,1.0,22647.295921,126.0,sbp_alt
54646,64.0,1.0,275.0,46.0,129.0,22.51,78.6734704571138,0.0,0.0,0.0,0.0,,10.5,5.71,4.956911898299002,4.543404736404161,1,1,-0.4135071618948407,83.0,1.0,8175.297589,132.66666666666666,sbp_alt
54647,39.0,0.0,236.0,40.0,108.0,32.41,116.79119098470599,0.0,0.0,0.0,0.0,,8.39,4.27,0.9303711718237668,0.8409160216296138,0,0,-0.08945515019415307,86.0,2.0,26355.394432,110.0,sbp_alt
54651,43.0,0.0,220.0,40.0,127.0,29.73,86.36230633311139,0.0,0.0,0.0,0.0,,3.16,2.62,1.4160943546773042,1.3771269367138967,0,0,-0.038967417963407414,79.0,1.0,69480.454154,126.0,sbp_alt
54659,45.0,1.0,181.0,56.0,97.0,20.15,95.39544540914022,0.0,0.0,0.0,0.0,,3.0,3.5,0.5092075182435929,0.5210665605724788,0,0,0.011859042328885905,78.0,2.0,21420.29799,101.33333333333333,sbp_alt
54660,54.0,0.0,175.0,59.0,142.0,27.32,90.52378663211127,0.0,1.0,0.0,0.0,,43.85,45.65,5.047590581058844,5.076785840266734,2,2,0.029195259207889457,77.0,1.0,91372.94023,140.66666666666666,sbp_alt
54663,72.0,0.0,135.0,41.0,144.0,30.32,48.38319053388574,0.0,0.0,1.0,1.0,,13.2,19.9,10.315870184934045,10.903644011513355,3,3,0.5877738265793102,83.0,2.0,15548.835179,147.33333333333334,sbp_alt
54669,70.0,0.0,158.0,25.0,113.0,25.97,80.96714473557303,1.0,1.0,1.0,0.0,,2.88,4.31,14.56572514154011,15.339759508109161,3,3,0.774034366569051,77.0,1.0,34061.139515,110.0,sbp_alt
54675,49.0,1.0,271.0,57.0,120.0,29.79,76.32938094900652,0.0,0.0,0.0,0.0,,3.96,2.3,1.2520843804942174,1.1551434406845482,0,0,-0.09694093980966922,76.0,2.0,76603.798386,121.33333333333333,sbp_alt
54679,39.0,0.0,200.0,43.0,105.0,34.48,97.01846770036433,0.0,0.0,0.0,0.0,,2.65,2.28,0.651224506297884,0.636695529972699,0,0,-0.014528976325185017,79.0,2.0,79303.669349,108.0,sbp_alt
54683,43.0,0.0,170.0,46.0,126.0,36.05,114.83063179255277,1.0,0.0,0.0,0.0,,11.05,5.53,2.7717722283608244,2.503546058923117,0,0,-0.2682261694377073,86.0,2.0,18710.928533,125.33333333333333,sbp_alt
54692,47.0,0.0,180.0,40.0,116.0,27.37,106.73047899342701,0.0,0.0,1.0,1.0,,7.26,5.83,1.5868722529201964,1.535961753346632,0,0,-0.050910499573564305,77.0,1.0,80126.824664,116.0,sbp_alt
54702,45.0,1.0,246.0,80.0,95.0,19.65,92.54078494722717,0.0,1.0,0.0,0.0,,2.38,3.26,0.7125820023679729,0.74678901955272,0,0,0.03420701718474717,80.0,2.0,23499.838461,94.66666666666667,sbp_alt
54704,60.0,1.0,242.0,41.0,109.0,31.4,89.6498854001211,0.0,1.0,0.0,0.0,,7.41,9.13,4.246084736755056,4.3753316284628685,1,1,0.12924689170781267,76.0,1.0,67460.906625,110.0,sbp_alt
54708,31.0,0.0,177.0,53.0,117.0,18.52,117.49586014446653,0.0,1.0,0.0,0.0,,4.19,5.51,0.5463414029418688,0.5692779791113218,0,0,0.022936576169452993,86.0,1.0,68055.064666,114.66666666666667,sbp_alt
54711,41.0,0.0,163.0,62.0,125.0,26.8,116.26788421940397,0.0,0.0,0.0,0.0,,5.69,3.04,0.6367511887754264,0.5795748998758498,0,0,-0.0571762888995766,85.0,1.0,18834.609067,123.33333333333333,sbp_alt
54713,48.0,0.0,171.0,42.0,127.0,43.76,112.69555948032668,0.0,0.0,0.0,0.0,,17.71,28.55,1.9225495765920093,2.0633395612262966,0,0,0.14078998463428727,80.0,1.0,14144.8703,126.0,sbp_alt
54719,35.0,1.0,211.0,59.0,136.0,28.39,116.8202661662569,0.0,0.0,0.0,0.0,2.0,4.13,3.42,0.46052139581703566,0.44772062052393496,0,0,-0.012800775293100697,84.0,1.0,21275.206694,136.0,sbp_alt
54720,66.0,1.0,271.0,39.0,108.0,29.65,99.33347957826669,1.0,1.0,0.0,0.0,,94.31,45.5,14.091082540029515,12.817799216628154,3,3,-1.27328332340136,89.0,2.0,5704.537759,106.66666666666667,sbp_alt
54732,36.0,1.0,200.0,59.0,117.0,48.28,118.28639991589417,0.0,0.0,1.0,0.0,2.0,3.47,4.56,0.34632829535717263,0.36077360875151954,0,0,0.014445313394346904,83.0,2.0,23007.095535,116.66666666666667,sbp_alt
54733,56.0,0.0,230.0,80.0,129.0,21.01,103.8675723320331,0.0,1.0,0.0,0.0,,5.0,2.22,3.1883511638315185,2.8308647697652503,1,0,-0.35748639406626825,75.0,1.0,14779.061563,130.66666666666666,sbp_alt
54734,65.0,0.0,190.0,34.0,134.0,24.5,93.5328551241116,0.0,0.0,0.0,0.0,,4.57,3.76,6.465436444147061,6.289544192157774,2,2,-0.17589225198928649,80.0,1.0,52696.446317,130.66666666666666,sbp_alt
54740,51.0,1.0,138.0,65.0,99.0,19.68,107.75060076297935,0.0,0.0,0.0,0.0,,6.5,5.87,0.6721316163012678,0.6619908467311814,0,0,-0.010140769570086472,79.0,2.0,108048.508847,97.33333333333333,sbp_alt
54746,40.0,0.0,178.0,26.0,122.0,29.41,93.0891457489064,0.0,0.0,0.0,0.0,,3.33,4.62,1.0767943395526778,1.1307554645943612,0,0,0.05396112504168338,76.0,2.0,84551.439388,122.66666666666667,sbp_alt
54750,49.0,1.0,198.0,61.0,102.0,26.63,106.32257392199661,0.0,0.0,0.0,0.0,,6.15,3.54,0.7380859404000567,0.6797545152840488,0,0,-0.05833142511600786,88.0,1.0,69026.344877,102.0,sbp_alt
54752,66.0,1.0,201.0,69.0,107.0,26.64,89.17475816818774,0.0,0.0,0.0,1.0,,7.5,2.75,2.778314202178746,2.399161301527302,0,0,-0.379152900651444,76.0,1.0,58200.832529,108.0,sbp_alt
54757,63.0,1.0,181.0,61.0,128.0,30.94,99.61687963349655,1.0,0.0,1.0,1.0,,17.27,11.6,6.584221370037465,6.226152247200385,2,2,-0.3580691228370796,75.0,1.0,8780.848777,134.66666666666666,sbp_alt
54758,71.0,1.0,163.0,71.0,109.0,20.74,83.7218189385857,0.0,0.0,0.0,1.0,,7.66,5.0,3.812984167321916,3.5849413887174513,1,1,-0.22804277860446476,88.0,2.0,34310.671701,108.0,sbp_alt
54759,34.0,1.0,192.0,49.0,121.0,28.2,105.3843050851688,0.0,1.0,0.0,0.0,2.0,2.41,3.19,0.5895465564901076,0.6147363755680619,0,0,0.025189819077954367,84.0,2.0,32176.069511,121.33333333333333,sbp_alt
54761,43.0,1.0,194.0,31.0,143.0,28.53,119.27306705594444,0.0,0.0,0.0,0.0,2.0,14.26,10.28,1.842595978734109,1.755810614659091,0,0,-0.08678536407501802,86.0,3.0,14401.4831,137.33333333333334,sbp_alt
54773,40.0,1.0,202.0,37.0,113.0,30.9,114.93600787024052,0.0,0.0,0.0,0.0,2.0,12.44,4.1,0.6784735872089088,0.5749383609273094,0,0,-0.10353522628159939,81.0,1.0,19502.935565,112.66666666666667,sbp_alt
54779,54.0,0.0,183.0,41.0,105.0,27.81,102.53694126719333,0.0,0.0,0.0,0.0,,5.99,66.93,2.206930947096665,3.1468733209260544,0,1,0.9399423738293895,79.0,2.0,102596.475739,106.66666666666667,sbp_alt
54780,72.0,0.0,180.0,90.0,107.0,22.72,69.79835414050893,0.0,0.0,1.0,1.0,,4.51,4.1,5.3777939706591145,5.305024908976763,2,2,-0.07276906168235175,85.0,1.0,31112.378995,109.33333333333333,sbp_alt
54784,65.0,1.0,199.0,77.0,112.0,27.32,75.98332613326322,1.0,0.0,0.0,1.0,,10.35,9.41,4.207478994555532,4.150244856612573,1,1,-0.057234137942959507,85.0,1.0,60234.151229,115.33333333333333,sbp_alt
54787,30.0,0.0,197.0,51.0,107.0,29.23,102.60380803210388,0.0,0.0,0.0,0.0,,1.7,4.32,0.24477856609243712,0.2816928746992271,0,0,0.036914308606789986,76.0,2.0,65732.423367,109.33333333333333,sbp_alt
54790,54.0,0.0,200.0,63.0,124.0,30.08,101.83554461591875,0.0,0.0,0.0,0.0,,4.23,3.19,1.9223337525915205,1.843619556841411,0,0,-0.0787141957501094,78.0,1.0,18163.356744,126.0,sbp_alt
54791,48.0,1.0,240.0,70.0,104.0,25.92,113.49643599580628,0.0,1.0,0.0,0.0,,5.06,5.28,1.0837717200890922,1.0906424752463133,0,0,0.006870755157221131,79.0,1.0,19571.059856,108.0,sbp_alt
54794,59.0,0.0,139.0,40.0,114.0,29.72,98.71754636500404,0.0,0.0,0.0,1.0,,5.06,4.21,2.227269806691202,2.1675899309727034,0,0,-0.05967987571849864,79.0,1.0,90382.442658,112.66666666666667,sbp_alt
54800,41.0,0.0,252.0,51.0,111.0,28.9,100.58007691145434,0.0,0.0,0.0,0.0,,3.04,3.87,0.8354962781033013,0.8662455983631361,0,0,0.03074932025983479,79.0,2.0,93833.198076,111.33333333333333,sbp_alt
54802,60.0,0.0,183.0,76.0,143.0,24.85,70.64159418675817,0.0,0.0,0.0,0.0,,7.17,20.78,3.418266791936532,3.9903439630333484,1,1,0.5720771710968164,81.0,2.0,19306.388893,144.0,sbp_alt
54803,63.0,0.0,135.0,33.0,139.0,33.2,74.61537104360292,1.0,0.0,1.0,0.0,,17.21,12.46,11.500685171724195,11.0135420866638,3,3,-0.48714308506039394,88.0,1.0,56375.402097,142.66666666666666,sbp_alt
54808,77.0,0.0,176.0,51.0,150.0,32.69,78.45841633093849,0.0,0.0,0.0,0.0,,18.5,13.06,14.766959019261456,14.11731441573889,3,3,-0.6496446035225656,77.0,1.0,31431.350966,154.66666666666666,sbp_alt
54810,63.0,1.0,202.0,60.0,127.0,28.1,110.48239924805628,1.0,0.0,1.0,0.0,,8.8,5.17,6.582397844092595,6.108106206746084,2,2,-0.4742916373465116,88.0,1.0,5302.202469,127.33333333333333,sbp_alt
54812,63.0,1.0,280.0,46.0,113.0,37.46,47.5180446798706,0.0,0.0,0.0,0.0,,7.95,4.8,4.814079091440715,4.478633068926202,1,1,-0.33544602251451305,79.0,2.0,26351.123265,112.66666666666667,sbp_alt
54813,66.0,0.0,266.0,47.0,109.0,,81.05739616261003,0.0,0.0,1.0,0.0,,240.82,179.14,13.137847698390605,12.636307427576835,3,3,-0.50154027081377,87.0,2.0,19243.44915,110.0,sbp_alt
54816,32.0,1.0,186.0,58.0,99.0,23.46,111.98679868928619,0.0,0.0,0.0,0.0,2.0,4.01,2.52,0.16450778306154662,0.1534434840490825,0,0,-0.011064299012464113,78.0,2.0,25247.94746,98.66666666666667,sbp_alt
54818,34.0,1.0,182.0,62.0,111.0,23.51,117.54907040275397,0.0,0.0,0.0,0.0,2.0,17.11,9.27,0.20893784203304763,0.1906070411232012,0,0,-0.01833080090984643,85.0,2.0,22183.518983,112.0,sbp_alt
54820,43.0,0.0,154.0,30.0,121.0,34.09,113.92159500270472,0.0,1.0,0.0,0.0,,7.43,7.91,1.9465431925670824,1.964668553714742,0,0,0.018125361147659502,77.0,1.0,81895.402401,122.0,sbp_alt
54821,58.0,1.0,225.0,42.0,144.0,33.97,103.56536832129218,0.0,1.0,0.0,1.0,,5.11,2.65,5.571636802055462,5.075154589053147,2,2,-0.49648221300231477,77.0,1.0,24911.53081,149.33333333333334,sbp_alt
54822,73.0,0.0,143.0,35.0,131.0,,59.09542196426624,1.0,0.0,1.0,1.0,,1.74,3.36,10.845386516424421,11.844266168754272,3,3,0.9988796523298511,83.0,2.0,12298.73433,132.0,sbp_alt
54825,40.0,0.0,164.0,44.0,113.0,36.85,82.5090608178403,0.0,0.0,0.0,0.0,,6.76,2.91,0.6678925471478554,0.588540852588926,0,0,-0.07935169455892943,75.0,2.0,27028.404053,114.0,sbp_alt
54826,65.0,0.0,194.0,48.0,139.0,30.41,96.431644546097,0.0,0.0,0.0,0.0,,13.33,8.94,6.900336288051646,6.52273153236612,2,2,-0.37760475568552554,85.0,1.0,6649.123831,141.33333333333334,sbp_alt
54829,50.0,1.0,194.0,69.0,114.0,33.48,95.40251300571889,0.0,0.0,0.0,0.0,,1.36,3.36,0.5925265274896818,0.6781122455711598,0,0,0.08558571808147797,76.0,2.0,106549.309737,115.33333333333333,sbp_alt
54834,75.0,1.0,188.0,65.0,109.0,13.18,43.2815976288774,0.0,1.0,0.0,0.0,,43.45,4.07,12.733243960972553,9.277302566546684,3,2,-3.455941394425869,88.0,2.0,17688.99721,109.33333333333333,sbp_alt
54846,45.0,0.0,217.0,55.0,117.0,35.01,120.12183292698573,0.0,0.0,0.0,0.0,,4.3,4.42,1.03494832019286,1.0392141623838052,0,0,0.004265842190945168,86.0,3.0,15845.945448,118.0,sbp_alt
54861,63.0,1.0,198.0,53.0,104.0,37.82,68.18197896789513,1.0,0.0,1.0,1.0,,7.03,2.5,6.297246840478412,5.441184431502099,2,2,-0.8560624089763129,76.0,2.0,54357.656009,105.33333333333333,sbp_alt
54866,67.0,0.0,154.0,47.0,114.0,31.6,88.85020267956338,1.0,0.0,1.0,0.0,,34.27,10.32,11.436997399135343,9.725553433034529,3,2,-1.7114439661008145,83.0,1.0,68602.369519,114.0,sbp_alt
54867,62.0,1.0,238.0,64.0,138.0,25.07,74.25827008444861,0.0,1.0,0.0,0.0,,5.43,3.62,5.105266013217119,4.818308076350629,2,1,-0.2869579368664903,89.0,2.0,54030.555012,143.33333333333334,sbp_alt
54869,53.0,1.0,188.0,58.0,119.0,41.49,99.91578547843089,0.0,0.0,0.0,0.0,,4.6,5.09,1.1697307395842442,1.1874285000540183,0,0,0.017697760469774115,79.0,2.0,104944.339751,118.66666666666667,sbp_alt
54870,38.0,0.0,197.0,39.0,128.0,23.35,92.12426352112466,0.0,0.0,0.0,0.0,,3.76,2.03,0.9550348607647633,0.8708925986488419,0,0,-0.08414226211592135,84.0,2.0,26851.630694,126.66666666666667,sbp_alt
54874,73.0,0.0,167.0,63.0,147.0,22.02,95.28565563516416,1.0,1.0,1.0,1.0,,15.5,7.06,15.25998161540233,13.786873253356552,3,3,-1.473108362045778,81.0,1.0,9611.003247,146.0,sbp_alt
54875,60.0,0.0,205.0,72.0,135.0,26.96,84.13926117487384,0.0,0.0,0.0,0.0,,6.53,2.92,3.4233126859635465,3.0434745686670595,1,1,-0.3798381172964871,84.0,2.0,9965.448553,138.66666666666666,sbp_alt
54881,78.0,0.0,197.0,43.0,115.0,,65.82864898206702,0.0,0.0,1.0,0.0,,19.04,7.55,18.070862849273478,16.094213865936844,3,3,-1.9766489833366343,79.0,2.0,32931.023461,114.0,sbp_alt
54887,39.0,0.0,157.0,28.0,118.0,24.24,117.25316687209838,0.0,1.0,0.0,0.0,,2.88,6.45,1.2987019800985695,1.46439299372015,0,0,0.16569101362158056,82.0,2.0,21306.780287,118.66666666666667,sbp_alt
54891,64.0,0.0,176.0,71.0,135.0,32.09,71.06855111296755,0.0,0.0,1.0,0.0,,12.39,7.36,5.47629293664444,5.083143872366012,2,2,-0.3931490642784281,81.0,1.0,10650.831373,139.33333333333334,sbp_alt
54892,61.0,0.0,190.0,62.0,146.0,21.06,99.57413337962339,0.0,0.0,0.0,0.0,,2.56,3.13,3.8508475891280303,3.96483180881458,1,1,0.1139842196865497,75.0,2.0,58644.199424,145.33333333333334,sbp_alt
54895,39.0,0.0,245.0,50.0,105.0,27.05,114.59310911938168,0.0,0.0,0.0,0.0,,3.81,3.36,0.7533460583619382,0.7392872176440527,0,0,-0.014058840717885546,87.0,1.0,33958.460784,104.66666666666667,sbp_alt
54901,44.0,1.0,246.0,35.0,119.0,34.07,87.82274910479485,0.0,0.0,0.0,0.0,2.0,2.78,16.75,1.1248970157933402,1.4678917039023962,0,0,0.342994688109056,79.0,2.0,18892.431453,118.0,sbp_alt
54902,57.0,1.0,172.0,48.0,117.0,23.05,65.70963763906569,0.0,0.0,0.0,0.0,,8.97,5.36,2.08368056916887,1.9316723671638276,0,0,-0.1520082020050424,82.0,2.0,15819.069717,117.33333333333333,sbp_alt
54903,55.0,1.0,147.0,46.0,123.0,38.55,102.07360173472713,1.0,1.0,0.0,0.0,,7.68,6.19,5.654640672617157,5.48436249667784,2,2,-0.17027817593931704,86.0,2.0,84925.255206,122.0,sbp_alt
54907,39.0,1.0,164.0,68.0,107.0,33.61,114.36367430575635,0.0,0.0,0.0,0.0,2.0,3.04,4.11,0.19711437674204,0.20622429704300263,0,0,0.009109920300962637,83.0,2.0,23265.911378,106.0,sbp_alt
54910,47.0,1.0,180.0,71.0,122.0,21.97,86.19935276025228,0.0,0.0,0.0,0.0,,5.91,5.3,0.6284030144921411,0.6182726448562881,0,0,-0.01013036963585301,82.0,1.0,19602.337447,120.66666666666667,sbp_alt
54913,46.0,1.0,207.0,61.0,126.0,31.42,104.36170362805939,0.0,0.0,0.0,0.0,,3.97,3.28,0.7683502012888896,0.7468027571618238,0,0,-0.021547444127065885,86.0,2.0,13694.321614,127.33333333333333,sbp_alt
54914,33.0,0.0,181.0,33.0,134.0,33.02,87.08839436784812,0.0,0.0,0.0,0.0,,24.89,10.82,1.085752234080431,0.9586374726140486,0,0,-0.12711476146638245,84.0,1.0,58442.291272,134.66666666666666,sbp_alt
54919,38.0,0.0,200.0,31.0,125.0,22.79,114.06352221847904,0.0,0.0,0.0,0.0,,14.46,3.09,1.2571915867857444,0.9984615836407407,0,0,-0.2587300031450037,77.0,2.0,33324.854365,127.33333333333333,sbp_alt
54920,50.0,0.0,188.0,71.0,144.0,28.41,71.5225257011306,0.0,0.0,0.0,0.0,,11.45,15.48,2.016705663347961,2.1086834634279654,0,0,0.09197780008000445,84.0,1.0,17126.695224,147.33333333333334,sbp_alt
54923,60.0,0.0,231.0,36.0,140.0,44.73,80.34370627388408,0.0,0.0,1.0,0.0,,8.45,5.22,7.475902160055344,6.988092674254833,2,2,-0.4878094858005104,85.0,1.0,6649.123831,141.33333333333334,sbp_alt
54925,38.0,0.0,218.0,43.0,117.0,28.58,112.87493852858447,0.0,0.0,0.0,0.0,,10.61,4.08,0.8824068436040475,0.7647294403782725,0,0,-0.11767740322577502,77.0,2.0,78224.972418,116.0,sbp_alt
54926,62.0,0.0,226.0,34.0,134.0,27.8,68.37532283018858,0.0,0.0,0.0,1.0,,3.07,4.23,6.2727486788154945,6.5634095703543744,2,2,0.29066089153888,75.0,2.0,21573.134446,138.66666666666666,sbp_alt
54927,71.0,1.0,248.0,52.0,119.0,34.17,72.17999115209085,0.0,0.0,1.0,0.0,,5.59,4.17,7.240036649043238,6.95007321379477,2,2,-0.2899634352484677,81.0,2.0,38087.107887,120.0,sbp_alt
54932,55.0,0.0,301.0,55.0,171.0,33.9,103.36001908922017,1.0,0.0,0.0,0.0,,46.57,34.07,16.997121105296724,16.341611040536655,3,3,-0.6555100647600689,78.0,1.0,10760.07565,170.66666666666666,sbp_alt
54933,51.0,0.0,237.0,29.0,130.0,28.06,85.94108052628269,0.0,0.0,0.0,0.0,,4.68,1.79,3.385135786384509,2.941286394667777,1,0,-0.4438493917167321,78.0,1.0,17577.44201,131.33333333333334,sbp_alt
54935,60.0,0.0,179.0,34.0,142.0,25.1,72.85871239639745,0.0,0.0,1.0,0.0,,124.54,26.09,9.52236200331617,7.673945365037938,2,2,-1.8484166382782314,85.0,1.0,51085.435406,144.0,sbp_alt
54936,47.0,0.0,168.0,62.0,98.0,24.21,75.81857982292614,0.0,0.0,0.0,0.0,,2.47,2.47,0.8485817036729617,0.8485817036729617,0,0,0.0,78.0,1.0,21063.174792,100.66666666666667,sbp_alt
54939,30.0,1.0,202.0,72.0,106.0,20.65,120.51003965628063,0.0,0.0,0.0,0.0,2.0,5.98,5.93,0.10772337265902164,0.107587821565228,0,0,-0.00013555109379363717,79.0,1.0,54729.408706,106.0,sbp_alt
54941,31.0,1.0,198.0,49.0,97.0,26.89,121.55285861570307,0.0,0.0,0.0,0.0,2.0,3.8,2.55,0.20019045537598257,0.18857595279457323,0,0,-0.011614502581409336,87.0,1.0,72970.112301,96.66666666666667,sbp_alt
54943,65.0,0.0,159.0,70.0,125.0,25.3,57.246531938112206,1.0,0.0,1.0,1.0,,2.48,2.53,5.374118395299658,5.389467252565194,2,2,0.015348857265536253,82.0,2.0,8401.91118,128.0,sbp_alt
54945,54.0,1.0,221.0,59.0,123.0,24.63,103.43045297389396,0.0,0.0,0.0,0.0,,3.57,1.7,1.4098132007289816,1.263092900067763,0,0,-0.14672030066121855,81.0,2.0,107298.217979,123.33333333333333,sbp_alt
54948,72.0,1.0,184.0,36.0,134.0,38.42,77.0782659638998,0.0,0.0,0.0,0.0,,6.8,4.63,7.793371989551655,7.388695426748081,2,2,-0.40467656280357467,76.0,2.0,38913.512966,134.0,sbp_alt
54950,59.0,1.0,270.0,52.0,118.0,23.98,73.6437755565096,0.0,1.0,0.0,0.0,,5.22,3.08,4.072648327927966,3.7742436852676717,1,1,-0.298404642660294,80.0,2.0,112421.513631,117.33333333333333,sbp_alt
54959,40.0,1.0,140.0,71.0,94.0,34.1,113.65461952506065,0.0,0.0,0.0,0.0,2.0,10.62,12.33,0.22730284015890825,0.23244283461523427,0,0,0.005139994456326014,84.0,1.0,62258.351172,90.66666666666667,sbp_alt
54966,38.0,0.0,136.0,33.0,134.0,41.18,112.49041313696821,0.0,0.0,0.0,0.0,,4.3,2.4,0.8841760897386904,0.8102497016906031,0,0,-0.07392638804808738,85.0,2.0,67850.729512,132.66666666666666,sbp_alt
54968,37.0,0.0,213.0,30.0,117.0,36.41,87.71108843036512,0.0,0.0,0.0,0.0,,1.29,2.13,0.7635045517729363,0.823073691175989,0,0,0.05956913940305275,81.0,2.0,56718.456118,116.0,sbp_alt
54980,60.0,1.0,174.0,66.0,117.0,26.94,102.69341062358453,0.0,0.0,0.0,0.0,,5.5,4.69,1.7555880070864163,1.714809706607765,0,0,-0.040778300478651275,81.0,1.0,70094.328293,116.66666666666667,sbp_alt
54982,44.0,0.0,199.0,60.0,104.0,,102.51362652617065,0.0,0.0,0.0,0.0,,3.46,4.04,0.7490777047265723,0.7666787629707995,0,0,0.017601058244227197,77.0,1.0,81895.402401,103.33333333333333,sbp_alt
54987,37.0,1.0,175.0,65.0,122.0,28.98,108.55798958578825,0.0,1.0,0.0,0.0,2.0,6.89,3.59,0.5391919015880523,0.48916858654638157,0,0,-0.050023315041670735,81.0,2.0,22407.236696,116.0,sbp_alt
54990,69.0,1.0,260.0,62.0,144.0,27.54,66.53305155011657,0.0,0.0,1.0,0.0,,11.33,4.92,7.871929843111621,7.010355166425097,2,2,-0.8615746766865238,85.0,2.0,63146.96853,144.66666666666666,sbp_alt
55004,51.0,0.0,284.0,31.0,128.0,28.62,65.90257951737627,0.0,0.0,0.0,0.0,,13.92,1.79,4.642143341788614,3.4483132534794234,1,1,-1.1938300883091908,78.0,2.0,14654.521299,127.33333333333333,sbp_alt
55006,47.0,0.0,237.0,46.0,131.0,30.14,103.24917879855684,0.0,0.0,0.0,0.0,,6.38,5.89,2.134269862527134,2.1092096988683373,0,0,-0.025060163658796597,82.0,1.0,81137.105672,130.66666666666666,sbp_alt
55007,51.0,0.0,180.0,62.0,124.0,25.06,109.70090635637733,0.0,0.0,0.0,0.0,,6.29,4.28,1.5010522770505326,1.417472739293932,0,0,-0.08357953775660065,86.0,2.0,12062.264954,124.0,sbp_alt
55017,46.0,0.0,287.0,59.0,116.0,33.35,84.76590615392612,0.0,0.0,0.0,0.0,,6.52,4.7,1.5752071107251768,1.500382703828637,0,0,-0.0748244068965398,86.0,1.0,23942.905374,118.66666666666667,sbp_alt
55019,65.0,0.0,162.0,33.0,118.0,36.18,77.01110041819436,1.0,0.0,1.0,0.0,,9.63,11.3,10.637212492299598,10.868957629594496,3,3,0.23174513729489732,75.0,1.0,9357.580369,117.33333333333333,sbp_alt
55020,47.0,0.0,215.0,47.0,141.0,27.42,78.99408819621465,0.0,0.0,0.0,0.0,,5.85,5.5,2.3096150580822665,2.288688352172772,0,0,-0.020926705909494636,81.0,2.0,89170.762796,140.66666666666666,sbp_alt
55021,35.0,0.0,185.0,48.0,118.0,25.24,89.77860808014712,0.0,0.0,0.0,0.0,,3.52,4.32,0.4765523089018127,0.4914465959559848,0,0,0.014894287054172062,84.0,1.0,23790.496586,118.0,sbp_alt
55023,33.0,0.0,187.0,34.0,123.0,48.22,104.4178662775441,0.0,0.0,1.0,0.0,,6.5,4.29,0.8195136789767864,0.7700564005840156,0,0,-0.04945727839277081,75.0,2.0,65701.278468,123.33333333333333,sbp_alt
55026,42.0,0.0,224.0,50.0,116.0,26.49,112.06388632665438,0.0,0.0,0.0,0.0,,4.07,2.27,0.912708636652731,0.8363269765959648,0,0,-0.07638166005676628,77.0,2.0,23620.047773,116.0,sbp_alt
55033,78.0,1.0,213.0,37.0,132.0,32.24,80.15518154767507,1.0,0.0,1.0,0.0,,15.56,38.57,17.321070624135185,19.360324980827187,3,3,2.039254356692002,84.0,2.0,36908.458093,133.33333333333334,sbp_alt
55035,52.0,1.0,239.0,33.0,121.0,33.39,104.35720982662576,0.0,0.0,0.0,0.0,,3.41,3.33,1.9101943185344263,1.9035280740892784,0,0,-0.006666244445147962,75.0,1.0,18008.917501,122.66666666666667,sbp_alt
55038,53.0,1.0,195.0,58.0,129.0,26.66,89.3882825421137,0.0,0.0,1.0,1.0,,4.94,4.0,1.7356629665027958,1.682439146559212,0,0,-0.05322381994358394,84.0,1.0,21842.228822,129.33333333333334,sbp_alt
55044,79.0,1.0,241.0,62.0,142.0,26.46,47.46613511698927,0.0,0.0,0.0,0.0,,10.93,20.29,11.87058827354149,12.877038115815202,3,3,1.006449842273712,81.0,2.0,38826.202591,142.66666666666666,sbp_alt
55045,31.0,0.0,214.0,46.0,115.0,24.6,115.55758301252014,0.0,0.0,0.0,0.0,,4.43,3.22,0.4050721161049506,0.3860942718109535,0,0,-0.01897784429399707,87.0,2.0,68643.200606,117.33333333333333,sbp_alt
55047,64.0,1.0,290.0,46.0,119.0,40.76,82.2269222087342,1.0,1.0,0.0,0.0,,12.19,3.88,11.09176474540384,9.50687815263957,3,2,-1.5848865927642688,82.0,2.0,83381.248558,119.33333333333333,sbp_alt
55054,32.0,0.0,215.0,28.0,113.0,27.82,125.0136162199124,0.0,1.0,0.0,0.0,,4.25,3.47,1.0848240153883175,1.0524555513148357,0,0,-0.03236846407348182,79.0,1.0,69862.627307,114.66666666666667,sbp_alt
55055,39.0,0.0,182.0,48.0,109.0,25.72,92.60040812740436,0.0,1.0,0.0,0.0,,6.62,2.38,1.0116673322130803,0.8681152815791016,0,0,-0.1435520506339787,83.0,1.0,83194.20108,108.66666666666667,sbp_alt
55057,71.0,1.0,196.0,67.0,149.0,30.8,61.708313204888555,1.0,0.0,1.0,1.0,,8.29,5.35,10.779458712493234,10.163255539853193,3,3,-0.6162031726400414,77.0,1.0,14320.924466,148.0,sbp_alt
55058,58.0,0.0,204.0,35.0,134.0,29.86,85.19237179030196,0.0,0.0,0.0,0.0,,6.19,4.22,4.614134687901198,4.366101054437102,1,1,-0.2480336334640958,87.0,2.0,10549.18737,133.33333333333334,sbp_alt
55059,52.0,0.0,220.0,55.0,102.0,24.94,107.720159681458,0.0,0.0,0.0,0.0,,4.65,4.36,1.8055610796531267,1.7884011188617626,0,0,-0.01715996079136417,77.0,2.0,24026.871545,101.33333333333333,sbp_alt
55063,55.0,0.0,170.0,43.0,108.0,22.28,80.15158975107062,0.0,1.0,0.0,1.0,,6.43,3.28,2.8575889326317947,2.5885458547347087,0,0,-0.26904307789708604,83.0,1.0,24836.709619,106.0,sbp_alt
55072,60.0,1.0,208.0,31.0,110.0,34.09,97.27831312332631,1.0,0.0,0.0,1.0,,7.79,5.0,5.577208552052587,5.236859710404524,2,2,-0.3403488416480638,75.0,1.0,8567.6299,110.66666666666667,sbp_alt
55073,52.0,1.0,184.0,56.0,98.0,37.39,102.24076532276526,1.0,1.0,1.0,1.0,,7.76,6.63,4.677807496598116,4.5735812743637085,1,1,-0.10422622223440747,76.0,1.0,21900.528534,100.66666666666667,sbp_alt
55079,50.0,0.0,191.0,45.0,134.0,35.4,55.47747299013163,0.0,0.0,0.0,0.0,,6.26,4.46,2.5683454518449427,2.4432968750304918,0,0,-0.12504857681445092,79.0,2.0,14786.890848,131.33333333333334,sbp_alt
55086,32.0,1.0,228.0,55.0,135.0,23.81,120.34162398399917,0.0,0.0,0.0,0.0,2.0,11.8,8.53,0.5178451330865694,0.4933438847410193,0,0,-0.02450124834555012,82.0,2.0,77701.102278,136.0,sbp_alt
55092,47.0,0.0,237.0,48.0,118.0,21.87,117.50487188929733,0.0,1.0,0.0,0.0,,6.71,5.08,2.545651803414255,2.4434510632642734,0,0,-0.1022007401499816,84.0,2.0,72766.266019,120.0,sbp_alt
55100,36.0,0.0,230.0,60.0,115.0,24.14,82.85525311060549,0.0,0.0,0.0,0.0,,4.43,6.8,0.507556436011188,0.5413027703393247,0,0,0.03374633432813667,85.0,2.0,68177.151381,113.33333333333333,sbp_alt
55104,39.0,1.0,173.0,50.0,107.0,28.83,113.14504972452636,0.0,1.0,0.0,0.0,2.0,3.75,7.34,0.585897048252216,0.6476445188790637,0,0,0.06174747062684771,77.0,1.0,20095.542159,107.33333333333333,sbp_alt
55108,63.0,1.0,203.0,65.0,121.0,29.34,89.40246856708235,0.0,0.0,0.0,0.0,,5.47,5.0,2.6285514455990087,2.5942515887580453,0,0,-0.03429985684096337,86.0,2.0,6249.638458,121.33333333333333,sbp_alt
55112,30.0,1.0,204.0,35.0,97.0,30.93,94.46122347763875,0.0,1.0,0.0,0.0,2.0,6.46,5.02,0.6350469225083337,0.6115974199082096,0,0,-0.023449502600124128,76.0,1.0,68102.336097,100.66666666666667,sbp_alt
55115,36.0,1.0,223.0,39.0,135.0,35.88,86.11567769830677,0.0,0.0,0.0,0.0,2.0,2.23,2.6,0.8137204744941412,0.8325326064839904,0,0,0.018812131989849212,78.0,2.0,36795.950229,133.33333333333334,sbp_alt
55120,55.0,0.0,160.0,51.0,153.0,27.02,88.88407112743099,0.0,0.0,1.0,1.0,,4.74,2.76,3.2212820719102986,2.9761872736193498,1,0,-0.24509479829094882,82.0,2.0,24653.356286,154.0,sbp_alt
55123,31.0,1.0,207.0,69.0,107.0,35.09,121.55285861570307,0.0,0.0,0.0,0.0,2.0,1.94,2.92,0.11015498981346457,0.11712043306151297,0,0,0.006965443248048403,89.0,1.0,14506.552361,109.33333333333333,sbp_alt
55126,63.0,0.0,212.0,57.0,115.0,21.22,92.2648625813928,0.0,0.0,0.0,0.0,,4.21,3.39,3.823890832523868,3.7053834785412723,1,1,-0.11850735398259582,82.0,2.0,12941.542227,117.33333333333333,sbp_alt
55127,35.0,1.0,221.0,29.0,115.0,39.6,118.11711889319605,0.0,0.0,0.0,0.0,2.0,3.21,5.22,0.5457488922977782,0.5868322103355671,0,0,0.04108331803778886,82.0,1.0,62773.469744,114.66666666666667,sbp_alt
55134,61.0,1.0,207.0,53.0,117.0,30.78,99.37839857417701,0.0,0.0,1.0,0.0,,6.12,9.38,3.1433451028014505,3.344486985861989,1,1,0.20114188306053826,82.0,1.0,64090.944933,118.0,sbp_alt
55138,44.0,1.0,222.0,66.0,124.0,27.84,79.7797186017523,0.0,0.0,0.0,0.0,2.0,31.64,36.29,0.8867186393912686,0.9049937372789298,0,0,0.01827509788766124,78.0,1.0,27466.731558,125.33333333333333,sbp_alt
55139,41.0,1.0,222.0,95.0,113.0,29.43,105.89068592955353,0.0,0.0,0.0,0.0,2.0,5.05,3.91,0.20560433661491523,0.19787239122337547,0,0,-0.007731945391539763,84.0,2.0,27555.629653,114.66666666666667,sbp_alt
55143,36.0,0.0,206.0,66.0,125.0,35.02,100.0329513800521,0.0,0.0,0.0,0.0,,2.92,3.08,0.46455180212804137,0.4682915789570379,0,0,0.0037397768289965105,83.0,2.0,33287.030545,123.33333333333333,sbp_alt
55146,43.0,1.0,215.0,41.0,95.0,22.79,114.60902642795718,0.0,1.0,0.0,0.0,2.0,4.59,4.12,1.2348931923044317,1.215269637225943,0,0,-0.019623555078488675,77.0,2.0,21594.166094,92.66666666666667,sbp_alt
55147,42.0,1.0,180.0,38.0,137.0,26.34,108.80132082585563,0.0,1.0,0.0,0.0,2.0,2.02,4.68,1.6748801435314107,1.8957696428323576,0,0,0.22088949930094692,83.0,1.0,90557.0515,140.0,sbp_alt
55150,37.0,0.0,146.0,31.0,121.0,30.28,116.8958586309369,1.0,0.0,0.0,0.0,,12.5,5.28,2.139071515327994,1.8829638043604016,0,0,-0.25610771096759244,81.0,1.0,30464.274139,122.66666666666667,sbp_alt
55157,36.0,0.0,200.0,34.0,117.0,23.7,112.01944372066578,0.0,0.0,0.0,0.0,,11.15,4.19,0.8286000949859988,0.7155704362814805,0,0,-0.11302965870451831,86.0,2.0,26792.411843,116.66666666666667,sbp_alt
55158,61.0,1.0,185.0,41.0,129.0,36.35,89.09405611064034,0.0,0.0,1.0,1.0,,2.96,5.25,3.5624473212817973,3.8700914339183683,1,1,0.307644112636571,75.0,2.0,75906.644182,126.66666666666667,sbp_alt
55163,30.0,1.0,224.0,81.0,106.0,22.08,89.38986249414431,0.0,0.0,0.0,0.0,2.0,3.43,2.46,0.0977145191680712,0.09296261587127773,0,0,-0.004751903296793467,78.0,2.0,75013.62029,106.66666666666667,sbp_alt
55165,71.0,0.0,170.0,25.0,135.0,30.37,70.99377049143222,0.0,0.0,0.0,0.0,,18.83,12.3,11.782646032822173,11.130472441120684,3,3,-0.652173591701489,87.0,1.0,13215.497789,138.0,sbp_alt
55167,43.0,1.0,275.0,62.0,123.0,25.39,101.2440856233302,0.0,0.0,0.0,0.0,2.0,14.46,14.97,0.9346887799234244,0.9395193094595905,0,0,0.004830529536166139,83.0,2.0,21270.615657,124.66666666666667,sbp_alt
55168,68.0,1.0,267.0,59.0,150.0,31.71,92.55672308639149,0.0,0.0,1.0,0.0,,6.47,5.88,7.025126759521226,6.931945038327323,2,2,-0.09318172119390233,85.0,1.0,5483.250493,151.33333333333334,sbp_alt
55170,55.0,1.0,163.0,64.0,119.0,38.5,68.16474220847095,0.0,0.0,1.0,1.0,,11.18,2.34,1.6010507960310976,1.2702700125830053,0,0,-0.33078078344809225,84.0,2.0,24216.969057,120.66666666666667,sbp_alt
55172,37.0,0.0,169.0,60.0,132.0,22.67,92.69899730441202,0.0,1.0,0.0,0.0,,1.82,2.65,0.8882071201422899,0.9395711225309877,0,0,0.05136400238869787,83.0,2.0,21637.39508,132.66666666666666,sbp_alt
55173,36.0,0.0,221.0,43.0,101.0,27.23,121.94199268584735,0.0,0.0,0.0,0.0,,17.04,6.24,0.7893861041485437,0.6790317242783733,0,0,-0.11035437987017038,78.0,1.0,24614.504514,102.66666666666667,sbp_alt
55174,70.0,1.0,203.0,50.0,132.0,36.13,28.780639557317258,1.0,0.0,1.0,1.0,,111.15,117.22,20.920177093503508,21.05253912176307,3,3,0.13236202825956056,86.0,3.0,12306.410044,135.33333333333334,sbp_alt
55177,47.0,0.0,155.0,22.0,119.0,27.96,86.1333752069656,0.0,0.0,0.0,0.0,,9.29,5.85,1.8391867379081108,1.7172505836007694,0,0,-0.1219361543073414,85.0,2.0,15989.393546,118.66666666666667,sbp_alt
55180,62.0,0.0,174.0,42.0,158.0,34.99,54.484790135146376,1.0,0.0,1.0,0.0,,2.48,8.04,11.149422546922674,13.033976174260713,3,3,1.8845536273380397,83.0,1.0,13047.249117,159.33333333333334,sbp_alt
55182,31.0,1.0,175.0,64.0,90.0,21.91,119.33603422198213,0.0,0.0,0.0,0.0,2.0,15.15,10.11,0.1494355062128851,0.14064407324166173,0,0,-0.008791432971223367,85.0,1.0,56333.431437,91.33333333333333,sbp_alt
55187,33.0,0.0,175.0,60.0,117.0,28.08,74.38991842310591,0.0,0.0,0.0,0.0,,2.81,2.23,0.2909704267252153,0.28101587473283524,0,0,-0.009954551992380045,86.0,1.0,27801.829851,116.66666666666667,sbp_alt
55189,64.0,0.0,279.0,40.0,114.0,24.93,76.63133003059869,0.0,1.0,0.0,0.0,,4.5,3.57,8.298261851308608,8.03607775099309,2,2,-0.2621841003155172,85.0,2.0,60349.521987,114.66666666666667,sbp_alt
55190,41.0,1.0,214.0,69.0,94.0,26.22,112.54135658238424,0.0,0.0,0.0,0.0,2.0,21.6,10.34,0.4176793828986103,0.3741140981278241,0,0,-0.043565284770786195,77.0,2.0,17644.519615,93.33333333333333,sbp_alt
55191,45.0,1.0,185.0,60.0,114.0,21.99,112.73472028679367,0.0,0.0,0.0,0.0,,41.0,4.33,0.7039144903628595,0.5033072811792267,0,0,-0.20060720918363273,86.0,2.0,68673.980843,113.33333333333333,sbp_alt
55192,48.0,1.0,143.0,31.0,109.0,25.77,107.74697662863548,0.0,0.0,0.0,0.0,,6.76,5.16,0.9436697690532706,0.9065131204659547,0,0,-0.03715664858731593,85.0,2.0,18820.44423,110.0,sbp_alt
55193,71.0,0.0,271.0,49.0,119.0,22.81,96.09312972122198,0.0,0.0,0.0,0.0,,7.01,6.04,9.602037126117592,9.408587990046776,2,2,-0.19344913607081615,86.0,3.0,8604.441675,120.0,sbp_alt
55194,75.0,1.0,142.0,52.0,100.0,42.75,22.084156119712002,0.0,0.0,1.0,0.0,,1.64,4.77,9.85573116845446,11.374145343219302,2,3,1.5184141747648425,76.0,2.0,38913.512966,101.33333333333333,sbp_alt
55196,60.0,0.0,200.0,46.0,114.0,33.14,99.12668769504945,0.0,1.0,0.0,0.0,,3.31,2.53,4.380947094150302,4.2140687476654985,1,1,-0.16687834648480315,86.0,2.0,6660.118587,116.0,sbp_alt
55198,53.0,0.0,231.0,73.0,139.0,31.06,72.31168110662146,0.0,0.0,0.0,0.0,,218.2,15.84,4.098362043944369,2.7954926151268547,1,0,-1.3028694288175142,87.0,2.0,13828.874902,139.33333333333334,sbp_alt
55202,69.0,1.0,189.0,47.0,139.0,32.17,91.98287140325584,1.0,0.0,1.0,0.0,,12.95,9.12,11.626400739340909,11.096404934896876,3,3,-0.5299958044440327,76.0,1.0,61415.309874,140.0,sbp_alt
55211,36.0,0.0,164.0,29.0,119.0,30.06,98.84562093034215,0.0,0.0,0.0,0.0,,7.14,2.94,0.7440420817181412,0.6513465290498677,0,0,-0.09269555266827356,75.0,2.0,90136.964446,117.33333333333333,sbp_alt
55212,72.0,0.0,170.0,40.0,125.0,28.4,66.23442571205698,0.0,0.0,1.0,1.0,,10.18,4.2,10.348542640733589,9.172296686219012,3,2,-1.1762459545145774,80.0,1.0,30233.187542,130.0,sbp_alt
55214,38.0,0.0,169.0,25.0,116.0,32.26,115.7360931760583,0.0,0.0,0.0,0.0,,3.77,2.85,0.7921923929128701,0.7596720521747649,0,0,-0.03252034073810528,86.0,3.0,18447.49218,115.33333333333333,sbp_alt
55228,72.0,0.0,199.0,51.0,137.0,19.58,97.06946182328043,0.0,1.0,0.0,0.0,,8.18,5.43,11.726859603374988,11.101355578922753,3,3,-0.6255040244522352,81.0,1.0,12635.930248,136.0,sbp_alt
55234,48.0,1.0,205.0,61.0,117.0,36.41,114.00886853853515,1.0,0.0,0.0,1.0,,66.13,29.86,2.6477489419083025,2.3568622485993362,0,0,-0.2908866933089662,86.0,1.0,18154.046598,114.0,sbp_alt
55236,39.0,1.0,234.0,73.0,107.0,21.91,91.90803861162823,0.0,0.0,0.0,0.0,2.0,15.67,4.0,0.34216452445194856,0.27892469231651573,0,0,-0.06323983213543283,88.0,2.0,21014.207331,105.33333333333333,sbp_alt
55239,62.0,1.0,220.0,58.0,173.0,26.65,105.47525924105814,0.0,0.0,0.0,0.0,,14.72,15.35,6.003438409409049,6.039039108204149,2,2,0.03560069879509964,81.0,2.0,17268.089923,175.33333333333334,sbp_alt
55244,72.0,0.0,230.0,73.0,130.0,31.09,93.67734209614,0.0,0.0,0.0,0.0,,14.44,8.88,8.96420377222377,8.38282839150763,2,2,-0.5813753807161408,83.0,1.0,16067.601956,130.0,sbp_alt
55254,65.0,0.0,148.0,42.0,143.0,33.26,77.88374461139381,1.0,0.0,0.0,0.0,,39.74,25.26,11.85673437491546,11.160066216525282,3,3,-0.6966681583901781,88.0,1.0,57944.956916,142.0,sbp_alt
55256,57.0,0.0,166.0,45.0,137.0,33.55,74.23086385212079,0.0,0.0,1.0,1.0,,3.53,3.86,3.3367061294812563,3.3805090283000716,1,1,0.04380289881881527,84.0,1.0,75607.764027,138.66666666666666,sbp_alt
55258,49.0,1.0,200.0,70.0,113.0,23.02,72.52899393661075,0.0,0.0,0.0,0.0,,7.44,4.08,0.7318681938967396,0.6691729965282788,0,0,-0.06269519736846085,84.0,2.0,23298.133702,117.33333333333333,sbp_alt
55259,77.0,1.0,195.0,60.0,106.0,34.51,49.58189243400108,0.0,0.0,1.0,0.0,,10.9,4.64,11.681196503788128,10.422065107885098,3,3,-1.2591313959030295,82.0,1.0,21126.316524,106.0,sbp_alt
55265,47.0,1.0,279.0,54.0,126.0,33.8,110.46475422089334,0.0,1.0,0.0,0.0,,6.05,2.95,2.2484454259065423,2.023269135105802,0,0,-0.2251762908007402,88.0,1.0,17216.777874,123.33333333333333,sbp_alt
55270,39.0,1.0,177.0,62.0,135.0,31.08,79.15781258014536,0.0,0.0,0.0,0.0,2.0,3.57,3.12,0.5016888781525176,0.4916929004922332,0,0,-0.009995977660284427,84.0,1.0,53978.982896,134.0,sbp_alt
55273,53.0,0.0,170.0,57.0,109.0,18.32,104.27587326191404,0.0,1.0,0.0,0.0,,6.72,4.4,2.212910588502801,2.078676344892856,0,0,-0.1342342436099453,83.0,1.0,104970.129118,114.0,sbp_alt
55289,70.0,1.0,209.0,45.0,154.0,31.71,86.98370655224116,1.0,0.0,0.0,1.0,,9.0,10.0,11.464383344279234,11.625907006766708,3,3,0.16152366248747363,75.0,1.0,15940.170425,152.66666666666666,sbp_alt
55292,71.0,0.0,249.0,46.0,175.0,39.17,90.10692019576665,1.0,0.0,1.0,0.0,,43.31,3.86,24.6413352579285,18.498580990562967,3,3,-6.142754267365532,80.0,2.0,38461.241347,176.0,sbp_alt
55294,68.0,0.0,226.0,63.0,120.0,29.67,66.53566255361868,0.0,0.0,1.0,0.0,,2.07,2.25,6.425321444763809,6.501442535630895,2,2,0.07612109086708596,85.0,2.0,60505.945283,118.0,sbp_alt
55297,68.0,1.0,203.0,68.0,135.0,26.58,81.42644591374943,0.0,0.0,0.0,0.0,,6.89,3.08,4.579942004608958,4.079788051278036,1,1,-0.5001539533309218,83.0,2.0,26822.499799,137.33333333333334,sbp_alt
55298,63.0,1.0,190.0,29.0,136.0,32.68,87.9927145903853,0.0,1.0,1.0,0.0,,4.97,3.86,8.368735077219291,8.082327348086249,2,2,-0.28640772913304247,76.0,1.0,21922.568874,136.0,sbp_alt
55303,71.0,1.0,156.0,46.0,119.0,44.14,39.87971360640675,1.0,0.0,1.0,0.0,,50.36,45.56,16.71185064602696,16.50359366395204,3,3,-0.20825698207492138,80.0,2.0,45346.4178,123.33333333333333,sbp_alt
55310,36.0,1.0,177.0,69.0,105.0,19.91,122.84308845271384,0.0,0.0,0.0,0.0,2.0,42.45,6.67,0.2294023419459784,0.173851720213887,0,0,-0.05555062173209138,79.0,1.0,62673.30807,107.33333333333333,sbp_alt
55313,73.0,1.0,183.0,47.0,192.0,31.48,74.39080185046181,0.0,0.0,1.0,1.0,,5.03,8.1,11.379316626186563,12.120766483695775,3,3,0.7414498575092114,76.0,2.0,38913.512966,193.33333333333334,sbp_alt
55316,49.0,0.0,186.0,44.0,115.0,31.13,98.12093035908951,0.0,0.0,0.0,0.0,,2.91,2.89,1.342001410660715,1.3406232594319032,0,0,-0.001378151228811797,82.0,1.0,66479.511871,114.66666666666667,sbp_alt
55317,49.0,1.0,150.0,45.0,128.0,45.12,78.36932779069296,0.0,0.0,0.0,0.0,,25.7,50.34,1.5266528872028813,1.6860455970872645,0,0,0.15939270988438325,78.0,1.0,16511.412773,130.0,sbp_alt
55319,73.0,1.0,261.0,53.0,125.0,27.22,93.97179730560603,0.0,0.0,1.0,0.0,,3.38,1.93,7.507412114606865,6.94376891608942,2,2,-0.563643198517445,80.0,2.0,46452.563179,124.0,sbp_alt
55322,33.0,1.0,196.0,61.0,114.0,24.96,83.22881593887489,0.0,1.0,0.0,0.0,2.0,3.52,4.37,0.38605412183697463,0.39874487090904287,0,0,0.012690749072068241,82.0,2.0,27777.919682,113.33333333333333,sbp_alt
55323,56.0,0.0,204.0,59.0,123.0,31.36,103.8675723320331,0.0,1.0,0.0,0.0,,17.27,33.96,4.17416684454368,4.602272709853404,1,1,0.42810586530972383,80.0,1.0,69168.638724,123.33333333333333,sbp_alt
55324,46.0,0.0,154.0,44.0,115.0,37.14,119.96474160143883,1.0,0.0,1.0,1.0,,5.9,9.85,2.4196671749665395,2.6092921173655563,0,0,0.18962494239901684,79.0,2.0,85741.118073,114.0,sbp_alt
55325,30.0,0.0,148.0,38.0,118.0,29.51,69.3418597370546,0.0,0.0,0.0,0.0,,2.98,2.67,0.32094867857994513,0.3156855612545852,0,0,-0.005263117325359945,84.0,1.0,57272.360077,120.0,sbp_alt
55326,51.0,1.0,247.0,56.0,150.0,28.29,110.42636666590217,0.0,0.0,1.0,1.0,,6.45,2.73,2.8532704104346926,2.516465679056916,0,0,-0.33680473137777645,88.0,2.0,11266.983257,154.0,sbp_alt
55328,51.0,1.0,187.0,60.0,111.0,23.01,86.5482906610168,0.0,0.0,0.0,0.0,,4.92,4.14,0.8627174406057925,0.8408346351506185,0,0,-0.02188280545517396,81.0,2.0,107298.217979,112.0,sbp_alt
55330,52.0,0.0,163.0,48.0,128.0,26.96,91.65680776065304,0.0,0.0,0.0,0.0,,4.19,2.81,1.8902420986288935,1.7815474141415744,0,0,-0.10869468448731912,78.0,1.0,17639.746152,126.66666666666667,sbp_alt
55331,56.0,0.0,164.0,37.0,120.0,26.84,97.62870706731145,0.0,0.0,0.0,0.0,,2.12,2.22,2.345165374524055,2.3611581344487433,0,0,0.015992759924688293,77.0,1.0,92447.874289,124.0,sbp_alt
55332,74.0,1.0,134.0,35.0,113.0,41.41,71.84709820828168,1.0,0.0,1.0,1.0,,22.5,6.58,13.285734930251452,11.29957848829146,3,3,-1.9861564419599933,80.0,1.0,18529.200927,116.66666666666667,sbp_alt
55336,48.0,0.0,196.0,42.0,104.0,24.51,88.57088500812246,0.0,1.0,0.0,0.0,,3.46,7.89,2.157526179813372,2.436556682453719,0,0,0.2790305026403468,76.0,1.0,20202.943323,104.0,sbp_alt
55340,57.0,1.0,198.0,80.0,102.0,21.78,84.61493975968628,0.0,0.0,0.0,0.0,,1.67,3.84,0.9506851390619729,1.0759040464164684,0,0,0.12521890735449548,83.0,2.0,111410.02634,102.66666666666667,sbp_alt
55342,61.0,1.0,221.0,94.0,134.0,24.76,98.33483510581422,0.0,0.0,1.0,0.0,,2.5,3.8,2.035586407451529,2.1647864696147265,0,0,0.12920006216319768,85.0,2.0,65753.130715,137.33333333333334,sbp_alt
55345,35.0,1.0,183.0,64.0,99.0,18.12,120.95284063066093,0.0,1.0,0.0,0.0,2.0,75.0,15.15,0.517466313095061,0.40745555188634575,0,0,-0.11001076120871522,80.0,2.0,19099.110994,98.66666666666667,sbp_alt
55349,36.0,1.0,183.0,38.0,113.0,27.25,102.46165380886283,0.0,1.0,0.0,1.0,2.0,15.64,12.37,0.8581096846341527,0.8286655999839461,0,0,-0.029444084650206648,80.0,1.0,50009.068493,116.66666666666667,sbp_alt
55353,45.0,0.0,280.0,64.0,111.0,35.81,88.19967316881073,0.0,0.0,0.0,0.0,,2.46,1.94,1.0194883177454523,0.9839303336796199,0,0,-0.03555798406583244,75.0,2.0,32299.780843,116.0,sbp_alt
55367,72.0,0.0,171.0,56.0,125.0,29.12,78.08841414719208,0.0,0.0,1.0,0.0,,3.65,2.38,8.57815489178025,8.085099438388806,2,2,-0.4930554533914435,78.0,2.0,34048.168813,126.66666666666667,sbp_alt
55368,51.0,0.0,232.0,70.0,122.0,25.32,98.14643840148005,0.0,0.0,0.0,0.0,,8.8,2.59,1.719474861194538,1.4336545591195065,0,0,-0.2858203020750316,79.0,2.0,23240.186953,121.33333333333333,sbp_alt
55369,40.0,1.0,173.0,50.0,124.0,28.99,87.52821257867093,0.0,0.0,0.0,0.0,2.0,12.07,8.3,0.6182672124929993,0.5846673643550812,0,0,-0.033599848137918165,83.0,2.0,88689.181428,126.0,sbp_alt
55376,68.0,1.0,243.0,38.0,113.0,25.34,91.01626153692136,0.0,1.0,0.0,0.0,,5.11,3.08,6.799468641649359,6.333360925917261,2,2,-0.46610771573209764,75.0,1.0,7085.366775,116.0,sbp_alt
55382,44.0,1.0,189.0,74.0,124.0,31.13,114.36865246094389,0.0,0.0,0.0,0.0,2.0,7.59,5.19,0.4810524172747235,0.4544928317760969,0,0,-0.02655958549862658,82.0,2.0,30844.653658,122.0,sbp_alt
55384,60.0,1.0,229.0,91.0,146.0,21.15,80.65519371782192,0.0,0.0,0.0,0.0,,6.96,4.05,2.354533343465726,2.1747139264170143,0,0,-0.17981941704871174,85.0,1.0,60234.151229,150.66666666666666,sbp_alt
55389,32.0,1.0,141.0,50.0,112.0,22.16,106.70332463484186,0.0,0.0,0.0,0.0,2.0,12.65,5.64,0.18770546970884908,0.16630512247918813,0,0,-0.021400347229660943,81.0,2.0,71929.361138,110.0,sbp_alt
55397,42.0,1.0,185.0,37.0,96.0,53.49,88.9219632893135,0.0,0.0,0.0,0.0,2.0,4.44,6.61,0.6510404594087029,0.6908404646579575,0,0,0.03980000524925453,78.0,1.0,26935.675201,96.0,sbp_alt
55398,47.0,1.0,194.0,49.0,95.0,25.08,77.28474091086058,0.0,0.0,1.0,0.0,,9.45,6.33,1.1751750472426512,1.1073253356252468,0,0,-0.06784971161740438,84.0,2.0,73240.231093,94.66666666666667,sbp_alt
55405,51.0,0.0,212.0,68.0,123.0,21.99,88.98314729327959,0.0,0.0,0.0,0.0,,5.53,3.55,1.5549151885952741,1.4557128044113543,0,0,-0.0992023841839198,78.0,1.0,17577.44201,124.66666666666667,sbp_alt
55406,61.0,0.0,169.0,72.0,121.0,23.88,63.08269521490697,0.0,0.0,0.0,0.0,,3.21,2.68,2.5060108434736756,2.4402882865905804,0,0,-0.06572255688309525,88.0,2.0,57944.956916,120.0,sbp_alt
55413,71.0,0.0,137.0,45.0,139.0,29.53,51.948477792391614,1.0,0.0,0.0,1.0,,19.11,12.3,11.10433298258579,10.464339825354697,3,3,-0.6399931572310926,79.0,1.0,27796.135095,138.66666666666666,sbp_alt
55417,52.0,1.0,167.0,54.0,114.0,24.47,70.30853181505444,0.0,0.0,0.0,0.0,,5.17,5.34,1.0801229002335904,1.085324615113845,0,0,0.00520171488025456,86.0,2.0,84925.255206,116.0,sbp_alt
55420,31.0,0.0,239.0,57.0,106.0,25.03,117.1000577029324,0.0,1.0,0.0,0.0,,4.06,3.95,0.6333098720677353,0.6307050173258593,0,0,-0.002604854741875995,80.0,1.0,15455.722014,107.33333333333333,sbp_alt
55423,67.0,0.0,205.0,45.0,125.0,45.95,96.99936643043588,0.0,0.0,1.0,1.0,,9.56,4.42,8.196669991908783,7.361678832532349,2,2,-0.8349911593764334,86.0,3.0,5268.900286,123.33333333333333,sbp_alt
55424,47.0,1.0,189.0,76.0,112.0,25.9,92.78689431000524,0.0,1.0,0.0,0.0,,21.97,5.52,0.9814283749766001,0.7990996001541049,0,0,-0.1823287748224952,77.0,1.0,18372.138824,113.33333333333333,sbp_alt
55427,74.0,1.0,238.0,64.0,138.0,32.51,65.33810739316206,0.0,0.0,1.0,0.0,,13.41,3.71,10.08487154527072,8.465386804527023,3,2,-1.6194847407436974,82.0,2.0,13964.702261,142.66666666666666,sbp_alt
55429,31.0,1.0,201.0,62.0,105.0,26.01,100.95952188413142,0.0,0.0,0.0,0.0,2.0,4.7,3.55,0.15434708299503797,0.1479894722624013,0,0,-0.006357610732636659,84.0,1.0,53978.982896,105.33333333333333,sbp_alt
55435,46.0,1.0,159.0,59.0,113.0,27.27,104.36170362805939,0.0,0.0,0.0,0.0,,4.93,5.71,0.5108091475015365,0.5221380599395422,0,0,0.011328912438005712,81.0,1.0,79071.733525,112.0,sbp_alt
55438,50.0,0.0,270.0,31.0,124.0,31.81,98.75874260563498,0.0,0.0,0.0,0.0,,9.65,5.63,3.5426556872203063,3.2748724554091226,1,1,-0.2677832318111837,80.0,1.0,72579.314382,124.66666666666667,sbp_alt
55441,56.0,1.0,208.0,79.0,96.0,20.92,89.0874558563461,0.0,0.0,0.0,0.0,,10.5,3.13,1.201494453524488,1.0038732520944542,0,0,-0.1976212014300338,77.0,1.0,22906.313201,100.0,sbp_alt
55446,53.0,1.0,254.0,49.0,154.0,30.86,80.73000160467343,0.0,0.0,0.0,0.0,,17.65,17.93,3.969294639330533,3.9783109815385305,1,1,0.009016342207997408,86.0,1.0,21678.824091,152.66666666666666,sbp_alt
55447,65.0,1.0,236.0,41.0,139.0,27.45,97.64721745683356,0.0,0.0,1.0,0.0,,26.67,27.97,7.626029808887132,7.676513509536797,2,2,0.05048370064966434,85.0,1.0,60011.176768,139.33333333333334,sbp_alt
55451,55.0,0.0,220.0,50.0,138.0,27.9,105.31775544273104,0.0,0.0,0.0,0.0,,5.16,4.51,3.387623461754806,3.3217080699398096,1,1,-0.0659153918149964,83.0,1.0,24730.94803,140.66666666666666,sbp_alt
55453,37.0,0.0,239.0,47.0,127.0,25.06,89.64586814075305,0.0,0.0,0.0,0.0,,4.89,2.82,0.9811759582186402,0.9036227249721478,0,0,-0.07755323324649244,75.0,1.0,44803.365457,126.66666666666667,sbp_alt
55455,39.0,0.0,222.0,83.0,115.0,26.71,113.35632838072446,0.0,0.0,0.0,0.0,,3.74,4.23,0.38036968593874076,0.3874798063071195,0,0,0.007110120368378714,86.0,1.0,66692.699479,114.0,sbp_alt
55459,36.0,0.0,182.0,42.0,109.0,23.91,90.20514000880766,0.0,0.0,0.0,0.0,,8.65,3.73,0.5437895788384126,0.479235093547575,0,0,-0.06455448529083763,85.0,2.0,24697.250831,110.0,sbp_alt
55460,32.0,0.0,229.0,45.0,125.0,34.68,106.37045861360633,0.0,1.0,0.0,0.0,,4.57,2.54,1.1670142766955909,1.069023451199366,0,0,-0.09799082549622495,76.0,1.0,73733.448629,126.0,sbp_alt
55464,42.0,0.0,232.0,29.0,124.0,35.0,99.95648043460334,1.0,1.0,0.0,0.0,,7.72,4.74,7.1545434215037185,6.680435019345462,2,2,-0.4741084021582562,80.0,1.0,16822.524734,122.66666666666667,sbp_alt
55471,38.0,0.0,238.0,50.0,122.0,32.68,92.12426352112466,0.0,0.0,0.0,0.0,,5.52,5.77,0.8948232186930628,0.9007744353546381,0,0,0.005951216661575276,83.0,2.0,80133.964096,120.66666666666667,sbp_alt
55473,54.0,0.0,169.0,26.0,135.0,40.12,98.85065537476594,0.0,0.0,1.0,0.0,,8.62,7.22,4.409477501253018,4.298036521403674,1,1,-0.11144097984934387,77.0,1.0,101172.924903,136.0,sbp_alt
55476,42.0,1.0,235.0,47.0,94.0,24.23,101.87571505668161,0.0,0.0,0.0,0.0,2.0,3.77,3.28,0.6336562768661608,0.6206305981033005,0,0,-0.013025678762860315,85.0,2.0,18820.44423,102.66666666666667,sbp_alt
55477,33.0,0.0,163.0,42.0,124.0,30.94,115.65251831363415,0.0,1.0,0.0,1.0,,5.08,3.66,0.7801439357573666,0.7427413533116105,0,0,-0.037402582445756116,81.0,1.0,24660.400133,122.0,sbp_alt
55483,56.0,1.0,218.0,57.0,137.0,33.01,98.06885034418413,0.0,0.0,1.0,0.0,,15.91,4.47,3.2034658451414324,2.6623768501382092,1,0,-0.5410889950032232,87.0,1.0,31353.938018,136.66666666666666,sbp_alt
55484,59.0,1.0,204.0,66.0,153.0,35.78,101.35984032990763,0.0,0.0,1.0,0.0,,15.74,4.48,4.019352182791208,3.351521308778521,1,1,-0.6678308740126875,88.0,1.0,76515.325955,154.0,sbp_alt
55492,44.0,1.0,263.0,47.0,112.0,21.72,79.7797186017523,0.0,1.0,0.0,0.0,2.0,8.89,1.9,1.724369998412707,1.3727073289181304,0,0,-0.3516626694945766,80.0,2.0,20013.359204,116.0,sbp_alt
55493,36.0,0.0,164.0,39.0,110.0,28.38,119.9402107001822,1.0,0.0,0.0,1.0,,14.38,3.09,1.3463861561231356,1.0703855043924475,0,0,-0.2760006517306881,86.0,2.0,22238.736217,112.66666666666667,sbp_alt
55495,47.0,0.0,199.0,49.0,121.0,26.91,107.85436094809224,0.0,0.0,1.0,1.0,,5.49,5.9,1.6063497907411244,1.6236308569892204,0,0,0.017281066248096,76.0,2.0,84551.439388,118.66666666666667,sbp_alt
55498,78.0,0.0,244.0,59.0,127.0,30.14,84.04680825122445,0.0,1.0,0.0,0.0,,10.24,12.52,16.49527362508201,16.917675910887215,3,3,0.4224022858052052,81.0,1.0,13165.163911,128.0,sbp_alt
55502,56.0,0.0,246.0,81.0,126.0,23.08,77.93550540250891,0.0,0.0,0.0,0.0,,11.29,2.5,2.5685891545104,2.056360566969575,0,0,-0.5122285875408248,78.0,2.0,23716.595191,133.33333333333334,sbp_alt
55503,35.0,0.0,235.0,39.0,124.0,31.79,120.20668254684914,0.0,0.0,0.0,0.0,,4.43,4.18,0.8703312032443208,0.8627958305164478,0,0,-0.007535372727872969,86.0,2.0,26792.411843,124.0,sbp_alt
55504,46.0,1.0,208.0,57.0,144.0,31.55,112.4904879347848,0.0,0.0,0.0,0.0,,8.81,3.54,1.3520933876785226,1.181175450741616,0,0,-0.1709179369369067,82.0,2.0,27433.931898,146.66666666666666,sbp_alt
55506,30.0,0.0,192.0,32.0,113.0,32.91,107.70182113770939,0.0,0.0,0.0,0.0,,4.48,2.78,0.42303816970944175,0.3937436581780624,0,0,-0.029294511531379352,78.0,2.0,33906.530295,113.33333333333333,sbp_alt
55508,48.0,0.0,234.0,90.0,104.0,21.46,108.3551192593596,0.0,1.0,0.0,0.0,,4.25,5.66,1.2238781397135219,1.2772993615540864,0,0,0.053421221840564526,87.0,2.0,20583.299791,104.0,sbp_alt
55511,73.0,1.0,154.0,51.0,143.0,28.6,81.39993921676408,1.0,0.0,1.0,1.0,,23.5,11.0,13.103676141612205,11.859728157548908,3,3,-1.243947984063297,82.0,1.0,12482.610156,143.33333333333334,sbp_alt
55515,36.0,0.0,267.0,45.0,122.0,32.95,117.18467861179877,0.0,1.0,1.0,1.0,,6.77,3.03,2.4971571395347874,2.2180118206503967,0,0,-0.27914531888439065,83.0,1.0,83194.20108,119.33333333333333,sbp_alt
55520,61.0,1.0,290.0,59.0,123.0,38.83,54.19854571401825,1.0,0.0,1.0,0.0,,7.64,3.99,8.48764097393705,7.76020469252669,2,2,-0.7274362814103608,81.0,1.0,6912.351852,123.33333333333333,sbp_alt
55522,39.0,0.0,181.0,55.0,131.0,26.41,111.79297257551902,0.0,1.0,0.0,0.0,,5.91,6.17,1.347287087804958,1.3559556077531145,0,0,0.008668519948156428,80.0,1.0,58510.98972,132.66666666666666,sbp_alt
55526,69.0,0.0,227.0,41.0,134.0,25.6,86.64460089883947,0.0,0.0,1.0,0.0,,7.88,6.83,10.90541978768555,10.697368849631395,3,3,-0.2080509380541553,83.0,1.0,21807.213567,136.0,sbp_alt
55527,78.0,0.0,141.0,28.0,124.0,32.09,88.94191472207395,0.0,0.0,1.0,0.0,,7.78,5.16,15.828915051446117,15.020173440606465,3,3,-0.8087416108396521,76.0,2.0,10399.3983,125.33333333333333,sbp_alt
55529,39.0,0.0,205.0,40.0,119.0,27.81,115.45084346071906,0.0,0.0,0.0,0.0,,5.66,3.86,0.8885481012885704,0.8390655762788933,0,0,-0.04948252500967709,77.0,1.0,20657.463731,120.66666666666667,sbp_alt
55532,36.0,0.0,238.0,37.0,122.0,30.86,119.9402107001822,0.0,1.0,0.0,0.0,,7.52,8.06,1.7846669044243144,1.8031153196367895,0,0,0.01844841521247509,86.0,2.0,20193.628772,122.0,sbp_alt
55533,49.0,0.0,167.0,41.0,113.0,33.87,78.01759803533186,0.0,0.0,0.0,0.0,,3.82,1.68,1.3226781797897218,1.1701791953769252,0,0,-0.15249898441279663,79.0,2.0,21729.182169,112.66666666666667,sbp_alt
55536,53.0,1.0,219.0,77.0,108.0,27.96,106.83648525208741,0.0,0.0,0.0,0.0,,5.29,2.71,0.8106793077336888,0.7337992489774868,0,0,-0.07688005875620196,87.0,1.0,14770.594178,107.33333333333333,sbp_alt
55547,31.0,0.0,208.0,43.0,117.0,40.14,131.69483325748777,1.0,0.0,0.0,0.0,,33.28,6.93,1.8053742887976805,1.4299490969537678,0,0,-0.37542519184391265,78.0,2.0,33211.444479,116.66666666666667,sbp_alt
55557,56.0,1.0,226.0,48.0,109.0,33.43,90.47762866917799,0.0,0.0,0.0,1.0,,4.74,1.89,1.7434826044811431,1.522119904850609,0,0,-0.221362699630534,89.0,2.0,14807.743545,103.33333333333333,sbp_alt
55559,62.0,0.0,183.0,63.0,131.0,26.02,102.86878441383074,0.0,0.0,0.0,0.0,,5.41,5.17,3.6975500554649656,3.673227902747788,1,1,-0.024322152717177747,75.0,1.0,9282.841024,131.33333333333334,sbp_alt
55560,65.0,0.0,246.0,75.0,102.0,24.42,93.5328551241116,0.0,0.0,0.0,0.0,,2.95,3.14,4.096940758074228,4.134135129657382,1,1,0.03719437158315397,80.0,2.0,74313.517349,100.0,sbp_alt
55562,55.0,1.0,265.0,86.0,123.0,35.98,103.53137420718461,0.0,0.0,1.0,1.0,,5.67,16.15,1.5513338969997943,1.810523368753531,0,0,0.25918947175373663,75.0,1.0,19760.138354,125.33333333333333,sbp_alt
55563,61.0,0.0,200.0,40.0,109.0,31.93,63.674556554809556,0.0,0.0,1.0,0.0,,3.2,2.43,4.51589610638843,4.340014723496456,1,1,-0.17588138289197452,84.0,2.0,9387.789425,107.33333333333333,sbp_alt
55564,32.0,1.0,197.0,29.0,106.0,21.09,89.49011278537513,0.0,1.0,0.0,0.0,2.0,3.33,2.48,0.7157044650755837,0.6849420178992724,0,0,-0.03076244717631127,78.0,2.0,36084.51781,106.0,sbp_alt
55567,40.0,0.0,201.0,49.0,115.0,27.9,102.47397251795175,0.0,0.0,0.0,0.0,,3.68,3.31,0.6915486932245991,0.6806457132613944,0,0,-0.010902979963204662,85.0,2.0,20708.126413,114.0,sbp_alt
55580,60.0,1.0,208.0,71.0,134.0,66.96,65.2775454707136,0.0,0.0,1.0,0.0,,10.3,4.04,3.319587928715584,2.8970776753752205,1,0,-0.4225102533403633,76.0,2.0,23251.55708,136.0,sbp_alt
55593,53.0,0.0,223.0,97.0,126.0,24.81,104.65370210703844,0.0,0.0,0.0,0.0,,10.0,9.55,1.4139828987846972,1.404323202015955,0,0,-0.009659696768742121,79.0,1.0,90382.442658,125.33333333333333,sbp_alt
55598,50.0,1.0,205.0,65.0,120.0,26.97,91.07173614677602,0.0,0.0,0.0,0.0,,5.0,4.51,0.9137950033159973,0.8998814245004749,0,0,-0.013913578815522354,80.0,1.0,79719.201422,120.66666666666667,sbp_alt
55600,71.0,0.0,221.0,88.0,132.0,23.81,69.48861962463256,0.0,0.0,1.0,0.0,,59.53,100.28,10.666829662491809,11.440795386181934,3,3,0.7739657236901252,86.0,3.0,24958.603453,133.33333333333334,sbp_alt
55605,72.0,1.0,236.0,75.0,129.0,18.9,94.92933701489198,0.0,0.0,0.0,0.0,,14.31,7.88,5.9653904595371365,5.482335209711491,2,2,-0.48305524982564574,80.0,1.0,34966.865728,139.33333333333334,sbp_alt
55606,32.0,1.0,185.0,34.0,132.0,31.64,82.68007038905716,0.0,0.0,1.0,0.0,2.0,4.67,5.71,0.7354975932907352,0.757865077724488,0,0,0.022367484433752804,86.0,1.0,62158.373253,132.66666666666666,sbp_alt
55616,44.0,0.0,230.0,42.0,109.0,22.11,110.67860187199427,0.0,1.0,0.0,0.0,,8.8,5.45,2.0494861070766053,1.909168004022373,0,0,-0.1403181030542322,75.0,2.0,19863.690695,109.33333333333333,sbp_alt
55617,33.0,0.0,189.0,42.0,120.0,35.62,99.52355921793799,0.0,0.0,0.0,0.0,,3.72,3.52,0.4960134095187066,0.49191164402727827,0,0,-0.004101765491428322,75.0,2.0,69355.104673,122.0,sbp_alt
55620,40.0,0.0,229.0,32.0,121.0,32.38,105.09586469420975,0.0,0.0,0.0,0.0,,4.28,2.7,1.2631691359589126,1.1792796278485314,0,0,-0.0838895081103812,81.0,1.0,17582.443631,121.33333333333333,sbp_alt
55626,40.0,0.0,205.0,45.0,125.0,30.22,111.0998561455508,0.0,0.0,0.0,0.0,,2.58,5.0,0.8884901196403855,0.9809329729161024,0,0,0.09244285327571689,75.0,1.0,31944.033487,125.33333333333333,sbp_alt
55628,57.0,1.0,224.0,61.0,125.0,29.13,84.61493975968628,0.0,0.0,0.0,0.0,,5.25,3.32,1.970632187302739,1.842033478464271,0,0,-0.12859870883846813,76.0,2.0,98244.250886,128.66666666666666,sbp_alt
55629,62.0,0.0,181.0,51.0,115.0,28.84,103.73542493745721,0.0,0.0,0.0,0.0,,5.08,4.49,3.4654925733116557,3.403662072266784,1,1,-0.061830501044871866,82.0,1.0,6764.385438,114.66666666666667,sbp_alt
55633,39.0,1.0,163.0,72.0,113.0,19.49,118.4765361160405,0.0,0.0,0.0,0.0,2.0,11.18,9.14,0.22988646376600877,0.22305304425447214,0,0,-0.006833419511536626,82.0,1.0,52365.581372,117.33333333333333,sbp_alt
55638,37.0,1.0,135.0,54.0,99.0,30.4,115.37618543682674,0.0,0.0,0.0,0.0,2.0,17.98,6.18,0.2601206474660956,0.2216744159770497,0,0,-0.038446231489045884,89.0,2.0,13078.496384,99.33333333333333,sbp_alt
55639,33.0,0.0,280.0,72.0,119.0,26.81,119.39162301222716,0.0,1.0,0.0,0.0,,2.67,5.89,0.7567146701056583,0.8519262874127168,0,0,0.09521161730705852,76.0,2.0,71459.137381,122.66666666666667,sbp_alt
55647,37.0,0.0,244.0,41.0,113.0,35.05,116.8958586309369,0.0,0.0,0.0,0.0,,3.53,5.35,0.7547813531800039,0.8032996073536847,0,0,0.04851825417368072,76.0,2.0,27237.056687,114.0,sbp_alt
55662,65.0,0.0,207.0,58.0,119.0,35.37,84.53793376559683,1.0,0.0,1.0,1.0,,8.68,3.02,8.944992325933415,7.728659757073023,2,2,-1.2163325688603912,77.0,1.0,54784.845182,118.66666666666667,sbp_alt
55664,62.0,0.0,187.0,62.0,146.0,26.71,99.31968379188227,0.0,0.0,1.0,1.0,,2.03,2.61,4.067052062565049,4.217729107336837,1,1,0.150677044771788,76.0,2.0,58644.199424,148.0,sbp_alt
55665,53.0,1.0,223.0,46.0,105.0,31.42,113.76495476495441,1.0,0.0,0.0,0.0,,5.14,6.18,3.035340617963057,3.1178225300993225,1,1,0.08248191213626566,78.0,2.0,14378.292026,106.66666666666667,sbp_alt
55666,41.0,0.0,203.0,54.0,104.0,23.86,112.35591131463279,1.0,1.0,0.0,0.0,,7.08,7.0,3.0993494099544487,3.0941998788968856,1,1,-0.005149531057563106,75.0,2.0,19858.077122,103.33333333333333,sbp_alt
55667,44.0,1.0,201.0,68.0,109.0,32.08,87.82274910479485,0.0,0.0,0.0,0.0,2.0,11.2,4.43,0.4764162790636124,0.41474813891871404,0,0,-0.061668140144898353,78.0,2.0,37483.453805,108.0,sbp_alt
55670,31.0,1.0,191.0,51.0,116.0,25.42,105.69790986592301,0.0,0.0,0.0,0.0,2.0,4.52,3.47,0.22121080781082866,0.2126221017567052,0,0,-0.008588706054123457,83.0,1.0,36963.347796,120.66666666666667,sbp_alt
55671,62.0,1.0,231.0,70.0,157.0,29.71,109.90289085266065,0.0,1.0,0.0,0.0,,6.0,4.71,5.560403121317936,5.372625844620395,2,2,-0.18777727669754096,85.0,2.0,4987.78618,158.66666666666666,sbp_alt
55672,39.0,1.0,189.0,58.0,118.0,20.1,113.94995579797829,0.0,1.0,0.0,0.0,2.0,9.69,4.7,0.738635507967658,0.6631142364956012,0,0,-0.07552127147205678,75.0,1.0,33742.986272,120.66666666666667,sbp_alt
55678,57.0,0.0,272.0,51.0,158.0,31.95,76.62320184642616,1.0,0.0,0.0,0.0,,6.91,3.93,11.456290915407418,10.619835142116662,3,3,-0.8364557732907567,87.0,1.0,12741.448063,160.0,sbp_alt
55679,52.0,0.0,217.0,64.0,120.0,23.03,71.33376787166164,0.0,0.0,0.0,1.0,,10.14,2.7,1.850391959554403,1.5203433914498667,0,0,-0.3300485681045362,85.0,2.0,12553.070826,122.0,sbp_alt
55685,60.0,0.0,154.0,48.0,114.0,38.66,98.78120337095567,0.0,0.0,1.0,1.0,,5.51,2.86,2.9444304448956378,2.6742613409941822,0,0,-0.27016910390145554,81.0,2.0,57398.774363,114.66666666666667,sbp_alt
55686,59.0,0.0,188.0,51.0,114.0,22.04,86.700161782722,0.0,0.0,0.0,0.0,,3.65,2.25,2.705074082357866,2.519297331210981,0,0,-0.18577675114688486,77.0,2.0,103447.755736,111.33333333333333,sbp_alt
55687,60.0,1.0,185.0,65.0,146.0,29.37,79.50435272972467,1.0,0.0,1.0,1.0,,5.56,3.18,5.978599734286804,5.524167159734526,2,2,-0.4544325745522775,86.0,1.0,65573.061923,144.66666666666666,sbp_alt
55690,32.0,0.0,213.0,44.0,136.0,25.7,90.4814472002287,0.0,0.0,0.0,0.0,,3.66,2.95,0.7715574772331972,0.7470203962328575,0,0,-0.02453708100033969,78.0,2.0,33061.224604,134.0,sbp_alt
55691,64.0,0.0,165.0,59.0,154.0,26.08,54.71565782733128,0.0,1.0,0.0,1.0,,1.37,1.65,5.477262079347633,5.624480846605296,2,2,0.14721876725766325,78.0,2.0,11286.80413,155.33333333333334,sbp_alt
55697,50.0,1.0,215.0,44.0,124.0,35.97,113.648234269975,0.0,0.0,0.0,0.0,,16.67,10.58,1.6730121550290025,1.5643618020510992,0,0,-0.10865035297790326,88.0,1.0,11266.983257,124.66666666666667,sbp_alt
55703,50.0,0.0,201.0,66.0,93.0,24.12,110.38529518653382,0.0,0.0,0.0,0.0,,9.86,4.68,1.5123978110272118,1.353614506635568,0,0,-0.1587833043916438,86.0,3.0,9605.662605,92.66666666666667,sbp_alt
55704,79.0,1.0,235.0,70.0,154.0,23.79,92.38299648169587,0.0,0.0,0.0,0.0,,13.0,8.42,11.152552437774363,10.522642642781728,3,3,-0.6299097949926349,87.0,2.0,40169.574676,156.66666666666666,sbp_alt
55709,59.0,0.0,178.0,45.0,117.0,24.11,93.38271223437872,0.0,1.0,0.0,1.0,,3.36,5.63,3.6643941542109646,3.9497099366585995,1,1,0.2853157824476349,83.0,2.0,23878.577942,116.66666666666667,sbp_alt
55721,60.0,0.0,168.0,41.0,134.0,28.0,74.40888008573589,0.0,0.0,0.0,1.0,,5.88,3.04,3.836774147861954,3.4856590510056336,1,1,-0.35111509685632036,77.0,2.0,61687.7486,136.0,sbp_alt
55725,75.0,1.0,190.0,84.0,120.0,28.47,60.1921207066717,0.0,0.0,1.0,0.0,,8.14,2.74,8.113222221999596,6.975107435752982,2,2,-1.1381147862466143,81.0,2.0,15296.174061,119.33333333333333,sbp_alt
55732,39.0,0.0,273.0,81.0,132.0,25.27,98.18385044368304,0.0,0.0,0.0,0.0,,4.14,4.0,0.7800476203044819,0.7760372496095109,0,0,-0.0040103706949710105,79.0,1.0,25016.252625,133.33333333333334,sbp_alt
55737,72.0,1.0,157.0,59.0,138.0,35.02,71.7324752069479,0.0,0.0,1.0,0.0,,6.17,3.68,7.882270593551257,7.337047541674647,2,2,-0.5452230518766106,82.0,2.0,15007.097166,138.0,sbp_alt
55740,39.0,1.0,201.0,47.0,107.0,28.88,86.86085615638515,0.0,0.0,0.0,0.0,2.0,4.08,3.67,0.4288698437327689,0.4221338477476243,0,0,-0.006735995985144572,84.0,1.0,18635.311995,106.0,sbp_alt
55747,36.0,0.0,211.0,52.0,114.0,24.51,98.84562093034215,0.0,0.0,0.0,0.0,,3.58,2.18,0.4960618121313873,0.46042651116780386,0,0,-0.035635300963583416,83.0,1.0,66800.422833,115.33333333333333,sbp_alt
55750,54.0,1.0,196.0,44.0,119.0,27.87,55.450958928462335,0.0,0.0,1.0,0.0,,4.71,3.33,2.564524416366647,2.4376270338278747,0,0,-0.12689738253877225,84.0,1.0,79625.602161,118.0,sbp_alt
55753,67.0,0.0,181.0,38.0,123.0,30.52,93.92610037439826,0.0,0.0,0.0,0.0,,4.0,3.41,6.049397879847377,5.913879741209227,2,2,-0.1355181386381501,76.0,2.0,58644.199424,123.33333333333333,sbp_alt
55755,44.0,1.0,209.0,62.0,139.0,33.3,95.99058704884304,0.0,0.0,0.0,0.0,2.0,4.5,38.56,0.9121725364147512,1.2549437532684669,0,0,0.3427712168537157,78.0,1.0,26935.675201,142.0,sbp_alt
55757,30.0,1.0,153.0,67.0,122.0,71.3,115.28087958949364,0.0,0.0,1.0,0.0,2.0,2.61,1.75,0.1425279105090396,0.13423769181812595,0,0,-0.008290218690913648,82.0,2.0,21861.562424,123.33333333333333,sbp_alt
55760,62.0,1.0,275.0,56.0,129.0,27.15,77.41432358209563,0.0,0.0,0.0,0.0,,2.73,3.27,3.235757656005513,3.321677749379209,1,1,0.0859200933736961,82.0,2.0,21465.938863,134.0,sbp_alt
55761,30.0,1.0,136.0,26.0,108.0,27.6,109.76977174070818,0.0,0.0,0.0,0.0,2.0,8.65,5.13,0.2551116222061071,0.23591274520047395,0,0,-0.019198877005633164,77.0,1.0,63360.142345,109.33333333333333,sbp_alt
55768,48.0,0.0,181.0,35.0,127.0,33.9,60.44045796849744,1.0,0.0,1.0,0.0,,2.95,4.14,4.746469944153274,4.983273476755926,1,1,0.23680353260265186,78.0,1.0,18504.106473,126.66666666666667,sbp_alt
55770,56.0,1.0,195.0,71.0,109.0,50.65,110.54619637965278,0.0,0.0,0.0,0.0,,8.07,7.23,1.1363676537963012,1.1179787293930146,0,0,-0.018388924403286655,81.0,1.0,12763.087848,116.0,sbp_alt
55774,43.0,1.0,255.0,55.0,102.0,26.82,93.69905139296438,0.0,0.0,0.0,0.0,2.0,2.98,2.51,0.6066303554672168,0.5912902364978881,0,0,-0.015340118969328631,78.0,1.0,28382.289276,105.33333333333333,sbp_alt
55776,43.0,0.0,195.0,49.0,106.0,26.28,111.77752069424889,0.0,1.0,0.0,0.0,,4.26,3.45,1.340246621982573,1.298782330650048,0,0,-0.04146429133252516,78.0,2.0,23670.603677,107.33333333333333,sbp_alt
55779,59.0,1.0,193.0,61.0,120.0,27.91,90.20918233057064,0.0,0.0,1.0,0.0,,80.98,5.0,3.6352322318162402,2.4232699196235985,1,0,-1.2119623121926417,88.0,2.0,8600.01821,120.66666666666667,sbp_alt
55783,52.0,1.0,227.0,74.0,107.0,28.99,71.18830140728049,0.0,0.0,0.0,0.0,,11.69,2.04,0.9940429672423223,0.7666227102984101,0,0,-0.2274202569439122,79.0,1.0,87766.123009,108.66666666666667,sbp_alt
55784,62.0,0.0,291.0,45.0,138.0,29.17,87.18576735000006,0.0,0.0,0.0,0.0,,17.89,8.87,8.54870402675941,7.756013583250609,2,2,-0.7926904435088007,86.0,3.0,5268.900286,138.66666666666666,sbp_alt
55789,56.0,0.0,181.0,37.0,113.0,25.08,90.50063778359142,1.0,0.0,0.0,0.0,,3.78,2.82,4.612464891961864,4.4216698329453035,1,1,-0.19079505901656013,78.0,2.0,15143.499508,116.0,sbp_alt
55796,72.0,1.0,184.0,65.0,158.0,29.26,94.19413571969443,0.0,0.0,1.0,1.0,,5.85,5.22,7.405714982010805,7.2892691889370935,2,2,-0.11644579307371128,87.0,1.0,18803.571105,161.33333333333334,sbp_alt
55797,43.0,0.0,178.0,37.0,131.0,32.51,108.67884593806437,0.0,0.0,0.0,0.0,,14.48,9.23,1.6121808825459554,1.5077949001949376,0,0,-0.10438598235101781,77.0,1.0,81895.402401,131.33333333333334,sbp_alt
55800,78.0,0.0,222.0,73.0,107.0,19.35,73.49550129996777,0.0,0.0,0.0,0.0,,12.3,6.97,12.460765977006547,11.554906129810862,3,3,-0.9058598471956856,83.0,2.0,14932.548383,109.33333333333333,sbp_alt
55802,55.0,1.0,221.0,58.0,111.0,26.45,103.53137420718461,0.0,0.0,1.0,1.0,,5.38,3.9,1.706743054156721,1.6275828583594978,0,0,-0.07916019579722322,75.0,2.0,35053.704179,114.66666666666667,sbp_alt
55808,49.0,0.0,173.0,47.0,117.0,31.83,69.25729395323054,0.0,0.0,0.0,0.0,,6.17,1.62,1.44119598754673,1.180778711579059,0,0,-0.26041727596767106,78.0,2.0,28419.766067,116.0,sbp_alt
55813,45.0,0.0,208.0,52.0,113.0,23.81,76.76754645447593,0.0,1.0,0.0,0.0,,101.61,53.89,2.5917250584060545,2.3606217365079343,0,0,-0.23110332189812022,75.0,2.0,27028.404053,114.0,sbp_alt
55814,73.0,1.0,207.0,56.0,139.0,31.63,93.61013207823231,0.0,0.0,0.0,0.0,,6.64,4.72,7.124890471711818,6.7932014479111,2,2,-0.33168902380071774,81.0,2.0,15485.11086,137.33333333333334,sbp_alt
55830,67.0,1.0,200.0,81.0,148.0,21.45,56.300271574887816,0.0,0.0,1.0,1.0,,30.25,4.23,6.294033843408459,4.761174840799684,2,1,-1.5328590026087756,80.0,2.0,20803.887002,149.33333333333334,sbp_alt
55831,74.0,1.0,193.0,81.0,116.0,27.64,67.08430609360083,0.0,0.0,0.0,1.0,,11.73,8.97,5.585672564311158,5.377049582672211,2,2,-0.2086229816389471,80.0,2.0,19441.950168,116.66666666666667,sbp_alt
55839,35.0,1.0,151.0,51.0,103.0,22.41,117.24440592004692,0.0,0.0,0.0,0.0,2.0,12.05,3.86,0.23615521899090702,0.19913085733510816,0,0,-0.037024361655798865,76.0,1.0,62794.052912,103.33333333333333,sbp_alt
55847,40.0,1.0,179.0,77.0,107.0,21.42,115.38006618419608,0.0,0.0,0.0,0.0,2.0,25.6,4.42,0.2621856951524829,0.20153825975144785,0,0,-0.060647435401035066,82.0,1.0,18929.8553,109.33333333333333,sbp_alt
55848,55.0,1.0,157.0,50.0,131.0,29.08,88.28330392417243,1.0,0.0,0.0,1.0,,5.79,2.89,3.537329303233973,3.1981300632704115,1,1,-0.3391992399635617,75.0,2.0,35454.377793,132.0,sbp_alt
55849,57.0,0.0,201.0,39.0,120.0,38.57,105.25522113966255,1.0,0.0,1.0,1.0,,16.56,11.55,8.156956128575844,7.7585177495896644,2,2,-0.39843837898617984,80.0,2.0,106748.822533,124.66666666666667,sbp_alt
55855,58.0,1.0,154.0,45.0,132.0,32.17,31.212028195999807,1.0,0.0,1.0,1.0,,15.18,24.0,12.02928601421685,12.776204291699857,3,3,0.7469182774830063,75.0,1.0,13041.111143,132.66666666666666,sbp_alt
55859,49.0,0.0,272.0,56.0,109.0,30.45,113.4456335687927,0.0,1.0,0.0,0.0,,11.79,11.49,2.859187467388839,2.84839705695595,0,0,-0.010790410432889086,75.0,1.0,23310.601215,108.66666666666667,sbp_alt
55862,47.0,0.0,142.0,40.0,105.0,30.36,72.16489378748082,1.0,0.0,0.0,1.0,,2.44,2.89,1.8328445662941062,1.8794027574511145,0,0,0.04655819115700832,88.0,2.0,18943.613035,102.66666666666667,sbp_alt
55864,46.0,1.0,167.0,44.0,116.0,29.19,115.4358355457845,1.0,0.0,0.0,0.0,,5.22,5.24,1.9728697071623345,1.973980253665394,0,0,0.0011105465030596395,77.0,2.0,21293.182095,114.66666666666667,sbp_alt
55871,67.0,0.0,160.0,69.0,114.0,22.11,94.57302039155289,0.0,0.0,0.0,0.0,,11.28,4.4,4.424743861969333,3.8610184545391304,1,1,-0.5637254074302023,78.0,2.0,62764.490846,112.66666666666667,sbp_alt
55877,54.0,0.0,176.0,35.0,123.0,33.61,81.54858678581037,0.0,0.0,0.0,1.0,,4.37,3.11,2.4153386762576026,2.2971882289753376,0,0,-0.11815044728226498,83.0,2.0,25116.006657,124.66666666666667,sbp_alt
55880,40.0,0.0,144.0,54.0,119.0,25.61,119.45646822701602,0.0,0.0,0.0,0.0,,4.6,4.53,0.521452665319002,0.5202528606556395,0,0,-0.001199804663362558,88.0,1.0,16557.906564,119.33333333333333,sbp_alt
55881,42.0,1.0,230.0,55.0,99.0,26.59,117.29182873442791,0.0,0.0,0.0,0.0,2.0,4.15,1.54,0.500129496517742,0.4312721464492446,0,0,-0.06885735006849736,78.0,2.0,21971.086171,100.66666666666667,sbp_alt
55883,45.0,1.0,200.0,67.0,118.0,37.62,112.28652785867963,0.0,0.0,0.0,0.0,,6.0,3.13,0.5362061951526295,0.48654518699963867,0,0,-0.04966100815299079,88.0,1.0,15149.357206,118.66666666666667,sbp_alt
55884,55.0,1.0,274.0,55.0,115.0,30.34,89.6432439689536,0.0,0.0,0.0,0.0,,4.55,5.61,1.7651561443742783,1.8205061356915848,0,0,0.05534999131730656,79.0,1.0,92450.79523,117.33333333333333,sbp_alt
55885,54.0,1.0,204.0,37.0,110.0,27.81,107.92380148433976,0.0,0.0,0.0,0.0,,6.62,3.43,1.6436258056660766,1.4914376021974398,0,0,-0.15218820346863682,77.0,2.0,25541.92132,111.33333333333333,sbp_alt
55891,61.0,0.0,269.0,59.0,155.0,23.73,70.20361630280026,0.0,0.0,1.0,0.0,,3.85,2.8,7.250543181797634,6.933727525970297,2,2,-0.3168156558273374,84.0,1.0,9165.436092,158.0,sbp_alt
55892,66.0,0.0,212.0,47.0,143.0,31.12,74.85159467666058,0.0,0.0,0.0,0.0,,8.51,6.39,7.800463753111927,7.4949299884349045,2,2,-0.30553376467702265,77.0,1.0,54784.845182,142.66666666666666,sbp_alt
55901,54.0,1.0,225.0,44.0,113.0,25.66,100.97690996778198,0.0,0.0,0.0,0.0,,10.69,4.67,1.8030722593210804,1.595646375073052,0,0,-0.20742588424802832,77.0,1.0,93463.959795,115.33333333333333,sbp_alt
55902,39.0,1.0,156.0,56.0,138.0,35.32,90.59663468220573,0.0,0.0,0.0,0.0,2.0,4.59,5.43,0.5598035080887308,0.5740245365034508,0,0,0.01422102841471995,83.0,2.0,36330.97264,137.33333333333334,sbp_alt
55903,47.0,0.0,294.0,38.0,118.0,32.87,71.47266622013055,0.0,1.0,0.0,0.0,,17.83,13.14,4.655189082956609,4.454839265567265,1,1,-0.20034981738934388,78.0,2.0,28419.766067,119.33333333333333,sbp_alt
55907,57.0,1.0,228.0,54.0,141.0,26.59,100.81181278246719,0.0,0.0,0.0,0.0,,6.9,4.0,2.835768800168131,2.6187413313560377,0,0,-0.21702746881209345,84.0,2.0,13053.566436,144.0,sbp_alt
55912,54.0,1.0,191.0,61.0,131.0,32.91,103.43045297389396,0.0,0.0,1.0,0.0,,8.68,10.19,2.00904018918324,2.056992435722318,0,0,0.047952246539078036,79.0,2.0,110561.264867,130.0,sbp_alt
55913,55.0,1.0,314.0,36.0,144.0,26.25,104.69862897275345,0.0,0.0,0.0,0.0,,9.54,11.56,4.602788489894291,4.731057770155669,1,1,0.12826928026137807,86.0,2.0,8824.569908,143.33333333333334,sbp_alt
55916,36.0,1.0,212.0,45.0,96.0,24.23,114.87686724967725,0.0,0.0,0.0,0.0,2.0,2.73,2.54,0.3441871158982617,0.34049250571878104,0,0,-0.0036946101794806396,77.0,2.0,71930.983258,97.33333333333333,sbp_alt
55922,30.0,0.0,184.0,42.0,131.0,26.19,119.0431856369515,0.0,0.0,0.0,0.0,,2.46,7.19,0.4773276173888717,0.5607774163392655,0,0,0.08344979895039378,84.0,2.0,25867.069216,132.0,sbp_alt
55924,60.0,1.0,229.0,54.0,105.0,23.85,79.50435272972467,0.0,0.0,0.0,0.0,,4.17,3.84,2.1844194694600434,2.1581303040705526,0,0,-0.026289165389490776,78.0,2.0,69974.023405,110.0,sbp_alt
55926,66.0,1.0,159.0,46.0,116.0,38.05,54.23234413157523,1.0,0.0,1.0,1.0,,13.4,9.37,8.891691747115374,8.466123190280165,2,2,-0.4255685568352092,83.0,1.0,21641.273271,118.0,sbp_alt
55927,43.0,1.0,248.0,45.0,108.0,27.86,95.12412369209073,0.0,0.0,0.0,0.0,2.0,2.41,2.62,0.6826305269851706,0.6911866529469933,0,0,0.008556125961822758,75.0,2.0,23925.794123,110.0,sbp_alt
55932,46.0,1.0,132.0,56.0,90.0,21.27,110.72611517141623,0.0,0.0,0.0,0.0,,31.55,2.06,0.6328285808219957,0.4210142584099017,0,0,-0.21181432241209397,78.0,2.0,86908.80185,90.0,sbp_alt
55936,39.0,0.0,320.0,40.0,149.0,26.67,83.02380843010697,0.0,0.0,0.0,0.0,,3.18,3.57,2.986495057380864,3.0375264161449573,0,1,0.05103135876409315,84.0,2.0,19292.646206,146.0,sbp_alt
55940,32.0,0.0,277.0,30.0,117.0,35.45,120.13646912077596,0.0,0.0,0.0,0.0,,2.52,1.95,0.8364318909677156,0.8049177625209591,0,0,-0.031514128446756495,86.0,1.0,23502.59786,116.0,sbp_alt
55941,70.0,1.0,259.0,96.0,155.0,28.16,75.7918072167958,1.0,0.0,1.0,1.0,,13.23,4.61,9.643004493366591,8.349330809340023,2,2,-1.2936736840265688,88.0,1.0,16144.881595,155.33333333333334,sbp_alt
55947,75.0,0.0,178.0,60.0,164.0,21.35,55.24309835882166,0.0,1.0,1.0,0.0,,897.96,431.62,28.21261904719325,26.02702761493696,3,3,-2.1855914322562917,75.0,2.0,39207.596253,165.33333333333334,sbp_alt
55948,58.0,1.0,158.0,35.0,99.0,25.68,71.24403796295566,0.0,0.0,0.0,1.0,,6.59,24.48,2.122797547336383,2.5731433420146494,0,0,0.4503457946782663,80.0,1.0,77428.916401,96.66666666666667,sbp_alt
55949,78.0,1.0,211.0,41.0,157.0,26.88,81.4393683859347,0.0,0.0,1.0,0.0,,7.55,3.52,13.728833279889088,12.427524075458914,3,3,-1.301309204430174,77.0,1.0,36352.628295,163.33333333333334,sbp_alt
55951,33.0,1.0,158.0,35.0,105.0,26.04,120.51409308392347,0.0,1.0,0.0,0.0,2.0,6.86,6.38,0.5368335030532714,0.5310501232275543,0,0,-0.005783379825717083,87.0,1.0,75128.509487,105.33333333333333,sbp_alt
55953,57.0,0.0,234.0,47.0,135.0,32.07,100.29479212866424,0.0,0.0,0.0,0.0,,4.77,4.54,4.015839994074257,3.9871731004261814,1,1,-0.028666893648075842,77.0,1.0,89543.78448,135.33333333333334,sbp_alt
55954,52.0,0.0,225.0,54.0,112.0,24.51,90.55802889550912,0.0,0.0,0.0,0.0,,3.29,1.26,1.679401783447767,1.4561164235782658,0,0,-0.22328535986950127,76.0,2.0,91372.94023,112.0,sbp_alt
55964,30.0,1.0,211.0,71.0,110.0,24.25,111.55221895065435,0.0,0.0,0.0,0.0,2.0,3.0,4.93,0.1065732874554153,0.11481473672516325,0,0,0.008241449269747944,79.0,1.0,59497.522458,108.66666666666667,sbp_alt
55965,63.0,1.0,223.0,41.0,121.0,25.63,100.79513131538381,1.0,0.0,1.0,0.0,,90.63,24.23,11.234209570735022,9.405683098869348,3,2,-1.8285264718656737,82.0,1.0,17147.257573,124.0,sbp_alt
55967,41.0,0.0,197.0,66.0,124.0,28.34,94.69299184319358,0.0,0.0,0.0,0.0,,3.41,4.63,0.653914664365625,0.6846122230136197,0,0,0.030697558647994727,82.0,2.0,20517.18759,122.66666666666667,sbp_alt
55969,42.0,0.0,230.0,53.0,116.0,22.02,78.21331316040836,0.0,1.0,0.0,0.0,,3.19,2.83,1.4807289161260095,1.4545805923530966,0,0,-0.026148323772912985,82.0,2.0,25040.876065,118.66666666666667,sbp_alt
55970,33.0,1.0,173.0,64.0,103.0,24.37,104.39131881124081,0.0,0.0,0.0,0.0,2.0,4.56,4.1,0.14623395426792346,0.14392144585700975,0,0,-0.0023125084109137106,76.0,2.0,54009.255077,103.33333333333333,sbp_alt
55972,63.0,1.0,253.0,89.0,112.0,20.95,93.89101435166032,0.0,0.0,0.0,0.0,,4.86,3.17,1.8565180360634002,1.7431762335843706,0,0,-0.11334180247902959,77.0,2.0,68773.599629,115.33333333333333,sbp_alt
55973,35.0,0.0,236.0,46.0,144.0,41.31,74.15431674509976,0.0,0.0,0.0,0.0,,10.31,8.06,1.4714215355623905,1.418483016023676,0,0,-0.052938519538714424,80.0,1.0,23902.887883,142.0,sbp_alt
55974,62.0,0.0,193.0,41.0,121.0,36.56,103.73542493745721,0.0,0.0,0.0,0.0,,5.0,5.23,4.338893646343223,4.367169445981192,1,1,0.028275799637969,80.0,2.0,5606.604384,124.66666666666667,sbp_alt
55985,44.0,1.0,267.0,36.0,174.0,32.05,102.2501861304978,0.0,0.0,1.0,0.0,2.0,8.55,7.69,5.142571830224323,5.065491134262863,2,2,-0.0770806959614605,86.0,2.0,17361.209897,170.66666666666666,sbp_alt
55996,43.0,1.0,207.0,36.0,127.0,26.65,121.69409930614512,0.0,0.0,0.0,0.0,2.0,10.36,8.12,1.1600161879773438,1.1188234853448629,0,0,-0.04119270263248098,88.0,2.0,15149.357206,127.33333333333333,sbp_alt
55997,45.0,1.0,187.0,54.0,94.0,28.67,114.13696043719831,0.0,0.0,0.0,0.0,,3.08,2.66,0.5254243310779197,0.5140457162695804,0,0,-0.011378614808339349,84.0,2.0,20721.886535,95.33333333333333,sbp_alt
56005,60.0,0.0,154.0,34.0,128.0,36.88,85.13992274000184,1.0,0.0,1.0,0.0,,9.51,6.56,8.783531485841129,8.344502895095586,2,2,-0.43902859074554357,78.0,1.0,5156.301912,128.0,sbp_alt
56010,40.0,0.0,144.0,41.0,112.0,25.52,110.72559960355491,0.0,0.0,0.0,1.0,,6.57,3.2,0.5040339352389955,0.4523849611768513,0,0,-0.05164897406214425,79.0,2.0,93833.198076,112.0,sbp_alt
56015,39.0,1.0,189.0,55.0,121.0,22.84,84.5238364292932,0.0,1.0,1.0,0.0,2.0,4.12,3.0,1.0199170611017723,0.9729437905423298,0,0,-0.04697327055944245,81.0,2.0,22157.972966,118.66666666666667,sbp_alt
56021,43.0,0.0,181.0,65.0,105.0,36.09,80.98388756730253,0.0,1.0,0.0,0.0,,7.69,5.6,1.0855141505114414,1.0352768779618042,0,0,-0.05023727254963717,75.0,2.0,32185.696993,107.33333333333333,sbp_alt
56028,52.0,0.0,187.0,30.0,156.0,32.16,106.48391533721266,1.0,1.0,1.0,0.0,,24.62,21.38,16.952120797632542,16.65425292753797,3,3,-0.2978678700945707,75.0,1.0,19364.17167,156.66666666666666,sbp_alt
56032,66.0,0.0,196.0,82.0,122.0,19.31,89.40451064556588,0.0,0.0,0.0,0.0,,5.34,5.87,3.897436283060384,3.951312763794962,1,1,0.05387648073457818,87.0,2.0,60762.062662,120.66666666666667,sbp_alt
56033,30.0,1.0,218.0,55.0,105.0,35.34,111.55221895065435,0.0,0.0,0.0,0.0,2.0,5.27,6.84,0.18792515458182432,0.19541276973278085,0,0,0.007487615150956528,82.0,1.0,18281.683005,104.66666666666667,sbp_alt
56035,55.0,0.0,283.0,75.0,148.0,22.78,85.78656304449378,0.0,0.0,0.0,0.0,,5.61,3.33,3.7209482485830754,3.4488423633775485,1,1,-0.2721058852055269,80.0,2.0,20666.658529,151.33333333333334,sbp_alt
56039,38.0,1.0,152.0,52.0,106.0,28.02,109.68550036217519,0.0,0.0,0.0,0.0,2.0,9.03,3.66,0.2909829805541971,0.254184525294078,0,0,-0.0367984552601191,78.0,1.0,18926.031583,108.0,sbp_alt
56040,38.0,1.0,178.0,59.0,107.0,24.87,102.7949798467782,0.0,0.0,0.0,0.0,2.0,6.26,2.54,0.2730955300233609,0.23859209758088562,0,0,-0.03450343244247528,85.0,1.0,19933.667798,105.33333333333333,sbp_alt
56041,62.0,1.0,200.0,44.0,130.0,31.45,71.33035139760756,0.0,0.0,0.0,0.0,,3.44,7.1,3.466166003541997,3.849161761538877,1,1,0.3829957579968797,81.0,2.0,21589.08157,133.33333333333334,sbp_alt
56042,71.0,1.0,181.0,89.0,178.0,17.77,66.56862295163037,0.0,1.0,1.0,0.0,,6.4,3.4,10.392005966887636,9.540442163092878,3,2,-0.8515638037947575,82.0,1.0,41432.419968,175.33333333333334,sbp_alt
56053,32.0,0.0,226.0,55.0,129.0,24.75,114.84112599784251,0.0,0.0,0.0,0.0,,55.32,19.38,0.8157275165759854,0.6970697725294176,0,0,-0.11865774404656781,78.0,1.0,60193.00099,129.33333333333334,sbp_alt
56054,48.0,0.0,171.0,50.0,111.0,38.63,84.6491272461845,0.0,0.0,1.0,0.0,,5.62,2.99,1.3722494652124222,1.2490771685773308,0,0,-0.12317229663509144,78.0,2.0,28520.501382,110.66666666666667,sbp_alt
56057,60.0,1.0,262.0,49.0,130.0,35.28,88.25456511874229,0.0,1.0,0.0,0.0,,52.76,21.53,6.9638943785434275,6.141013156618821,2,2,-0.8228812219246064,87.0,2.0,6347.437545,130.0,sbp_alt
56058,48.0,1.0,176.0,44.0,143.0,46.05,88.17825856896944,0.0,0.0,0.0,0.0,,18.97,13.36,2.016704673272314,1.9152872899172257,0,0,-0.10141738335508843,84.0,1.0,25343.501721,144.0,sbp_alt
56062,55.0,1.0,156.0,48.0,97.0,29.91,106.36695635004453,0.0,1.0,0.0,0.0,,5.74,8.31,2.128791731091828,2.2476483427540357,0,0,0.11885661166220762,88.0,2.0,10456.85874,97.33333333333333,sbp_alt
56066,60.0,0.0,180.0,40.0,154.0,23.2,83.15995212456842,0.0,0.0,0.0,0.0,,7.0,3.9,5.8773510671180755,5.407344113790508,2,2,-0.4700069533275677,85.0,1.0,9679.797799,158.0,sbp_alt
56078,43.0,1.0,184.0,44.0,134.0,33.57,115.56553067861383,0.0,1.0,0.0,0.0,2.0,6.3,6.39,1.7295533390592959,1.7331763112219631,0,0,0.0036229721626672706,89.0,1.0,13949.293547,133.33333333333334,sbp_alt
56079,71.0,1.0,193.0,41.0,125.0,29.94,79.92128471129446,1.0,0.0,1.0,1.0,,6.12,4.29,10.977058956963914,10.46661319708587,3,3,-0.5104457598780439,76.0,1.0,36689.33505,121.33333333333333,sbp_alt
56084,39.0,1.0,207.0,58.0,113.0,37.28,113.14504972452636,0.0,1.0,0.0,0.0,2.0,2.58,2.53,0.587888044122302,0.5861735340035895,0,0,-0.0017145101187124867,86.0,1.0,62857.617176,113.33333333333333,sbp_alt
56088,40.0,1.0,179.0,47.0,137.0,39.02,115.83310301534061,1.0,0.0,1.0,0.0,2.0,4.7,3.43,2.8104847576815875,2.684158461443489,0,0,-0.12632629623809866,75.0,2.0,24882.496233,136.66666666666666,sbp_alt
56089,34.0,0.0,194.0,38.0,124.0,40.68,120.01146965916602,0.0,0.0,0.0,0.0,,6.56,4.1,0.6993078524157683,0.6517078132264896,0,0,-0.04760003918927869,76.0,1.0,67374.750669,124.0,sbp_alt
56090,61.0,1.0,171.0,36.0,146.0,25.78,66.48121696247952,1.0,0.0,1.0,1.0,,203.64,21.84,14.806659503246363,11.056237722425664,3,3,-3.7504217808207,75.0,1.0,6912.351852,143.33333333333334,sbp_alt
56091,44.0,1.0,221.0,61.0,126.0,29.23,109.68077731874413,0.0,0.0,0.0,0.0,2.0,5.1,5.42,0.7202731648598877,0.7268354653158083,0,0,0.0065623004559206555,83.0,2.0,21270.615657,126.66666666666667,sbp_alt
56096,40.0,0.0,208.0,43.0,132.0,34.32,76.86121675141463,0.0,0.0,0.0,0.0,,6.85,3.26,1.3055661910935377,1.1687051233532122,0,0,-0.13686106774032547,81.0,2.0,91316.255685,132.66666666666666,sbp_alt
56099,59.0,0.0,179.0,73.0,126.0,30.82,66.97517941419434,1.0,0.0,1.0,1.0,,29.56,10.69,5.74408958091097,4.966879692685767,2,1,-0.7772098882252028,88.0,1.0,10326.372769,126.66666666666667,sbp_alt
56106,48.0,1.0,185.0,52.0,125.0,30.53,108.13817395799143,0.0,0.0,0.0,0.0,,8.05,6.31,1.044086562523612,1.0069814529946268,0,0,-0.03710510952898516,79.0,2.0,16538.27432,128.0,sbp_alt
56107,61.0,0.0,201.0,65.0,123.0,19.81,101.07057527797411,0.0,0.0,1.0,0.0,,4.71,3.48,3.8741122275662208,3.707454669953306,1,1,-0.1666575576129148,86.0,2.0,10167.570645,125.33333333333333,sbp_alt
56109,36.0,1.0,211.0,48.0,113.0,38.06,118.7508483909006,1.0,0.0,0.0,0.0,2.0,8.1,5.41,1.303030756757399,1.2273629338281877,0,0,-0.07566782292921137,77.0,1.0,25879.036132,110.66666666666667,sbp_alt
56114,50.0,0.0,145.0,37.0,119.0,49.46,107.01568095132788,0.0,0.0,1.0,0.0,,15.5,3.91,2.241066537720943,1.827933807390049,0,0,-0.4131327303308938,84.0,1.0,72494.098147,118.0,sbp_alt
56116,40.0,1.0,214.0,45.0,137.0,37.33,94.05116481788573,0.0,0.0,1.0,0.0,2.0,10.86,5.46,1.3655177821250604,1.2332396465594428,0,0,-0.13227813556561752,76.0,1.0,62130.73418,134.66666666666666,sbp_alt
56123,39.0,0.0,246.0,58.0,120.0,20.73,112.17511390970725,0.0,0.0,0.0,0.0,,5.39,3.39,0.8079715973537279,0.7537411887131508,0,0,-0.054230408640577155,88.0,1.0,56330.12625,121.33333333333333,sbp_alt
56126,44.0,1.0,230.0,72.0,128.0,27.66,112.54514197858055,0.0,0.0,1.0,1.0,2.0,16.0,20.74,0.9002029096745284,0.9356257745968901,0,0,0.035422864922361685,79.0,1.0,16643.301733,127.33333333333333,sbp_alt
56128,61.0,1.0,240.0,38.0,132.0,26.2,98.67642132440872,1.0,1.0,1.0,0.0,,5.97,5.5,12.726427450519285,12.590330986863547,3,3,-0.13609646365573802,80.0,1.0,55139.141581,136.0,sbp_alt
56129,44.0,0.0,175.0,34.0,129.0,28.61,82.19414639036681,0.0,0.0,0.0,0.0,,3.48,5.0,1.4254283473470168,1.50440393011857,0,0,0.07897558277155325,86.0,2.0,19102.531525,129.33333333333334,sbp_alt
56131,59.0,1.0,153.0,49.0,135.0,42.57,109.04327798382737,0.0,0.0,0.0,0.0,,15.63,11.69,2.909215350770973,2.788548894481964,0,0,-0.12066645628900874,87.0,1.0,14770.594178,136.66666666666666,sbp_alt
56140,52.0,0.0,162.0,37.0,134.0,36.8,93.92925546336984,0.0,0.0,1.0,1.0,,3.38,4.75,2.4952596095056405,2.6233734775298765,0,0,0.12811386802423597,87.0,1.0,14984.141601,138.0,sbp_alt
56146,48.0,1.0,207.0,76.0,137.0,30.59,93.63206839188908,0.0,0.0,0.0,0.0,,5.2,5.0,0.9059895802070901,0.9007188018049035,0,0,-0.005270778402186593,80.0,2.0,21081.607689,138.0,sbp_alt
56147,65.0,1.0,190.0,57.0,116.0,35.27,79.3312666714415,0.0,0.0,0.0,0.0,,11.18,1.36,3.536937159186642,2.602947056076619,1,0,-0.9339901031100233,76.0,2.0,65138.423846,117.33333333333333,sbp_alt
56149,44.0,1.0,262.0,52.0,100.0,20.02,85.37761710130829,0.0,0.0,0.0,0.0,2.0,5.4,6.13,0.805260782066834,0.8206085854867652,0,0,0.015347803419931139,86.0,1.0,73812.908056,102.0,sbp_alt
56150,52.0,1.0,235.0,62.0,128.0,40.46,89.94594741609347,0.0,1.0,1.0,0.0,,2.86,3.35,2.6905109608232207,2.7533683465566123,0,0,0.06285738573339161,87.0,2.0,26694.913266,127.0,sbp_alt
56155,41.0,0.0,281.0,39.0,113.0,27.16,105.79338330762911,0.0,0.0,0.0,0.0,,5.65,3.45,1.3645309732024227,1.2678235038519157,0,0,-0.096707469350507,76.0,1.0,18583.885455,112.0,sbp_alt
56159,49.0,1.0,239.0,54.0,116.0,32.27,99.11949239568213,0.0,0.0,0.0,0.0,,4.96,3.86,1.0559514815949989,1.0173397199327197,0,0,-0.0386117616622792,76.0,1.0,74567.776013,116.66666666666667,sbp_alt
56161,42.0,1.0,222.0,77.0,125.0,27.95,116.78359796470373,0.0,0.0,0.0,0.0,2.0,6.32,11.72,0.44127186232071886,0.4839319826366888,0,0,0.04266012031596994,86.0,3.0,14913.095055,126.0,sbp_alt
56163,61.0,0.0,191.0,43.0,168.0,27.69,81.69169092087093,1.0,0.0,0.0,0.0,,803.0,481.94,21.782875045304554,20.497932089550474,3,3,-1.2849429557540795,88.0,1.0,6162.897031,168.66666666666666,sbp_alt
56167,76.0,1.0,159.0,56.0,132.0,39.93,90.20409624879971,0.0,0.0,1.0,1.0,,4.53,2.33,8.49063716478331,7.746592074191807,2,2,-0.744045090591503,75.0,2.0,46891.216111,135.33333333333334,sbp_alt
56171,48.0,1.0,204.0,34.0,113.0,40.45,115.62116716318796,0.0,0.0,0.0,0.0,,6.55,5.0,1.1672704559125286,1.1214191345362152,0,0,-0.045851321376313425,80.0,1.0,12521.170471,113.33333333333333,sbp_alt
56173,56.0,0.0,196.0,50.0,130.0,29.95,100.92049922385212,0.0,0.0,0.0,0.0,,3.91,5.88,2.8216770946887837,2.9956274617308054,0,0,0.17395036704202171,86.0,1.0,88043.968813,129.33333333333334,sbp_alt
56176,61.0,0.0,249.0,94.0,158.0,22.43,93.41967550533249,0.0,0.0,0.0,0.0,,14.79,1.3,4.87926684713338,3.4312207965363055,1,1,-1.4480460505970743,84.0,2.0,10492.23524,158.66666666666666,sbp_alt
56179,41.0,0.0,202.0,30.0,102.0,25.59,104.44427033310565,0.0,0.0,0.0,0.0,,5.67,2.18,1.1187438904448381,0.9698332521017208,0,0,-0.14891063834311735,85.0,1.0,72486.78935,102.66666666666667,sbp_alt
56180,61.0,0.0,212.0,36.0,146.0,25.3,94.63951366707937,0.0,0.0,0.0,0.0,,3.85,5.12,6.008256694086511,6.2560217768241,2,2,0.24776508273758857,78.0,2.0,62997.695381,146.66666666666666,sbp_alt
56187,56.0,0.0,176.0,49.0,133.0,40.46,80.54051903734238,0.0,0.0,1.0,1.0,,9.58,6.67,3.426503814373917,3.2501197502556938,1,1,-0.17638406411822327,81.0,2.0,23200.619065,131.33333333333334,sbp_alt
56188,55.0,0.0,272.0,90.0,123.0,28.58,106.14717977631172,0.0,0.0,0.0,0.0,,21.07,12.77,2.3859940659675556,2.2160756366459506,0,0,-0.16991842932160495,78.0,2.0,24446.253808,123.33333333333333,sbp_alt
56190,47.0,1.0,188.0,46.0,113.0,24.77,100.36009979085276,0.0,1.0,1.0,0.0,,5.77,5.46,1.8154301797178398,1.8007119799608595,0,0,-0.0147181997569803,84.0,2.0,28434.973166,114.0,sbp_alt
56191,52.0,1.0,174.0,58.0,137.0,25.09,88.5984503448326,0.0,0.0,1.0,0.0,,3.33,5.07,1.7119401832525363,1.8214251303742406,0,0,0.10948494712170431,76.0,2.0,98244.250886,136.66666666666666,sbp_alt
56193,31.0,1.0,155.0,48.0,105.0,30.4,105.69790986592301,0.0,0.0,0.0,0.0,2.0,4.63,3.74,0.16383769529103281,0.15867868054975984,0,0,-0.005159014741272977,85.0,2.0,22971.587367,105.33333333333333,sbp_alt
56195,58.0,1.0,223.0,44.0,118.0,31.28,102.37399952783213,0.0,0.0,0.0,0.0,,25.19,3.66,2.904837527290781,2.190490226655036,0,0,-0.7143473006357448,85.0,1.0,82726.284588,119.33333333333333,sbp_alt
56196,71.0,0.0,165.0,43.0,125.0,34.17,65.9704441521665,0.0,0.0,1.0,0.0,,18.3,10.32,11.090744440555943,10.266067779944452,3,3,-0.824676660611491,86.0,1.0,31906.735861,128.66666666666666,sbp_alt
56198,47.0,1.0,215.0,69.0,145.0,21.28,108.8128134010781,0.0,0.0,1.0,0.0,,3.75,5.71,1.27849170084484,1.3606588261844468,0,0,0.0821671253396068,81.0,1.0,18753.071105,140.0,sbp_alt
56200,57.0,0.0,168.0,55.0,129.0,22.13,89.93953382933316,0.0,1.0,0.0,0.0,,3.55,6.37,3.569418412848157,3.886077019948796,1,1,0.316658607100639,84.0,1.0,17066.203194,126.66666666666667,sbp_alt
56201,55.0,1.0,241.0,45.0,124.0,32.92,84.42177217074423,0.0,0.0,0.0,0.0,,5.08,2.59,2.2465757433850064,2.0348871615170685,0,0,-0.21168858186793793,85.0,1.0,11755.17247,125.33333333333333,sbp_alt
56204,37.0,0.0,241.0,36.0,116.0,28.24,95.94832669968798,0.0,1.0,0.0,0.0,,2.35,2.63,1.4670925839467188,1.4918691397125943,0,0,0.024776555765875452,86.0,1.0,21937.76209,114.66666666666667,sbp_alt
56211,62.0,1.0,187.0,53.0,98.0,26.72,63.69774153736978,1.0,0.0,0.0,1.0,,5.45,4.63,4.463272681308715,4.3600498684697895,1,1,-0.10322281283892565,75.0,1.0,22635.586307,99.33333333333333,sbp_alt
56212,63.0,0.0,201.0,42.0,128.0,25.07,89.93889576461594,1.0,0.0,1.0,1.0,,7.29,8.96,10.098233116667274,10.384543136748169,3,3,0.28631002008089546,87.0,2.0,57239.917128,130.0,sbp_alt
56215,36.0,0.0,222.0,73.0,117.0,22.33,116.32464212141966,0.0,1.0,0.0,0.0,,90.7,64.79,1.0660180870117875,1.013752372967924,0,0,-0.052265714043863376,77.0,1.0,17888.196218,116.66666666666667,sbp_alt
56219,74.0,0.0,199.0,76.0,141.0,30.23,92.51934401117803,0.0,0.0,0.0,0.0,,12.56,8.52,9.730853907573628,9.228070392160998,2,2,-0.5027835154126308,81.0,2.0,32931.023461,146.0,sbp_alt
56220,45.0,1.0,193.0,46.0,117.0,33.72,113.65956681568603,0.0,0.0,1.0,0.0,,4.56,3.81,0.9401558269483885,0.9153623588532473,0,0,-0.024793468095141158,83.0,1.0,88626.466787,120.0,sbp_alt
56221,72.0,0.0,158.0,57.0,160.0,20.65,88.38150982912829,0.0,0.0,0.0,0.0,,4.52,1.83,8.915296744405563,7.866962653188547,2,2,-1.0483340912170158,86.0,1.0,10341.056904,162.66666666666666,sbp_alt
56222,50.0,0.0,211.0,60.0,109.0,23.58,106.2397055420496,0.0,0.0,0.0,0.0,,11.69,5.16,1.4391081008423219,1.2740533693080986,0,0,-0.16505473153422323,85.0,2.0,12815.795366,108.0,sbp_alt
56225,32.0,0.0,225.0,75.0,118.0,24.34,87.63171097589868,0.0,0.0,0.0,0.0,,3.85,4.22,0.2806527373619667,0.28455759176332907,0,0,0.0039048544013623454,79.0,1.0,69862.627307,116.66666666666667,sbp_alt
56228,39.0,0.0,195.0,48.0,116.0,23.33,113.35632838072446,0.0,0.0,0.0,0.0,,6.6,10.82,0.6981788370859683,0.7518833894322154,0,0,0.05370455234624716,79.0,1.0,56323.413154,116.66666666666667,sbp_alt
56231,45.0,1.0,172.0,90.0,102.0,23.3,103.28891875590945,0.0,0.0,0.0,0.0,,5.76,4.4,0.26387166345762497,0.2534419269139846,0,0,-0.010429736543640378,86.0,2.0,17268.46456,102.66666666666667,sbp_alt
56232,38.0,1.0,264.0,48.0,98.0,31.09,93.83645525481496,0.0,1.0,0.0,0.0,2.0,3.21,3.65,0.9734373381894115,0.9922032752397265,0,0,0.01876593705031504,80.0,2.0,62794.052912,99.33333333333333,sbp_alt
56233,38.0,1.0,238.0,47.0,104.0,32.37,116.37457921366499,0.0,0.0,0.0,0.0,2.0,3.48,3.48,0.44034303114059703,0.44034303114059703,0,0,0.0,85.0,2.0,21627.405372,102.66666666666667,sbp_alt
56234,44.0,0.0,197.0,56.0,107.0,23.53,106.58236455643373,0.0,0.0,0.0,0.0,,2.93,2.49,0.7404003963548035,0.7225589301782696,0,0,-0.017841466176533927,77.0,2.0,92556.868952,104.0,sbp_alt
56235,55.0,1.0,225.0,76.0,115.0,28.67,100.35085312598174,0.0,1.0,0.0,0.0,,5.77,3.38,1.7760038433992575,1.641240451252648,0,0,-0.1347633921466096,78.0,2.0,30952.198201,114.66666666666667,sbp_alt
56240,53.0,0.0,240.0,63.0,144.0,29.18,69.52162763358469,0.0,0.0,0.0,0.0,,3.92,2.28,2.9540379589704187,2.7282586470488557,0,0,-0.22577931192156298,89.0,2.0,71543.096157,145.33333333333334,sbp_alt
56242,56.0,1.0,155.0,31.0,137.0,29.79,83.89835718328561,0.0,0.0,0.0,0.0,,2.46,2.58,2.5989559817999397,2.617117048165821,0,0,0.01816106636588133,81.0,2.0,25086.627681,138.66666666666666,sbp_alt
56243,33.0,0.0,214.0,71.0,117.0,26.55,118.51538941537396,0.0,0.0,0.0,0.0,,4.75,3.08,0.30196421215133884,0.28289650194080906,0,0,-0.019067710210529776,85.0,2.0,29044.352085,119.33333333333333,sbp_alt
56244,30.0,1.0,186.0,58.0,103.0,23.11,123.26584766497518,0.0,0.0,0.0,0.0,2.0,1.6,3.68,0.11569258678137705,0.13108162390084288,0,0,0.015389037119465834,82.0,2.0,26824.964193,103.33333333333333,sbp_alt
56245,34.0,0.0,196.0,36.0,131.0,28.66,128.0072236378041,1.0,0.0,1.0,1.0,,4.26,3.05,2.763237676043026,2.6308524217765132,0,0,-0.13238525426651293,81.0,2.0,20386.220301,136.66666666666666,sbp_alt
56253,33.0,0.0,153.0,35.0,115.0,25.57,124.23853179934895,0.0,0.0,0.0,0.0,,4.4,2.5,0.40965131717090625,0.37625800458959874,0,0,-0.03339331258130751,83.0,1.0,28457.847841,113.33333333333333,sbp_alt
56258,69.0,0.0,163.0,47.0,123.0,39.39,74.28503381446077,0.0,0.0,1.0,1.0,,139.44,60.07,10.601702456144686,9.455422681922027,3,2,-1.1462797742226591,76.0,1.0,55292.275546,126.66666666666667,sbp_alt
56260,45.0,1.0,171.0,42.0,109.0,32.47,82.53952338250114,0.0,0.0,0.0,0.0,,53.45,3.95,0.9799307198573506,0.6648669530802833,0,0,-0.31506376677706727,84.0,2.0,29327.016939,108.66666666666667,sbp_alt
56264,56.0,0.0,150.0,40.0,181.0,25.88,98.91752920163769,0.0,1.0,0.0,0.0,,8.44,7.78,8.818459815710524,8.720090071903076,2,2,-0.09836974380744756,82.0,2.0,25838.904871,182.0,sbp_alt
56265,50.0,1.0,275.0,57.0,115.0,29.63,105.66337396368023,0.0,0.0,0.0,1.0,,6.88,3.59,1.363513190501653,1.2382322894664808,0,0,-0.1252809010351723,76.0,1.0,75805.437378,112.66666666666667,sbp_alt
56267,50.0,1.0,186.0,65.0,102.0,29.54,87.08823773497362,0.0,0.0,0.0,0.0,,6.84,6.88,0.7650504078296347,0.7657152559845463,0,0,0.0006648481549115237,86.0,3.0,9424.601406,102.66666666666667,sbp_alt
56275,75.0,0.0,182.0,67.0,162.0,28.58,72.36744724548797,0.0,0.0,0.0,1.0,,10.31,12.8,10.430623172893926,10.73979332983215,3,3,0.30917015693822414,78.0,2.0,36143.255804,163.33333333333334,sbp_alt
56276,65.0,1.0,186.0,47.0,141.0,27.92,41.75104679388652,1.0,0.0,0.0,0.0,,99.54,58.96,15.621681241425174,14.61316006824576,3,3,-1.008521173179414,75.0,1.0,6792.427299,143.33333333333334,sbp_alt
56278,38.0,0.0,260.0,45.0,140.0,28.47,112.11147229501812,0.0,1.0,0.0,0.0,,8.61,6.15,2.987418113980926,2.8436283436089353,0,0,-0.1437897703719906,77.0,1.0,18656.505193,138.66666666666666,sbp_alt
56280,71.0,1.0,229.0,73.0,126.0,31.09,94.07058107064435,0.0,0.0,0.0,0.0,,7.48,5.92,5.006114252286262,4.841748340217776,2,1,-0.1643659120684866,77.0,1.0,36352.628295,126.66666666666667,sbp_alt
56283,66.0,1.0,275.0,58.0,130.0,28.04,95.65514903430172,0.0,0.0,0.0,0.0,,9.59,3.09,4.662927446355646,3.9627588354876697,1,1,-0.7001686108679759,82.0,2.0,8266.853321,135.33333333333334,sbp_alt
56292,41.0,1.0,190.0,76.0,100.0,22.77,100.89482303978211,0.0,0.0,0.0,0.0,2.0,5.56,3.97,0.26314299888855847,0.2502002438226136,0,0,-0.012942755065944889,83.0,1.0,73932.132112,98.0,sbp_alt
56293,38.0,1.0,178.0,100.0,101.0,24.1,96.65854024893135,0.0,0.0,0.0,0.0,2.0,5.38,42.86,0.10846446410167465,0.14805241433892685,0,0,0.0395879502372522,85.0,1.0,57097.484011,101.33333333333333,sbp_alt
56294,38.0,1.0,222.0,71.0,115.0,27.79,96.65854024893135,0.0,0.0,0.0,0.0,2.0,5.14,3.36,0.2903448139828899,0.2724432129665117,0,0,-0.01790160101637822,79.0,2.0,60973.74887,116.0,sbp_alt
56299,60.0,1.0,197.0,51.0,131.0,43.03,63.72948382446315,1.0,0.0,1.0,1.0,,2.22,1.61,5.903935727246609,5.641629350415564,2,2,-0.2623063768310452,89.0,2.0,15534.684571,132.66666666666666,sbp_alt
56302,60.0,0.0,169.0,63.0,90.0,28.6,98.10549757754102,0.0,1.0,0.0,0.0,,8.22,5.71,4.497765667526252,4.267259340838645,1,1,-0.23050632668760684,88.0,1.0,18419.451973,92.0,sbp_alt
56304,32.0,0.0,225.0,66.0,111.0,29.03,125.0136162199124,0.0,0.0,0.0,0.0,,5.06,5.0,0.28248471464762154,0.28197776610625225,0,0,-0.0005069485413692898,87.0,1.0,33958.460784,110.0,sbp_alt
56307,43.0,0.0,283.0,50.0,124.0,23.59,99.3367502559088,0.0,0.0,0.0,0.0,,4.88,6.05,1.61415308443711,1.666509890101637,0,0,0.05235680566452716,89.0,2.0,17000.069364,123.33333333333333,sbp_alt
56308,43.0,1.0,173.0,50.0,117.0,32.5,117.08122615673184,0.0,0.0,0.0,0.0,2.0,32.72,5.47,0.7103280814346654,0.5439608362664918,0,0,-0.16636724516817358,86.0,2.0,13694.321614,117.33333333333333,sbp_alt
56314,44.0,1.0,215.0,72.0,114.0,22.08,102.2501861304978,0.0,0.0,0.0,0.0,2.0,4.72,3.59,0.4313499775632253,0.4140602980471126,0,0,-0.01728967951611271,77.0,1.0,76603.798386,113.33333333333333,sbp_alt
56317,47.0,0.0,187.0,41.0,142.0,33.18,72.86951269184044,0.0,1.0,0.0,0.0,,9.31,2.53,3.847403655223564,3.182130069555858,1,1,-0.6652735856677063,84.0,2.0,22235.596677,142.0,sbp_alt
56319,72.0,0.0,185.0,52.0,130.0,29.07,85.04298252766228,0.0,0.0,1.0,0.0,,3.29,1.56,9.245215199198379,8.342185785937115,2,2,-0.9030294132612635,76.0,2.0,33645.553037,131.33333333333334,sbp_alt
56323,53.0,1.0,193.0,58.0,122.0,28.42,85.47841877311319,0.0,0.0,0.0,0.0,,3.77,21.43,1.2642702525362344,1.6349347739978142,0,0,0.3706645214615798,77.0,1.0,98244.250886,121.33333333333333,sbp_alt
56326,60.0,1.0,264.0,52.0,116.0,31.13,62.24742345550428,0.0,0.0,1.0,0.0,,5.36,2.78,3.5654334472447586,3.2416444731477214,1,1,-0.3237889740970372,78.0,1.0,13610.328052,116.66666666666667,sbp_alt
56328,47.0,0.0,175.0,38.0,142.0,28.7,101.91836798194,0.0,0.0,1.0,0.0,,5.62,2.46,2.566184342295765,2.2720369263122024,0,0,-0.2941474159835624,83.0,1.0,98607.65508,141.33333333333334,sbp_alt
56329,39.0,1.0,178.0,34.0,108.0,27.46,110.85038106649752,0.0,1.0,0.0,0.0,2.0,5.44,3.72,0.91057298726532,0.8605094558135244,0,0,-0.05006353145179554,75.0,2.0,25418.306514,109.33333333333333,sbp_alt
56330,44.0,0.0,200.0,42.0,143.0,29.27,108.74053897532865,0.0,1.0,0.0,0.0,,5.52,3.64,3.146442616376374,2.9603671188991036,1,0,-0.18607549747727026,75.0,1.0,25429.74678,143.33333333333334,sbp_alt
56331,59.0,0.0,199.0,98.0,117.0,20.53,89.9277705591563,0.0,0.0,1.0,0.0,,8.1,4.76,2.2458099301104344,2.0761644880136516,0,0,-0.16964544209678278,80.0,2.0,24180.777895,120.0,sbp_alt
56332,36.0,0.0,200.0,32.0,142.0,35.95,112.01944372066578,0.0,1.0,1.0,0.0,,4.57,3.55,2.797846120067021,2.6959702611292897,0,0,-0.10187585893773132,81.0,2.0,14796.340278,144.0,sbp_alt
56335,34.0,1.0,141.0,45.0,115.0,33.14,117.13011737580138,0.0,0.0,0.0,0.0,2.0,12.51,7.75,0.266462622437066,0.24802640727447403,0,0,-0.018436215162591946,86.0,2.0,20178.305263,117.33333333333333,sbp_alt
56336,36.0,0.0,133.0,27.0,102.0,22.46,113.5146909581791,0.0,0.0,0.0,0.0,,2.73,4.09,0.5001899375215223,0.5315072312133255,0,0,0.03131729369180325,83.0,2.0,80133.964096,102.66666666666667,sbp_alt
56337,36.0,0.0,154.0,40.0,108.0,32.4,75.08939709238084,0.0,0.0,0.0,0.0,,2.89,2.67,0.42285629941390795,0.4178515400128452,0,0,-0.005004759401062764,75.0,2.0,90136.964446,109.33333333333333,sbp_alt
56349,34.0,0.0,238.0,78.0,109.0,36.06,121.44141605118388,0.0,1.0,0.0,0.0,,8.86,2.84,0.549336514019397,0.4630204902098111,0,0,-0.08631602380958586,82.0,1.0,21317.822373,109.33333333333333,sbp_alt
56352,71.0,1.0,198.0,62.0,155.0,37.11,64.05405666310824,1.0,0.0,1.0,0.0,,47.83,32.19,15.497671063647095,14.73501666179805,3,3,-0.762654401849046,80.0,1.0,35645.410956,161.33333333333334,sbp_alt
56355,67.0,0.0,248.0,61.0,125.0,27.92,63.72441025824611,0.0,0.0,1.0,0.0,,1.93,0.9,6.717814366540146,6.030916602021964,2,2,-0.6868977645181822,82.0,2.0,13193.366177,129.33333333333334,sbp_alt
56357,70.0,1.0,198.0,84.0,133.0,21.12,86.98370655224116,0.0,0.0,1.0,0.0,,3.19,9.81,4.795640940861537,5.627021946042417,1,2,0.8313810051808801,89.0,2.0,13553.34411,134.0,sbp_alt
56358,40.0,0.0,236.0,44.0,118.0,24.13,119.45646822701602,0.0,1.0,0.0,0.0,,18.82,6.49,2.0560007132494307,1.7560197185058029,0,0,-0.2999809947436278,76.0,1.0,22585.941768,119.33333333333333,sbp_alt
56359,46.0,1.0,206.0,61.0,133.0,44.5,93.36576203461988,0.0,1.0,0.0,0.0,,7.94,5.14,1.7440965202442669,1.6356782264422018,0,0,-0.10841829380206502,84.0,2.0,28995.589268,132.66666666666666,sbp_alt
56365,58.0,1.0,208.0,71.0,111.0,24.35,93.72382425083185,0.0,1.0,0.0,0.0,,102.88,12.54,3.3373021955860405,2.4554074573145432,1,0,-0.8818947382714972,88.0,1.0,10257.596301,111.33333333333333,sbp_alt
56368,43.0,1.0,167.0,91.0,104.0,23.75,70.83657098801189,0.0,0.0,0.0,0.0,2.0,4.57,2.31,0.21579261285479656,0.19482564648853065,0,0,-0.02096696636626591,76.0,2.0,64135.851222,103.33333333333333,sbp_alt
56369,51.0,0.0,237.0,60.0,103.0,26.47,80.39710193197172,0.0,1.0,0.0,0.0,,3.68,3.48,2.485402718080489,2.46503305080567,0,0,-0.020369667274819037,84.0,2.0,19140.868791,104.0,sbp_alt
56374,32.0,1.0,219.0,39.0,102.0,39.29,117.77052579331631,0.0,1.0,0.0,0.0,2.0,10.58,3.13,0.7113282132120179,0.5931724550165282,0,0,-0.11815575819548974,86.0,1.0,16432.42479,102.0,sbp_alt
56377,67.0,1.0,208.0,68.0,139.0,29.94,59.595617859317855,0.0,0.0,1.0,1.0,,35.71,145.53,6.843323902176729,8.316541483729438,2,2,1.473217581552709,87.0,2.0,67490.818023,138.66666666666666,sbp_alt
56380,62.0,0.0,211.0,27.0,126.0,35.96,100.06309588894229,1.0,0.0,1.0,1.0,,5.91,5.29,11.790502865389117,11.61755504420413,3,3,-0.1729478211849873,75.0,1.0,7737.568458,127.33333333333333,sbp_alt
56382,69.0,0.0,179.0,32.0,124.0,23.96,76.8391714193786,1.0,0.0,0.0,1.0,,7.99,5.1,10.97539947266367,10.330304161189654,3,3,-0.6450953114740159,76.0,1.0,61916.952446,122.0,sbp_alt
56390,44.0,1.0,226.0,68.0,99.0,33.83,110.06734800595726,0.0,0.0,0.0,0.0,2.0,4.17,2.3,0.44923454904564275,0.411005102361129,0,0,-0.038229446684513724,78.0,2.0,21363.982592,100.66666666666667,sbp_alt
56396,38.0,0.0,207.0,28.0,120.0,29.9,86.23418040672956,0.0,0.0,0.0,0.0,,10.19,3.31,1.2012184114618552,1.0155319818366046,0,0,-0.1856864296252505,87.0,2.0,24272.731935,120.66666666666667,sbp_alt
56399,69.0,1.0,190.0,95.0,105.0,21.34,94.89817757649139,0.0,0.0,0.0,1.0,,7.21,6.51,2.544624075650837,2.5068783959232466,0,0,-0.03774567972759035,78.0,2.0,69974.023405,108.0,sbp_alt
56401,31.0,1.0,190.0,55.0,94.0,30.23,112.68544846979894,0.0,0.0,0.0,0.0,2.0,4.93,2.47,0.17549120154940615,0.15822366558524587,0,0,-0.01726753596416028,85.0,1.0,19827.180131,97.33333333333333,sbp_alt
56402,45.0,1.0,159.0,67.0,92.0,20.71,109.00075649936791,0.0,0.0,0.0,0.0,,3.74,9.3,0.3779164120509368,0.43305708944153065,0,0,0.05514067739059386,82.0,2.0,16685.203751,90.66666666666667,sbp_alt
56403,45.0,0.0,175.0,46.0,109.0,25.9,98.10879305741537,0.0,0.0,0.0,0.0,,4.22,3.18,0.8836123538368428,0.846965541086633,0,0,-0.036646812750209756,85.0,1.0,18607.909455,110.0,sbp_alt
56408,44.0,1.0,212.0,60.0,105.0,23.1,90.39940001702745,0.0,0.0,0.0,0.0,2.0,1.88,10.48,0.4542925395084786,0.5871874384401952,0,0,0.13289489893171658,76.0,2.0,85773.925002,106.66666666666667,sbp_alt
56411,50.0,0.0,262.0,39.0,122.0,24.74,113.74822078851547,1.0,0.0,0.0,0.0,,8.41,4.02,5.874801418803198,5.2879128770296235,2,2,-0.5868885417735745,86.0,1.0,12536.751266,119.33333333333333,sbp_alt
56416,46.0,1.0,237.0,38.0,107.0,23.26,109.0955680386797,0.0,1.0,0.0,0.0,,5.45,4.17,1.7344950096229332,1.6673111827658327,0,0,-0.06718382685710056,77.0,2.0,14635.730871,110.0,sbp_alt
56420,61.0,1.0,226.0,33.0,119.0,33.06,99.02420707990402,0.0,0.0,0.0,0.0,,3.73,4.13,3.1991000194383483,3.246798487845205,1,1,0.047698468406856875,77.0,2.0,18400.081764,119.33333333333333,sbp_alt
56426,36.0,1.0,167.0,59.0,103.0,27.52,102.46165380886283,0.0,1.0,0.0,0.0,2.0,3.59,5.62,0.37911577212414677,0.4053939344338319,0,0,0.02627816230968516,83.0,2.0,60104.196641,103.33333333333333,sbp_alt
56430,43.0,0.0,171.0,66.0,108.0,25.96,120.46472781679812,0.0,0.0,0.0,0.0,,6.26,6.34,0.5506929261292317,0.551744104335458,0,0,0.0010511782062262442,77.0,2.0,23760.051347,112.0,sbp_alt
56432,64.0,1.0,219.0,37.0,127.0,28.45,97.19375269953703,0.0,0.0,1.0,0.0,,4.91,6.52,5.172739484060552,5.385605307335841,2,2,0.21286582327528958,86.0,2.0,6249.638458,130.0,sbp_alt
56435,40.0,1.0,195.0,72.0,98.0,22.38,85.1465380320185,0.0,0.0,0.0,0.0,2.0,2.83,2.83,0.25500544734053976,0.25500544734053976,0,0,0.0,79.0,2.0,80201.026305,97.33333333333333,sbp_alt
56436,37.0,1.0,193.0,75.0,135.0,23.54,117.55302423641562,0.0,0.0,0.0,0.0,2.0,6.39,5.18,0.343106045283322,0.3324970833933956,0,0,-0.010608961889926383,81.0,1.0,23804.612833,138.0,sbp_alt
56438,52.0,1.0,214.0,38.0,130.0,35.3,107.93210283621393,0.0,0.0,0.0,0.0,,9.4,7.95,2.194882438004726,2.141534724668885,0,0,-0.053347713335841096,87.0,2.0,12719.508666,132.66666666666666,sbp_alt
56439,52.0,1.0,172.0,55.0,118.0,38.01,81.23365023613746,0.0,0.0,1.0,1.0,,2.24,3.42,1.1524455303411905,1.2271039253863625,0,0,0.07465839504517202,83.0,2.0,29615.973733,118.0,sbp_alt
56441,66.0,1.0,165.0,21.0,115.0,35.53,70.50647339516557,0.0,0.0,1.0,0.0,,2.19,3.47,5.5068352721599805,5.877622760994966,2,2,0.3707874888349858,78.0,2.0,69974.023405,115.33333333333333,sbp_alt
56442,46.0,1.0,174.0,45.0,124.0,55.04,102.64852745962281,0.0,0.0,0.0,0.0,,5.43,1.25,0.9216780263855135,0.7406464233138074,0,0,-0.18103160307170618,76.0,2.0,19980.435015,125.33333333333333,sbp_alt
56443,52.0,1.0,223.0,51.0,94.0,29.11,86.01169125891848,0.0,0.0,0.0,0.0,,6.01,8.2,1.3208503408493382,1.3830475786839973,0,0,0.062197237834659136,82.0,1.0,22290.186406,93.33333333333333,sbp_alt
56449,51.0,0.0,211.0,46.0,114.0,26.87,76.25676570893545,0.0,0.0,0.0,0.0,,7.38,3.83,1.9487244101300658,1.76820927059966,0,0,-0.18051513953040588,78.0,2.0,23716.595191,117.33333333333333,sbp_alt
56450,56.0,1.0,245.0,52.0,133.0,30.98,103.65534124798963,0.0,1.0,1.0,1.0,,6.67,5.74,5.006665958142333,4.900535391711646,2,1,-0.10613056643068752,76.0,1.0,14495.000318,131.33333333333334,sbp_alt
56455,74.0,0.0,250.0,82.0,115.0,27.38,92.51934401117803,0.0,0.0,1.0,0.0,,5.31,8.65,9.764438633639113,10.433216954887092,2,3,0.668778321247979,77.0,1.0,29609.395167,118.0,sbp_alt
56462,42.0,0.0,264.0,50.0,113.0,28.09,87.8675526574244,0.0,0.0,0.0,0.0,,2.96,3.61,1.024059804253018,1.0548948371805629,0,0,0.03083503292754486,79.0,2.0,78869.850375,112.0,sbp_alt
56466,74.0,0.0,211.0,52.0,129.0,33.26,93.57987279799293,0.0,0.0,1.0,0.0,,6.36,2.86,12.11062464134194,10.88364334412589,3,3,-1.2269812972160494,85.0,2.0,10178.546598,129.33333333333334,sbp_alt
56469,77.0,1.0,145.0,56.0,111.0,39.53,33.26077552664452,1.0,0.0,1.0,1.0,,9.07,6.19,13.460133321196178,12.80596286741105,3,3,-0.6541704537851274,89.0,2.0,14565.033195,114.66666666666667,sbp_alt
56470,60.0,1.0,225.0,53.0,129.0,29.82,102.28513880686644,0.0,0.0,0.0,0.0,,8.71,4.67,2.9727313215658366,2.7143904684233737,0,0,-0.2583408531424629,85.0,2.0,6774.929441,125.33333333333333,sbp_alt
56475,66.0,0.0,187.0,28.0,130.0,35.29,70.92952200375034,1.0,0.0,1.0,1.0,,3.19,4.79,11.676870643495105,12.325010595472168,3,3,0.648139951977063,82.0,1.0,57701.152929,130.0,sbp_alt
56479,56.0,0.0,164.0,34.0,117.0,32.66,100.5766984210164,0.0,1.0,0.0,0.0,,3.48,3.07,3.619448595983631,3.553990804156776,1,1,-0.06545779182685507,85.0,1.0,8891.878614,118.0,sbp_alt
56481,41.0,0.0,232.0,42.0,128.0,27.11,98.14672466577782,0.0,0.0,0.0,0.0,,6.19,5.17,1.4197513717637207,1.382193792545176,0,0,-0.037557579218544745,85.0,1.0,74096.101449,128.0,sbp_alt
56489,46.0,1.0,159.0,35.0,106.0,33.82,108.32495180907185,0.0,0.0,0.0,0.0,,4.08,2.95,0.7456453829959079,0.7104661208748548,0,0,-0.035179262121053045,78.0,1.0,30213.404713,104.0,sbp_alt
56494,58.0,0.0,238.0,91.0,142.0,24.68,70.80510347319591,0.0,1.0,0.0,0.0,,4.66,1.51,3.9627700119937126,3.3635349949459337,1,1,-0.5992350170477789,80.0,2.0,20088.350472,142.0,sbp_alt
56496,35.0,1.0,177.0,50.0,101.0,37.38,109.91673186170055,0.0,1.0,0.0,0.0,2.0,3.15,223.06,0.44583419747691033,0.8417528803471324,0,0,0.395918682870222,78.0,2.0,25897.157431,100.0,sbp_alt
56506,50.0,1.0,147.0,46.0,112.0,34.15,108.00553999344656,0.0,0.0,0.0,0.0,,6.89,3.92,0.892296393364794,0.8204536662875825,0,0,-0.07184272707721151,86.0,3.0,71724.177475,112.0,sbp_alt
56508,36.0,1.0,182.0,37.0,108.0,40.84,119.2248431977211,0.0,0.0,0.0,0.0,2.0,9.37,5.43,0.4010228193082988,0.36960366205500994,0,0,-0.031419157253288865,85.0,2.0,18499.4128,106.66666666666667,sbp_alt
56510,66.0,0.0,225.0,48.0,133.0,32.11,95.16303118489925,0.0,0.0,0.0,0.0,,5.51,4.76,6.747493743180045,6.609789468215975,2,2,-0.13770427496407045,89.0,2.0,6230.506123,132.66666666666666,sbp_alt
56511,38.0,1.0,164.0,48.0,111.0,47.99,116.82419548614985,0.0,0.0,0.0,0.0,2.0,5.67,4.23,0.31441565908972824,0.30092691983601483,0,0,-0.013488739253713411,81.0,1.0,53950.890966,112.0,sbp_alt
56514,39.0,0.0,164.0,25.0,118.0,33.58,99.37515662693103,0.0,1.0,0.0,0.0,,1.85,2.16,1.355956039330123,1.3876064771900052,0,0,0.031650437859882086,81.0,2.0,78752.983185,120.66666666666667,sbp_alt
56522,39.0,0.0,276.0,61.0,127.0,22.63,83.89850807898857,0.0,0.0,0.0,0.0,,2.25,3.21,0.9456103282950922,0.9972170825674364,0,0,0.05160675427234418,89.0,2.0,22591.314467,124.66666666666667,sbp_alt
56525,30.0,0.0,167.0,66.0,118.0,23.44,111.83962537807189,0.0,0.0,0.0,0.0,,4.03,4.18,0.20061932568701407,0.2017272728481985,0,0,0.001107947161184425,78.0,1.0,57714.14322,120.0,sbp_alt
56526,35.0,0.0,290.0,32.0,124.0,26.53,104.40420937362191,0.0,1.0,0.0,0.0,,7.01,6.18,2.6007111576457698,2.5529394694649192,0,0,-0.047771688180850536,88.0,2.0,23998.324651,124.66666666666667,sbp_alt
56527,49.0,1.0,264.0,54.0,134.0,26.19,100.75107781304223,0.0,0.0,0.0,0.0,,11.21,5.48,1.8622590509172783,1.6757267277424674,0,0,-0.18653232317481083,85.0,1.0,27974.327374,134.66666666666666,sbp_alt
56529,70.0,1.0,259.0,68.0,117.0,22.24,74.71036020406885,0.0,0.0,1.0,0.0,,5.56,3.39,5.813446497587271,5.419851080359153,2,2,-0.3935954172281182,88.0,2.0,38449.528758,118.0,sbp_alt
56531,38.0,0.0,230.0,42.0,118.0,27.18,113.66133730581124,0.0,0.0,0.0,0.0,,14.24,6.24,1.0236928863523485,0.9048592848028212,0,0,-0.11883360154952727,83.0,1.0,34020.301436,120.0,sbp_alt
56532,56.0,0.0,210.0,31.0,123.0,34.08,79.65464989461398,0.0,1.0,0.0,1.0,,8.6,6.13,5.858890824721419,5.58318031753692,2,2,-0.27571050718449897,80.0,1.0,16287.454934,123.33333333333333,sbp_alt
56536,67.0,1.0,271.0,56.0,120.0,29.69,64.04613334433898,0.0,0.0,0.0,0.0,,11.31,3.47,5.00966581182885,4.22986980507314,2,1,-0.7797960067557108,87.0,1.0,78374.05594,118.66666666666667,sbp_alt
56537,44.0,0.0,191.0,47.0,120.0,29.58,110.27902147031381,0.0,0.0,0.0,0.0,,5.65,4.36,1.0805358327768266,1.0394931976309614,0,0,-0.04104263514586526,86.0,2.0,19102.531525,121.33333333333333,sbp_alt
56542,76.0,0.0,188.0,62.0,131.0,28.74,60.84384413268728,0.0,0.0,1.0,0.0,,62.8,9.02,16.857217886210016,13.138001147640685,3,3,-3.7192167385693313,82.0,1.0,11412.729249,135.33333333333334,sbp_alt
56543,51.0,0.0,211.0,31.0,114.0,35.28,51.07518532624309,1.0,1.0,0.0,0.0,,2.45,3.43,7.560454198938263,7.923302183538496,2,2,0.3628479846002328,87.0,1.0,14984.141601,114.0,sbp_alt
56546,39.0,0.0,194.0,38.0,124.0,34.39,85.69952848820785,0.0,0.0,0.0,0.0,,7.97,3.31,1.0548912100888104,0.9250141935015439,0,0,-0.12987701658726647,76.0,2.0,57949.119795,124.66666666666667,sbp_alt
56562,42.0,0.0,172.0,28.0,118.0,29.7,84.11537970335522,0.0,0.0,0.0,1.0,,2.5,3.54,0.9629165553987546,1.0143196471821294,0,0,0.051403091783374766,75.0,1.0,29520.027261,118.0,sbp_alt
56564,40.0,1.0,232.0,46.0,106.0,34.06,113.65461952506065,0.0,0.0,0.0,0.0,2.0,5.1,18.58,0.535242070956863,0.6491458414397374,0,0,0.11390377048287437,87.0,1.0,21396.703193,106.0,sbp_alt
56567,74.0,0.0,175.0,48.0,110.0,35.4,92.17714171258639,0.0,0.0,0.0,0.0,,8.01,13.35,8.909218947590565,9.555395171276222,2,2,0.6461762236856572,76.0,2.0,33645.553037,110.66666666666667,sbp_alt
56570,52.0,1.0,173.0,52.0,115.0,30.38,60.45926845655638,0.0,0.0,1.0,0.0,,13.09,4.73,1.7438285885315405,1.5004197037465128,0,0,-0.24340888478502776,86.0,3.0,8061.512183,118.0,sbp_alt
56573,74.0,0.0,244.0,79.0,142.0,27.3,74.48651152060778,0.0,0.0,1.0,1.0,,30.58,5.56,13.983464354567413,11.164041776023172,3,3,-2.8194225785442413,80.0,2.0,12768.79408,139.33333333333334,sbp_alt
56575,30.0,0.0,211.0,58.0,134.0,23.74,70.54954615984308,0.0,0.0,0.0,0.0,,0.89,2.19,0.39161157632081534,0.4483941138182293,0,0,0.056782537497413965,82.0,2.0,34401.297181,134.66666666666666,sbp_alt
56580,79.0,1.0,175.0,65.0,119.0,28.3,80.93444430194191,0.0,0.0,0.0,0.0,,13.51,10.0,10.254403194864818,9.846167714717968,3,2,-0.40823548014684974,81.0,2.0,38087.107887,119.33333333333333,sbp_alt
56583,63.0,0.0,144.0,34.0,147.0,22.4,63.48211863669866,0.0,1.0,1.0,0.0,,14.32,5.1,10.443588745960128,9.072761773059709,3,2,-1.370826972900419,78.0,2.0,11505.828824,143.33333333333334,sbp_alt
56586,40.0,0.0,179.0,77.0,118.0,19.25,95.28375110001366,0.0,1.0,0.0,0.0,,13.33,11.48,0.8253638756874916,0.8070990417389157,0,0,-0.01826483394857592,82.0,1.0,24513.286055,117.33333333333333,sbp_alt
56594,62.0,1.0,184.0,37.0,139.0,36.26,91.42100066267957,0.0,0.0,1.0,0.0,,6.81,8.61,5.196575607828163,5.372792304553619,2,2,0.17621669672545615,85.0,2.0,5153.07283,141.33333333333334,sbp_alt
56597,48.0,0.0,147.0,43.0,108.0,21.14,109.58165022341532,1.0,0.0,0.0,1.0,,4.26,3.82,1.919792390916491,1.8890384355151904,0,0,-0.030753955401300548,77.0,2.0,94447.574489,108.66666666666667,sbp_alt
56598,44.0,0.0,180.0,40.0,119.0,30.05,117.54591923787689,0.0,0.0,0.0,0.0,,3.91,2.81,1.0611128709420146,1.0099986841151307,0,0,-0.051114186826883845,88.0,2.0,16557.906564,122.0,sbp_alt
56599,70.0,0.0,150.0,42.0,137.0,31.91,68.46544195692064,1.0,0.0,1.0,1.0,,1635.8,1185.71,22.391467272743135,21.55837928915122,3,3,-0.8330879835919163,75.0,1.0,15281.510397,136.66666666666666,sbp_alt
56602,51.0,1.0,182.0,80.0,125.0,28.62,113.48391933118842,0.0,1.0,1.0,0.0,,145.38,37.59,2.476195238812881,2.030389175222624,0,0,-0.4458060635902572,84.0,2.0,27375.396445,128.0,sbp_alt
56609,64.0,1.0,213.0,46.0,110.0,29.34,82.2269222087342,0.0,0.0,0.0,0.0,,3.29,2.04,2.9798056253268324,2.7792315077347656,0,0,-0.20057411759206678,76.0,2.0,66402.459548,111.33333333333333,sbp_alt
56610,54.0,1.0,141.0,54.0,144.0,31.94,99.29630760846462,0.0,0.0,1.0,1.0,,8.93,4.69,2.0539754346623216,1.8682379907066646,0,0,-0.18573744395565694,75.0,1.0,18999.168205,146.0,sbp_alt
56613,41.0,0.0,192.0,43.0,97.0,21.8,99.34974429573082,0.0,1.0,1.0,0.0,,2.92,6.63,1.7270050879323369,1.9502234126646196,0,0,0.22321832473228276,83.0,2.0,17679.560516,99.33333333333333,sbp_alt
56615,45.0,1.0,151.0,49.0,115.0,25.61,99.99255078425227,0.0,1.0,0.0,0.0,,13.17,26.03,1.173359854758778,1.2980817858272895,0,0,0.12472193106851148,78.0,1.0,27466.731558,117.33333333333333,sbp_alt
56617,41.0,0.0,235.0,41.0,102.0,36.18,110.41103703744838,0.0,0.0,0.0,0.0,,4.86,9.62,1.0587563118863068,1.1724016281425362,0,0,0.11364531625622942,75.0,2.0,19708.285303,101.33333333333333,sbp_alt
56618,42.0,0.0,278.0,36.0,141.0,29.55,105.1374643311218,0.0,1.0,1.0,0.0,,5.02,4.48,5.122302528972145,5.039422750443097,2,2,-0.0828797785290476,77.0,1.0,24714.75305,146.0,sbp_alt
56623,56.0,1.0,253.0,60.0,130.0,40.71,94.89689794863783,0.0,0.0,0.0,0.0,,8.93,5.0,2.30238431824422,2.114460232239839,0,0,-0.1879240860043807,85.0,1.0,11755.17247,131.33333333333334,sbp_alt
56624,34.0,0.0,220.0,68.0,120.0,28.59,121.44141605118388,1.0,1.0,0.0,0.0,,64.0,21.83,2.9669188275627265,2.533391020910015,0,0,-0.4335278066527115,75.0,2.0,38399.517701,120.0,sbp_alt
56625,41.0,1.0,230.0,53.0,104.0,29.57,117.51217344003192,0.0,1.0,0.0,0.0,2.0,4.59,4.22,0.8656584798696579,0.8548978966141003,0,0,-0.01076058325555762,77.0,2.0,21594.166094,105.33333333333333,sbp_alt
56628,57.0,1.0,196.0,68.0,138.0,24.86,108.2987006484483,0.0,0.0,0.0,0.0,,10.33,6.38,2.111354222157486,1.9669080836809463,0,0,-0.14444613847653986,85.0,1.0,20502.782804,136.0,sbp_alt
56632,79.0,0.0,200.0,54.0,114.0,26.24,66.82487096900527,0.0,0.0,1.0,1.0,,41.04,21.03,18.904150060758205,17.404687408194622,3,3,-1.499462652563583,75.0,1.0,15661.814696,115.33333333333333,sbp_alt
56633,66.0,1.0,181.0,44.0,112.0,19.16,107.20254255291245,1.0,0.0,0.0,0.0,,15.4,7.22,6.588676674916885,5.922394853929934,2,2,-0.666281820986951,87.0,2.0,22769.495307,116.0,sbp_alt
56634,77.0,1.0,180.0,67.0,152.0,28.44,58.72819957477249,0.0,0.0,1.0,0.0,,24.82,18.37,13.749995016677623,13.22295369635201,3,3,-0.5270413203256137,76.0,2.0,20884.924641,154.66666666666666,sbp_alt
56635,62.0,0.0,198.0,29.0,116.0,28.83,100.44393771125067,0.0,0.0,0.0,0.0,,22.64,16.54,5.951936799231357,5.6920447984043445,2,2,-0.2598920008270129,75.0,1.0,7931.238404,119.33333333333333,sbp_alt
56638,33.0,0.0,178.0,32.0,113.0,22.47,97.23130127154721,0.0,1.0,0.0,0.0,,2.98,4.11,0.8408040380230904,0.8822621587765962,0,0,0.041458120753505745,78.0,1.0,24590.022505,115.33333333333333,sbp_alt
56639,31.0,0.0,163.0,37.0,123.0,33.36,131.04970772692127,1.0,0.0,0.0,0.0,,7.3,2.69,1.4658156022262017,1.263277606781544,0,0,-0.20253799544465756,86.0,2.0,22238.736217,123.33333333333333,sbp_alt
56640,40.0,0.0,220.0,34.0,113.0,38.33,114.7350482312626,0.0,0.0,0.0,0.0,,6.26,5.54,1.0234737316346278,1.0049508719870548,0,0,-0.018522859647573053,84.0,1.0,69149.727092,112.66666666666667,sbp_alt
56641,44.0,1.0,198.0,52.0,118.0,29.92,112.11199431587151,0.0,0.0,0.0,0.0,2.0,8.3,3.3,0.6967373746131714,0.6071935813765467,0,0,-0.08954379323662476,80.0,2.0,90501.144518,115.33333333333333,sbp_alt
56642,59.0,1.0,182.0,42.0,104.0,37.49,84.82406333577323,1.0,0.0,1.0,0.0,,88.38,12.24,8.0637481705717,6.119754546780773,2,2,-1.9439936237909263,78.0,2.0,30353.751983,102.66666666666667,sbp_alt
56646,37.0,0.0,146.0,34.0,121.0,28.31,79.87752128190608,0.0,0.0,0.0,0.0,,2.58,2.11,0.6048218523926511,0.586836998256168,0,0,-0.017984854136483097,82.0,2.0,28059.136418,117.33333333333333,sbp_alt
56648,62.0,1.0,223.0,85.0,104.0,24.73,96.07580141895353,0.0,0.0,0.0,0.0,,6.44,11.21,1.7424642704087507,1.890797487417326,0,0,0.14833321700857516,86.0,3.0,51293.622038,108.0,sbp_alt
56650,60.0,1.0,237.0,65.0,163.0,30.2,108.36720966032765,0.0,0.0,0.0,0.0,,5.07,5.12,3.8375707838656115,3.8430111731675516,1,1,0.0054403893019401295,85.0,2.0,6774.929441,164.0,sbp_alt
56651,61.0,0.0,191.0,52.0,126.0,28.7,76.37419935789183,0.0,0.0,0.0,0.0,,2.56,1.43,3.4934631904649325,3.2088166379306227,1,1,-0.2846465525343098,82.0,2.0,12428.596949,127.33333333333333,sbp_alt
56652,62.0,0.0,174.0,50.0,147.0,27.47,38.658777322170344,1.0,0.0,1.0,0.0,,54.66,47.26,16.378546530276633,16.079908463454043,3,3,-0.29863806682259053,75.0,1.0,9357.580369,145.33333333333334,sbp_alt
56658,38.0,0.0,255.0,34.0,127.0,26.87,112.49041313696821,0.0,0.0,0.0,0.0,,4.74,4.19,1.4136763380059976,1.387952773059018,0,0,-0.025723564946979582,87.0,2.0,67160.811695,126.66666666666667,sbp_alt
56659,53.0,0.0,256.0,41.0,131.0,33.08,69.52162763358469,1.0,1.0,0.0,0.0,,6.12,2.36,10.532884858090078,9.251856318202762,3,2,-1.2810285398873162,82.0,2.0,15686.03941,131.33333333333334,sbp_alt
56660,45.0,1.0,243.0,48.0,113.0,44.2,112.28652785867963,0.0,0.0,1.0,0.0,,12.48,4.4,1.2054978286436266,1.0326572008799866,0,0,-0.17284062776364006,80.0,1.0,59173.068083,110.66666666666667,sbp_alt
56673,50.0,1.0,229.0,43.0,105.0,16.56,84.60596476455257,0.0,1.0,0.0,0.0,,26.67,6.21,2.66108421467605,2.14940785814971,0,0,-0.51167635652634,84.0,2.0,15221.770678,108.66666666666667,sbp_alt
56675,50.0,1.0,225.0,84.0,129.0,24.95,98.50495154282892,0.0,0.0,1.0,0.0,,4.09,3.98,0.9839105575745276,0.9799312278302562,0,0,-0.003979329744271398,77.0,1.0,95158.077948,130.0,sbp_alt
56681,30.0,1.0,219.0,69.0,112.0,32.76,113.38845690259502,0.0,0.0,0.0,0.0,2.0,3.21,3.95,0.12609369102854245,0.13007708905506044,0,0,0.003983398026517981,81.0,2.0,72738.522735,112.66666666666667,sbp_alt
56682,31.0,1.0,178.0,70.0,97.0,19.32,92.56720018039833,0.0,0.0,0.0,0.0,2.0,14.77,3.54,0.1358658652971931,0.10967109418388753,0,0,-0.02619477111330558,81.0,2.0,71929.361138,96.66666666666667,sbp_alt
56689,59.0,0.0,161.0,36.0,132.0,22.09,89.9277705591563,0.0,1.0,0.0,0.0,,6.83,3.45,5.6755170829616155,5.1479994200927,2,2,-0.5275176628689158,81.0,2.0,23591.325205,131.33333333333334,sbp_alt
56690,62.0,0.0,212.0,47.0,131.0,23.69,100.06309588894229,0.0,1.0,0.0,0.0,,3.38,3.75,6.238535201061384,6.330924157497654,2,2,0.09238895643626943,75.0,2.0,21309.916507,132.0,sbp_alt
56694,43.0,1.0,240.0,47.0,121.0,31.39,22.261177360230516,0.0,0.0,1.0,1.0,2.0,590.16,374.0,9.869335755937739,9.276735760310482,2,2,-0.592599995627257,77.0,2.0,21052.826838,121.33333333333333,sbp_alt
56696,46.0,0.0,227.0,41.0,124.0,26.9,110.11861928173762,0.0,0.0,0.0,0.0,,11.47,10.3,1.9622879212011182,1.9312749004309788,0,0,-0.031013020770139343,86.0,3.0,15521.102658,123.33333333333333,sbp_alt
56703,40.0,1.0,248.0,51.0,118.0,47.92,95.46368990413177,1.0,0.0,1.0,0.0,2.0,2.65,2.21,2.3131098629987235,2.2523134350732983,0,0,-0.06079642792542517,83.0,2.0,29981.196622,120.0,sbp_alt
56705,31.0,1.0,227.0,51.0,120.0,40.23,85.37090332295682,0.0,0.0,0.0,0.0,3.0,9.38,4.11,0.3659532940068967,0.32345443054323086,0,0,-0.042498863463665826,84.0,1.0,25966.025398,122.0,sbp_alt
56706,45.0,1.0,184.0,52.0,95.0,30.68,118.96330051883258,1.0,0.0,0.0,1.0,,24.18,9.02,1.8495810070500778,1.599154583064266,0,0,-0.25042642398581183,78.0,1.0,16283.76628,98.0,sbp_alt
56710,71.0,1.0,230.0,70.0,148.0,26.54,60.23029162812202,0.0,0.0,1.0,1.0,,7.58,2.26,7.833710324018001,6.618480083192202,2,2,-1.2152302408257984,86.0,3.0,31237.299447,148.66666666666666,sbp_alt
56716,44.0,0.0,222.0,48.0,121.0,36.22,98.72086240432216,0.0,0.0,1.0,0.0,,6.86,4.46,1.6069036156211778,1.5072753918417294,0,0,-0.09962822377944835,86.0,2.0,18451.210124,124.0,sbp_alt
56717,75.0,0.0,166.0,85.0,157.0,21.6,90.94140688448358,0.0,0.0,1.0,0.0,,23.03,27.22,11.957148309857986,12.225438252927907,3,3,0.26828994306992016,77.0,2.0,12711.35088,156.66666666666666,sbp_alt
56727,76.0,1.0,238.0,82.0,129.0,21.41,64.53042645833504,0.0,0.0,1.0,0.0,,9.88,8.27,9.415517054572458,9.19021929946987,2,2,-0.22529775510258787,82.0,1.0,16322.933104,131.33333333333334,sbp_alt
56734,73.0,1.0,151.0,39.0,137.0,30.79,89.72282356945743,0.0,0.0,0.0,0.0,,34.41,7.71,9.872848509192908,8.046916945163074,2,2,-1.8259315640298333,78.0,1.0,8570.219254,138.66666666666666,sbp_alt
56736,38.0,0.0,190.0,43.0,110.0,34.27,120.4345994267417,0.0,0.0,0.0,0.0,,2.99,5.39,0.5313154468666094,0.5804745398171129,0,0,0.04915909295050358,76.0,1.0,67052.170574,112.66666666666667,sbp_alt
56739,76.0,0.0,189.0,89.0,131.0,23.89,47.1944004549266,0.0,0.0,1.0,0.0,,5.0,1.51,10.288745590586284,8.735625975613186,3,2,-1.5531196149730988,81.0,2.0,12868.360204,132.66666666666666,sbp_alt
56740,56.0,1.0,194.0,51.0,146.0,35.97,104.0494974731224,0.0,0.0,0.0,0.0,,10.76,3.24,2.920702160908968,2.450926387042796,0,0,-0.46977577386617186,85.0,2.0,12457.066775,149.33333333333334,sbp_alt
56747,33.0,0.0,181.0,50.0,115.0,27.87,116.84268207294753,0.0,0.0,0.0,0.0,,1.31,2.79,0.2988404792702016,0.33485991485841465,0,0,0.03601943558821308,82.0,2.0,84125.898782,113.33333333333333,sbp_alt
56748,34.0,0.0,138.0,54.0,117.0,19.58,102.51392552827187,0.0,1.0,0.0,0.0,,6.85,3.59,0.5774015087739736,0.5240093241444631,0,0,-0.05339218462951045,75.0,1.0,17236.479268,119.33333333333333,sbp_alt
56753,61.0,0.0,193.0,41.0,139.0,38.97,101.85630565937318,0.0,0.0,0.0,0.0,,8.41,7.34,5.421072234474463,5.31667121642796,2,2,-0.10440101804650226,89.0,2.0,48643.772078,139.33333333333334,sbp_alt
56755,40.0,1.0,168.0,34.0,122.0,32.22,112.05430679879757,0.0,0.0,0.0,0.0,2.0,38.33,4.53,0.9087916237834955,0.6611792706119635,0,0,-0.24761235317153207,84.0,1.0,15810.153943,122.66666666666667,sbp_alt
56756,64.0,1.0,209.0,43.0,118.0,39.85,71.38895221126222,0.0,0.0,1.0,0.0,,4.54,2.83,4.587163588701622,4.286428178292856,1,1,-0.30073541040876606,81.0,2.0,52724.982158,118.66666666666667,sbp_alt
56757,51.0,1.0,246.0,50.0,107.0,32.68,107.75060076297935,0.0,0.0,0.0,0.0,,7.27,3.36,1.2508072407314828,1.1154883586648026,0,0,-0.1353188820666802,77.0,2.0,14417.566562,111.33333333333333,sbp_alt
56761,73.0,1.0,165.0,41.0,95.0,24.73,43.02168301097819,1.0,0.0,1.0,1.0,,22.04,8.65,15.215442303876197,13.491167040394407,3,3,-1.7242752634817897,75.0,2.0,18085.577777,94.66666666666667,sbp_alt
56762,36.0,0.0,222.0,39.0,131.0,24.79,116.75124637328403,0.0,0.0,0.0,0.0,,19.19,13.17,1.2778832777818665,1.208119565621413,0,0,-0.06976371216045352,86.0,3.0,13780.597684,129.33333333333334,sbp_alt
56763,61.0,0.0,235.0,48.0,137.0,33.83,99.57413337962339,0.0,0.0,0.0,0.0,,1.33,5.59,4.349227560429077,5.345951113137548,1,2,0.9967235527084704,87.0,1.0,8050.612715,140.66666666666666,sbp_alt
56764,78.0,1.0,208.0,70.0,134.0,25.91,40.22605014508334,0.0,0.0,1.0,0.0,,5.46,4.92,11.715379811733833,11.554647524989893,3,3,-0.16073228674394002,84.0,1.0,13632.860954,136.0,sbp_alt
56767,67.0,1.0,216.0,80.0,168.0,25.28,93.1341548464394,0.0,0.0,0.0,1.0,,13.4,7.97,5.494588420214826,5.10334535099827,2,2,-0.39124306921655627,86.0,2.0,5629.002315,168.66666666666666,sbp_alt
56769,55.0,0.0,240.0,45.0,122.0,29.31,96.97156395755158,0.0,1.0,0.0,0.0,,4.19,4.33,4.405788655307458,4.426739122442099,1,1,0.020950467134640327,81.0,1.0,13008.286545,126.66666666666667,sbp_alt
56772,30.0,0.0,212.0,45.0,113.0,32.17,126.04480206316572,0.0,0.0,0.0,0.0,,7.1,7.93,0.38205022404724137,0.38845714800211856,0,0,0.006406923954877186,88.0,1.0,22053.726896,114.0,sbp_alt
56780,56.0,1.0,259.0,83.0,94.0,19.56,101.79312063902118,0.0,0.0,0.0,0.0,,8.33,13.91,1.2258325315879524,1.3226191249540578,0,0,0.0967865933661054,77.0,2.0,107546.131922,95.33333333333333,sbp_alt
56785,49.0,0.0,246.0,76.0,123.0,25.42,109.74885836492489,0.0,0.0,0.0,0.0,,5.67,2.91,1.351858497242587,1.2239082179313014,0,0,-0.12795027931128566,88.0,2.0,17110.395133,124.0,sbp_alt
56792,52.0,0.0,204.0,60.0,113.0,32.63,75.00736809042279,0.0,0.0,1.0,0.0,,5.23,1.65,1.9329300348336593,1.6289321081562327,0,0,-0.30399792667742664,82.0,2.0,24653.356286,112.66666666666667,sbp_alt
56794,71.0,1.0,192.0,66.0,98.0,41.72,89.33383337589149,0.0,0.0,1.0,0.0,,5.08,6.07,5.753513560575376,5.900175671742888,2,2,0.1466621111675117,80.0,2.0,49128.3912,100.66666666666667,sbp_alt
56798,70.0,0.0,210.0,43.0,139.0,45.65,78.14553247040998,0.0,0.0,0.0,0.0,,5.74,3.93,9.25569481327031,8.78630129207447,2,2,-0.46939352119584044,80.0,2.0,9873.315888,138.66666666666666,sbp_alt
56805,56.0,0.0,240.0,59.0,112.0,25.71,93.94087570324906,0.0,0.0,0.0,0.0,,18.96,2.73,2.9174615772290684,2.1934749458987985,0,0,-0.7239866313302699,85.0,2.0,12815.795366,113.33333333333333,sbp_alt
56809,52.0,1.0,283.0,56.0,113.0,36.59,89.94594741609347,0.0,0.0,0.0,0.0,,4.51,2.78,1.4016898276166303,1.304767970835936,0,0,-0.0969218567806942,84.0,2.0,23748.745332,117.33333333333333,sbp_alt
56814,65.0,0.0,293.0,52.0,118.0,28.27,80.61376271449062,0.0,0.0,0.0,0.0,,1.85,3.3,5.646280971715626,6.130322172038784,2,2,0.48404120032315756,82.0,2.0,13193.366177,120.66666666666667,sbp_alt
56824,66.0,0.0,133.0,42.0,131.0,33.76,43.91108306427053,1.0,0.0,1.0,1.0,,7.6,4.24,9.550417852096007,8.815822460142618,2,2,-0.7345953919533894,75.0,2.0,12159.018408,132.0,sbp_alt
56827,53.0,0.0,208.0,50.0,123.0,40.4,65.68919362137045,1.0,0.0,1.0,1.0,,4796.61,5724.14,13.823781041279016,14.144881547099576,3,3,0.32110050582056004,75.0,1.0,19601.897646,129.33333333333334,sbp_alt
56829,53.0,0.0,166.0,39.0,121.0,35.36,107.05229469143296,1.0,0.0,0.0,1.0,,13.07,7.0,4.303171814713403,3.9311876572412303,1,1,-0.37198415747217295,75.0,1.0,19184.005021,118.0,sbp_alt
56830,71.0,1.0,225.0,68.0,125.0,35.21,79.92128471129446,0.0,0.0,0.0,1.0,,5.26,5.81,4.999131001047051,5.07051286151814,1,2,0.07138186047108963,80.0,1.0,34966.865728,127.33333333333333,sbp_alt
56831,50.0,0.0,160.0,53.0,108.0,33.3,105.48741997642325,1.0,0.0,0.0,1.0,,12.5,18.0,2.340390507368371,2.469603470982982,0,0,0.1292129636146111,82.0,2.0,12437.325513,110.0,sbp_alt
56834,49.0,1.0,178.0,90.0,115.0,20.43,85.13379428914527,0.0,0.0,0.0,0.0,,28.46,6.4,0.576208050612851,0.4610995850208679,0,0,-0.11510846559198307,87.0,1.0,22786.453748,117.33333333333333,sbp_alt
56835,60.0,1.0,175.0,57.0,127.0,28.76,66.89597198881015,0.0,1.0,1.0,0.0,,42.25,17.74,6.302247599834405,5.575382800767986,2,2,-0.7268647990664183,83.0,1.0,22061.230347,126.66666666666667,sbp_alt
56837,76.0,0.0,136.0,58.0,100.0,27.85,90.05513669767039,1.0,0.0,0.0,1.0,,98.91,57.85,13.75240184671395,12.819619667062417,3,3,-0.9327821796515323,76.0,1.0,31722.475671,100.0,sbp_alt
56839,56.0,0.0,264.0,31.0,125.0,29.46,86.25866343385943,0.0,0.0,0.0,0.0,,3.28,2.47,4.359143366185407,4.184031812618719,1,1,-0.17511155356668784,75.0,1.0,19952.378405,126.0,sbp_alt
56840,41.0,1.0,219.0,54.0,98.0,23.74,102.51128502382936,0.0,1.0,0.0,0.0,2.0,2.31,1.72,0.770723027086465,0.7375903123443637,0,0,-0.03313271474210133,80.0,2.0,90501.144518,100.66666666666667,sbp_alt
56844,70.0,1.0,186.0,65.0,123.0,26.51,96.89282500943602,0.0,1.0,1.0,1.0,,6.67,8.29,7.287290513071085,7.5109188755170875,2,2,0.2236283624460027,86.0,2.0,8352.460062,124.0,sbp_alt
56847,58.0,1.0,218.0,49.0,129.0,28.94,85.35325350751985,0.0,0.0,1.0,0.0,,19.83,9.4,3.922057149435601,3.520908536131154,1,1,-0.40114861330444684,81.0,1.0,95401.863692,132.0,sbp_alt
56850,53.0,0.0,255.0,38.0,122.0,29.5,96.93319531439386,0.0,0.0,0.0,0.0,,4.64,4.4,3.1570540570986814,3.1326258265451545,1,1,-0.02442823055352683,81.0,1.0,13666.884857,121.33333333333333,sbp_alt
56852,44.0,1.0,216.0,33.0,123.0,36.67,109.30109753836736,0.0,1.0,0.0,0.0,2.0,3.85,2.64,1.945049935358187,1.8399147363645734,0,0,-0.10513519899361357,81.0,2.0,85415.930989,124.0,sbp_alt
56854,49.0,1.0,200.0,45.0,136.0,33.15,109.52761285439362,0.0,0.0,0.0,0.0,,52.95,9.29,2.2089403753846186,1.709723471159954,0,0,-0.4992169042246646,75.0,1.0,19014.020892,139.0,sbp_alt
56862,45.0,0.0,246.0,36.0,117.0,28.28,103.19400688974802,0.0,0.0,0.0,0.0,,4.67,3.24,1.6771943897286816,1.588543408682158,0,0,-0.08865098104652369,86.0,2.0,19102.531525,118.66666666666667,sbp_alt
56866,46.0,0.0,217.0,46.0,129.0,31.97,95.14167061519963,1.0,0.0,0.0,0.0,,18.73,6.32,4.675709585012496,3.996524973574378,1,1,-0.6791846114381177,75.0,1.0,32203.666103,128.66666666666666,sbp_alt
56867,30.0,0.0,184.0,35.0,111.0,27.37,101.39789095079487,0.0,0.0,0.0,0.0,,8.1,5.83,0.3952855318736048,0.3762077730907113,0,0,-0.019077758782893528,85.0,1.0,20151.605562,112.66666666666667,sbp_alt
56870,53.0,0.0,233.0,42.0,126.0,23.53,105.03750482912729,0.0,0.0,0.0,0.0,,10.28,6.48,3.2322236802337945,3.021222795210967,1,1,-0.21100088502282732,76.0,1.0,11948.020306,126.0,sbp_alt
56872,31.0,1.0,182.0,53.0,111.0,32.63,122.99056536408828,0.0,0.0,0.0,0.0,2.0,3.32,4.39,0.15666265021423034,0.16336163074415733,0,0,0.0066989805299269845,83.0,2.0,36330.97264,108.66666666666667,sbp_alt
56874,39.0,1.0,217.0,40.0,125.0,40.15,118.98298879500065,0.0,0.0,0.0,0.0,2.0,7.55,3.48,0.7901809292397277,0.704056159778771,0,0,-0.08612476946095671,80.0,2.0,31444.075415,127.33333333333333,sbp_alt
56877,72.0,1.0,241.0,46.0,127.0,45.93,51.14793879129853,1.0,0.0,1.0,0.0,,36.78,20.11,16.534006796007,15.320859490178792,3,3,-1.2131473058282065,75.0,2.0,21736.812302,129.33333333333334,sbp_alt
56878,73.0,1.0,219.0,82.0,108.0,27.59,50.83082157079248,0.0,0.0,1.0,0.0,,30.0,4.67,8.63805989190237,6.673976786180754,2,2,-1.9640831057216168,76.0,1.0,36689.33505,106.66666666666667,sbp_alt
56881,42.0,1.0,150.0,54.0,121.0,34.44,113.95378857325616,1.0,0.0,1.0,1.0,2.0,4.27,4.81,1.4379917428834996,1.4635502334047046,0,0,0.025558490521204957,82.0,2.0,16306.175177,120.66666666666667,sbp_alt
56882,60.0,1.0,176.0,63.0,101.0,20.88,91.08618933780032,0.0,0.0,0.0,0.0,,11.27,11.38,1.962975326003698,1.9657834129918084,0,0,0.0028080869881104142,86.0,2.0,5815.537765,102.0,sbp_alt
56900,31.0,0.0,151.0,51.0,113.0,26.09,92.04006108219069,0.0,0.0,0.0,0.0,,0.78,2.35,0.1888640411510474,0.22301245883954082,0,0,0.034148417688493415,79.0,2.0,57949.119795,111.33333333333333,sbp_alt
56906,53.0,1.0,240.0,76.0,142.0,29.61,85.47841877311319,0.0,0.0,1.0,0.0,,60.0,41.02,2.8113317863314857,2.6594798014634167,0,0,-0.15185198486806906,78.0,2.0,25871.281028,144.0,sbp_alt
56908,59.0,1.0,246.0,57.0,109.0,34.2,81.15837564683227,0.0,0.0,1.0,0.0,,22.18,19.85,3.260777261688795,3.208626544285887,1,1,-0.05215071740290833,80.0,1.0,77428.916401,109.33333333333333,sbp_alt
56909,48.0,1.0,215.0,41.0,144.0,39.68,85.66491677313871,0.0,0.0,1.0,0.0,,5.69,3.09,2.5371601069804144,2.320110318375083,0,0,-0.21704978860533153,79.0,1.0,70653.154593,144.0,sbp_alt
56911,43.0,0.0,197.0,57.0,117.0,28.44,95.77144262118296,0.0,0.0,0.0,0.0,,6.76,2.86,0.8533631289124399,0.7501915315771226,0,0,-0.10317159733531733,76.0,1.0,73330.100722,120.0,sbp_alt
56913,40.0,1.0,260.0,63.0,148.0,30.45,117.74198159212105,0.0,0.0,0.0,0.0,2.0,10.93,8.02,1.173741079363154,1.1210387211710746,0,0,-0.05270235819207936,76.0,2.0,32228.450566,150.0,sbp_alt
56916,53.0,0.0,186.0,48.0,113.0,36.49,84.87871470289221,1.0,0.0,0.0,0.0,,3.03,1.81,3.349074134140942,3.106167497233512,1,1,-0.24290663690742997,77.0,1.0,21948.739149,115.33333333333333,sbp_alt
56921,63.0,1.0,167.0,37.0,118.0,37.33,89.40246856708235,0.0,0.0,1.0,0.0,,20.74,9.08,5.077929948955265,4.512467464544367,2,1,-0.5654624844108973,82.0,2.0,7692.636623,119.0,sbp_alt
56925,66.0,1.0,143.0,52.0,179.0,26.4,76.59225581350421,0.0,1.0,1.0,1.0,,8.57,1.82,10.025856824152193,8.113996795881503,3,2,-1.9118600282706897,77.0,2.0,64787.055786,180.66666666666666,sbp_alt
56926,69.0,1.0,274.0,89.0,145.0,23.36,71.09478981102292,0.0,0.0,0.0,0.0,,4.9,4.77,4.644510843755871,4.62666622742559,1,1,-0.017844616330281227,86.0,1.0,21780.871124,146.66666666666666,sbp_alt
56930,71.0,0.0,212.0,70.0,109.0,26.29,81.44146611609162,0.0,0.0,0.0,0.0,,3.8,2.73,5.990134164815294,5.7150207900062595,2,2,-0.27511337480903464,76.0,1.0,31722.475671,111.33333333333333,sbp_alt
56931,39.0,1.0,165.0,67.0,122.0,21.45,107.21604348404415,0.0,0.0,0.0,0.0,2.0,8.7,3.47,0.3231372470851698,0.28160534295256867,0,0,-0.041531904132601105,84.0,2.0,58690.581834,118.66666666666667,sbp_alt
56936,42.0,0.0,220.0,43.0,131.0,25.65,80.64685760770217,0.0,1.0,0.0,0.0,,6.55,3.39,2.5380823537175767,2.3033299184951788,0,0,-0.23475243522239797,85.0,1.0,18226.446244,130.66666666666666,sbp_alt
56941,41.0,0.0,205.0,41.0,122.0,24.5,101.83863388834045,0.0,0.0,0.0,0.0,,3.63,3.0,1.0188611381994885,0.9902375128304725,0,0,-0.02862362536901608,81.0,2.0,91316.255685,121.33333333333333,sbp_alt
56943,60.0,1.0,201.0,61.0,115.0,27.53,51.30782503678909,0.0,1.0,1.0,0.0,,16.94,6.2,5.824129095024166,5.049597648176093,2,2,-0.7745314468480737,78.0,2.0,18363.914422,115.33333333333333,sbp_alt
56946,41.0,0.0,131.0,39.0,119.0,23.87,101.83863388834045,0.0,1.0,0.0,0.0,,6.6,3.99,1.2456385522668212,1.1555328541962075,0,0,-0.09010569807061364,78.0,1.0,21063.174792,119.33333333333333,sbp_alt
56949,44.0,1.0,207.0,96.0,124.0,31.89,74.8198255522872,0.0,0.0,0.0,0.0,2.0,1.52,4.15,0.290443296533214,0.3375513797578288,0,0,0.047108083224614794,76.0,2.0,17671.587506,121.33333333333333,sbp_alt
56956,59.0,0.0,220.0,48.0,117.0,29.94,117.4954890026704,1.0,0.0,0.0,1.0,,10.88,12.82,6.562609230256831,6.7161870203257035,2,2,0.15357779006887284,76.0,2.0,23031.021983,116.0,sbp_alt
56957,61.0,0.0,177.0,36.0,129.0,29.14,73.94754502920432,0.0,1.0,0.0,0.0,,3.32,2.82,5.927446551911999,5.791487307589793,2,2,-0.13595924432220663,76.0,2.0,59396.048135,126.0,sbp_alt
56959,32.0,1.0,190.0,52.0,104.0,21.57,117.77052579331631,0.0,0.0,0.0,0.0,2.0,11.15,4.97,0.22133539057350246,0.19610117808851998,0,0,-0.025234212484982477,80.0,2.0,70271.285873,104.66666666666667,sbp_alt
56963,74.0,0.0,203.0,40.0,125.0,25.87,62.82931858952449,0.0,0.0,1.0,0.0,,3.09,2.74,11.956956871690023,11.767170537205498,3,3,-0.1897863344845252,77.0,1.0,34298.457694,123.33333333333333,sbp_alt
56967,42.0,1.0,182.0,58.0,106.0,23.27,111.053572721151,0.0,0.0,0.0,0.0,2.0,9.17,2.68,0.41767857260823926,0.3474945314830587,0,0,-0.07018404112518056,77.0,1.0,18840.45707,105.33333333333333,sbp_alt
56969,68.0,0.0,190.0,26.0,138.0,31.29,90.60777101764879,0.0,0.0,0.0,0.0,,4.59,7.22,8.67454727776087,9.231976698794417,2,2,0.5574294210335466,87.0,1.0,6580.447866,140.66666666666666,sbp_alt
56971,65.0,0.0,229.0,46.0,129.0,36.38,70.62792609606716,0.0,0.0,0.0,0.0,,2.47,4.14,5.754353810038637,6.192209223488951,2,2,0.43785541345031387,81.0,2.0,18245.83232,131.33333333333334,sbp_alt
56973,46.0,0.0,220.0,50.0,106.0,31.31,108.91580072966724,0.0,0.0,0.0,0.0,,9.37,3.65,1.287298524330128,1.1183875634780076,0,0,-0.16891096085212043,79.0,2.0,78869.850375,110.66666666666667,sbp_alt
56974,50.0,1.0,202.0,68.0,97.0,25.43,88.38002146930783,0.0,0.0,0.0,0.0,,4.69,9.45,0.7370651889247413,0.818138662452201,0,0,0.08107347352745975,77.0,1.0,23649.212232,101.33333333333333,sbp_alt
56978,55.0,0.0,187.0,54.0,142.0,27.04,73.6208630172731,0.0,0.0,1.0,0.0,,2.55,2.42,3.2456020520693327,3.2208804713516943,1,1,-0.024721580717638414,75.0,2.0,89543.78448,146.66666666666666,sbp_alt
56980,46.0,1.0,217.0,62.0,97.0,30.41,109.8952740615666,0.0,0.0,0.0,0.0,,6.15,5.32,0.6137164916771546,0.6005829450502145,0,0,-0.013133546626940107,77.0,2.0,17565.443509,98.0,sbp_alt
56984,43.0,0.0,164.0,60.0,110.0,29.96,94.63469369527397,0.0,0.0,0.0,0.0,,2.08,2.61,0.49924039787632174,0.516559074462597,0,0,0.017318676586275228,88.0,1.0,16685.646624,110.66666666666667,sbp_alt
56985,78.0,1.0,200.0,38.0,107.0,34.38,49.79821554632225,1.0,0.0,1.0,0.0,,3.96,6.27,14.838977234192486,15.732060745665505,3,3,0.8930835114730193,83.0,2.0,19444.889193,110.66666666666667,sbp_alt
56987,30.0,1.0,153.0,39.0,102.0,25.5,125.83282369612573,0.0,0.0,0.0,0.0,2.0,7.93,35.37,0.19554704608615384,0.24463630355792976,0,0,0.04908925747177592,85.0,1.0,19433.955197,102.66666666666667,sbp_alt
56989,49.0,1.0,233.0,47.0,117.0,35.49,100.75107781304223,0.0,0.0,0.0,0.0,,5.57,5.16,1.211489250005297,1.1978287968320902,0,0,-0.013660453173206744,75.0,2.0,17646.68998,116.66666666666667,sbp_alt
56990,36.0,0.0,169.0,60.0,113.0,31.62,116.75124637328403,0.0,1.0,0.0,0.0,,6.04,3.94,0.6193767464082193,0.580904825214282,0,0,-0.038471921193937275,78.0,1.0,25362.195537,112.0,sbp_alt
57009,49.0,0.0,213.0,40.0,131.0,34.18,75.64349298204237,1.0,0.0,1.0,0.0,,5.39,2.81,6.0511209207568974,5.515531135832629,2,2,-0.5355897849242686,83.0,1.0,24063.682199,130.66666666666666,sbp_alt
57011,33.0,1.0,150.0,49.0,112.0,47.87,83.22881593887489,0.0,1.0,0.0,0.0,2.0,0.95,2.07,0.3077169471270381,0.34575133690446835,0,0,0.03803438977743023,75.0,2.0,29104.51615,116.66666666666667,sbp_alt
57014,64.0,0.0,215.0,37.0,140.0,26.42,78.36963635680601,0.0,1.0,1.0,0.0,,3.03,2.72,10.00637287219755,9.860558507984223,3,2,-0.1458143642133276,77.0,2.0,7591.775942,143.33333333333334,sbp_alt
57021,48.0,1.0,203.0,96.0,99.0,20.86,84.45695700861891,0.0,0.0,0.0,0.0,,4.17,3.63,0.36378175133458085,0.3563130415444578,0,0,-0.00746870979012304,85.0,2.0,76304.674546,100.0,sbp_alt
57022,61.0,0.0,200.0,42.0,142.0,23.14,79.84557529498599,0.0,0.0,0.0,0.0,,4.03,3.84,5.2321458009321065,5.196103327027614,2,2,-0.03604247390449267,75.0,2.0,68338.840828,141.33333333333334,sbp_alt
57023,55.0,0.0,285.0,57.0,185.0,29.84,81.95272616847748,1.0,1.0,1.0,0.0,,1302.04,1015.44,38.22520417302379,37.342710173308056,3,3,-0.8824939997157344,75.0,1.0,19952.378405,188.66666666666666,sbp_alt
57024,34.0,0.0,236.0,36.0,123.0,31.06,116.11825744409524,0.0,0.0,0.0,0.0,,2.56,2.94,0.783662227458194,0.8000805122668467,0,0,0.016418284808652706,82.0,2.0,21506.882987,124.0,sbp_alt
57026,41.0,1.0,199.0,32.0,124.0,45.45,113.36632135685505,0.0,1.0,0.0,0.0,2.0,5.98,5.97,1.680342555129641,1.6799275140112295,0,0,-0.0004150411184113967,80.0,2.0,81961.347896,123.33333333333333,sbp_alt
57028,55.0,0.0,170.0,66.0,154.0,34.92,107.44610113576555,1.0,0.0,0.0,0.0,,20.74,8.85,6.486027570145263,5.748295799834001,2,2,-0.737731770311262,88.0,1.0,11532.548251,156.66666666666666,sbp_alt
57034,64.0,1.0,242.0,59.0,151.0,27.66,83.47751447557206,0.0,0.0,0.0,1.0,,12.81,3.9,5.521615780010941,4.660894412156645,2,1,-0.8607213678542962,85.0,2.0,22614.903074,153.33333333333334,sbp_alt
57050,78.0,0.0,177.0,53.0,146.0,31.74,54.221934197473175,1.0,0.0,1.0,1.0,,3.36,3.58,15.130011700379676,15.253401579825757,3,3,0.12338987944608171,77.0,2.0,12397.842008,146.66666666666666,sbp_alt
57054,49.0,1.0,210.0,75.0,108.0,22.31,95.99769873789384,0.0,0.0,0.0,0.0,,8.24,3.4,0.6283292128082233,0.5505704830725257,0,0,-0.07775872973569764,77.0,2.0,85417.857252,109.33333333333333,sbp_alt
57055,33.0,1.0,146.0,63.0,118.0,24.09,106.04176402210587,0.0,0.0,0.0,0.0,2.0,2.14,4.45,0.13852392619395748,0.15459147435088602,0,0,0.01606754815692854,84.0,2.0,28789.114826,118.0,sbp_alt
57058,40.0,0.0,204.0,40.0,115.0,25.01,101.20756380705811,0.0,0.0,0.0,0.0,,4.22,2.41,0.8442896243203759,0.7763357758300253,0,0,-0.06795384849035058,78.0,1.0,71221.191038,116.0,sbp_alt
57060,39.0,0.0,184.0,41.0,112.0,25.14,118.20131464881989,0.0,1.0,0.0,0.0,,5.32,30.48,1.1305992230103894,1.4665923664346565,0,0,0.3359931434242671,78.0,2.0,33706.739675,112.66666666666667,sbp_alt
57061,34.0,1.0,160.0,59.0,92.0,25.85,116.7187413338814,0.0,0.0,0.0,0.0,2.0,8.09,3.51,0.184034065912007,0.1623872962340974,0,0,-0.0216467696779096,82.0,2.0,30625.012229,92.66666666666667,sbp_alt
57063,78.0,1.0,209.0,79.0,160.0,30.17,44.11800821633197,0.0,0.0,1.0,1.0,,7.16,2.89,11.597679646937586,10.272640778231377,3,3,-1.3250388687062085,80.0,2.0,18655.826903,158.0,sbp_alt
57064,32.0,0.0,275.0,43.0,117.0,32.45,111.883894368309,0.0,1.0,0.0,0.0,,5.88,8.46,1.33270126343634,1.4069030832309521,0,0,0.07420181979461216,77.0,2.0,33128.491208,117.33333333333333,sbp_alt
57069,48.0,0.0,189.0,48.0,122.0,26.5,114.657779347345,0.0,0.0,0.0,0.0,,11.39,27.58,1.6222890762561515,1.84978076749804,0,0,0.2274916912418885,78.0,1.0,18364.946313,120.66666666666667,sbp_alt
57070,30.0,1.0,184.0,43.0,115.0,27.9,129.31695975066629,0.0,0.0,0.0,0.0,2.0,61.3,29.65,0.3252792877001538,0.29177535843578545,0,0,-0.03350392926436835,76.0,1.0,18011.429607,111.33333333333333,sbp_alt
57079,73.0,1.0,214.0,51.0,164.0,22.6,80.14924350192531,0.0,0.0,0.0,0.0,,9.08,9.48,9.654282153431193,9.710877958675662,2,2,0.05659580524446817,81.0,1.0,11583.362083,166.0,sbp_alt
57082,53.0,0.0,223.0,48.0,104.0,24.65,113.74055262470671,0.0,1.0,0.0,0.0,,6.1,3.57,3.271354106521881,3.0248193529309275,1,1,-0.24653475359095367,88.0,1.0,11723.777579,106.66666666666667,sbp_alt
57086,45.0,1.0,180.0,72.0,107.0,26.61,103.28891875590945,0.0,0.0,0.0,0.0,,3.71,5.45,0.3595486281412262,0.3808364919678991,0,0,0.021287863826672915,80.0,1.0,59173.068083,109.33333333333333,sbp_alt
57089,35.0,1.0,154.0,37.0,100.0,30.35,120.45556916715888,0.0,0.0,0.0,0.0,2.0,73.67,91.41,0.44249553131355573,0.45699609498784316,0,0,0.014500563674287426,78.0,2.0,25536.197439,101.33333333333333,sbp_alt
57095,61.0,0.0,201.0,69.0,127.0,22.6,97.16880939309705,1.0,0.0,0.0,0.0,,40.5,22.5,7.295216123286323,6.717218744955651,2,2,-0.5779973783306724,81.0,1.0,7200.115955,130.0,sbp_alt
57100,69.0,0.0,188.0,43.0,146.0,34.94,77.72662757254427,1.0,1.0,1.0,0.0,,25.95,10.18,20.764103911617894,18.535065970192218,3,3,-2.229037941425677,78.0,1.0,8365.161334,145.33333333333334,sbp_alt
57102,58.0,1.0,289.0,70.0,103.0,18.19,90.77196853549066,0.0,1.0,0.0,0.0,,12.06,4.17,3.0724756577472823,2.631609846345119,1,0,-0.4408658114021633,87.0,1.0,107639.840916,104.0,sbp_alt
57108,38.0,1.0,143.0,78.0,101.0,21.89,117.75103814504187,0.0,0.0,0.0,0.0,2.0,6.78,5.52,0.14618155458461515,0.14174489057767667,0,0,-0.004436664006938484,79.0,2.0,19493.542121,101.33333333333333,sbp_alt
57109,41.0,1.0,254.0,68.0,109.0,20.02,116.52256251235403,0.0,0.0,0.0,0.0,2.0,21.13,7.5,0.48410945243926,0.4146827401892317,0,0,-0.06942671225002833,88.0,2.0,15384.834197,110.66666666666667,sbp_alt
57111,57.0,0.0,151.0,46.0,102.0,28.86,101.35090569700348,1.0,0.0,0.0,1.0,,98.31,23.7,5.5211592632910484,4.501848961544166,2,1,-1.0193103017468825,80.0,2.0,14173.048393,103.33333333333333,sbp_alt
57113,56.0,0.0,137.0,40.0,124.0,29.8,100.92049922385212,0.0,0.0,0.0,0.0,,5.82,1.49,2.4806742997246847,2.02871617980863,0,0,-0.4519581199160547,77.0,2.0,14507.466366,123.33333333333333,sbp_alt
57119,60.0,0.0,159.0,66.0,100.0,30.3,91.6327190932268,0.0,0.0,1.0,1.0,,5.25,2.93,2.5429779183764953,2.333596445921754,0,0,-0.20938147245474115,76.0,2.0,52391.133413,100.66666666666667,sbp_alt
57120,65.0,1.0,229.0,82.0,137.0,31.13,98.3854595988943,1.0,0.0,1.0,0.0,,28.09,11.28,7.87542650960935,6.937287319660491,2,2,-0.9381391899488589,77.0,2.0,6260.61572,139.33333333333334,sbp_alt
57122,65.0,0.0,210.0,39.0,151.0,19.56,100.55324940318538,0.0,0.0,0.0,0.0,,23.59,9.92,9.655057460309713,8.57266178264766,2,2,-1.0823956776620527,85.0,1.0,55281.20886,150.66666666666666,sbp_alt
57129,79.0,0.0,191.0,65.0,128.0,41.63,77.4885479099586,0.0,0.0,1.0,0.0,,15.07,2.88,16.41954203986844,13.270599851805722,3,3,-3.1489421880627173,80.0,2.0,9873.315888,129.33333333333334,sbp_alt
57131,47.0,1.0,191.0,61.0,116.0,20.05,102.01210658937315,0.0,0.0,0.0,0.0,,6.29,4.8,0.6782298137819958,0.6514308803847119,0,0,-0.026798933397283897,86.0,1.0,73812.908056,115.33333333333333,sbp_alt
57134,31.0,1.0,162.0,64.0,106.0,26.7,122.99056536408828,0.0,0.0,0.0,0.0,2.0,5.44,5.0,0.11043989641255,0.10905189913330035,0,0,-0.001387997279249653,78.0,2.0,25897.157431,104.66666666666667,sbp_alt
57142,39.0,1.0,189.0,44.0,127.0,43.48,102.15765097172819,0.0,0.0,0.0,0.0,2.0,16.82,19.76,0.7751452403771576,0.7939686340574852,0,0,0.018823393680327594,79.0,1.0,58438.276253,128.0,sbp_alt
57145,55.0,0.0,258.0,33.0,174.0,32.61,79.27800559870124,0.0,0.0,0.0,0.0,,8.75,6.16,9.119783328240075,8.689928592160072,2,2,-0.4298547360800029,85.0,2.0,12815.795366,172.0,sbp_alt
57154,60.0,0.0,221.0,49.0,117.0,35.09,68.54510655730316,0.0,0.0,0.0,0.0,,6.03,4.76,3.839131230443781,3.709439398387556,1,1,-0.12969183205622503,84.0,1.0,8634.150642,116.0,sbp_alt
57159,39.0,1.0,203.0,71.0,120.0,21.81,89.31913283408254,0.0,0.0,0.0,0.0,2.0,5.58,6.12,0.33479307167974526,0.3394521978562207,0,0,0.004659126176475459,84.0,1.0,26477.964406,120.66666666666667,sbp_alt
57160,49.0,0.0,277.0,56.0,125.0,30.94,87.0167432185838,0.0,0.0,0.0,0.0,,1.48,3.92,1.8360045369264117,2.1207616898880723,0,0,0.2847571529616606,78.0,2.0,24174.776339,122.66666666666667,sbp_alt
57165,48.0,0.0,145.0,47.0,123.0,27.36,89.60377807020258,0.0,0.0,1.0,0.0,,3.11,1.4,1.4128627469710981,1.2544496573036155,0,0,-0.1584130896674827,80.0,2.0,27067.934054,124.66666666666667,sbp_alt
57170,56.0,1.0,200.0,87.0,140.0,28.85,102.517269872571,0.0,0.0,1.0,0.0,,3.92,4.38,1.6311145973513907,1.6580574619950663,0,0,0.026942864643675568,79.0,2.0,99626.593895,143.33333333333334,sbp_alt
57171,38.0,1.0,141.0,40.0,111.0,42.75,120.24631827128792,0.0,1.0,0.0,0.0,2.0,7.4,4.79,0.636253732680669,0.5962763983247649,0,0,-0.039977334355904115,81.0,1.0,22865.162453,112.0,sbp_alt
57175,49.0,0.0,253.0,43.0,130.0,25.82,85.06863232134218,0.0,0.0,0.0,0.0,,3.08,3.59,2.4535082491679208,2.509497492626848,0,0,0.055989243458927085,79.0,2.0,75648.543242,128.66666666666666,sbp_alt
57177,53.0,1.0,271.0,72.0,151.0,32.88,105.60748702038678,1.0,0.0,1.0,0.0,,163.0,98.33,9.017953299885722,8.414477596507615,2,2,-0.6034757033781073,85.0,1.0,11193.671799,152.0,sbp_alt
57178,46.0,0.0,233.0,54.0,120.0,25.35,102.55420404703159,0.0,0.0,0.0,0.0,,3.3,2.43,1.268236400908796,1.2116550622594864,0,0,-0.0565813386493097,79.0,2.0,143399.727954,120.0,sbp_alt
57179,53.0,1.0,262.0,59.0,171.0,30.54,101.60687257776412,1.0,0.0,0.0,0.0,,7.32,6.81,8.477074614541271,8.393338816918307,2,2,-0.08373579762296401,78.0,1.0,10656.402922,170.66666666666666,sbp_alt
57181,62.0,0.0,166.0,56.0,114.0,27.01,94.05274868234349,1.0,1.0,1.0,1.0,,9.3,5.23,7.9294173280689755,7.317599906840656,2,2,-0.6118174212283192,81.0,2.0,57398.774363,115.33333333333333,sbp_alt
57184,34.0,0.0,175.0,46.0,124.0,31.23,102.51392552827187,0.0,0.0,0.0,0.0,,3.86,2.68,0.504344770416623,0.47743853067808617,0,0,-0.026906239738536786,79.0,1.0,69862.627307,123.33333333333333,sbp_alt
57185,53.0,0.0,203.0,41.0,120.0,24.75,104.65370210703844,0.0,0.0,0.0,0.0,,7.35,5.84,2.5067692973459343,2.4232840549507118,0,0,-0.08348524239522259,87.0,1.0,11569.725441,121.33333333333333,sbp_alt
57187,43.0,1.0,184.0,43.0,100.0,26.86,111.55372316553999,0.0,0.0,0.0,0.0,2.0,6.41,2.0,0.6061119136939725,0.5093772283091372,0,0,-0.09673468538483532,79.0,2.0,16538.27432,103.33333333333333,sbp_alt
57189,72.0,1.0,261.0,90.0,129.0,19.13,84.53575627811387,0.0,0.0,0.0,0.0,,4.49,1.4,4.652961626770404,3.9355516456536197,1,1,-0.7174099811167842,75.0,2.0,45032.656482,132.66666666666666,sbp_alt
57198,51.0,0.0,177.0,45.0,105.0,52.73,92.22862523712321,0.0,0.0,1.0,1.0,,14.63,40.4,2.1071427996940186,2.4479045513581434,0,0,0.3407617516641248,84.0,1.0,14106.78685,106.66666666666667,sbp_alt
57203,51.0,0.0,182.0,39.0,108.0,,107.14823439043337,0.0,1.0,0.0,0.0,,5.0,4.91,2.544425927802382,2.5376332655038825,0,0,-0.006792662298499508,80.0,2.0,27553.096049,107.33333333333333,sbp_alt
57204,56.0,1.0,215.0,57.0,136.0,36.91,74.04238663056476,0.0,0.0,0.0,0.0,,6.54,4.62,2.4127393713031995,2.2928977215065367,0,0,-0.11984164979666279,84.0,1.0,79625.602161,135.33333333333334,sbp_alt
57208,46.0,0.0,215.0,75.0,117.0,19.46,114.58907449422529,0.0,0.0,0.0,0.0,,6.27,5.0,0.8487085228385736,0.8204248120194849,0,0,-0.028283710819088648,86.0,1.0,80523.693485,117.33333333333333,sbp_alt
57210,79.0,1.0,207.0,64.0,157.0,40.77,42.61425905724319,1.0,0.0,0.0,0.0,,2.54,1.73,12.623378529180448,12.001053942880471,3,3,-0.6223245862999764,84.0,1.0,12842.615886,160.0,sbp_alt
57211,40.0,1.0,170.0,58.0,103.0,28.44,110.16310870388523,0.0,0.0,0.0,0.0,2.0,4.41,4.0,0.3011465574029158,0.296780235558442,0,0,-0.004366321844473775,79.0,2.0,16970.739474,104.0,sbp_alt
57213,77.0,1.0,222.0,34.0,158.0,26.69,96.0805515844251,0.0,0.0,1.0,1.0,,16.67,3.45,15.183483565434107,12.381820034517007,3,3,-2.8016635309171,75.0,2.0,21020.708228,161.33333333333334,sbp_alt
57214,41.0,0.0,265.0,39.0,123.0,37.13,112.35591131463279,0.0,0.0,0.0,0.0,,5.47,3.04,1.5399248902130844,1.411053769023444,0,0,-0.1288711211896405,79.0,2.0,77775.512186,120.0,sbp_alt
57215,40.0,1.0,170.0,72.0,125.0,24.91,75.75653809613844,0.0,0.0,0.0,0.0,2.0,10.51,5.0,0.3887569351384021,0.34787417259883896,0,0,-0.04088276253956313,86.0,2.0,69605.408779,124.66666666666667,sbp_alt
57217,60.0,1.0,170.0,43.0,132.0,38.2,78.38326299054908,0.0,0.0,0.0,0.0,,4.87,6.0,3.0699938220428384,3.1645926637503603,1,1,0.09459884170752186,80.0,1.0,58315.346509,131.33333333333334,sbp_alt
57222,65.0,1.0,198.0,61.0,143.0,37.1,72.88561202675902,0.0,0.0,0.0,0.0,,8.31,3.39,4.571085033516431,4.018546942153505,1,1,-0.5525380913629254,77.0,2.0,68773.599629,144.0,sbp_alt
57223,76.0,0.0,192.0,53.0,135.0,23.0,63.950562682937644,0.0,0.0,0.0,1.0,,7.23,10.0,11.077849353289912,11.569597355006945,3,3,0.49174800171703303,80.0,1.0,28480.684717,135.33333333333334,sbp_alt
57224,30.0,0.0,186.0,48.0,123.0,28.41,96.82379252665463,0.0,1.0,0.0,0.0,,2.33,2.67,0.6546092834468583,0.6681223057482112,0,0,0.013513022301352873,82.0,1.0,28516.746202,123.33333333333333,sbp_alt
57225,31.0,0.0,209.0,58.0,104.0,29.24,114.05195330282343,0.0,0.0,0.0,0.0,,3.64,3.3,0.2842718404882905,0.28010507250603506,0,0,-0.004166767982255459,88.0,2.0,62367.862156,103.33333333333333,sbp_alt
57229,60.0,1.0,256.0,50.0,142.0,22.36,94.08894899177962,0.0,0.0,0.0,0.0,,6.61,3.85,3.9025087800189886,3.6093345601106366,1,1,-0.293174219908352,86.0,2.0,61835.25213,144.66666666666666,sbp_alt
57230,64.0,1.0,215.0,75.0,99.0,20.93,82.2269222087342,0.0,0.0,0.0,0.0,,4.25,6.25,2.2967060698120805,2.4302745680948328,0,0,0.1335684982827523,85.0,1.0,60234.151229,100.66666666666667,sbp_alt
57231,57.0,1.0,189.0,63.0,109.0,19.55,68.1558268823069,0.0,0.0,0.0,0.0,,15.5,5.81,1.6901635000087274,1.4620428499702889,0,0,-0.2281206500384385,79.0,1.0,87766.123009,108.66666666666667,sbp_alt
57234,48.0,1.0,218.0,82.0,108.0,33.46,64.79941755203274,0.0,0.0,0.0,0.0,,11.52,12.93,0.5939048698597339,0.6042265429817785,0,0,0.010321673122044572,76.0,2.0,18967.985218,108.66666666666667,sbp_alt
57249,68.0,1.0,175.0,57.0,152.0,33.62,79.01980726960552,0.0,0.0,0.0,0.0,,3.5,3.96,5.374345467341605,5.469400107491702,2,2,0.09505464015009668,83.0,2.0,21271.030737,146.66666666666666,sbp_alt
57250,37.0,0.0,203.0,40.0,113.0,26.06,111.32492316959765,0.0,1.0,0.0,0.0,,4.13,5.31,1.1083305033540831,1.150707003520588,0,0,0.04237650016650485,89.0,1.0,19395.917386,114.0,sbp_alt
57259,40.0,0.0,258.0,40.0,118.0,29.14,111.0998561455508,0.0,1.0,0.0,0.0,,2.88,3.23,1.8874859950480882,1.919827609838299,0,0,0.03234161479021069,75.0,2.0,19863.690695,119.33333333333333,sbp_alt
57262,38.0,1.0,188.0,47.0,109.0,22.54,106.13781743931601,0.0,0.0,0.0,0.0,2.0,5.4,4.0,0.3645689784295702,0.34856480868611206,0,0,-0.01600416974345814,77.0,1.0,64508.601789,111.33333333333333,sbp_alt
57267,56.0,0.0,191.0,60.0,128.0,19.55,81.44461926623293,0.0,1.0,0.0,0.0,,3.14,3.74,3.3544558389314516,3.4411233240838213,1,1,0.08666748515236966,78.0,1.0,18554.055335,128.0,sbp_alt
57268,48.0,0.0,246.0,43.0,109.0,25.36,108.75738136236926,0.0,0.0,0.0,0.0,,3.01,6.94,1.5315588761946595,1.7339027270202254,0,0,0.20234385082556594,82.0,2.0,20096.584068,109.33333333333333,sbp_alt
57270,73.0,1.0,227.0,76.0,123.0,27.08,78.93333295505872,1.0,0.0,1.0,1.0,,11.55,2.68,10.047839272929918,8.232046855972984,3,2,-1.8157924169569348,84.0,2.0,14822.816187,123.33333333333333,sbp_alt
57276,74.0,1.0,218.0,84.0,129.0,23.43,65.33810739316206,0.0,0.0,0.0,0.0,,12.31,18.67,6.742233565145948,7.146173298529255,2,2,0.40393973338330635,82.0,2.0,47930.8449,130.66666666666666,sbp_alt
57281,62.0,1.0,178.0,41.0,106.0,29.5,71.33035139760756,0.0,0.0,0.0,0.0,,2.67,2.91,2.5864280265421695,2.6191848107918654,0,0,0.03275678424969586,78.0,2.0,23607.25865,106.0,sbp_alt
57284,53.0,1.0,284.0,43.0,141.0,25.03,103.71019512570068,0.0,0.0,1.0,1.0,,8.23,8.82,4.418517238113857,4.462621783413396,1,1,0.04410454529953878,77.0,1.0,93463.959795,140.66666666666666,sbp_alt
57287,33.0,1.0,148.0,50.0,128.0,42.83,117.44691218945603,1.0,0.0,0.0,0.0,2.0,7.54,5.63,1.104796564825418,1.0578968953878034,0,0,-0.0468996694376147,77.0,1.0,19518.20924,128.0,sbp_alt
57288,30.0,1.0,162.0,42.0,98.0,54.55,117.23202281816458,0.0,0.0,0.0,0.0,2.0,9.64,3.0,0.20455332454918893,0.17172926089647858,0,0,-0.032824063652710345,80.0,1.0,15076.958957,105.33333333333333,sbp_alt
57290,34.0,0.0,203.0,45.0,125.0,27.28,125.64949103335965,0.0,0.0,0.0,0.0,,5.5,3.33,0.636139511305008,0.5899928410148064,0,0,-0.046146670290201586,88.0,1.0,23709.472842,124.0,sbp_alt
57293,51.0,1.0,234.0,47.0,129.0,36.08,90.50709138266602,0.0,0.0,0.0,0.0,,17.8,3.43,2.135397860907524,1.6755552690045323,0,0,-0.4598425919029918,88.0,2.0,10312.68772,130.0,sbp_alt
57294,60.0,0.0,262.0,42.0,155.0,28.6,91.6327190932268,0.0,0.0,0.0,0.0,,4.81,12.16,7.3041854926896566,8.310993443501847,2,2,1.00680795081219,79.0,1.0,62920.012242,153.33333333333334,sbp_alt
57295,40.0,0.0,200.0,59.0,106.0,20.97,93.0891457489064,0.0,0.0,0.0,0.0,,3.9,2.74,0.5530603372681743,0.524500227807913,0,0,-0.028560109460261218,77.0,2.0,23456.48286,104.66666666666667,sbp_alt
57297,33.0,0.0,198.0,65.0,125.0,30.15,97.23130127154721,0.0,0.0,0.0,0.0,,5.67,4.3,0.3990579106374951,0.38279710036126063,0,0,-0.01626081027623444,75.0,2.0,90136.964446,124.66666666666667,sbp_alt
57305,67.0,0.0,130.0,37.0,115.0,34.68,100.99095187272347,0.0,0.0,1.0,1.0,,12.07,13.71,5.698741274440359,5.803015271416192,2,2,0.10427399697583262,85.0,1.0,54228.877032,118.66666666666667,sbp_alt
57308,57.0,0.0,178.0,65.0,134.0,24.59,87.78532534914498,0.0,1.0,0.0,0.0,,8.63,3.06,3.9839617877743745,3.4263600733193154,1,1,-0.5576017144550591,85.0,2.0,21368.439802,132.0,sbp_alt
57309,66.0,1.0,174.0,60.0,131.0,25.38,82.44560217173141,0.0,0.0,1.0,1.0,,12.05,5.71,4.773215686545988,4.288675171853551,1,1,-0.4845405146924362,80.0,1.0,58532.020031,132.66666666666666,sbp_alt
57310,30.0,1.0,203.0,52.0,110.0,38.62,98.62332818482211,0.0,0.0,0.0,0.0,2.0,4.2,4.05,0.18142317500773156,0.18043716328616335,0,0,-0.000986011721568203,83.0,2.0,36330.97264,108.66666666666667,sbp_alt
57316,71.0,1.0,197.0,40.0,132.0,32.45,30.356174896822733,1.0,0.0,1.0,1.0,,120.73,125.83,22.712863632020383,22.822082429266292,3,3,0.10921879724590866,77.0,2.0,40933.068037,136.66666666666666,sbp_alt
57328,67.0,1.0,200.0,71.0,108.0,31.32,95.73835223595192,0.0,0.0,1.0,1.0,,6.67,4.64,3.6427965722112106,3.456322135780454,1,1,-0.18647443643075645,85.0,1.0,60234.151229,107.33333333333333,sbp_alt
57330,69.0,1.0,169.0,40.0,134.0,35.63,52.11121025687,1.0,0.0,1.0,1.0,,327.27,45.65,19.36205944012661,15.156732470764696,3,3,-4.205326969361915,75.0,1.0,8213.407304,135.33333333333334,sbp_alt
57334,57.0,1.0,142.0,41.0,155.0,39.62,59.9129309220677,1.0,0.0,1.0,1.0,,425.53,398.03,13.520146212737782,13.40330957025025,3,3,-0.1168366424875309,84.0,2.0,19267.498554,155.33333333333334,sbp_alt
57335,58.0,1.0,231.0,75.0,176.0,25.4,84.09032713317622,0.0,0.0,1.0,0.0,,8.77,5.58,4.583375412478722,4.295512400388654,1,1,-0.28786301209006737,76.0,1.0,11550.549181,180.0,sbp_alt
57336,39.0,1.0,191.0,34.0,102.0,37.36,121.69529171007626,0.0,0.0,0.0,0.0,2.0,8.54,5.0,0.5659425384145507,0.5224692078668516,0,0,-0.043473330547699085,87.0,1.0,25936.820943,101.33333333333333,sbp_alt
57343,58.0,0.0,212.0,41.0,140.0,37.55,101.44941757797542,1.0,0.0,0.0,0.0,,6.49,6.16,8.302164960690417,8.242368791744331,2,2,-0.05979616894608597,82.0,1.0,20506.179986,144.66666666666666,sbp_alt
57348,62.0,1.0,130.0,49.0,108.0,42.07,67.74164021881768,1.0,0.0,1.0,0.0,,9.85,16.96,5.949436169199895,6.422623081347474,2,2,0.4731869121475789,80.0,1.0,15659.991046,110.66666666666667,sbp_alt
57357,63.0,1.0,293.0,38.0,114.0,27.4,101.2042315325947,0.0,1.0,0.0,0.0,,423.53,42.88,10.223241582659082,7.471133372177711,3,2,-2.7521082104813708,82.0,2.0,20615.124346,109.33333333333333,sbp_alt
57360,31.0,1.0,133.0,51.0,103.0,24.61,124.52037187299477,0.0,0.0,0.0,0.0,2.0,7.82,6.47,0.137067308435118,0.13322790371892493,0,0,-0.0038394047161930678,85.0,2.0,18499.4128,105.33333333333333,sbp_alt
57363,58.0,1.0,230.0,25.0,119.0,25.34,101.24999649000503,0.0,1.0,0.0,0.0,,3.53,3.93,4.55797621653377,4.628592600688346,1,1,0.07061638415457683,78.0,2.0,14748.006458,112.66666666666667,sbp_alt
57367,43.0,1.0,204.0,67.0,118.0,26.29,110.75402294823633,0.0,0.0,0.0,0.0,2.0,5.3,35.27,0.45624366985724407,0.605500895391018,0,0,0.14925722553377396,77.0,2.0,86576.383051,116.66666666666667,sbp_alt
57369,56.0,0.0,226.0,41.0,104.0,36.22,111.63806779885743,1.0,1.0,0.0,0.0,,10.98,2.37,8.743786705988372,7.064326270267143,2,2,-1.6794604357212286,86.0,2.0,9812.82322,107.33333333333333,sbp_alt
57372,33.0,1.0,214.0,77.0,117.0,25.6,92.71511547649165,0.0,0.0,0.0,0.0,2.0,3.3,4.06,0.15739320414379065,0.16235928989866347,0,0,0.004966085754872812,77.0,1.0,64508.601789,120.0,sbp_alt
57373,61.0,1.0,267.0,65.0,148.0,23.78,100.48162450764946,0.0,0.0,0.0,0.0,,3.13,3.26,3.331807520385701,3.351539832658388,1,1,0.01973231227268668,89.0,2.0,5308.299831,151.33333333333334,sbp_alt
57377,36.0,1.0,188.0,65.0,115.0,28.68,119.70874463832251,0.0,0.0,0.0,0.0,2.0,8.93,3.86,0.2401057459436289,0.21175905297266204,0,0,-0.02834669297096687,83.0,2.0,61193.639148,116.66666666666667,sbp_alt
57380,39.0,1.0,138.0,39.0,112.0,21.42,117.4959382705357,0.0,1.0,0.0,0.0,2.0,26.5,16.59,0.86213867823534,0.8040753284872828,0,0,-0.05806334974805716,78.0,2.0,22444.203247,110.66666666666667,sbp_alt
57382,61.0,0.0,156.0,56.0,149.0,29.48,88.81612302772305,0.0,0.0,1.0,1.0,,5.06,7.3,4.079151405424586,4.301293393765204,1,1,0.22214198834061794,84.0,1.0,51157.204847,144.66666666666666,sbp_alt
57384,64.0,1.0,185.0,39.0,117.0,53.89,100.5767652970926,0.0,0.0,1.0,0.0,,6.09,4.59,4.434512269276163,4.258056154354415,1,1,-0.17645611492174762,88.0,1.0,5697.985261,117.33333333333333,sbp_alt
57392,33.0,0.0,182.0,34.0,100.0,27.82,116.0434280195391,0.0,0.0,0.0,0.0,,3.97,2.96,0.4943123223743221,0.4729783809849508,0,0,-0.02133394138937128,85.0,1.0,60502.550662,101.33333333333333,sbp_alt
57393,67.0,0.0,196.0,36.0,113.0,26.89,95.92691763867045,0.0,1.0,0.0,0.0,,5.1,3.49,7.84218236618265,7.438057890258211,2,2,-0.4041244759244389,78.0,2.0,7225.124488,114.66666666666667,sbp_alt
57396,45.0,0.0,236.0,34.0,106.0,37.49,113.87181982163489,0.0,0.0,0.0,0.0,,4.83,2.8,1.511811431889873,1.3939910133979703,0,0,-0.11782041849190272,83.0,2.0,24028.911704,108.0,sbp_alt
57400,30.0,0.0,156.0,27.0,119.0,28.44,93.6348093305535,0.0,1.0,0.0,0.0,,2.96,3.1,0.7936042719935377,0.7991173787505308,0,0,0.005513106756993125,83.0,2.0,33287.030545,120.0,sbp_alt
57403,55.0,1.0,243.0,82.0,112.0,23.09,97.06075278137192,0.0,0.0,0.0,0.0,,6.07,2.91,1.030427532187248,0.9237450588996788,0,0,-0.10668247328756919,77.0,2.0,105631.466784,112.66666666666667,sbp_alt
57408,57.0,1.0,268.0,50.0,107.0,31.27,101.16200329105925,0.0,0.0,1.0,1.0,,9.49,3.39,3.058921573015205,2.632451308212654,1,0,-0.4264702648025507,79.0,1.0,95185.415335,108.66666666666667,sbp_alt
57411,52.0,0.0,214.0,26.0,120.0,27.44,108.57971214959564,0.0,1.0,0.0,0.0,,3.55,3.31,4.072654937326815,4.031558413445108,1,1,-0.04109652388170737,76.0,1.0,78821.803811,118.0,sbp_alt
57413,37.0,0.0,184.0,30.0,197.0,51.46,94.84229787924407,1.0,1.0,1.0,0.0,,399.16,442.63,34.202788918541394,34.55494300552458,3,3,0.35215408698318384,81.0,2.0,20133.290922,196.0,sbp_alt
57414,57.0,1.0,233.0,44.0,124.0,32.01,63.419732022320524,0.0,0.0,0.0,1.0,,8.42,4.38,2.9986300596621236,2.726034836883391,0,0,-0.2725952227787327,82.0,2.0,32061.10982,125.33333333333333,sbp_alt
57417,72.0,0.0,148.0,54.0,132.0,29.96,61.18074957644862,0.0,0.0,1.0,1.0,,5.79,5.14,7.640803071057063,7.5148682099173305,2,2,-0.12593486113973285,77.0,2.0,33464.063035,132.0,sbp_alt
57422,35.0,0.0,160.0,45.0,128.0,30.44,107.04731131823684,0.0,0.0,0.0,0.0,,4.84,4.52,0.5777345593648879,0.5718316231089443,0,0,-0.005902936255943625,79.0,1.0,63837.745058,129.33333333333334,sbp_alt
57424,30.0,1.0,204.0,51.0,115.0,41.28,126.94054562516726,0.0,0.0,0.0,0.0,2.0,13.82,12.22,0.2412162020277453,0.23681195306034025,0,0,-0.0044042489674050445,82.0,2.0,19219.968571,118.66666666666667,sbp_alt
57433,30.0,0.0,204.0,60.0,110.0,31.76,127.12171591498485,0.0,1.0,0.0,0.0,,4.34,1.3,0.4276309145263568,0.35671303052796144,0,0,-0.07091788399839538,88.0,2.0,23998.324651,110.66666666666667,sbp_alt
57435,56.0,1.0,238.0,54.0,143.0,25.63,55.91040927790378,0.0,0.0,0.0,0.0,,7.98,9.6,3.5381260084400608,3.634052660005637,1,1,0.09592665156557612,78.0,1.0,22940.074853,144.66666666666666,sbp_alt
57439,47.0,0.0,220.0,51.0,149.0,29.47,82.42224212302202,0.0,0.0,1.0,0.0,,6.58,3.77,3.0089211771089213,2.772936089890212,1,0,-0.23598508721870948,76.0,2.0,84551.439388,150.66666666666666,sbp_alt
57456,54.0,0.0,152.0,34.0,125.0,27.75,78.91096806895133,0.0,1.0,1.0,0.0,,3.16,5.35,4.180304657630311,4.510643023708554,1,1,0.3303383660782435,87.0,1.0,107001.979585,126.66666666666667,sbp_alt
57457,77.0,1.0,243.0,55.0,148.0,28.55,72.56299665138742,0.0,0.0,0.0,0.0,,11.23,4.21,10.841326419100136,9.497571064973757,3,2,-1.3437553541263796,81.0,2.0,38087.107887,152.0,sbp_alt
57459,46.0,1.0,274.0,90.0,100.0,25.74,104.36170362805939,0.0,0.0,0.0,0.0,,8.65,4.34,0.4761727201836909,0.4295389501517045,0,0,-0.04663377003198638,77.0,2.0,21478.807878,101.33333333333333,sbp_alt
57460,60.0,1.0,202.0,57.0,121.0,33.11,103.11021544385689,1.0,0.0,0.0,1.0,,7.37,6.25,4.220808040260308,4.121896063341779,1,1,-0.09891197691852849,75.0,1.0,8780.848777,123.33333333333333,sbp_alt
57462,36.0,0.0,212.0,32.0,127.0,24.28,113.89837473009679,0.0,1.0,0.0,0.0,,11.92,10.47,2.0640226238689716,2.0248001881029967,0,0,-0.03922243576597495,77.0,2.0,77850.443105,127.33333333333333,sbp_alt
57466,61.0,0.0,186.0,36.0,141.0,32.03,100.68735750547624,0.0,0.0,0.0,0.0,,13.92,9.55,6.1728777847467935,5.851439975621025,2,2,-0.3214378091257686,77.0,1.0,51609.176198,146.66666666666666,sbp_alt
57470,44.0,0.0,247.0,37.0,102.0,32.4,91.8608272408737,0.0,0.0,0.0,0.0,,4.2,3.1,1.491815974788888,1.4259022721730548,0,0,-0.06591370261583318,81.0,1.0,21459.071325,101.33333333333333,sbp_alt
57471,57.0,0.0,201.0,34.0,127.0,30.4,75.01292518820475,0.0,0.0,0.0,0.0,,3.77,3.37,3.7089631026025507,3.6489451787661378,1,1,-0.06001792383641291,77.0,1.0,23031.021983,127.33333333333333,sbp_alt
57472,57.0,0.0,292.0,43.0,132.0,32.1,70.53496055256451,0.0,0.0,0.0,0.0,,6.91,4.11,5.491476749022829,5.098233822143303,2,2,-0.3932429268795259,85.0,1.0,19200.925759,134.66666666666666,sbp_alt
57475,52.0,0.0,258.0,51.0,116.0,28.13,105.30660304592317,1.0,0.0,1.0,0.0,,116.96,29.12,8.664494682582953,7.140746860303631,2,2,-1.5237478222793222,75.0,1.0,17971.288694,120.0,sbp_alt
57478,68.0,1.0,142.0,45.0,111.0,28.25,80.20658108888541,0.0,1.0,1.0,1.0,,10.08,3.07,7.090383708960708,6.000967771780287,2,2,-1.089415937180421,86.0,3.0,5184.204509,112.0,sbp_alt
57479,45.0,1.0,217.0,77.0,107.0,25.76,86.04753873445065,0.0,0.0,0.0,0.0,,2.1,2.11,0.36666318510197143,0.36692381120378553,0,0,0.00026062610181409873,77.0,2.0,21052.826838,106.0,sbp_alt
57481,34.0,0.0,231.0,22.0,129.0,26.06,95.52519628520233,0.0,1.0,0.0,0.0,,5.75,5.23,2.3952961229724394,2.36205870469648,0,0,-0.033237418275959385,80.0,1.0,58510.98972,128.66666666666666,sbp_alt
57482,53.0,0.0,201.0,39.0,98.0,27.18,85.85902378541412,0.0,0.0,0.0,0.0,,23.83,8.84,3.0991366609099056,2.6796745487964486,1,0,-0.41946211211345696,80.0,1.0,61026.808084,102.66666666666667,sbp_alt
57483,54.0,1.0,254.0,40.0,109.0,33.6,111.38617835081007,0.0,1.0,0.0,1.0,,6.67,322.4,3.170061970170043,5.535683363353377,1,2,2.3656213931833343,88.0,1.0,10054.161288,108.66666666666667,sbp_alt
57492,61.0,0.0,239.0,72.0,130.0,26.84,91.06459623484878,0.0,0.0,0.0,0.0,,8.02,5.47,3.997815960803399,3.7818410410986165,1,1,-0.21597491970478266,80.0,2.0,74313.517349,130.0,sbp_alt
57502,39.0,0.0,189.0,69.0,101.0,31.12,69.10576860789536,0.0,0.0,0.0,0.0,,3.61,2.11,0.43379004871856014,0.4001360816337309,0,0,-0.03365396708482926,82.0,1.0,23339.041345,100.0,sbp_alt
57506,63.0,1.0,257.0,59.0,114.0,24.48,98.1499265374984,0.0,0.0,0.0,0.0,,5.77,12.64,2.804044968791666,3.143354364612663,0,1,0.33930939582099695,82.0,2.0,7692.636623,114.0,sbp_alt
57512,55.0,1.0,152.0,38.0,133.0,30.83,102.07360173472713,1.0,0.0,1.0,0.0,,86.28,105.36,8.26028941162814,8.490432327303276,2,2,0.23014291567513645,87.0,2.0,12542.221496,135.33333333333334,sbp_alt
57516,57.0,1.0,205.0,70.0,121.0,31.46,101.88166279936107,1.0,1.0,0.0,0.0,,12.83,11.52,5.310166262712495,5.229453791651061,2,2,-0.08071247106143442,87.0,1.0,14714.001115,121.33333333333333,sbp_alt
57520,46.0,1.0,151.0,58.0,112.0,21.71,102.64852745962281,0.0,0.0,0.0,0.0,,37.69,11.53,0.6709529946882161,0.5622699865113697,0,0,-0.1086830081768464,81.0,1.0,15979.688031,113.33333333333333,sbp_alt
57521,46.0,0.0,234.0,52.0,106.0,24.21,96.30785621911429,0.0,0.0,0.0,0.0,,4.76,4.42,1.2188725379249368,1.2054718756962475,0,0,-0.013400662228689297,77.0,1.0,20754.570941,105.33333333333333,sbp_alt
57524,42.0,0.0,162.0,61.0,92.0,24.03,105.1374643311218,0.0,0.0,0.0,0.0,,20.12,2.14,0.791824607368922,0.5657895375869744,0,0,-0.22603506978194765,83.0,1.0,79039.183921,93.0,sbp_alt
57526,56.0,1.0,148.0,36.0,115.0,31.74,90.47762866917799,1.0,1.0,1.0,1.0,,9.09,7.87,7.270581211998041,7.1260599659494925,2,2,-0.14452124604854877,77.0,2.0,30421.204657,116.66666666666667,sbp_alt
57528,77.0,0.0,157.0,32.0,102.0,38.66,59.881924457268816,1.0,0.0,1.0,0.0,,5.84,1.43,18.792816675738823,15.762522645492899,3,3,-3.0302940302459245,84.0,1.0,11112.872016,102.66666666666667,sbp_alt
57530,56.0,1.0,161.0,44.0,110.0,32.21,103.65534124798963,1.0,1.0,0.0,0.0,,11.71,10.78,5.439634519510889,5.376088177805465,2,2,-0.0635463417054245,88.0,2.0,84218.741868,111.33333333333333,sbp_alt
57531,62.0,1.0,242.0,52.0,136.0,27.29,96.07580141895353,0.0,0.0,0.0,0.0,,6.0,3.06,3.745062571138911,3.397234751999983,1,1,-0.34782781913892835,76.0,1.0,62173.905587,136.66666666666666,sbp_alt
57533,73.0,0.0,138.0,29.0,144.0,22.59,79.4704736778846,0.0,1.0,0.0,1.0,,6.44,3.57,11.227676621620027,10.369918961064444,3,3,-0.857757660555583,82.0,1.0,11046.661885,149.33333333333334,sbp_alt
57534,47.0,0.0,255.0,62.0,131.0,27.81,98.1084736956462,0.0,0.0,0.0,0.0,,8.46,2.92,1.885692649424309,1.610365385512767,0,0,-0.27532726391154183,85.0,2.0,20708.126413,131.33333333333334,sbp_alt
57535,62.0,0.0,227.0,99.0,106.0,30.19,96.89276058290638,0.0,1.0,0.0,1.0,,4.01,6.55,2.7655633717412598,2.971940098192625,0,0,0.2063767264513654,77.0,1.0,51609.176198,103.33333333333333,sbp_alt
57536,72.0,0.0,190.0,55.0,139.0,25.51,91.36150997025644,0.0,0.0,0.0,0.0,,6.67,4.96,8.987864068716005,8.628616783396502,2,2,-0.359247285319503,86.0,2.0,9751.593752,142.0,sbp_alt
57537,40.0,0.0,206.0,31.0,108.0,32.62,94.17472971693599,0.0,1.0,0.0,1.0,,8.6,5.91,1.7845198480456288,1.6879036396502414,0,0,-0.09661620839538743,80.0,1.0,16822.524734,108.66666666666667,sbp_alt
57541,50.0,0.0,207.0,42.0,139.0,24.34,109.49984334088548,0.0,0.0,0.0,0.0,,10.0,2.86,2.934106649842299,2.4410883000330186,0,0,-0.4930183498092804,76.0,1.0,10676.688351,140.0,sbp_alt
57542,47.0,1.0,175.0,56.0,118.0,22.6,122.77039972898312,1.0,0.0,0.0,0.0,,29.06,30.0,2.258354095919378,2.2689273200220903,0,0,0.01057322410271233,88.0,2.0,12812.019149,116.66666666666667,sbp_alt
57545,53.0,1.0,181.0,47.0,142.0,26.31,103.71019512570068,0.0,1.0,1.0,1.0,,7.27,7.48,3.9689416781024103,3.9852673591204084,1,1,0.01632568101799814,86.0,3.0,70447.257704,143.33333333333334,sbp_alt
57549,43.0,0.0,171.0,49.0,110.0,26.31,104.48561205226885,1.0,0.0,0.0,0.0,,2.9,2.36,1.5854269713710696,1.5376029217204168,0,0,-0.04782404965065279,77.0,2.0,91799.434449,110.66666666666667,sbp_alt
57550,45.0,0.0,205.0,48.0,123.0,18.51,95.73522903521797,0.0,0.0,0.0,0.0,,3.33,2.82,1.2172742122451174,1.187455944164444,0,0,-0.029818268080673338,80.0,2.0,88104.450949,124.66666666666667,sbp_alt
57553,47.0,0.0,222.0,62.0,122.0,30.61,109.43588384219085,0.0,0.0,0.0,0.0,,6.37,3.19,1.296382254757414,1.1693294693874623,0,0,-0.12705278536995168,86.0,2.0,19335.257103,123.33333333333333,sbp_alt
57554,60.0,1.0,194.0,89.0,143.0,28.98,103.53588084139965,0.0,0.0,0.0,1.0,,6.56,4.48,1.7861622394844612,1.6884520282631916,0,0,-0.09771021122126955,84.0,1.0,14321.334085,141.33333333333334,sbp_alt
57555,71.0,0.0,155.0,52.0,97.0,30.63,59.83507685693788,0.0,0.0,1.0,0.0,,4.53,6.73,9.006693860586546,9.508746346853908,2,2,0.5020524862673614,75.0,2.0,12378.492771,97.33333333333333,sbp_alt
57556,43.0,1.0,195.0,39.0,132.0,41.19,111.55372316553999,1.0,0.0,1.0,0.0,2.0,9.17,6.99,4.054664877452176,3.899065581482687,1,1,-0.15559929596948852,80.0,1.0,13939.012804,130.66666666666666,sbp_alt
57557,56.0,0.0,158.0,39.0,118.0,31.58,111.10837732708937,0.0,0.0,0.0,0.0,,6.94,7.2,2.545359259442227,2.5591725599783324,0,0,0.013813300536105189,80.0,1.0,69149.091341,116.66666666666667,sbp_alt
57561,43.0,0.0,179.0,82.0,153.0,28.97,85.42103065275387,0.0,0.0,0.0,0.0,,3.75,3.3,0.9860261817285279,0.9673570558409826,0,0,-0.018669125887545213,80.0,1.0,20547.166359,152.66666666666666,sbp_alt
57562,45.0,1.0,218.0,81.0,95.0,23.07,93.94824112962354,0.0,1.0,0.0,0.0,,20.74,13.57,0.8522440179734867,0.8000840637224272,0,0,-0.05215995425105946,79.0,1.0,18377.416844,96.0,sbp_alt
57569,60.0,0.0,141.0,65.0,130.0,22.0,79.44349957363035,1.0,0.0,0.0,1.0,,4.51,3.42,3.550494797752718,3.4101749749676022,1,1,-0.1403198227851159,78.0,1.0,8365.161334,132.0,sbp_alt
57570,67.0,1.0,259.0,76.0,140.0,21.5,71.01514667323134,0.0,0.0,0.0,0.0,,12.84,23.33,4.97805509630627,5.419643860839615,1,2,0.4415887645333454,84.0,1.0,53528.54999,142.0,sbp_alt
57571,70.0,1.0,197.0,70.0,153.0,20.92,95.37309596788722,0.0,0.0,1.0,1.0,,23.23,5.74,7.523839239912782,6.187643384090017,2,2,-1.3361958558227647,86.0,1.0,19554.878853,152.66666666666666,sbp_alt
57573,74.0,1.0,211.0,59.0,151.0,26.0,75.01279027367127,1.0,0.0,1.0,1.0,,123.06,29.18,18.39630624592411,15.371212370855806,3,3,-3.0250938750683023,85.0,2.0,21141.633727,152.66666666666666,sbp_alt
57577,52.0,0.0,214.0,48.0,115.0,26.9,72.04179357699718,0.0,0.0,1.0,0.0,,3.74,3.33,2.3572732783434,2.317250626667461,0,0,-0.04002265167593899,82.0,1.0,13047.341046,116.0,sbp_alt
57586,37.0,0.0,199.0,40.0,127.0,31.96,121.70619734494883,0.0,1.0,0.0,0.0,,1.83,9.47,1.3159902496175264,1.6805417440400645,0,0,0.3645514944225381,79.0,2.0,60123.4098,126.66666666666667,sbp_alt
57587,47.0,0.0,208.0,42.0,122.0,31.94,112.00920736127244,0.0,0.0,0.0,0.0,,15.53,12.13,1.9026905157813492,1.8342824482580735,0,0,-0.06840806752327566,75.0,1.0,31289.178968,123.33333333333333,sbp_alt
57588,67.0,1.0,182.0,97.0,117.0,34.6,102.24582029546441,0.0,0.0,0.0,0.0,,4.03,2.05,2.2155794644026825,2.00608065366045,0,0,-0.20949881074223242,78.0,2.0,69714.993936,118.0,sbp_alt
57589,49.0,0.0,230.0,53.0,138.0,21.3,104.69814147034143,0.0,0.0,0.0,0.0,,4.47,4.05,2.2666764170638847,2.2339019151767787,0,0,-0.032774501887105956,79.0,1.0,75533.702614,140.0,sbp_alt
57592,48.0,1.0,162.0,78.0,105.0,21.67,109.77987274472379,0.0,1.0,0.0,0.0,,19.17,7.96,0.8474265801966355,0.7434545717294677,0,0,-0.10397200846716781,84.0,1.0,14931.623428,106.66666666666667,sbp_alt
57596,77.0,0.0,225.0,79.0,123.0,22.81,78.45841633093849,0.0,0.0,0.0,0.0,,10.59,8.26,11.174696283486773,10.807633827493463,3,3,-0.36706245599330956,88.0,2.0,33244.381206,127.33333333333333,sbp_alt
57598,42.0,1.0,202.0,90.0,127.0,42.9,21.240682302261966,1.0,0.0,0.0,1.0,2.0,36.14,16.27,5.357319039343975,4.781346746748235,2,1,-0.5759722925957398,81.0,1.0,19775.585933,125.33333333333333,sbp_alt
57601,41.0,0.0,233.0,60.0,157.0,32.36,73.4841018370287,0.0,0.0,1.0,0.0,,42.94,38.12,2.987646242021134,2.9359724759154724,0,0,-0.051673766105661656,82.0,1.0,24485.910944,155.33333333333334,sbp_alt
57606,54.0,1.0,220.0,74.0,105.0,40.74,81.36345538746542,0.0,0.0,0.0,1.0,,3.56,4.49,0.9118727395796721,0.9438990734393864,0,0,0.03202633385971432,80.0,1.0,79719.201422,106.0,sbp_alt
57612,52.0,0.0,214.0,58.0,113.0,27.77,92.78027814981152,0.0,0.0,0.0,0.0,,4.16,2.11,1.5873029344256981,1.4348727167226718,0,0,-0.15243021770302634,83.0,2.0,105788.374004,112.66666666666667,sbp_alt
57613,36.0,1.0,182.0,40.0,113.0,27.56,118.7508483909006,0.0,0.0,0.0,0.0,3.0,4.22,5.96,0.35688769906467316,0.375800590247399,0,0,0.01891289118272582,87.0,1.0,25575.308112,114.0,sbp_alt
57623,60.0,1.0,226.0,50.0,148.0,36.58,88.25456511874229,1.0,0.0,1.0,0.0,,15.42,29.81,9.856681952078969,10.771524128541554,2,3,0.9148421764625851,80.0,1.0,19747.049961,148.0,sbp_alt
57624,63.0,1.0,269.0,67.0,160.0,30.41,81.515651523506,0.0,0.0,1.0,0.0,,15.71,3.95,6.414498756729307,5.277145855779155,2,2,-1.1373529009501517,80.0,2.0,20803.887002,160.66666666666666,sbp_alt
57626,54.0,1.0,209.0,52.0,122.0,22.91,103.80040480458719,0.0,0.0,0.0,0.0,,3.06,2.71,1.4591713539273081,1.4331827689496706,0,0,-0.025988584977637563,75.0,2.0,125317.169771,123.33333333333333,sbp_alt
57638,57.0,1.0,189.0,52.0,115.0,40.74,104.62744031263121,0.0,0.0,0.0,0.0,,8.31,10.34,1.7797427456851709,1.838014683080781,0,0,0.05827193739561021,88.0,2.0,23973.179657,115.33333333333333,sbp_alt
57639,44.0,1.0,191.0,54.0,109.0,21.16,112.11199431587151,0.0,1.0,0.0,0.0,2.0,3.65,2.87,0.8433510553427278,0.8136992073844472,0,0,-0.029651847958280575,83.0,2.0,72667.288792,107.33333333333333,sbp_alt
57640,72.0,1.0,228.0,62.0,109.0,30.37,78.23588038036311,0.0,0.0,0.0,0.0,,4.52,4.08,5.021616816958289,4.948792910264819,2,1,-0.07282390669347016,77.0,2.0,41085.156853,110.66666666666667,sbp_alt
57641,40.0,1.0,223.0,59.0,106.0,28.5,112.4435504162343,0.0,0.0,0.0,0.0,2.0,6.33,6.96,0.39837567895697257,0.40406742710805704,0,0,0.005691748151084475,77.0,1.0,76603.798386,106.66666666666667,sbp_alt
57647,34.0,0.0,159.0,63.0,116.0,30.48,115.32395876581796,0.0,0.0,0.0,0.0,,4.4,3.68,0.2719010851020923,0.2646814344303105,0,0,-0.007219650671781819,84.0,2.0,25958.756366,116.0,sbp_alt
57649,30.0,0.0,214.0,50.0,130.0,26.22,116.27850977311344,0.0,1.0,0.0,0.0,,13.66,6.29,1.1395014570457123,1.0148523392239959,0,0,-0.1246491178217164,82.0,1.0,68573.493519,130.66666666666666,sbp_alt
57658,68.0,1.0,206.0,33.0,133.0,,52.43631541242706,1.0,0.0,1.0,1.0,,11.0,3.48,14.348076481291546,12.35270914554166,3,3,-1.9953673357498865,79.0,1.0,24124.996937,130.0,sbp_alt
57659,54.0,0.0,168.0,44.0,107.0,26.35,78.06625010376752,0.0,1.0,0.0,0.0,,10.0,6.15,3.154913920845635,2.9381705337871384,1,0,-0.2167433870584965,89.0,2.0,15865.344137,108.66666666666667,sbp_alt
57661,41.0,0.0,307.0,52.0,141.0,25.91,91.45572262631296,0.0,0.0,0.0,0.0,,4.62,4.92,2.2145135536524196,2.2351801811319025,0,0,0.02066662747948289,77.0,1.0,81895.402401,138.0,sbp_alt
57665,47.0,0.0,169.0,36.0,123.0,30.3,112.46418648860056,0.0,0.0,0.0,0.0,,3.26,3.9,1.4105547080007392,1.4486963030239237,0,0,0.03814159502318448,83.0,1.0,24255.893217,124.0,sbp_alt
57666,30.0,1.0,153.0,43.0,103.0,22.85,117.23202281816458,0.0,0.0,0.0,0.0,2.0,6.28,6.02,0.173267510313819,0.17217305626886023,0,0,-0.0010944540449587814,83.0,1.0,30285.838991,102.66666666666667,sbp_alt
57667,53.0,1.0,245.0,51.0,154.0,29.2,80.73000160467343,0.0,0.0,1.0,1.0,,5.57,5.29,3.8644112860608266,3.835748745048881,1,1,-0.028662541011945653,87.0,2.0,22972.84107,154.66666666666666,sbp_alt
57668,31.0,1.0,208.0,79.0,106.0,17.4,120.19770091325961,0.0,1.0,0.0,0.0,2.0,6.39,3.59,0.20191617551562105,0.18520486594145866,0,0,-0.016711309574162392,75.0,2.0,25879.036132,102.0,sbp_alt
57674,44.0,1.0,237.0,36.0,128.0,29.27,111.68729605643915,0.0,0.0,0.0,0.0,2.0,6.1,5.59,1.3689906499176534,1.3514052102879528,0,0,-0.017585439629700605,80.0,1.0,59173.068083,128.66666666666666,sbp_alt
57677,42.0,0.0,186.0,33.0,145.0,27.7,91.93841868838255,0.0,0.0,0.0,0.0,,5.89,4.5,2.0040038507503968,1.9257157992319673,0,0,-0.07828805151842944,82.0,2.0,24119.920015,146.0,sbp_alt
57681,51.0,1.0,212.0,49.0,148.0,32.53,84.08140778301235,0.0,0.0,0.0,0.0,,5.48,4.49,2.338012717991301,2.2706779066787326,0,0,-0.06733481131256847,78.0,1.0,22940.074853,150.66666666666666,sbp_alt
57685,54.0,0.0,221.0,34.0,117.0,41.32,104.3862722991867,0.0,0.0,1.0,0.0,,4.31,14.7,3.4632141510288417,4.13896145134627,1,1,0.6757473003174281,76.0,2.0,97006.438984,118.0,sbp_alt
57686,69.0,1.0,195.0,49.0,124.0,46.36,95.60455559128292,0.0,0.0,1.0,0.0,,22.42,7.5,7.400525518567017,6.349918743801976,2,2,-1.0506067747650407,80.0,2.0,75906.644182,124.0,sbp_alt
57688,79.0,0.0,180.0,37.0,138.0,22.06,94.5523420962267,0.0,0.0,0.0,0.0,,5.27,3.16,14.50899697866836,13.57700601884256,3,3,-0.9319909598258,80.0,1.0,30233.187542,138.0,sbp_alt
57689,54.0,0.0,215.0,62.0,104.0,28.73,86.32175794374498,0.0,0.0,0.0,0.0,,3.02,4.09,1.7484046433870268,1.8288428262757241,0,0,0.08043818288869731,77.0,1.0,89543.78448,104.66666666666667,sbp_alt
57698,59.0,1.0,223.0,69.0,125.0,30.23,72.6737191608886,0.0,0.0,0.0,1.0,,13.85,4.16,2.3593932517648577,1.9773308864780328,0,0,-0.3820623652868249,85.0,2.0,22816.868232,124.66666666666667,sbp_alt
57702,51.0,1.0,158.0,65.0,118.0,26.19,94.81101742508345,0.0,0.0,0.0,0.0,,5.54,3.2,0.8142854084977332,0.7503665421207518,0,0,-0.06391886637698141,80.0,2.0,31446.532741,120.66666666666667,sbp_alt
57704,72.0,1.0,195.0,89.0,164.0,21.68,83.20274366116648,0.0,0.0,1.0,0.0,,5.89,2.78,7.117702187460857,6.407624794620997,2,2,-0.7100773928398603,80.0,1.0,9993.180213,164.0,sbp_alt
57707,33.0,1.0,202.0,30.0,114.0,38.42,117.44691218945603,0.0,1.0,0.0,0.0,2.0,6.03,2.9,0.8573282306805641,0.7687908428240865,0,0,-0.08853738785647758,75.0,1.0,33362.098901,115.33333333333333,sbp_alt
57708,30.0,0.0,234.0,30.0,113.0,28.6,117.8306074692417,0.0,1.0,0.0,0.0,,3.75,3.61,1.0197242669379094,1.0139414385552725,0,0,-0.005782828382636884,78.0,2.0,21023.855466,112.66666666666667,sbp_alt
57710,37.0,0.0,215.0,50.0,130.0,30.54,119.68075548863801,0.0,0.0,0.0,0.0,,3.35,4.8,0.8009063916966014,0.8452291607735654,0,0,0.044322769076963975,83.0,2.0,65657.589992,128.0,sbp_alt
57713,74.0,1.0,173.0,49.0,143.0,52.87,48.965355181933276,1.0,0.0,0.0,0.0,,3.91,7.97,11.729566813726784,12.882547615967278,3,3,1.152980802240494,79.0,2.0,46488.224683,147.33333333333334,sbp_alt
57715,48.0,0.0,170.0,40.0,120.0,44.48,91.73717092431419,0.0,0.0,0.0,0.0,,9.39,9.14,1.6160132053412095,1.6095472576360634,0,0,-0.00646594770514608,84.0,1.0,20450.553653,116.66666666666667,sbp_alt
57729,58.0,1.0,227.0,38.0,145.0,46.27,62.300001554729796,0.0,0.0,0.0,0.0,,2.44,1.07,3.791921490644188,3.3653946260134715,1,1,-0.4265268646307163,76.0,2.0,18836.676039,148.66666666666666,sbp_alt
57734,69.0,0.0,178.0,43.0,130.0,28.52,75.97011671946372,0.0,0.0,1.0,1.0,,83.48,13.71,11.667879656111108,9.13670776074272,3,2,-2.531171895368388,78.0,1.0,8365.161334,131.33333333333334,sbp_alt
57746,62.0,1.0,203.0,53.0,134.0,29.19,76.33538367974322,0.0,0.0,0.0,0.0,,5.05,4.95,3.430240763667531,3.4203085389954078,1,1,-0.00993222467212318,81.0,1.0,6912.351852,134.0,sbp_alt
57748,58.0,1.0,179.0,55.0,117.0,34.16,72.17431518597164,0.0,0.0,1.0,0.0,,3.17,3.8,2.220294673182754,2.280147421282656,0,0,0.05985274809990182,81.0,2.0,107546.131922,115.33333333333333,sbp_alt
57751,36.0,1.0,223.0,63.0,133.0,31.09,100.88734856260477,0.0,0.0,0.0,0.0,2.0,21.78,15.93,0.5918844371335652,0.5648875486391418,0,0,-0.026996888494423388,84.0,2.0,28232.49081,131.33333333333334,sbp_alt
57753,74.0,0.0,163.0,38.0,129.0,22.83,93.22054528466887,0.0,0.0,0.0,1.0,,12.16,5.59,9.962987288932084,8.958581780106602,2,2,-1.0044055088254815,81.0,2.0,10249.464781,129.33333333333334,sbp_alt
57754,44.0,1.0,227.0,62.0,112.0,28.4,113.43803611067987,0.0,0.0,0.0,0.0,2.0,6.18,3.0,0.5387284755078668,0.48360665863537167,0,0,-0.05512181687249518,82.0,2.0,18387.0062,110.66666666666667,sbp_alt
57756,65.0,0.0,272.0,50.0,117.0,25.5,77.01110041819436,0.0,1.0,0.0,0.0,,5.24,4.24,8.136967100081442,7.901120335078754,2,2,-0.2358467650026883,82.0,2.0,8809.825372,116.66666666666667,sbp_alt
57762,67.0,1.0,220.0,63.0,165.0,31.13,85.83070615374714,0.0,0.0,0.0,0.0,,3.0,12.27,5.538781768649901,6.754910872962042,2,2,1.2161291043121407,80.0,1.0,20167.97853,170.0,sbp_alt
57763,31.0,1.0,190.0,36.0,125.0,31.71,110.8605951931603,0.0,1.0,0.0,0.0,2.0,3.5,3.28,0.779780874324389,0.7722765776848185,0,0,-0.007504296639570529,75.0,2.0,61739.600243,122.66666666666667,sbp_alt
57765,43.0,0.0,229.0,56.0,124.0,24.74,88.30300764060775,0.0,0.0,0.0,0.0,,4.07,4.09,1.0975473628741812,1.098351178041602,0,0,0.000803815167420785,77.0,2.0,92556.868952,124.66666666666667,sbp_alt
57773,30.0,1.0,151.0,54.0,110.0,20.26,121.39341747138397,0.0,0.0,0.0,0.0,2.0,7.12,6.34,0.1259498840351383,0.12377771879326269,0,0,-0.0021721652418756066,79.0,2.0,59587.981851,110.66666666666667,sbp_alt
57774,45.0,1.0,155.0,47.0,112.0,34.45,110.58087548960214,0.0,0.0,0.0,0.0,,37.2,39.39,0.7599333738242884,0.7664371276410937,0,0,0.006503753816805347,80.0,2.0,83446.970885,112.0,sbp_alt
57780,65.0,0.0,203.0,38.0,94.0,34.57,98.96725367677509,0.0,1.0,1.0,1.0,,7.35,9.9,10.571162326120259,11.003944338994524,3,3,0.43278201287426477,80.0,2.0,22253.348328,97.33333333333333,sbp_alt
57781,61.0,0.0,159.0,55.0,107.0,33.36,74.74054588331187,0.0,0.0,0.0,0.0,,2.59,2.06,2.5808475491990652,2.4953322047614104,0,0,-0.08551534443765485,81.0,2.0,10283.689262,107.33333333333333,sbp_alt
57785,48.0,0.0,149.0,34.0,128.0,39.63,105.35131965218496,0.0,0.0,1.0,0.0,,3.59,2.83,1.922994938779832,1.8564046402998968,0,0,-0.06659029847993514,83.0,1.0,100092.522328,129.33333333333334,sbp_alt
57788,35.0,0.0,166.0,29.0,130.0,31.18,92.8076031708332,0.0,0.0,0.0,0.0,,6.39,3.78,0.9046587407609968,0.836283081244302,0,0,-0.06837565951669489,77.0,2.0,78224.972418,130.0,sbp_alt
57789,61.0,1.0,162.0,49.0,122.0,38.49,99.02420707990402,0.0,1.0,0.0,0.0,,14.38,2.66,4.363426206031046,3.4203342254470543,1,1,-0.9430919805839917,76.0,1.0,62173.905587,124.0,sbp_alt
57790,36.0,0.0,168.0,48.0,103.0,20.79,97.68387435408253,0.0,1.0,0.0,0.0,,2.09,1.55,0.6896540171720278,0.659417588461727,0,0,-0.030236428710300745,76.0,2.0,15307.30365,104.0,sbp_alt
57791,42.0,1.0,235.0,70.0,97.0,24.7,105.23416367679029,0.0,0.0,0.0,0.0,2.0,2.86,2.05,0.3665320005006472,0.34872260073604644,0,0,-0.017809399764600775,78.0,2.0,88087.54939,99.33333333333333,sbp_alt
57794,32.0,0.0,178.0,42.0,115.0,21.31,85.82178156112595,0.0,0.0,0.0,0.0,,3.2,3.13,0.3771458601563385,0.3758930400938861,0,0,-0.00125282006245242,84.0,1.0,56035.530926,115.33333333333333,sbp_alt
57806,50.0,1.0,189.0,39.0,120.0,26.09,106.80141743231928,0.0,1.0,0.0,0.0,,7.06,6.94,2.2928751814498733,2.287116662071575,0,0,-0.005758519378298299,86.0,1.0,22320.066258,120.66666666666667,sbp_alt
57808,50.0,1.0,183.0,36.0,123.0,31.97,98.50495154282892,0.0,0.0,0.0,0.0,,6.93,3.8,1.5395318256755313,1.4086125384822163,0,0,-0.13091928719331491,78.0,2.0,14748.006458,123.33333333333333,sbp_alt
57814,56.0,1.0,242.0,78.0,106.0,19.54,93.38057929023518,0.0,0.0,0.0,0.0,,7.5,4.11,1.2163382106542973,1.1124896153536799,0,0,-0.10384859530061741,85.0,1.0,85173.261497,106.0,sbp_alt
57815,53.0,0.0,186.0,45.0,114.0,25.13,92.2050404252827,0.0,0.0,1.0,1.0,,3.33,4.23,2.0819710703406384,2.156906299147846,0,0,0.07493522880720738,79.0,1.0,82587.952309,121.33333333333333,sbp_alt
57816,30.0,0.0,164.0,57.0,109.0,25.52,114.7634869217382,0.0,0.0,0.0,0.0,,2.99,4.77,0.18573042592608285,0.1992762394766371,0,0,0.013545813550554259,86.0,1.0,68055.064666,108.0,sbp_alt
57818,44.0,0.0,191.0,48.0,119.0,23.91,97.51327238651655,0.0,0.0,0.0,0.0,,2.73,3.88,0.9460601447778479,0.9971234990189747,0,0,0.051063354241126735,86.0,1.0,78911.724158,119.33333333333333,sbp_alt
57819,56.0,1.0,203.0,33.0,129.0,23.87,102.517269872571,0.0,1.0,1.0,0.0,,8.65,5.49,5.55912704561512,5.21148773606218,2,2,-0.34763930955293976,83.0,2.0,26047.980138,127.33333333333333,sbp_alt
57821,37.0,0.0,248.0,46.0,124.0,26.94,118.25298232084404,0.0,0.0,0.0,0.0,,5.1,2.93,0.9571187232387832,0.8809511540519968,0,0,-0.07616756918678647,79.0,1.0,60025.516642,122.0,sbp_alt
57825,41.0,1.0,194.0,77.0,104.0,18.65,107.65797284621458,0.0,1.0,0.0,0.0,2.0,5.88,3.95,0.46176044988856935,0.43510587902454106,0,0,-0.026654570864028282,78.0,1.0,15963.089497,104.66666666666667,sbp_alt
57829,48.0,1.0,179.0,62.0,91.0,26.05,76.80557551721324,0.0,0.0,0.0,0.0,,10.73,3.62,0.7554018337832534,0.6424376476192525,0,0,-0.11296418616400095,82.0,1.0,74543.333554,92.66666666666667,sbp_alt
57831,70.0,0.0,204.0,46.0,105.0,34.17,74.65317640148112,0.0,0.0,0.0,0.0,,3.8,5.61,7.1341259436095426,7.53381361263764,2,2,0.39968766902809705,76.0,2.0,35466.889558,108.0,sbp_alt
57832,49.0,1.0,210.0,54.0,134.0,31.43,83.9333238751655,0.0,0.0,0.0,0.0,,7.19,4.29,1.4914038894355728,1.3816901551160026,0,0,-0.10971373431957021,85.0,2.0,18820.44423,135.33333333333334,sbp_alt
57833,42.0,0.0,210.0,47.0,133.0,35.39,85.95394511245107,0.0,0.0,1.0,1.0,,26.53,8.62,2.0447914424970715,1.7310574303318305,0,0,-0.313734012165241,84.0,2.0,22235.596677,132.66666666666666,sbp_alt
57839,39.0,1.0,199.0,42.0,154.0,31.34,100.5676585064542,0.0,1.0,0.0,0.0,2.0,41.99,6.83,3.464898990351249,2.6600611995585544,1,0,-0.8048377907926945,79.0,2.0,73247.152332,152.0,sbp_alt
57841,31.0,0.0,247.0,40.0,99.0,27.12,114.05195330282343,0.0,1.0,0.0,0.0,,6.9,3.19,1.1221740239556368,1.00000052779289,0,0,-0.12217349616274675,87.0,2.0,24272.731935,100.66666666666667,sbp_alt
57844,57.0,0.0,310.0,26.0,112.0,36.84,88.8504618294754,0.0,0.0,0.0,0.0,,16.16,10.0,6.159716149409197,5.753853778306341,2,2,-0.40586237110285683,79.0,1.0,90382.442658,114.0,sbp_alt
57848,65.0,0.0,191.0,46.0,138.0,33.37,100.55324940318538,0.0,0.0,0.0,0.0,,6.88,6.14,6.269042472167761,6.168825962714211,2,2,-0.1002165094535501,85.0,1.0,6487.668059,139.33333333333334,sbp_alt
57849,31.0,0.0,179.0,58.0,104.0,23.23,120.88596208570735,0.0,0.0,0.0,0.0,,4.32,4.46,0.24291045678333933,0.2440803046456066,0,0,0.0011698478622672592,85.0,1.0,61262.628714,103.33333333333333,sbp_alt
57858,62.0,1.0,156.0,33.0,130.0,28.15,88.54167296275436,0.0,0.0,1.0,1.0,,13.09,5.65,4.798667951972353,4.254213284857068,1,1,-0.5444546671152857,77.0,1.0,20212.610371,131.33333333333334,sbp_alt
57859,52.0,1.0,217.0,61.0,121.0,26.7,107.08254703824886,0.0,0.0,0.0,0.0,,8.67,6.32,1.2649748268938832,1.2070481405460318,0,0,-0.057926686347851364,79.0,2.0,87899.561678,122.0,sbp_alt
57867,32.0,1.0,240.0,66.0,112.0,22.0,122.22802385883092,0.0,0.0,0.0,0.0,2.0,7.85,3.9,0.20448792250969208,0.18414014192779088,0,0,-0.020347780581901204,79.0,2.0,62125.389482,113.33333333333333,sbp_alt
57869,73.0,1.0,158.0,41.0,166.0,23.55,96.72450642876036,1.0,0.0,1.0,1.0,,4.04,3.91,12.446909676440383,12.393499931793137,3,3,-0.05340974464724546,88.0,1.0,11591.498545,162.66666666666666,sbp_alt
57870,38.0,1.0,206.0,54.0,126.0,42.72,117.75103814504187,0.0,0.0,0.0,0.0,2.0,6.14,3.01,0.5067000853125382,0.4555084258903964,0,0,-0.051191659422141766,85.0,2.0,62691.610913,125.33333333333333,sbp_alt
57875,55.0,0.0,191.0,40.0,123.0,23.49,82.88136593884091,0.0,1.0,0.0,0.0,,4.29,4.41,4.002961018520425,4.019000452944478,1,1,0.016039434424052423,83.0,1.0,105475.128046,119.33333333333333,sbp_alt
57876,45.0,0.0,207.0,38.0,116.0,29.71,110.3957761655357,0.0,1.0,0.0,0.0,,4.6,4.58,2.1068954240921993,2.105538754258008,0,0,-0.0013566698341911376,87.0,1.0,23386.274409,114.0,sbp_alt
57877,43.0,0.0,190.0,41.0,126.0,29.48,101.85156416378037,0.0,0.0,1.0,1.0,,1.67,2.7,1.2114161574330262,1.3013824215789662,0,0,0.08996626414594,76.0,2.0,20754.570941,126.66666666666667,sbp_alt
57878,49.0,0.0,246.0,64.0,129.0,18.83,106.145522214151,0.0,1.0,1.0,1.0,,10.37,4.18,3.8185848485580993,3.345384389620648,1,1,-0.47320045893745144,84.0,2.0,18379.766094,130.66666666666666,sbp_alt
57884,48.0,0.0,251.0,57.0,92.0,33.48,93.9655711453896,0.0,0.0,1.0,0.0,,3.49,4.19,2.0487019508945736,2.1048351369445113,0,0,0.05613318604993767,80.0,2.0,89211.284608,95.33333333333333,sbp_alt
57885,47.0,1.0,205.0,43.0,111.0,41.37,107.65333710785559,0.0,0.0,1.0,1.0,,4.52,3.9,1.0895714430755552,1.065959010365648,0,0,-0.023612432709907205,80.0,2.0,20013.359204,109.33333333333333,sbp_alt
57888,76.0,1.0,180.0,59.0,119.0,27.19,48.3600670059305,0.0,0.0,0.0,1.0,,5.63,4.49,7.691577313264941,7.453858271717509,2,2,-0.2377190415474315,82.0,1.0,41432.419968,120.0,sbp_alt
57889,39.0,1.0,240.0,52.0,122.0,34.76,110.85038106649752,0.0,0.0,0.0,0.0,2.0,5.0,2.9,0.6056588630817243,0.558367422357025,0,0,-0.047291440724699374,77.0,1.0,63360.142345,122.0,sbp_alt
57890,77.0,0.0,186.0,41.0,144.0,22.77,91.15045097241463,0.0,0.0,0.0,0.0,,4.08,13.53,12.7619969546004,14.916833692326383,3,3,2.154836737725983,78.0,1.0,7704.529661,141.33333333333334,sbp_alt
57894,33.0,0.0,218.0,53.0,111.0,32.93,114.1291110166559,0.0,0.0,0.0,0.0,,2.39,3.82,0.3450680486511215,0.3702966301505897,0,0,0.025228581499468217,87.0,1.0,82900.756723,111.33333333333333,sbp_alt
57895,61.0,1.0,193.0,74.0,131.0,21.4,87.70738681500607,0.0,0.0,0.0,1.0,,6.25,5.34,2.107341335333704,2.059157039722947,0,0,-0.04818429561075677,86.0,2.0,61835.25213,130.66666666666666,sbp_alt
57898,40.0,0.0,177.0,58.0,111.0,26.66,125.78590278126441,0.0,1.0,0.0,0.0,,7.66,12.98,0.8803883871683322,0.9526756568575471,0,0,0.07228726968921484,87.0,1.0,23816.877423,110.66666666666667,sbp_alt
57907,48.0,0.0,219.0,50.0,108.0,25.57,93.9655711453896,0.0,0.0,0.0,0.0,,3.08,3.1,1.2512280013971866,1.252436221551853,0,0,0.001208220154666373,81.0,2.0,91316.255685,108.66666666666667,sbp_alt
57914,79.0,1.0,155.0,78.0,140.0,20.92,55.30981879058777,0.0,0.0,1.0,1.0,,17.85,4.23,11.905554375890244,9.818553611599949,3,2,-2.087000764290295,76.0,2.0,34245.404778,142.0,sbp_alt
57916,71.0,0.0,181.0,46.0,143.0,28.82,84.50498658380886,0.0,0.0,1.0,1.0,,4.83,1.97,9.400254286168444,8.308580982616487,2,2,-1.091673303551957,81.0,2.0,12868.360204,146.0,sbp_alt
57917,54.0,0.0,233.0,52.0,131.0,25.57,101.49249629792372,0.0,0.0,1.0,0.0,,1.69,3.33,2.9878743180286307,3.299479640228882,0,1,0.3116053222002515,89.0,1.0,12664.205092,132.0,sbp_alt
57918,49.0,1.0,210.0,34.0,110.0,33.49,85.13379428914527,0.0,0.0,1.0,0.0,,2.0,3.09,1.4141538248715426,1.5081503619571581,0,0,0.0939965370856155,76.0,2.0,85773.925002,111.33333333333333,sbp_alt
57919,36.0,0.0,181.0,68.0,130.0,24.47,85.4785725106418,0.0,0.0,0.0,0.0,,1.55,2.54,0.40501586384759686,0.4362417428374645,0,0,0.031225878989867617,77.0,2.0,32609.226951,128.66666666666666,sbp_alt
57920,66.0,1.0,147.0,64.0,125.0,39.12,69.57774242051342,1.0,0.0,0.0,0.0,,8.01,9.3,5.889453033554725,6.014935390631397,2,2,0.1254823570766721,78.0,1.0,4877.462322,127.33333333333333,sbp_alt
57925,42.0,1.0,197.0,47.0,134.0,26.51,115.80012262477743,0.0,0.0,0.0,0.0,2.0,4.17,5.21,0.8610059368005065,0.8900124432246569,0,0,0.02900650642415037,75.0,1.0,26829.082247,134.66666666666666,sbp_alt
57926,56.0,0.0,204.0,61.0,108.0,26.82,75.4809068104294,0.0,0.0,0.0,0.0,,1.56,1.72,1.729808119121092,1.7550506356548776,0,0,0.02524251653378573,77.0,2.0,103268.230044,109.33333333333333,sbp_alt
57930,61.0,1.0,279.0,64.0,168.0,40.34,95.06618064770778,0.0,0.0,1.0,0.0,,5.89,4.62,5.6656067319973475,5.473869161944212,2,2,-0.1917375700531352,88.0,1.0,6385.326701,168.0,sbp_alt
57933,56.0,1.0,215.0,45.0,122.0,31.75,103.65534124798963,0.0,0.0,0.0,0.0,,18.64,6.81,2.485804552026709,2.1445497128631983,0,0,-0.34125483916351085,88.0,1.0,11395.6158,122.66666666666667,sbp_alt
57934,74.0,1.0,195.0,71.0,140.0,25.83,78.44394629073736,0.0,0.0,1.0,1.0,,23.49,4.75,9.299476186171653,7.463600657530876,2,2,-1.8358755286407762,81.0,1.0,41874.156478,138.66666666666666,sbp_alt
57936,52.0,1.0,262.0,99.0,95.0,25.17,92.75668945378085,0.0,0.0,0.0,0.0,,6.87,3.66,0.6670130067532001,0.6072129797966631,0,0,-0.05980002695653697,75.0,1.0,92722.673705,92.66666666666667,sbp_alt
57939,71.0,1.0,235.0,48.0,153.0,44.95,42.39251748256169,0.0,0.0,1.0,0.0,,7.57,5.04,11.554632131633513,10.945050971284232,3,3,-0.6095811603492809,77.0,2.0,15296.174061,152.0,sbp_alt
57940,66.0,1.0,201.0,42.0,137.0,35.02,78.83941281807857,1.0,0.0,1.0,0.0,,3.04,4.2,9.265058056182133,9.681119178600424,2,2,0.4160611224182915,84.0,2.0,15571.383249,138.0,sbp_alt
57945,67.0,1.0,192.0,38.0,125.0,28.97,67.36579790284041,0.0,0.0,1.0,0.0,,4.6,3.43,6.220811112111631,5.968676259960196,2,2,-0.2521348521514355,80.0,1.0,55139.141581,126.66666666666667,sbp_alt
57948,75.0,1.0,311.0,61.0,131.0,23.1,75.65348051269324,0.0,0.0,0.0,0.0,,13.95,13.27,8.693586688136124,8.634220503953287,2,2,-0.05936618418283679,81.0,2.0,20182.640339,132.0,sbp_alt
57966,43.0,0.0,223.0,91.0,118.0,37.03,65.07004778115389,0.0,0.0,1.0,0.0,,5.36,3.71,0.678653849172747,0.6422114536386961,0,0,-0.03644239553405082,83.0,2.0,28768.364972,118.66666666666667,sbp_alt
57973,50.0,1.0,135.0,51.0,101.0,22.74,111.1152814106482,0.0,1.0,0.0,0.0,,8.47,4.47,1.324171032106636,1.2044821746247107,0,0,-0.11968885748192526,76.0,2.0,29299.509716,101.33333333333333,sbp_alt
57977,53.0,0.0,232.0,54.0,102.0,29.81,83.9187323843338,0.0,0.0,1.0,0.0,,1.85,2.58,2.323793186983588,2.4405665632506666,0,0,0.11677337626707862,76.0,2.0,101172.924903,103.33333333333333,sbp_alt
57978,32.0,0.0,263.0,43.0,147.0,30.07,105.06929591219973,0.0,1.0,0.0,0.0,,7.74,4.13,2.7858837613264007,2.540187715407262,0,0,-0.24569604591913885,76.0,1.0,62271.42409,146.66666666666666,sbp_alt
57986,50.0,0.0,185.0,51.0,107.0,25.74,104.75757480612519,0.0,0.0,0.0,1.0,,4.22,4.8,1.184599844776367,1.2075811128250233,0,0,0.0229812680486563,85.0,2.0,90003.659124,106.66666666666667,sbp_alt
57988,40.0,1.0,201.0,56.0,128.0,39.55,112.05430679879757,0.0,0.0,0.0,0.0,2.0,7.26,3.98,0.597518365613753,0.5462424224579694,0,0,-0.051275943155783654,87.0,1.0,20781.988696,125.33333333333333,sbp_alt
57993,30.0,0.0,155.0,50.0,114.0,23.25,88.72853407356106,0.0,0.0,0.0,0.0,,1.83,2.5,0.21326050545149375,0.22352472822436228,0,0,0.010264222772868536,79.0,2.0,79303.669349,115.33333333333333,sbp_alt
57997,37.0,1.0,178.0,64.0,91.0,22.77,116.22193042949988,0.0,0.0,0.0,0.0,2.0,9.2,5.58,0.24160476036603853,0.2241722754766975,0,0,-0.017432484889341043,86.0,3.0,16974.922049,90.66666666666667,sbp_alt
58000,60.0,1.0,197.0,55.0,128.0,29.58,99.29203192232717,0.0,0.0,1.0,1.0,,12.86,5.6,3.37425958130139,2.990194293301914,1,0,-0.3840652879994759,77.0,2.0,6950.891576,130.0,sbp_alt
58003,32.0,1.0,153.0,40.0,103.0,31.8,122.72411439869488,0.0,0.0,0.0,0.0,2.0,5.0,8.13,0.2104210814327738,0.22631526293676468,0,0,0.015894181503990884,87.0,1.0,74292.761076,101.33333333333333,sbp_alt
58004,78.0,0.0,176.0,65.0,146.0,22.62,60.68326881963101,0.0,0.0,0.0,1.0,,11.62,3.93,11.684589658327278,10.098306743766905,3,3,-1.586282914560373,81.0,2.0,27132.900048,147.33333333333334,sbp_alt
58011,46.0,1.0,139.0,50.0,109.0,19.02,93.36576203461988,0.0,1.0,0.0,0.0,,6.26,10.15,0.9691618888355781,1.0413315251333974,0,0,0.07216963629781936,87.0,1.0,21396.703193,109.33333333333333,sbp_alt
58027,57.0,1.0,268.0,59.0,136.0,28.46,102.6284885488131,1.0,0.0,0.0,0.0,,5.31,6.5,5.223009142127209,5.375337372974127,2,2,0.15232823084691827,85.0,2.0,12633.150263,136.66666666666666,sbp_alt
58028,57.0,0.0,241.0,56.0,113.0,29.85,82.79321821454194,0.0,0.0,0.0,0.0,,2.15,2.11,2.4468945649169367,2.440134328541531,0,0,-0.006760236375405793,83.0,2.0,23963.216783,114.0,sbp_alt
58032,67.0,1.0,203.0,35.0,153.0,24.56,95.73835223595192,0.0,0.0,0.0,0.0,,11.34,20.41,7.46887826535415,8.101947348919582,2,2,0.6330690835654318,83.0,2.0,25361.584944,157.33333333333334,sbp_alt
58033,37.0,0.0,258.0,49.0,128.0,42.37,98.23277808057402,0.0,0.0,1.0,0.0,,27.58,2.95,1.6586761392314993,1.1891495834538932,0,0,-0.46952655577760605,80.0,1.0,53465.061204,126.66666666666667,sbp_alt
58035,58.0,1.0,201.0,34.0,129.0,28.37,103.16031203721438,1.0,0.0,0.0,0.0,,22.38,20.49,7.164853805281593,7.077250646403678,2,2,-0.08760315887791492,85.0,2.0,93732.074167,132.0,sbp_alt
58042,38.0,1.0,208.0,39.0,121.0,35.08,115.07715265219998,0.0,0.0,0.0,0.0,2.0,7.0,5.0,0.6515311952688362,0.619637402016685,0,0,-0.03189379325215114,81.0,2.0,52862.262186,122.66666666666667,sbp_alt
58048,40.0,0.0,234.0,22.0,117.0,28.42,98.75903065584406,0.0,1.0,0.0,0.0,,4.13,3.14,2.4014842420669216,2.3063743837556365,0,0,-0.09510985831128504,80.0,2.0,19947.3615,115.33333333333333,sbp_alt
58053,48.0,0.0,223.0,89.0,112.0,28.67,67.76398982890707,0.0,0.0,0.0,0.0,,2.53,9.54,0.6935229227722649,0.8461312259289971,0,0,0.15260830315673224,77.0,1.0,21023.171896,113.33333333333333,sbp_alt
58058,62.0,0.0,187.0,51.0,121.0,27.35,99.31968379188227,0.0,0.0,0.0,0.0,,2.54,3.26,3.446180026932299,3.573800522988766,1,1,0.12762049605646686,79.0,2.0,71422.848504,120.0,sbp_alt
58060,45.0,0.0,247.0,42.0,108.0,25.69,91.29129011198029,0.0,0.0,0.0,0.0,,5.63,3.4,1.4226197901067075,1.3196753158362655,0,0,-0.10294447427044195,79.0,1.0,75533.702614,108.0,sbp_alt
58067,37.0,0.0,229.0,42.0,132.0,27.44,118.25298232084404,0.0,0.0,0.0,0.0,,25.03,8.0,1.4221443565728205,1.1998236517454417,0,0,-0.22232070482737876,88.0,1.0,22592.829185,130.0,sbp_alt
58068,32.0,0.0,183.0,37.0,127.0,31.99,121.04697973929053,0.0,0.0,0.0,0.0,,0.47,2.91,0.42298853796099817,0.5563058223983002,0,0,0.133317284437302,76.0,2.0,79205.918379,126.0,sbp_alt
58072,65.0,0.0,205.0,72.0,111.0,21.48,75.31856980947936,0.0,0.0,0.0,0.0,,3.25,5.2,3.4734090042870687,3.7193873507993485,1,1,0.2459783465122798,87.0,2.0,60762.062662,109.33333333333333,sbp_alt
58075,41.0,1.0,182.0,73.0,95.0,24.81,115.57441982189357,0.0,0.0,0.0,0.0,2.0,7.78,2.89,0.27828008955133227,0.23992997869216282,0,0,-0.03835011085916945,85.0,1.0,67803.115123,94.0,sbp_alt
58083,45.0,0.0,210.0,33.0,118.0,33.33,104.54147450817814,0.0,0.0,0.0,0.0,,3.1,2.67,1.4209358531578051,1.3896940535071929,0,0,-0.031241799650612245,81.0,1.0,17433.429974,118.66666666666667,sbp_alt
58088,49.0,1.0,207.0,40.0,126.0,31.19,112.29507367922099,1.0,0.0,1.0,1.0,,5.37,9.08,4.388064934209403,4.731042466819668,1,1,0.34297753261026465,81.0,1.0,26156.510064,126.66666666666667,sbp_alt
58089,32.0,1.0,170.0,84.0,111.0,22.97,95.99763881847846,0.0,0.0,0.0,0.0,2.0,9.13,5.66,0.08988407654463954,0.08366356688616823,0,0,-0.006220509658471304,76.0,2.0,54009.255077,110.0,sbp_alt
58092,34.0,0.0,195.0,39.0,122.0,28.77,107.71514521859211,0.0,0.0,0.0,0.0,,4.71,3.76,0.6322393969737797,0.6112232854345271,0,0,-0.021016111539252647,76.0,1.0,61975.358191,118.0,sbp_alt
58094,50.0,0.0,182.0,59.0,116.0,24.17,105.48741997642325,0.0,0.0,0.0,0.0,,3.74,2.45,1.1873974022284646,1.1147421743350259,0,0,-0.0726552278934387,76.0,2.0,101172.924903,116.0,sbp_alt
58106,45.0,1.0,178.0,42.0,109.0,30.21,99.99255078425227,0.0,0.0,0.0,0.0,,6.09,5.29,0.6982729707345466,0.6837651937904006,0,0,-0.014507776944146067,82.0,2.0,23566.720348,111.33333333333333,sbp_alt
58108,61.0,0.0,197.0,27.0,118.0,29.51,95.88887467635615,0.0,0.0,1.0,0.0,,6.03,11.94,5.900280614752414,6.4997830679477575,2,2,0.5995024531953437,79.0,1.0,7178.894889,120.0,sbp_alt
58115,79.0,1.0,230.0,63.0,150.0,26.91,86.43644302725696,0.0,0.0,0.0,0.0,,11.02,4.34,11.27487389606413,9.949436240139523,3,2,-1.325437655924608,83.0,2.0,47495.638631,151.33333333333334,sbp_alt
58118,48.0,0.0,257.0,31.0,143.0,32.08,91.73717092431419,0.0,0.0,0.0,0.0,,5.13,4.91,3.8161590411792035,3.7919382750868427,1,1,-0.02422076609236079,82.0,2.0,24527.536669,142.0,sbp_alt
58119,78.0,0.0,176.0,67.0,138.0,22.19,75.22818043390552,0.0,1.0,1.0,0.0,,4.09,3.02,14.712721904493,14.14727298576527,3,3,-0.5654489187277303,88.0,1.0,11940.973058,139.33333333333334,sbp_alt
58121,35.0,0.0,169.0,45.0,105.0,20.92,116.21168573810714,0.0,1.0,0.0,0.0,,6.22,3.89,0.7703924273004477,0.718058038522062,0,0,-0.0523343887783857,89.0,1.0,23368.36266,104.66666666666667,sbp_alt
58122,43.0,0.0,184.0,26.0,125.0,20.38,110.18125721930724,0.0,1.0,0.0,0.0,,3.43,2.73,2.3439977413584754,2.266379628897666,0,0,-0.0776181124608093,80.0,2.0,23723.440024,127.33333333333333,sbp_alt
58125,46.0,1.0,178.0,42.0,96.0,27.93,90.60624516720716,0.0,1.0,0.0,0.0,,6.94,11.6,1.4243662198777511,1.5368021271024477,0,0,0.11243590722469654,82.0,1.0,18202.025089,97.0,sbp_alt
58127,75.0,0.0,158.0,54.0,111.0,26.89,86.74778483823152,1.0,0.0,1.0,0.0,,9.14,5.67,13.894930864370906,13.054531095588239,3,3,-0.8403997687826674,80.0,1.0,9054.477513,116.0,sbp_alt
58132,33.0,1.0,163.0,56.0,113.0,32.54,115.06499845094459,0.0,0.0,0.0,0.0,2.0,41.58,7.73,0.24166983814855522,0.18782876708812768,0,0,-0.05384107106042754,85.0,1.0,17353.617927,109.33333333333333,sbp_alt
58134,41.0,1.0,146.0,45.0,126.0,44.73,81.28221368320538,0.0,0.0,0.0,0.0,2.0,18.16,16.03,0.739005861267403,0.7253932259827184,0,0,-0.013612635284684593,82.0,1.0,18406.786809,126.0,sbp_alt
58135,70.0,1.0,211.0,49.0,141.0,36.35,89.89115855895703,1.0,0.0,1.0,1.0,,159.67,25.51,16.80902994916774,13.301594580263078,3,3,-3.5074353689046625,75.0,1.0,52908.792884,141.33333333333334,sbp_alt
58141,72.0,1.0,156.0,35.0,120.0,36.23,92.1514784180481,0.0,0.0,1.0,0.0,,16.58,16.53,9.363103460048398,9.359256395673485,2,2,-0.0038470643749128897,87.0,1.0,47729.011075,121.33333333333333,sbp_alt
58152,75.0,0.0,239.0,68.0,127.0,25.1,65.01008776226762,0.0,0.0,1.0,0.0,,31.3,18.67,15.334081537841184,14.348261567879145,3,3,-0.9858199699620389,81.0,1.0,36205.396154,130.66666666666666,sbp_alt
58162,32.0,1.0,315.0,36.0,124.0,45.47,103.42862205919808,1.0,0.0,0.0,0.0,2.0,4.12,11.68,3.42379174201535,3.9804640983640436,1,1,0.5566723563486935,86.0,1.0,18807.106364,125.33333333333333,sbp_alt
58164,40.0,1.0,187.0,73.0,103.0,26.49,115.83310301534061,0.0,0.0,0.0,0.0,2.0,8.33,7.45,0.25528334008585274,0.25105084716058285,0,0,-0.004232492925269893,85.0,2.0,75455.84218,102.66666666666667,sbp_alt
58165,72.0,1.0,184.0,40.0,130.0,35.92,66.15589748933027,0.0,0.0,0.0,1.0,,2.7,1.14,6.332230707190813,5.606529322984079,2,2,-0.7257013842067339,76.0,2.0,23863.137941,131.33333333333334,sbp_alt
58167,62.0,0.0,261.0,57.0,145.0,27.12,83.09916864950496,0.0,0.0,0.0,0.0,,1.76,2.46,5.292804323142884,5.552072680637077,2,2,0.25926835749419297,76.0,2.0,58644.199424,149.33333333333334,sbp_alt
58168,36.0,0.0,203.0,48.0,111.0,26.15,56.91137825174099,0.0,0.0,0.0,0.0,,4.89,3.24,0.5691992327511086,0.5350799290280602,0,0,-0.03411930372304839,84.0,2.0,25867.069216,110.0,sbp_alt
58170,76.0,1.0,162.0,51.0,141.0,31.87,74.08551516593587,0.0,0.0,0.0,1.0,,8.31,17.09,8.775128514866934,9.681168936618242,2,2,0.9060404217513085,80.0,2.0,25631.474879,143.33333333333334,sbp_alt
58171,43.0,0.0,222.0,75.0,121.0,26.43,101.85156416378037,0.0,0.0,0.0,0.0,,2.5,5.93,0.6594725665333694,0.7506594530761286,0,0,0.0911868865427592,76.0,1.0,79718.736557,118.66666666666667,sbp_alt
58172,32.0,0.0,168.0,38.0,140.0,26.77,107.70147054890822,0.0,0.0,0.0,0.0,,10.63,5.15,0.8583577351234122,0.77006783221472,0,0,-0.08828990290869221,78.0,1.0,24590.022505,138.66666666666666,sbp_alt
58173,47.0,0.0,198.0,55.0,132.0,27.52,98.1084736956462,0.0,0.0,0.0,0.0,,3.27,3.22,1.431093422150739,1.42781489303949,0,0,-0.003278529111248929,75.0,1.0,29520.027261,132.0,sbp_alt
58175,78.0,1.0,151.0,43.0,139.0,23.78,82.76178504634444,1.0,0.0,1.0,1.0,,44.76,21.55,17.91537962750963,16.35810626600059,3,3,-1.55727336150904,76.0,1.0,38675.440785,144.0,sbp_alt
58176,73.0,0.0,185.0,27.0,163.0,25.56,60.80142892907463,0.0,0.0,1.0,0.0,,79.88,73.11,21.13117801017935,20.90916090319097,3,3,-0.22201710698838184,82.0,2.0,12151.431033,163.33333333333334,sbp_alt
58183,48.0,0.0,317.0,61.0,131.0,29.4,95.11734087599032,0.0,0.0,0.0,0.0,,4.17,4.1,2.4551981886391983,2.4490832267983182,0,0,-0.006114961840880007,75.0,1.0,23880.427736,128.66666666666666,sbp_alt
58185,69.0,0.0,143.0,38.0,130.0,21.87,69.61839558246693,0.0,0.0,1.0,0.0,,17.91,4.52,9.804896617409293,8.113631015763268,2,2,-1.691265601646025,85.0,1.0,54028.132863,129.33333333333334,sbp_alt
58187,72.0,1.0,229.0,43.0,142.0,30.12,72.74635666092712,0.0,0.0,1.0,0.0,,3.14,1.49,8.661283365531549,7.815957425941991,2,2,-0.845325939589558,80.0,2.0,44483.204428,142.0,sbp_alt
58190,40.0,1.0,234.0,54.0,109.0,23.31,103.15082010850207,0.0,0.0,0.0,0.0,2.0,10.56,4.97,0.5139676248756208,0.45923887757350934,0,0,-0.054728747302111413,80.0,1.0,52207.814643,109.33333333333333,sbp_alt
58192,75.0,1.0,212.0,46.0,141.0,24.13,96.82892480130226,0.0,0.0,0.0,0.0,,8.89,5.59,9.039550324370362,8.482973580810148,2,2,-0.556576743560214,86.0,2.0,36940.207383,142.0,sbp_alt
58195,50.0,0.0,272.0,28.0,130.0,44.42,89.53828465816017,0.0,0.0,0.0,0.0,,12.36,2.83,4.323240247781689,3.490543623082349,1,1,-0.8326966246993397,76.0,1.0,72625.916577,127.0,sbp_alt
58202,39.0,0.0,214.0,46.0,128.0,31.84,83.02380843010697,0.0,0.0,0.0,0.0,,7.37,5.75,1.0973018351303914,1.0573601199736844,0,0,-0.03994171515670697,77.0,2.0,32781.284729,129.33333333333334,sbp_alt
58206,63.0,1.0,236.0,45.0,166.0,32.38,44.957386604995506,1.0,0.0,1.0,1.0,,7351.35,3227.91,37.17360537130463,34.33651018288171,3,3,-2.8370951884229214,86.0,2.0,6351.961557,167.33333333333334,sbp_alt
58207,68.0,0.0,237.0,57.0,125.0,25.45,90.60777101764879,1.0,1.0,0.0,0.0,,5.71,1.3,12.44813501948729,10.20978511845537,3,3,-2.2383499010319206,80.0,2.0,23171.774599,128.0,sbp_alt
58214,50.0,0.0,229.0,70.0,124.0,29.34,80.0326779581384,0.0,0.0,0.0,0.0,,2.6,2.59,1.3827479535576264,1.3819546595441987,0,0,-0.0007932940134276478,76.0,1.0,95390.188569,120.66666666666667,sbp_alt
58215,54.0,1.0,288.0,62.0,125.0,24.15,103.06719191592134,0.0,0.0,0.0,0.0,,5.11,5.3,1.7986101686892706,1.8083158707786844,0,0,0.009705702089413792,77.0,1.0,96228.548493,126.0,sbp_alt
58219,46.0,0.0,176.0,56.0,113.0,25.12,73.32412224978913,0.0,0.0,0.0,0.0,,3.35,2.56,0.8449996496625612,0.8116414683652502,0,0,-0.03335818129731105,86.0,2.0,72806.577513,110.66666666666667,sbp_alt
58221,68.0,0.0,215.0,83.0,171.0,20.69,58.75192788487624,0.0,0.0,1.0,0.0,,2.25,3.55,7.45366450069707,7.942818768153207,2,2,0.48915426745613644,83.0,2.0,12080.674109,172.0,sbp_alt
58225,41.0,0.0,269.0,50.0,137.0,34.04,111.56031676866206,0.0,0.0,1.0,0.0,,10.94,4.06,2.2905230760927107,1.9783925868472751,0,0,-0.3121304892454355,85.0,2.0,83700.795178,135.33333333333334,sbp_alt
58227,71.0,1.0,134.0,51.0,137.0,30.08,93.38603106700617,0.0,0.0,1.0,1.0,,14.67,8.93,7.101528451121111,6.625355549632826,2,2,-0.47617290148828495,81.0,1.0,11967.214768,133.33333333333334,sbp_alt
58228,36.0,0.0,164.0,35.0,113.0,37.56,97.68387435408253,0.0,0.0,1.0,0.0,,4.74,3.94,0.6744137362362576,0.655969819547473,0,0,-0.018443916688784534,83.0,1.0,33904.285463,114.0,sbp_alt
58229,39.0,0.0,197.0,33.0,122.0,30.19,100.59323358832692,0.0,0.0,0.0,0.0,,3.06,3.33,0.9585937235881246,0.970792690175329,0,0,0.01219896658720443,81.0,1.0,24660.400133,121.33333333333333,sbp_alt
58230,60.0,0.0,231.0,55.0,156.0,33.81,103.7292284191516,0.0,0.0,1.0,1.0,,6.74,2.11,6.816501090837781,5.783425300531594,2,2,-1.0330757903061878,84.0,2.0,7673.435685,152.66666666666666,sbp_alt
58234,53.0,0.0,146.0,68.0,125.0,21.55,102.12567548593653,1.0,0.0,0.0,1.0,,4.92,5.44,2.144562338246567,2.17663364031864,0,0,0.032071302072073316,78.0,2.0,101689.877671,126.0,sbp_alt
58236,50.0,1.0,181.0,46.0,101.0,33.67,98.50495154282892,0.0,0.0,1.0,0.0,,4.65,2.97,1.251274728843615,1.1707882009055477,0,0,-0.08048652793806732,81.0,2.0,106104.605651,100.0,sbp_alt
58237,42.0,1.0,261.0,39.0,181.0,40.35,111.053572721151,1.0,0.0,1.0,1.0,2.0,282.14,34.78,22.678446003069638,17.64165834206216,3,3,-5.036787661007477,83.0,2.0,35459.954056,181.33333333333334,sbp_alt
58238,47.0,1.0,168.0,67.0,139.0,38.09,79.35022029994394,0.0,0.0,0.0,0.0,,19.57,30.85,1.1234389578797885,1.2019275927616,0,0,0.07848863488181146,83.0,2.0,37739.463274,141.33333333333334,sbp_alt
58243,48.0,0.0,213.0,73.0,134.0,22.24,107.56943152399941,0.0,1.0,0.0,0.0,,3.1,6.72,1.9789688825867013,2.2187825231824188,0,0,0.23981364059571741,75.0,2.0,27580.526805,135.33333333333334,sbp_alt
58251,37.0,0.0,202.0,62.0,113.0,26.73,120.67516115392809,0.0,0.0,0.0,0.0,,5.52,5.24,0.43071192494297816,0.42735383094712615,0,0,-0.0033580939958520184,87.0,1.0,33958.460784,112.66666666666667,sbp_alt
58257,38.0,0.0,187.0,80.0,132.0,20.19,121.47834552002392,0.0,0.0,0.0,0.0,,10.43,9.61,0.5239121465082691,0.5175072879719939,0,0,-0.00640485853627526,84.0,1.0,19492.691872,129.33333333333334,sbp_alt
58259,52.0,1.0,181.0,51.0,104.0,31.01,94.22318911704791,0.0,1.0,0.0,1.0,,4.85,5.44,1.6056861959375557,1.633142613709368,0,0,0.027456417771812403,75.0,2.0,22498.50756,106.0,sbp_alt
58260,46.0,1.0,148.0,60.0,128.0,35.01,102.64852745962281,0.0,0.0,0.0,0.0,,5.54,3.76,0.6758658776389,0.6379074722678192,0,0,-0.03795840537108086,78.0,1.0,26935.675201,128.0,sbp_alt
58261,34.0,0.0,276.0,50.0,118.0,32.76,111.94371226087188,0.0,0.0,0.0,0.0,,3.33,3.58,0.6878041880806798,0.6953115952763766,0,0,0.007507407195696869,79.0,2.0,66657.309609,118.66666666666667,sbp_alt
58263,35.0,0.0,207.0,30.0,111.0,29.49,105.71061766200616,0.0,1.0,0.0,0.0,,11.3,8.41,1.3452772087629037,1.287345586124967,0,0,-0.05793162263793672,83.0,2.0,15574.203466,113.33333333333333,sbp_alt
58267,32.0,0.0,185.0,34.0,120.0,31.34,88.56313482239625,0.0,0.0,0.0,0.0,,4.11,2.96,0.5439162423797781,0.5177500687354125,0,0,-0.026166173644365576,86.0,3.0,51042.814293,119.33333333333333,sbp_alt
58269,60.0,0.0,195.0,44.0,158.0,30.28,56.093902503857606,1.0,0.0,1.0,1.0,,11.0,5.66,12.667744074454324,11.59862485411941,3,3,-1.0691192203349136,82.0,2.0,8809.825372,160.66666666666666,sbp_alt
58272,41.0,0.0,181.0,44.0,121.0,27.92,95.8191680907782,0.0,0.0,0.0,0.0,,31.49,3.9,1.1623039118001708,0.8505647744903019,0,0,-0.3117391373098689,80.0,1.0,16843.854657,124.0,sbp_alt
58274,47.0,1.0,189.0,59.0,129.0,31.51,77.28474091086058,0.0,0.0,0.0,0.0,,2.65,2.19,0.8613032383337099,0.8372040051911644,0,0,-0.024099233142545473,77.0,2.0,20763.896331,130.66666666666666,sbp_alt
58280,77.0,1.0,179.0,52.0,122.0,19.38,89.32998667260341,0.0,1.0,0.0,0.0,,5.58,4.13,10.9313283733033,10.499203190917278,3,3,-0.43212518238602193,75.0,2.0,14719.459819,120.66666666666667,sbp_alt
58282,35.0,0.0,231.0,27.0,125.0,32.43,107.04731131823684,0.0,0.0,0.0,1.0,,5.98,4.07,1.2849829963585615,1.2133278571370794,0,0,-0.07165513922148214,81.0,2.0,14859.616641,124.0,sbp_alt
58284,72.0,1.0,207.0,75.0,103.0,25.19,72.74635666092712,0.0,0.0,0.0,0.0,,8.61,2.28,5.058197261271845,4.181731387359413,2,1,-0.8764658739124318,80.0,2.0,49310.93014,104.0,sbp_alt
58285,32.0,1.0,212.0,51.0,120.0,22.87,120.7992308922857,0.0,0.0,0.0,0.0,2.0,5.73,3.79,0.3036652577494758,0.2854468820703648,0,0,-0.018218375679111,89.0,2.0,14823.350914,120.0,sbp_alt
58287,33.0,1.0,149.0,61.0,112.0,17.48,117.04034853339776,0.0,0.0,0.0,0.0,2.0,14.47,12.58,0.16202198243273933,0.1586583713069883,0,0,-0.003363611125751037,84.0,1.0,26477.964406,113.33333333333333,sbp_alt
58288,79.0,1.0,242.0,56.0,136.0,38.09,65.90811598187526,0.0,0.0,0.0,0.0,,12.16,1.94,11.598194103420399,9.057898194500245,3,2,-2.5402959089201538,86.0,3.0,28866.428142,137.33333333333334,sbp_alt
58290,53.0,0.0,243.0,49.0,111.0,26.63,104.27587326191404,0.0,0.0,0.0,0.0,,10.93,4.68,2.4340516561767283,2.1477083796722307,0,0,-0.28634327650449753,77.0,1.0,87610.035587,112.0,sbp_alt
58291,43.0,0.0,215.0,53.0,145.0,42.97,95.77144262118296,1.0,0.0,1.0,0.0,,3.62,3.99,4.5109144499268705,4.57463961781103,1,1,0.06372516788415972,87.0,2.0,24510.801633,144.0,sbp_alt
58292,49.0,0.0,177.0,76.0,108.0,23.17,86.03257969536385,0.0,0.0,0.0,0.0,,7.32,5.0,0.8571870830608519,0.8096288691406878,0,0,-0.04755821392016413,85.0,2.0,20708.126413,109.33333333333333,sbp_alt
58294,39.0,1.0,182.0,44.0,119.0,26.95,82.29956469009588,0.0,0.0,1.0,0.0,2.0,3.82,3.27,0.6549711203725223,0.6399590929354121,0,0,-0.015012027437110165,76.0,1.0,61676.117922,118.66666666666667,sbp_alt
58304,60.0,1.0,266.0,65.0,132.0,37.77,103.9707528939343,0.0,1.0,0.0,0.0,,9.43,18.43,4.422830588952799,4.86810301443476,1,1,0.4452724254819609,79.0,1.0,18698.164623,134.0,sbp_alt
58306,49.0,0.0,201.0,55.0,108.0,21.86,90.09688534731352,0.0,1.0,0.0,0.0,,5.11,3.67,1.9376747311003235,1.8449446076528382,0,0,-0.09273012344748532,81.0,1.0,20727.40116,110.66666666666667,sbp_alt
58307,47.0,1.0,240.0,38.0,123.0,28.72,115.78857665271583,1.0,0.0,1.0,0.0,,6.41,4.08,4.592021054215859,4.303878036535075,1,1,-0.28814301768078465,88.0,1.0,16785.174371,124.66666666666667,sbp_alt
58310,32.0,1.0,172.0,59.0,110.0,17.59,123.23075099836379,0.0,0.0,0.0,0.0,2.0,8.24,2.22,0.15302850914549163,0.1257145898657989,0,0,-0.027313919279692733,86.0,3.0,49169.502888,111.33333333333333,sbp_alt
58314,31.0,1.0,161.0,41.0,95.0,32.79,126.15351424229122,0.0,0.0,0.0,0.0,2.0,5.09,2.81,0.20313143985333826,0.18583148898057014,0,0,-0.017299950872768116,85.0,1.0,19933.667798,98.0,sbp_alt
58315,37.0,1.0,205.0,29.0,115.0,31.91,100.26184700151661,0.0,1.0,0.0,0.0,2.0,2.84,3.5,1.0894032856885356,1.123728613948375,0,0,0.03432532825983947,86.0,1.0,61051.755394,113.33333333333333,sbp_alt
58316,73.0,0.0,164.0,35.0,107.0,36.45,68.6296318838255,1.0,0.0,1.0,1.0,,179.66,19.26,20.31749145562709,15.397317935776707,3,3,-4.9201735198503815,82.0,1.0,11966.819162,110.0,sbp_alt
58319,42.0,0.0,260.0,42.0,123.0,25.43,85.95394511245107,0.0,0.0,0.0,0.0,,4.23,2.93,1.503003554714316,1.4230845252382731,0,0,-0.07991902947604279,77.0,2.0,92556.868952,124.0,sbp_alt
58321,61.0,1.0,155.0,32.0,122.0,31.22,112.53291365864405,1.0,0.0,0.0,1.0,,278.85,257.27,8.765897828667777,8.669673267420947,2,2,-0.09622456124682977,75.0,2.0,6024.136659,125.33333333333333,sbp_alt
58322,47.0,0.0,254.0,34.0,118.0,34.33,96.89601532550854,1.0,0.0,0.0,0.0,,6.76,4.95,4.920155409148401,4.704621023716985,1,1,-0.21553438543141556,83.0,1.0,96465.970305,120.0,sbp_alt
58323,40.0,0.0,224.0,39.0,116.0,34.26,113.8826318428415,0.0,0.0,0.0,0.0,,3.27,2.97,0.9263717746229633,0.9131299022915383,0,0,-0.013241872331424931,75.0,1.0,17222.002528,116.66666666666667,sbp_alt
58325,68.0,1.0,160.0,36.0,123.0,42.08,71.5383274411581,0.0,0.0,1.0,1.0,,3.0,4.26,5.551557319884691,5.834120298508287,2,2,0.2825629786235959,81.0,1.0,6592.294836,124.0,sbp_alt
58326,72.0,1.0,153.0,63.0,107.0,32.83,94.19413571969443,0.0,0.0,1.0,1.0,,13.41,7.5,6.001464057419959,5.527823896095164,2,2,-0.4736401613247949,85.0,2.0,39280.737137,109.33333333333333,sbp_alt
58327,54.0,0.0,228.0,46.0,112.0,23.33,88.37700857622673,0.0,1.0,0.0,0.0,,3.71,3.44,3.3273863015026364,3.2908783426408137,1,1,-0.036507958861822676,80.0,1.0,72579.314382,111.33333333333333,sbp_alt
58328,50.0,0.0,170.0,35.0,118.0,36.78,110.83979119133289,0.0,1.0,0.0,0.0,,8.24,4.95,2.872124559214555,2.6650595005549844,0,0,-0.2070650586595706,82.0,2.0,15686.03941,116.66666666666667,sbp_alt
58329,63.0,1.0,219.0,91.0,111.0,25.1,85.29223669906257,0.0,0.0,0.0,1.0,,3.97,4.03,1.5518100141113722,1.555254013355977,0,0,0.0034439992446047007,82.0,2.0,6086.158846,114.0,sbp_alt
58331,45.0,1.0,211.0,77.0,134.0,25.61,96.88405178364057,0.0,0.0,0.0,0.0,,4.52,3.77,0.6543743921862272,0.6369033193534014,0,0,-0.017471072832825785,88.0,2.0,17828.403033,132.66666666666666,sbp_alt
58332,42.0,1.0,215.0,47.0,103.0,21.79,111.44498183561716,0.0,0.0,0.0,0.0,2.0,16.11,3.33,0.6762740488319643,0.5345164794914834,0,0,-0.1417575693404809,80.0,2.0,15280.853623,102.66666666666667,sbp_alt
58334,42.0,0.0,231.0,53.0,128.0,29.46,102.48698346124004,0.0,1.0,0.0,0.0,,21.9,23.27,2.4804602941193243,2.5027214454363165,0,0,0.022261151316992134,80.0,1.0,16031.994042,130.0,sbp_alt
58335,68.0,1.0,179.0,50.0,136.0,21.43,95.4902169214041,0.0,0.0,1.0,0.0,,17.29,14.89,7.129078371527241,6.981967757010791,2,2,-0.1471106145164498,75.0,2.0,25703.907887,134.66666666666666,sbp_alt
58339,41.0,1.0,162.0,81.0,103.0,26.72,96.31472393084532,0.0,0.0,0.0,0.0,2.0,4.5,5.65,0.19992383936575722,0.20685776444571013,0,0,0.006933925079952913,79.0,2.0,20004.003655,106.66666666666667,sbp_alt
58343,50.0,0.0,222.0,39.0,115.0,34.01,96.29494657209744,1.0,0.0,1.0,0.0,,6.61,3.66,5.320782337857406,4.888624119894043,2,1,-0.4321582179633632,77.0,1.0,89543.78448,113.33333333333333,sbp_alt
58344,32.0,0.0,189.0,30.0,116.0,32.82,98.97885901986604,0.0,0.0,0.0,0.0,,2.1,2.3,0.48742301183294706,0.4941318266223039,0,0,0.006708814789356865,76.0,2.0,57949.119795,118.0,sbp_alt
58347,51.0,0.0,170.0,51.0,145.0,21.87,105.96357722471642,0.0,0.0,0.0,1.0,,4.87,7.57,2.039507935439162,2.176926412922082,0,0,0.13741847748292013,86.0,2.0,80353.75661,146.66666666666666,sbp_alt
58348,62.0,1.0,227.0,76.0,121.0,31.21,94.476770327692,0.0,0.0,1.0,1.0,,5.97,10.2,2.7011445274478856,2.9207128135133273,0,0,0.21956828606544176,83.0,1.0,76199.355886,125.33333333333333,sbp_alt
58350,59.0,1.0,240.0,43.0,137.0,35.73,86.11415561698738,0.0,0.0,0.0,0.0,,70.28,17.26,5.219277414495969,4.269695937812108,2,1,-0.9495814766838606,82.0,1.0,95337.536404,136.0,sbp_alt
58351,36.0,1.0,228.0,61.0,115.0,23.25,117.83115611991063,0.0,0.0,0.0,0.0,2.0,6.76,5.34,0.3176689599948598,0.30665460241310294,0,0,-0.01101435758175684,79.0,2.0,108341.785183,115.33333333333333,sbp_alt
58352,46.0,0.0,207.0,35.0,123.0,30.31,74.04593300160977,0.0,1.0,0.0,0.0,,3.93,3.7,2.7191731527373895,2.6951871424982445,0,0,-0.023986010239144928,82.0,1.0,24485.910944,121.33333333333333,sbp_alt
58355,61.0,1.0,273.0,69.0,113.0,25.81,99.37839857417701,0.0,0.0,0.0,0.0,,9.92,11.63,2.3462697893403175,2.4015986317074636,0,0,0.05532884236714608,86.0,3.0,51293.622038,114.66666666666667,sbp_alt
58359,49.0,0.0,189.0,34.0,93.0,35.47,109.74885836492489,0.0,1.0,0.0,1.0,,4.94,4.31,2.9105596309122785,2.8529042205342487,0,0,-0.05765541037802979,75.0,2.0,105778.527027,94.0,sbp_alt
58372,57.0,0.0,206.0,58.0,107.0,23.96,89.93953382933316,0.0,0.0,0.0,0.0,,7.87,3.38,2.4941779801918824,2.2019063291838195,0,0,-0.29227165100806296,84.0,2.0,18719.899451,106.0,sbp_alt
58377,38.0,1.0,202.0,73.0,106.0,21.95,116.82419548614985,0.0,0.0,0.0,0.0,2.0,11.67,6.78,0.23894600192704954,0.22028054467497504,0,0,-0.018665457252074497,76.0,1.0,57761.756191,108.0,sbp_alt
58378,49.0,1.0,243.0,46.0,115.0,26.59,86.36612254006826,0.0,1.0,0.0,0.0,,11.25,47.35,2.370932553126329,2.9251482068929295,0,0,0.5542156537666005,83.0,1.0,88626.466787,116.0,sbp_alt
58380,73.0,0.0,199.0,58.0,184.0,25.15,57.47516766005108,0.0,0.0,1.0,0.0,,5.29,3.11,13.621313651969917,12.704755517564525,3,3,-0.9165581344053919,75.0,1.0,12637.696457,184.0,sbp_alt
58384,36.0,0.0,177.0,39.0,135.0,33.1,94.34435583981103,0.0,0.0,0.0,0.0,,3.32,3.76,0.8645257248053275,0.8807823555986203,0,0,0.01625663079329276,82.0,1.0,68012.325768,133.33333333333334,sbp_alt
58385,30.0,0.0,175.0,55.0,135.0,35.18,68.17154155135677,1.0,0.0,1.0,0.0,,567.5,908.45,3.3929475931101503,3.6337043305367023,1,1,0.24075673742655201,79.0,1.0,18764.720918,135.33333333333334,sbp_alt
58388,76.0,1.0,272.0,92.0,138.0,39.16,59.094586008022226,0.0,0.0,1.0,0.0,,5.43,11.19,8.573487227941046,9.463500415639023,2,2,0.8900131876979778,84.0,1.0,13632.860954,138.66666666666666,sbp_alt
58390,57.0,0.0,178.0,47.0,110.0,33.49,56.20569474226359,0.0,0.0,0.0,0.0,,17.4,4.75,3.0356136215894987,2.5087284601604893,1,0,-0.5268851614290093,78.0,2.0,23716.595191,111.33333333333333,sbp_alt
58394,48.0,0.0,239.0,44.0,112.0,26.51,102.60903389000578,1.0,0.0,0.0,0.0,,16.6,8.0,4.212450563726112,3.7894518734622396,1,1,-0.42299869026387205,84.0,2.0,22314.411887,112.0,sbp_alt
58397,66.0,0.0,184.0,44.0,129.0,26.6,75.68404724654566,0.0,0.0,1.0,0.0,,9.63,10.12,7.80912982070712,7.863256326540132,2,2,0.05412650583301204,79.0,2.0,73052.830524,129.33333333333334,sbp_alt
58398,65.0,0.0,221.0,96.0,135.0,27.02,93.5328551241116,0.0,0.0,1.0,0.0,,4.68,5.06,4.445221753977862,4.495566305738229,1,1,0.05034455176036712,77.0,1.0,54784.845182,137.33333333333334,sbp_alt
58405,61.0,0.0,131.0,41.0,101.0,33.98,103.94263094895351,1.0,1.0,0.0,0.0,,189.27,70.21,11.997449754789391,10.504137360260076,3,3,-1.4933123945293154,84.0,1.0,5649.592847,102.0,sbp_alt
58407,45.0,0.0,251.0,42.0,134.0,31.35,100.59251994227594,0.0,0.0,0.0,0.0,,5.28,5.45,2.212571498258568,2.2229488674506843,0,0,0.010377369192116515,80.0,2.0,22608.618809,132.66666666666666,sbp_alt
58408,51.0,1.0,134.0,44.0,109.0,32.49,115.18886887893349,0.0,0.0,1.0,1.0,,5.41,2.26,0.982407109453546,0.86279248719747,0,0,-0.119614622256076,75.0,1.0,18999.168205,110.0,sbp_alt
58411,79.0,0.0,162.0,51.0,121.0,23.89,73.03982919190797,0.0,0.0,0.0,1.0,,4.18,2.86,10.326901279572077,9.808160051399257,3,2,-0.5187412281728196,76.0,2.0,34738.18151,122.66666666666667,sbp_alt
58413,74.0,0.0,151.0,47.0,158.0,27.66,77.12311953040673,0.0,0.0,1.0,1.0,,88.24,18.18,15.013822422392634,12.216678992759663,3,3,-2.797143429632971,81.0,1.0,12635.930248,156.0,sbp_alt
58415,46.0,0.0,231.0,30.0,112.0,35.43,99.96884631863384,0.0,0.0,0.0,0.0,,5.18,3.33,1.706834541005966,1.5984314199866605,0,0,-0.10840312101930549,80.0,2.0,22608.618809,114.0,sbp_alt
58416,49.0,1.0,233.0,62.0,133.0,30.65,107.46771727945188,0.0,0.0,0.0,0.0,,20.53,19.77,1.5143543441361162,1.505931825038183,0,0,-0.008422519097933234,87.0,1.0,16662.798511,133.33333333333334,sbp_alt
58417,45.0,1.0,187.0,57.0,92.0,20.27,109.38493044832033,0.0,0.0,0.0,1.0,,7.99,4.21,0.5426452851792268,0.49312684114033806,0,0,-0.049518444038888776,78.0,2.0,88087.54939,92.0,sbp_alt
58418,62.0,0.0,212.0,42.0,132.0,33.0,50.29430918508156,0.0,0.0,0.0,0.0,,5.16,2.67,6.061152539370519,5.518820867908579,2,2,-0.5423316714619402,88.0,2.0,5734.821408,133.33333333333334,sbp_alt
58419,75.0,1.0,164.0,96.0,117.0,40.74,63.27869459127227,1.0,0.0,1.0,1.0,,10.85,9.52,8.368289539385271,8.218980534953895,2,2,-0.14930900443137674,76.0,2.0,38913.512966,116.0,sbp_alt
58421,49.0,1.0,176.0,54.0,173.0,41.43,85.13379428914527,0.0,0.0,1.0,0.0,,6.4,5.66,3.1076738185182657,3.0526087711196994,1,1,-0.055065047398566325,81.0,2.0,35241.053632,172.0,sbp_alt
58430,68.0,0.0,211.0,48.0,129.0,30.37,70.79730196937929,0.0,0.0,1.0,1.0,,18.0,11.04,9.998631724409721,9.353675352496664,2,2,-0.6449563719130573,81.0,2.0,10283.689262,129.33333333333334,sbp_alt
58433,55.0,0.0,141.0,60.0,115.0,26.29,105.31775544273104,0.0,0.0,0.0,0.0,,4.47,3.92,1.4906366382310707,1.4618009625806938,0,0,-0.028835675650376924,85.0,1.0,81016.09058,116.66666666666667,sbp_alt
58435,69.0,1.0,188.0,55.0,112.0,24.49,101.46498365429962,0.0,0.0,0.0,0.0,,8.85,3.0,4.322869086305526,3.69883535112158,1,1,-0.624033735183946,82.0,1.0,22598.518481,113.33333333333333,sbp_alt
58436,63.0,0.0,172.0,39.0,125.0,,101.39991769559944,0.0,0.0,0.0,0.0,,8.18,5.78,4.978924700187051,4.7365920842794065,1,1,-0.2423326159076442,86.0,2.0,56750.654207,126.0,sbp_alt
58440,74.0,1.0,156.0,41.0,128.0,23.38,50.515670477053575,0.0,0.0,1.0,1.0,,13.93,9.09,10.936778817455687,10.328021561043835,3,3,-0.6087572564118524,82.0,1.0,41432.419968,129.33333333333334,sbp_alt
58444,54.0,1.0,185.0,44.0,116.0,46.11,54.33450830990054,1.0,0.0,1.0,0.0,,1.42,2.43,4.451769351972892,4.807705801038266,1,1,0.355936449065374,83.0,2.0,29615.973733,115.33333333333333,sbp_alt
58447,61.0,1.0,218.0,45.0,118.0,27.5,98.67642132440872,0.0,1.0,0.0,0.0,,5.27,5.8,4.218633489613722,4.277146022270952,1,1,0.058512532657230665,82.0,2.0,8066.115416,116.66666666666667,sbp_alt
58449,54.0,0.0,213.0,35.0,133.0,27.77,109.9721578941105,0.0,0.0,1.0,1.0,,5.54,3.77,4.322683995378782,4.08856803148389,1,1,-0.23411596389489198,88.0,1.0,10247.317308,135.33333333333334,sbp_alt
58450,43.0,1.0,166.0,37.0,112.0,28.98,98.09667977649853,0.0,0.0,0.0,0.0,2.0,6.61,4.89,0.6643432183019059,0.635141277421045,0,0,-0.02920194088086092,76.0,1.0,18598.939847,113.33333333333333,sbp_alt
58452,34.0,1.0,182.0,52.0,117.0,47.94,96.200122257178,0.0,0.0,0.0,0.0,2.0,5.07,3.05,0.27783113087361627,0.2574758305125934,0,0,-0.0203553003610229,79.0,1.0,59497.522458,120.0,sbp_alt
58454,68.0,1.0,166.0,64.0,146.0,27.84,53.56194775565213,1.0,0.0,1.0,1.0,,451.56,198.81,16.29271458977223,14.682019997807915,3,3,-1.6106945919643163,86.0,1.0,6466.48719,149.33333333333334,sbp_alt
58456,38.0,0.0,193.0,39.0,101.0,27.28,92.12426352112466,0.0,1.0,0.0,0.0,,5.0,2.86,1.2625193141973878,1.1615738846955692,0,0,-0.10094542950181862,79.0,1.0,69862.627307,105.33333333333333,sbp_alt
58458,41.0,0.0,205.0,45.0,116.0,37.72,111.56031676866206,1.0,0.0,0.0,0.0,,10.97,4.9,2.4603984034266007,2.184627639341105,0,0,-0.27577076408549583,88.0,1.0,17155.534685,118.66666666666667,sbp_alt
58459,63.0,0.0,204.0,45.0,146.0,25.64,102.230997950465,0.0,0.0,0.0,0.0,,14.14,42.26,7.050901608950663,8.21438508308076,2,2,1.1634834741300972,77.0,1.0,6250.708337,150.66666666666666,sbp_alt
58460,76.0,1.0,199.0,47.0,149.0,33.6,86.5986122184451,0.0,0.0,1.0,1.0,,4.47,6.25,10.540478230338788,11.024474458148873,3,3,0.4839962278100849,82.0,1.0,16322.933104,150.66666666666666,sbp_alt
58461,50.0,0.0,254.0,60.0,112.0,32.78,70.15149982236703,0.0,1.0,0.0,0.0,,4.08,4.13,2.4200747515490715,2.424422150882586,0,0,0.004347399333514357,84.0,1.0,17217.09175,116.0,sbp_alt
58465,49.0,0.0,252.0,52.0,120.0,36.49,66.72743470512981,0.0,0.0,0.0,0.0,,8.8,4.93,2.1219847171361104,1.9476735400249547,0,0,-0.17431117711115562,79.0,1.0,19171.77998,121.33333333333333,sbp_alt
58471,40.0,0.0,238.0,48.0,116.0,24.73,102.47397251795175,0.0,0.0,0.0,0.0,,8.77,4.31,0.9932094052256143,0.8930806799628023,0,0,-0.10012872526281202,79.0,1.0,75533.702614,116.66666666666667,sbp_alt
58473,57.0,1.0,233.0,79.0,137.0,25.28,68.1558268823069,0.0,0.0,0.0,0.0,,4.25,1.07,1.8950763677018077,1.546126582476836,0,0,-0.34894978522497166,81.0,2.0,29433.149209,136.66666666666666,sbp_alt
58474,49.0,0.0,262.0,62.0,115.0,27.8,106.145522214151,0.0,1.0,0.0,0.0,,2.9,2.85,2.202917057846687,2.197266126639472,0,0,-0.0056509312072146045,78.0,2.0,23780.455805,114.66666666666667,sbp_alt
58488,77.0,0.0,148.0,32.0,109.0,40.17,73.95401620041032,0.0,0.0,1.0,1.0,,8.96,6.81,13.094395072582149,12.63006282883488,3,3,-0.46433224374726834,75.0,1.0,15661.814696,110.0,sbp_alt
58489,30.0,1.0,157.0,62.0,113.0,25.23,123.75786412164246,0.0,0.0,0.0,0.0,2.0,4.59,3.04,0.10788441464196832,0.10142013184225011,0,0,-0.00646428279971821,89.0,1.0,13593.335914,108.66666666666667,sbp_alt
58491,70.0,0.0,230.0,86.0,115.0,26.34,92.5050162792939,0.0,0.0,0.0,0.0,,3.15,4.07,4.9757408336605,5.161913431870261,1,2,0.18617259820976084,88.0,2.0,29665.826508,115.33333333333333,sbp_alt
58492,40.0,0.0,176.0,28.0,140.0,36.32,112.65351914476398,0.0,0.0,0.0,0.0,,10.3,3.45,1.7671262476589753,1.5021260562919918,0,0,-0.2650001913669835,82.0,1.0,20828.511365,139.33333333333334,sbp_alt
58493,75.0,0.0,139.0,45.0,129.0,30.67,58.364910359929645,1.0,1.0,1.0,1.0,,4.55,5.83,14.092770149695873,14.552082642167814,3,3,0.45931249247194117,82.0,1.0,35141.525644,129.33333333333334,sbp_alt
58495,38.0,1.0,195.0,70.0,108.0,23.87,89.87636630517463,0.0,0.0,0.0,0.0,2.0,4.55,28.58,0.22821570557395712,0.3004938194628452,0,0,0.07227811388888808,75.0,1.0,34219.951101,108.66666666666667,sbp_alt
58497,46.0,1.0,154.0,54.0,97.0,25.44,76.76453392968925,0.0,0.0,0.0,0.0,,2.53,2.83,0.5271049252361302,0.5359990880349745,0,0,0.008894162798844363,76.0,2.0,79088.217729,97.33333333333333,sbp_alt
58498,45.0,1.0,187.0,86.0,108.0,24.24,113.65956681568603,0.0,1.0,0.0,0.0,,5.37,6.0,0.5005217259178695,0.5088840511612571,0,0,0.008362325243387647,78.0,2.0,88087.54939,102.66666666666667,sbp_alt
58505,48.0,1.0,211.0,69.0,93.0,18.88,103.07163016695893,0.0,0.0,0.0,0.0,,5.38,4.38,0.6278728168864156,0.6089021238489117,0,0,-0.018970693037503872,77.0,2.0,87550.314744,92.66666666666667,sbp_alt
58507,42.0,1.0,197.0,53.0,117.0,21.84,81.85650066463332,1.0,0.0,0.0,0.0,2.0,3.21,9.23,1.574241752319268,1.8397492738098067,0,0,0.2655075214905387,88.0,1.0,13037.179493,118.0,sbp_alt
58514,34.0,0.0,159.0,35.0,120.0,27.44,121.44141605118388,0.0,0.0,0.0,0.0,,4.42,4.58,0.519285133093998,0.5220664492279802,0,0,0.002781316133982137,86.0,1.0,66692.699479,120.66666666666667,sbp_alt
58515,48.0,0.0,233.0,39.0,115.0,25.67,113.65841877365995,0.0,1.0,0.0,0.0,,6.07,9.71,2.8631858646793966,3.0672304574138223,0,1,0.20404459273442566,81.0,1.0,21459.071325,118.0,sbp_alt
58517,32.0,0.0,179.0,92.0,108.0,20.11,89.51287076736732,0.0,1.0,0.0,0.0,,0.91,3.25,0.18798541591347537,0.22773738544492536,0,0,0.03975196953144999,86.0,1.0,17616.92681,111.33333333333333,sbp_alt
58519,50.0,1.0,165.0,54.0,99.0,21.98,109.72656156782712,0.0,0.0,0.0,0.0,,4.44,1.3,0.7706228191861627,0.6416895033646168,0,0,-0.12893331582154588,78.0,1.0,10778.06461,100.66666666666667,sbp_alt
58520,56.0,0.0,169.0,81.0,122.0,23.72,89.40477141223123,1.0,0.0,0.0,0.0,,11.0,14.3,3.2795876304096487,3.407613078405038,1,1,0.12802544799538929,78.0,1.0,17577.44201,123.33333333333333,sbp_alt
58522,75.0,0.0,151.0,40.0,125.0,25.06,95.27514074933418,0.0,0.0,1.0,1.0,,5.85,4.13,10.34579785866415,9.868205293187533,3,2,-0.477592565476618,80.0,1.0,30819.873958,125.33333333333333,sbp_alt
58525,41.0,0.0,201.0,31.0,137.0,30.78,118.71583812400851,0.0,0.0,0.0,0.0,,11.21,10.22,1.9082918036397787,1.8823312527440819,0,0,-0.02596055089569682,88.0,1.0,18943.613035,138.0,sbp_alt
58530,36.0,1.0,204.0,41.0,127.0,33.81,105.74910868510132,0.0,0.0,0.0,0.0,2.0,3.79,2.72,0.5813304769324894,0.5532452338963545,0,0,-0.02808524303613491,79.0,2.0,16637.651093,128.0,sbp_alt
58532,37.0,1.0,176.0,36.0,100.0,24.71,97.26156193291541,0.0,0.0,0.0,0.0,2.0,9.55,3.86,0.4690650437498492,0.4096678451505468,0,0,-0.05939719859930237,85.0,1.0,56333.431437,100.0,sbp_alt
58537,32.0,1.0,157.0,52.0,111.0,23.99,85.96161995603993,0.0,0.0,0.0,0.0,2.0,8.76,2.97,0.1910332978404937,0.16244790722390368,0,0,-0.028585390616590017,80.0,1.0,49830.060206,109.33333333333333,sbp_alt
58552,41.0,1.0,205.0,50.0,94.0,32.52,118.54664765451194,0.0,1.0,0.0,0.0,2.0,4.02,5.44,0.8294878900617133,0.8676900855271437,0,0,0.038202195465430355,82.0,2.0,18179.455559,94.0,sbp_alt
58558,34.0,0.0,166.0,40.0,124.0,24.15,107.71514521859211,0.0,0.0,0.0,0.0,,7.3,5.37,0.5907362779336396,0.5641223265179779,0,0,-0.026613951415661696,80.0,1.0,12460.439152,125.33333333333333,sbp_alt
58559,53.0,1.0,234.0,70.0,132.0,25.36,105.21362000147177,0.0,0.0,0.0,0.0,,12.67,11.43,1.6078451697487188,1.5835667471867179,0,0,-0.024278422562000967,88.0,1.0,10312.68772,134.0,sbp_alt
58560,51.0,0.0,210.0,36.0,144.0,26.48,110.61239126740459,0.0,0.0,0.0,0.0,,138.89,61.2,5.468277457510846,4.862698557341736,2,1,-0.6055789001691094,77.0,2.0,14704.563313,142.66666666666666,sbp_alt
58561,66.0,0.0,243.0,43.0,126.0,22.26,84.01379857625014,0.0,0.0,0.0,0.0,,6.59,3.27,7.275358601421001,6.592977050528903,2,2,-0.6823815508920976,75.0,2.0,6797.608313,127.33333333333333,sbp_alt
58563,74.0,1.0,305.0,91.0,127.0,26.66,96.12481448890206,0.0,0.0,1.0,0.0,,30.0,8.23,8.333886281100984,6.965558307783994,2,2,-1.3683279733169895,76.0,1.0,37142.518016,128.66666666666666,sbp_alt
58564,40.0,1.0,183.0,53.0,97.0,31.25,112.4435504162343,0.0,0.0,0.0,0.0,2.0,6.0,5.92,0.3816158373140962,0.38085054836144105,0,0,-0.0007652889526551521,88.0,1.0,17216.777874,94.0,sbp_alt
58565,59.0,1.0,264.0,67.0,104.0,19.78,88.80515709271712,0.0,0.0,0.0,0.0,,10.34,7.92,2.055045110200759,1.9760061250452534,0,0,-0.07903898515550556,80.0,2.0,109191.710721,104.0,sbp_alt
58570,50.0,1.0,163.0,82.0,105.0,21.14,72.99074543941663,0.0,0.0,0.0,0.0,,8.33,3.42,0.5500447057480158,0.481567354487446,0,0,-0.06847735126056981,86.0,1.0,92722.673705,104.66666666666667,sbp_alt
58571,54.0,1.0,243.0,59.0,95.0,32.64,72.10720646379148,0.0,0.0,0.0,0.0,,3.04,3.15,1.3426242419077246,1.3497107665613925,0,0,0.0070865246536679916,80.0,1.0,18638.575391,94.0,sbp_alt
58572,50.0,1.0,231.0,57.0,110.0,33.82,119.78603660805145,1.0,0.0,0.0,1.0,,40.45,10.95,2.9423155625550867,2.4309535322292537,0,0,-0.511362030325833,86.0,2.0,20535.113756,112.0,sbp_alt
58573,43.0,0.0,152.0,55.0,115.0,33.61,119.35042979990702,1.0,0.0,0.0,1.0,,26.67,18.25,1.6333562555899668,1.5438179013839144,0,0,-0.08953835420605238,88.0,1.0,61758.398834,116.66666666666667,sbp_alt
58576,33.0,1.0,252.0,40.0,106.0,30.78,117.44691218945603,1.0,1.0,0.0,0.0,2.0,11.57,8.25,3.2471151022317812,3.0913385408317797,1,1,-0.1557765614000015,80.0,2.0,23477.141681,106.0,sbp_alt
58577,46.0,0.0,229.0,76.0,109.0,30.18,86.67073375625436,0.0,0.0,0.0,0.0,,3.91,2.25,0.7575332229985042,0.6973074035138603,0,0,-0.060225819484643894,78.0,2.0,24174.776339,110.0,sbp_alt
58581,47.0,1.0,210.0,78.0,109.0,23.4,90.04448644717048,0.0,1.0,0.0,0.0,,6.22,5.6,0.8256614732769242,0.8128533523013315,0,0,-0.012808120975592696,83.0,1.0,91247.966335,110.0,sbp_alt
58583,74.0,1.0,175.0,49.0,124.0,33.37,82.17422795323435,0.0,0.0,1.0,1.0,,8.84,8.11,8.710869271754863,8.60852679363798,2,2,-0.10234247811688313,83.0,1.0,25117.615493,124.0,sbp_alt
58586,35.0,0.0,154.0,41.0,115.0,23.19,120.20668254684914,0.0,0.0,0.0,0.0,,9.11,5.2,0.47796899850566693,0.4393349359862343,0,0,-0.03863406251943263,87.0,1.0,33958.460784,115.33333333333333,sbp_alt
58590,71.0,0.0,151.0,40.0,100.0,29.03,68.04095621678773,1.0,0.0,1.0,1.0,,1063.87,575.14,22.21439921727565,20.650978111175785,3,3,-1.563421106099863,76.0,2.0,10272.513252,100.66666666666667,sbp_alt
58591,53.0,0.0,144.0,31.0,121.0,32.65,84.87871470289221,0.0,0.0,0.0,1.0,,4.85,2.84,1.897026584926592,1.7523299209171488,0,0,-0.14469666400944314,80.0,1.0,70704.283055,122.0,sbp_alt
58596,33.0,0.0,212.0,35.0,104.0,29.63,118.95002792458327,0.0,1.0,0.0,0.0,,3.02,3.1,0.9474281283101269,0.951140441449542,0,0,0.003712313139415113,87.0,2.0,30963.06541,104.0,sbp_alt
58598,33.0,0.0,208.0,33.0,113.0,38.74,97.23130127154721,0.0,0.0,0.0,0.0,,4.39,4.88,0.5702318280612858,0.5793635285797818,0,0,0.009131700518495989,75.0,1.0,57886.498141,111.33333333333333,sbp_alt
58601,45.0,0.0,233.0,39.0,115.0,34.72,105.92155389618384,0.0,0.0,0.0,0.0,,4.08,3.3,1.4097092301784426,1.3658653327932422,0,0,-0.04384389738520045,86.0,1.0,20257.239026,115.33333333333333,sbp_alt
58610,53.0,0.0,180.0,32.0,111.0,27.46,84.87871470289221,0.0,0.0,0.0,0.0,,3.97,1.78,2.0885942828189714,1.85474252088806,0,0,-0.2338517619309115,75.0,2.0,27459.086612,112.0,sbp_alt
58611,48.0,0.0,161.0,36.0,154.0,41.54,93.9655711453896,0.0,0.0,1.0,1.0,,35.22,13.52,3.7608841283712895,3.2711729257156796,1,1,-0.48971120265560986,77.0,1.0,81895.402401,155.33333333333334,sbp_alt
58613,45.0,0.0,239.0,48.0,129.0,36.44,111.2220932895185,0.0,0.0,1.0,0.0,,3.37,4.18,1.912858417155474,1.974851494410451,0,0,0.06199307725497705,76.0,2.0,85635.432201,129.33333333333334,sbp_alt
58615,48.0,0.0,267.0,53.0,122.0,24.79,86.56930941372897,0.0,1.0,0.0,1.0,,5.75,8.54,3.5078156007132697,3.715708238160316,1,1,0.20789263744704645,80.0,2.0,24742.376291,124.0,sbp_alt
58629,40.0,1.0,156.0,61.0,96.0,23.08,113.24346607203083,0.0,1.0,0.0,0.0,2.0,6.48,4.41,0.514327074835126,0.48559476219026765,0,0,-0.028732312644858315,77.0,1.0,76603.798386,98.66666666666667,sbp_alt
58631,33.0,0.0,153.0,37.0,108.0,29.52,119.84037399022378,0.0,0.0,0.0,0.0,,3.15,4.05,0.34045934072646244,0.35358161707819513,0,0,0.013122276351732687,77.0,1.0,18283.028607,108.0,sbp_alt
58633,61.0,1.0,196.0,84.0,97.0,29.03,100.48162450764946,0.0,0.0,0.0,0.0,,4.79,0.94,1.4804693817440688,1.1631316039937822,0,0,-0.3173377777502866,89.0,2.0,5308.299831,97.33333333333333,sbp_alt
58638,60.0,0.0,247.0,43.0,138.0,30.75,88.27700889203955,0.0,1.0,0.0,0.0,,3.0,2.2,7.1803249052456035,6.874368594924173,2,2,-0.3059563103214309,83.0,1.0,72823.681176,140.66666666666666,sbp_alt
58640,65.0,0.0,190.0,28.0,135.0,35.68,89.96227676148709,0.0,0.0,0.0,0.0,,15.12,11.07,8.242444505833332,7.89329651786732,2,2,-0.34914798796601154,83.0,2.0,22668.81211,134.0,sbp_alt
58642,57.0,0.0,292.0,30.0,122.0,30.21,92.19268074278332,0.0,0.0,0.0,0.0,,5.77,5.43,5.395062981513557,5.3484446627139395,2,2,-0.04661831879961742,77.0,1.0,20995.496487,122.0,sbp_alt
58647,51.0,0.0,217.0,66.0,135.0,25.53,104.46802416171006,1.0,1.0,0.0,0.0,,15.7,42.08,7.037161709343104,8.075632034769198,2,2,1.0384703254260943,84.0,1.0,17126.695224,135.33333333333334,sbp_alt
58650,65.0,1.0,239.0,85.0,110.0,24.55,98.76557443076275,0.0,0.0,0.0,0.0,,6.33,4.55,2.2650716309973973,2.1579014310101328,0,0,-0.10717019998726451,79.0,2.0,21718.587077,110.66666666666667,sbp_alt
58653,55.0,0.0,169.0,50.0,162.0,23.23,75.15995818481993,0.0,1.0,0.0,0.0,,6.36,6.12,6.040754733637038,6.007869562486711,2,2,-0.032885171150327075,75.0,2.0,27004.324803,161.33333333333334,sbp_alt
58656,68.0,0.0,182.0,35.0,131.0,26.35,56.18833447067497,1.0,0.0,1.0,1.0,,47.14,64.09,16.791259794515664,17.449351865294044,3,3,0.6580920707783804,76.0,1.0,5470.463343,130.0,sbp_alt
58659,30.0,0.0,208.0,43.0,149.0,28.57,93.6348093305535,0.0,0.0,1.0,0.0,,3.6,2.99,1.0910510737594217,1.0612071918220036,0,0,-0.02984388193741805,83.0,1.0,83194.20108,150.66666666666666,sbp_alt
58665,35.0,0.0,232.0,46.0,126.0,21.08,122.70274973419939,0.0,1.0,0.0,0.0,,5.05,5.77,1.4193772153979933,1.4478164122340105,0,0,0.028439196836017144,87.0,2.0,22579.355998,126.0,sbp_alt
58671,61.0,1.0,215.0,44.0,128.0,28.47,107.6953329604336,1.0,0.0,1.0,0.0,,4.63,2.77,6.96439337434991,6.480994390296154,2,2,-0.48339898405375514,78.0,2.0,65917.895564,127.33333333333333,sbp_alt
58673,75.0,0.0,184.0,56.0,136.0,27.63,89.9827369408367,0.0,0.0,0.0,0.0,,7.41,4.14,10.565597080447649,9.763272812856274,3,2,-0.8023242675913753,88.0,2.0,10064.393928,136.66666666666666,sbp_alt
58677,75.0,0.0,224.0,46.0,121.0,29.5,90.29744888998528,0.0,0.0,1.0,0.0,,26.08,12.2,16.208566757075484,14.710170930433861,3,3,-1.498395826641623,82.0,2.0,42248.55886,122.66666666666667,sbp_alt
58681,46.0,0.0,201.0,48.0,106.0,25.39,101.2463981810498,0.0,0.0,0.0,0.0,,5.05,3.52,1.116850666464827,1.0582353611877462,0,0,-0.05861530527708081,85.0,2.0,20708.126413,107.33333333333333,sbp_alt
58683,46.0,0.0,185.0,47.0,163.0,25.87,117.14424685264405,1.0,1.0,1.0,0.0,,10.65,6.69,11.516873353145481,10.820498072779465,3,3,-0.6963752803660164,86.0,3.0,15643.490933,164.66666666666666,sbp_alt
58686,38.0,0.0,245.0,36.0,116.0,29.43,86.23418040672956,0.0,0.0,0.0,0.0,,4.7,2.43,1.031087309605492,0.9342388062599803,0,0,-0.09684850334551165,78.0,1.0,24503.169767,115.33333333333333,sbp_alt
58688,73.0,1.0,232.0,45.0,196.0,24.56,91.5801392518562,0.0,0.0,1.0,0.0,,20.81,5.12,14.635351339833633,12.195939525383615,3,3,-2.4394118144500183,78.0,2.0,12008.781111,197.33333333333334,sbp_alt
58689,52.0,1.0,201.0,82.0,112.0,25.04,80.11447795287263,0.0,0.0,0.0,0.0,,5.54,2.33,0.7146679360768646,0.628078659555991,0,0,-0.08658927652087367,84.0,2.0,23748.745332,113.33333333333333,sbp_alt
58690,66.0,0.0,162.0,90.0,109.0,36.22,79.19045669694431,0.0,0.0,1.0,0.0,,8.75,3.75,3.904118513018469,3.451413218745498,1,1,-0.45270529427297124,76.0,2.0,59368.56666,110.0,sbp_alt
58692,45.0,1.0,196.0,53.0,96.0,27.28,99.99255078425227,0.0,1.0,0.0,0.0,,3.23,2.45,1.0049012759625102,0.9644522671183152,0,0,-0.040449008844195,80.0,1.0,14191.669922,96.0,sbp_alt
58693,68.0,1.0,268.0,48.0,129.0,29.08,77.86483468616312,0.0,0.0,0.0,0.0,,3.69,4.55,5.1975688002353175,5.354740927536685,2,2,0.15717212730136776,81.0,2.0,63755.08114,129.33333333333334,sbp_alt
58696,44.0,1.0,154.0,26.0,102.0,24.7,57.821029135276795,0.0,1.0,0.0,0.0,2.0,333.33,52.14,3.1022998857458752,2.3660164329509557,1,0,-0.7362834527949196,83.0,2.0,20891.930664,102.66666666666667,sbp_alt
58699,53.0,0.0,196.0,42.0,132.0,25.95,107.90651793426815,0.0,0.0,1.0,1.0,,4.85,3.54,3.127178413526714,2.9863122482964513,1,0,-0.14086616523026274,78.0,2.0,14961.227317,134.66666666666666,sbp_alt
58700,54.0,1.0,222.0,43.0,135.0,26.53,106.5978936710779,0.0,1.0,0.0,0.0,,9.52,13.39,4.106259772519492,4.3127074803611665,1,1,0.20644770784167488,78.0,2.0,26340.221216,136.66666666666666,sbp_alt
58702,76.0,1.0,213.0,74.0,130.0,23.07,56.3514711321278,0.0,0.0,1.0,0.0,,5.52,2.92,9.443859919367627,8.657407805123736,2,2,-0.7864521142438914,81.0,2.0,35645.410956,134.66666666666666,sbp_alt
58704,47.0,1.0,202.0,48.0,125.0,35.91,109.62276551056073,0.0,0.0,0.0,0.0,,49.45,6.42,1.458774925639046,1.0778572675992655,0,0,-0.3809176580397806,87.0,1.0,22004.736599,124.66666666666667,sbp_alt
58706,34.0,0.0,140.0,49.0,129.0,25.82,88.40635204460426,0.0,0.0,0.0,0.0,,6.7,3.19,0.48659577446671737,0.4352363529570087,0,0,-0.05135942150970868,81.0,1.0,30097.596014,127.33333333333333,sbp_alt
58708,72.0,0.0,261.0,46.0,108.0,24.91,50.77891093652396,0.0,1.0,0.0,0.0,,6.79,2.2,12.848254852766289,11.059999289433936,3,3,-1.7882555633323527,75.0,1.0,15281.510397,110.66666666666667,sbp_alt
58710,43.0,1.0,253.0,51.0,114.0,28.36,95.12412369209073,0.0,0.0,0.0,0.0,2.0,5.97,8.69,0.7686751318848326,0.8128791507826127,0,0,0.04420401889778014,75.0,1.0,15756.9598,114.0,sbp_alt
58711,56.0,1.0,177.0,46.0,122.0,36.91,96.45897611412741,0.0,0.0,0.0,0.0,,7.5,1.97,1.9667688535929297,1.6149138573051949,0,0,-0.35185499628773487,76.0,1.0,109191.710721,122.66666666666667,sbp_alt
58715,34.0,1.0,157.0,44.0,107.0,46.42,103.74409263461112,0.0,0.0,0.0,0.0,2.0,6.47,3.51,0.24768032865663617,0.22600288595066154,0,0,-0.02167744270597463,80.0,1.0,43181.860913,108.66666666666667,sbp_alt
58717,35.0,0.0,132.0,50.0,108.0,30.06,97.1492428946852,0.0,0.0,0.0,0.0,,2.81,1.64,0.2767882204783572,0.2552269626699288,0,0,-0.021561257808428436,78.0,2.0,33906.530295,107.33333333333333,sbp_alt
58719,75.0,0.0,272.0,57.0,129.0,28.2,63.701173469395286,0.0,0.0,1.0,0.0,,224.26,200.49,22.77727366612929,22.481050801302313,3,3,-0.29622286482697646,77.0,1.0,31431.350966,128.66666666666666,sbp_alt
58728,66.0,0.0,179.0,50.0,132.0,28.77,100.34126630276072,0.0,0.0,0.0,0.0,,11.35,7.58,6.249506356071457,5.9017152693071795,2,2,-0.3477910867642775,88.0,2.0,5791.074815,133.33333333333334,sbp_alt
58730,38.0,0.0,293.0,51.0,118.0,25.47,96.47634928022208,0.0,1.0,0.0,0.0,,3.8,4.42,1.7463529517020586,1.7859483264056288,0,0,0.03959537470357022,78.0,1.0,61239.793623,117.33333333333333,sbp_alt
58735,59.0,0.0,239.0,76.0,106.0,23.27,99.74510736068571,0.0,0.0,0.0,0.0,,1.92,6.53,2.1522580425873086,2.577970767931014,0,0,0.4257127253437054,89.0,1.0,10483.516539,105.33333333333333,sbp_alt
58738,53.0,1.0,221.0,63.0,112.0,32.84,88.04913995269463,0.0,0.0,1.0,0.0,,3.72,10.78,1.3555305374305,1.5865674928426716,0,0,0.23103695541217162,86.0,2.0,24174.291319,113.33333333333333,sbp_alt
58740,55.0,0.0,147.0,45.0,112.0,26.03,100.86324282087661,1.0,1.0,0.0,0.0,,3.08,2.83,4.716427881305325,4.659311812532895,1,1,-0.05711606877243014,77.0,2.0,99945.359619,112.66666666666667,sbp_alt
58741,60.0,0.0,222.0,53.0,120.0,30.26,100.93613039622149,0.0,0.0,0.0,0.0,,12.5,4.72,4.105510481783543,3.5640296676125085,1,1,-0.5414808141710341,84.0,2.0,6614.887669,123.33333333333333,sbp_alt
58743,40.0,1.0,161.0,27.0,119.0,43.01,91.33820877223613,0.0,1.0,0.0,0.0,2.0,21.59,26.85,1.6640270972091926,1.7184435562800628,0,0,0.05441645907087023,83.0,1.0,27130.100002,120.0,sbp_alt
58748,42.0,1.0,165.0,61.0,102.0,23.29,112.66345016444254,0.0,0.0,0.0,0.0,2.0,3.35,3.5,0.3143943039045665,0.31646192228434766,0,0,0.0020676183797811443,77.0,2.0,85035.046516,100.66666666666667,sbp_alt
58749,63.0,0.0,278.0,42.0,148.0,29.24,85.5960342791,0.0,0.0,1.0,0.0,,27.5,14.23,12.020888512508568,11.007823119768236,3,3,-1.013065392740332,84.0,1.0,9131.507529,146.0,sbp_alt
58756,64.0,1.0,193.0,49.0,131.0,35.45,58.004473070671104,0.0,0.0,0.0,0.0,,9.04,2.69,4.5520281780565615,3.8236661641779213,1,1,-0.7283620138786402,75.0,2.0,75906.644182,134.0,sbp_alt
58759,64.0,1.0,152.0,49.0,160.0,28.74,101.84968361057217,1.0,0.0,1.0,1.0,,10.83,73.61,9.280338157770622,12.00270779285736,2,3,2.7223696350867375,75.0,1.0,8499.199919,162.0,sbp_alt
58760,41.0,1.0,144.0,46.0,93.0,32.18,93.46804759601483,0.0,0.0,0.0,0.0,2.0,3.13,2.46,0.386197961574014,0.3725335845686972,0,0,-0.013664377005316808,87.0,2.0,19622.263832,94.0,sbp_alt
58763,44.0,1.0,237.0,44.0,107.0,29.64,113.43803611067987,0.0,0.0,0.0,0.0,2.0,3.43,5.88,0.7181450372863177,0.7781984435220366,0,0,0.060053406235718865,87.0,2.0,18684.981597,109.33333333333333,sbp_alt
58764,67.0,0.0,219.0,46.0,163.0,32.92,93.60969620657262,1.0,0.0,1.0,1.0,,14.82,8.17,17.3481605336244,16.09634750757955,3,3,-1.2518130260448501,77.0,1.0,54784.845182,161.33333333333334,sbp_alt
58765,70.0,0.0,224.0,41.0,141.0,31.66,68.46544195692064,0.0,0.0,0.0,0.0,,4.66,6.6,9.750128703964016,10.222502323696169,2,3,0.47237361973215286,76.0,2.0,33645.553037,139.33333333333334,sbp_alt
58767,59.0,1.0,266.0,58.0,134.0,28.27,99.56562151004796,0.0,0.0,0.0,0.0,,5.15,4.17,2.867937596865321,2.7809714588991854,0,0,-0.08696613796613573,76.0,2.0,94880.080398,135.33333333333334,sbp_alt
58769,32.0,0.0,179.0,37.0,116.0,34.24,80.78213295435144,0.0,0.0,0.0,1.0,,3.38,2.73,0.4066987213312303,0.3938422710414026,0,0,-0.012856450289827681,77.0,1.0,18056.193274,117.33333333333333,sbp_alt
58772,74.0,0.0,185.0,32.0,99.0,23.81,82.94291880849843,0.0,0.0,1.0,0.0,,18.72,18.08,16.18720234008748,16.11606226436106,3,3,-0.07114007572642222,81.0,2.0,33570.062401,98.66666666666667,sbp_alt
58777,55.0,1.0,243.0,58.0,136.0,29.56,86.96071522622101,0.0,0.0,0.0,0.0,,11.47,6.09,2.530937451197578,2.3067669777153537,0,0,-0.22417047348222452,87.0,2.0,13946.154951,136.0,sbp_alt
58779,69.0,1.0,160.0,80.0,150.0,42.17,74.1163921159566,1.0,0.0,1.0,1.0,,5.06,3.73,7.185131832312667,6.885745816860174,2,2,-0.29938601545249277,78.0,1.0,10683.933636,154.0,sbp_alt
58780,37.0,0.0,304.0,37.0,131.0,36.77,93.75942083360421,0.0,1.0,0.0,0.0,,8.11,3.86,3.4195202958208553,3.0679851146688746,1,1,-0.3515351811519807,82.0,2.0,25541.745017,127.33333333333333,sbp_alt
58784,61.0,1.0,234.0,46.0,154.0,35.05,101.65097094626387,0.0,0.0,0.0,0.0,,9.79,4.83,5.061930348026494,4.5758461037144285,2,1,-0.48608424431206565,87.0,1.0,7921.201859,157.33333333333334,sbp_alt
58785,38.0,1.0,187.0,57.0,126.0,34.43,77.66453329654655,0.0,1.0,0.0,0.0,2.0,3.66,3.11,0.8112254952596458,0.7917899220114858,0,0,-0.019435573248160032,76.0,1.0,52320.731799,125.33333333333333,sbp_alt
58791,49.0,1.0,164.0,60.0,101.0,34.33,107.07894537353795,0.0,0.0,0.0,0.0,,5.35,7.1,0.6493408244997819,0.677331040727854,0,0,0.027990216228072073,89.0,2.0,11532.553544,104.66666666666667,sbp_alt
58798,69.0,1.0,219.0,75.0,135.0,25.62,51.03491480134414,1.0,0.0,1.0,0.0,,12.95,5.68,10.751592555651026,9.620757054430463,3,2,-1.130835501220563,78.0,1.0,13070.875072,142.66666666666666,sbp_alt
58800,62.0,1.0,191.0,40.0,122.0,38.69,84.52234248352268,0.0,0.0,0.0,0.0,,15.02,5.56,3.857125217847686,3.340410084691499,1,1,-0.516715133156187,88.0,1.0,6385.326701,122.66666666666667,sbp_alt
58801,71.0,1.0,196.0,54.0,114.0,30.23,82.41876370948471,0.0,0.0,1.0,0.0,,6.67,5.0,6.654375431962383,6.390635185006948,2,2,-0.2637402469554351,79.0,2.0,44645.637846,114.0,sbp_alt
58803,41.0,1.0,182.0,71.0,104.0,25.47,105.89068592955353,0.0,0.0,0.0,0.0,2.0,5.56,4.62,0.2743299681994559,0.26682788364764265,0,0,-0.007502084551813226,87.0,2.0,19622.263832,104.66666666666667,sbp_alt
58806,52.0,0.0,176.0,30.0,130.0,25.54,97.53793048339087,0.0,0.0,0.0,0.0,,8.49,7.26,2.9533745971611776,2.886383908960279,0,0,-0.0669906882008986,86.0,1.0,12332.261331,130.66666666666666,sbp_alt
58809,57.0,0.0,177.0,75.0,109.0,26.49,83.74944079721223,0.0,1.0,0.0,1.0,,3.05,2.75,1.8244505216091902,1.796654889017338,0,0,-0.02779563259185225,84.0,2.0,19517.435829,108.66666666666667,sbp_alt
58812,32.0,1.0,163.0,49.0,104.0,23.95,90.7258736311395,0.0,0.0,0.0,0.0,2.0,8.21,6.51,0.20771631551909958,0.20062031270907538,0,0,-0.0070960028100242045,79.0,1.0,54729.408706,101.33333333333333,sbp_alt
58819,79.0,1.0,234.0,77.0,116.0,32.15,69.64728548678421,0.0,0.0,1.0,1.0,,6.09,2.56,10.52397798059602,9.360291209324469,3,2,-1.1636867712715517,84.0,1.0,12842.615886,118.66666666666667,sbp_alt
58822,61.0,1.0,174.0,50.0,114.0,28.95,104.21941074485083,0.0,0.0,0.0,0.0,,13.57,23.96,2.5676771335989312,2.790063638554292,0,0,0.22238650495536083,75.0,1.0,8780.848777,116.0,sbp_alt
58826,60.0,1.0,292.0,27.0,137.0,24.42,100.7314093198622,0.0,0.0,0.0,0.0,,11.0,9.53,5.615748594833086,5.502689649773432,2,2,-0.11305894505965419,80.0,1.0,55139.141581,141.33333333333334,sbp_alt
58830,46.0,0.0,269.0,27.0,117.0,32.47,110.11861928173762,0.0,0.0,0.0,0.0,,3.68,2.8,2.217225350419905,2.129493364196327,0,0,-0.08773198622357814,80.0,2.0,22500.372169,114.0,sbp_alt
58838,62.0,0.0,278.0,56.0,146.0,29.59,82.13196538678343,0.0,0.0,0.0,0.0,,6.21,4.49,6.867837286936908,6.561138210099347,2,2,-0.30669907683756037,80.0,1.0,49641.833867,146.0,sbp_alt
58839,37.0,1.0,150.0,38.0,114.0,40.87,115.79508216160191,0.0,0.0,0.0,0.0,2.0,3.02,2.52,0.33402704087764945,0.325102259157889,0,0,-0.008924781719760466,88.0,1.0,20293.289262,112.66666666666667,sbp_alt
58840,34.0,1.0,211.0,69.0,110.0,24.36,93.45813356340176,0.0,0.0,0.0,0.0,2.0,7.14,4.61,0.18937326936391308,0.1773569629544103,0,0,-0.01201630640950277,84.0,1.0,18635.311995,109.33333333333333,sbp_alt
58842,60.0,0.0,212.0,42.0,125.0,25.21,94.00249094921764,0.0,1.0,0.0,0.0,,10.0,3.88,6.463336567037764,5.650969072963527,2,2,-0.8123674940742376,83.0,2.0,6675.344268,128.0,sbp_alt
58847,70.0,1.0,155.0,57.0,149.0,24.28,66.98392327594121,0.0,0.0,1.0,1.0,,16.53,10.59,7.711552761227902,7.249076296865791,2,2,-0.4624764643621111,78.0,2.0,41802.286673,149.33333333333334,sbp_alt
58852,48.0,0.0,138.0,79.0,110.0,24.32,99.99483475515086,0.0,0.0,0.0,0.0,,10.48,2.62,0.633475658434173,0.5144396440577454,0,0,-0.11903601437642752,83.0,1.0,96465.970305,110.66666666666667,sbp_alt
58853,35.0,1.0,199.0,62.0,102.0,32.32,101.51675242765624,0.0,0.0,0.0,0.0,2.0,7.88,6.09,0.23351594282441282,0.2246751610289498,0,0,-0.00884078179546302,75.0,2.0,64639.765926,100.0,sbp_alt
58854,44.0,0.0,232.0,73.0,103.0,19.25,97.51327238651655,0.0,1.0,0.0,0.0,,1.47,2.69,1.0347874425132493,1.1325348632015968,0,0,0.09774742068834752,89.0,1.0,15175.607764,102.66666666666667,sbp_alt
58855,37.0,0.0,255.0,53.0,114.0,27.21,117.7930674440931,0.0,0.0,0.0,0.0,,2.54,6.08,0.6217999195516224,0.7087820157973088,0,0,0.08698209624568642,76.0,1.0,33324.854365,116.66666666666667,sbp_alt
58856,40.0,0.0,164.0,43.0,124.0,33.85,112.65351914476398,0.0,1.0,0.0,1.0,,3.8,3.5,1.151154242356752,1.1371085237357275,0,0,-0.01404571862102455,77.0,2.0,87242.435903,122.66666666666667,sbp_alt
58861,45.0,1.0,201.0,62.0,98.0,24.34,91.17150852003137,0.0,0.0,0.0,0.0,,15.43,37.5,0.6335249849590806,0.7232164541830669,0,0,0.0896914692239863,78.0,2.0,88087.54939,100.66666666666667,sbp_alt
58862,31.0,1.0,194.0,56.0,105.0,24.14,107.36901251241888,0.0,0.0,0.0,0.0,2.0,3.59,2.32,0.16291828831666177,0.15259864677170148,0,0,-0.01031964154496029,75.0,1.0,25452.884514,104.66666666666667,sbp_alt
58864,39.0,1.0,164.0,42.0,114.0,33.42,115.65305682254028,0.0,0.0,0.0,0.0,2.0,20.31,6.2,0.5115954279625909,0.42847834998119444,0,0,-0.0831170779813965,88.0,2.0,18108.840553,114.66666666666667,sbp_alt
58867,47.0,0.0,157.0,35.0,94.0,28.71,69.46723857619797,1.0,1.0,1.0,1.0,,9.55,12.75,6.1656566504704715,6.423016027653957,2,2,0.25735937718348545,88.0,1.0,72878.957161,91.33333333333333,sbp_alt
58869,51.0,0.0,142.0,37.0,146.0,25.79,107.97062742757883,0.0,0.0,1.0,1.0,,123.03,117.24,4.04183226796863,4.013693901591841,1,1,-0.02813836637678868,76.0,1.0,11662.920771,150.0,sbp_alt
58870,55.0,0.0,255.0,55.0,104.0,28.32,103.73907741093174,1.0,0.0,0.0,1.0,,13.72,4.79,6.150355906118261,5.294554520821511,2,2,-0.8558013852967497,85.0,1.0,77544.892734,106.0,sbp_alt
58873,41.0,1.0,188.0,47.0,117.0,36.5,120.76592224979055,1.0,0.0,0.0,0.0,2.0,163.81,174.17,2.6206483489512262,2.6442449419291214,0,0,0.02359659297789518,87.0,2.0,17896.144335,119.33333333333333,sbp_alt
58876,64.0,0.0,178.0,57.0,119.0,31.86,80.1816266861224,0.0,0.0,1.0,1.0,,5.78,3.59,4.392482450905374,4.100175568632396,1,1,-0.2923068822729773,77.0,2.0,61916.952446,119.33333333333333,sbp_alt
58877,70.0,0.0,196.0,40.0,133.0,31.29,82.95403843463129,1.0,0.0,1.0,1.0,,7.67,5.89,14.164821956894304,13.686897303191769,3,3,-0.47792465370253545,78.0,2.0,34048.168813,135.33333333333334,sbp_alt
58879,58.0,1.0,192.0,78.0,115.0,41.5,100.53479887065467,0.0,0.0,1.0,0.0,,6.55,5.16,1.6637546865466353,1.6061724707858975,0,0,-0.05758221576073774,75.0,2.0,125317.169771,117.33333333333333,sbp_alt
58884,59.0,1.0,192.0,48.0,132.0,23.18,74.63783768716046,0.0,0.0,1.0,1.0,,5.13,5.49,3.360002562130475,3.3932208992290325,1,1,0.03321833709855726,76.0,2.0,97686.556803,132.0,sbp_alt
58887,60.0,1.0,263.0,50.0,131.0,34.66,63.72948382446315,0.0,0.0,0.0,1.0,,15.31,6.36,4.492792355423299,3.9596761982761857,1,1,-0.5331161571471137,75.0,2.0,74461.687039,129.33333333333334,sbp_alt
58890,32.0,1.0,172.0,62.0,119.0,26.78,118.59615080980583,0.0,0.0,0.0,0.0,2.0,8.14,4.55,0.18538381986128644,0.16990902906479574,0,0,-0.015474790796490695,85.0,2.0,22065.012384,116.66666666666667,sbp_alt
58894,63.0,0.0,182.0,87.0,146.0,24.48,84.56991177163052,0.0,1.0,0.0,0.0,,2.04,2.73,4.256355515080555,4.439300940472369,1,1,0.18294542539181347,89.0,2.0,9365.664257,148.0,sbp_alt
58897,46.0,1.0,237.0,66.0,135.0,27.35,111.59035138595583,0.0,0.0,0.0,0.0,,10.61,3.64,1.0881488496614942,0.9281996260900919,0,0,-0.1599492235714023,85.0,2.0,18820.44423,129.33333333333334,sbp_alt
58898,66.0,1.0,224.0,65.0,147.0,33.33,56.028398178711,0.0,0.0,0.0,0.0,,6.11,12.34,5.291617727102482,5.846104594567052,2,2,0.5544868674645702,77.0,1.0,60851.686967,146.66666666666666,sbp_alt
58905,57.0,1.0,208.0,66.0,123.0,23.32,106.3816537565299,0.0,0.0,0.0,0.0,,24.48,9.2,2.017790653962784,1.746907239823941,0,0,-0.2708834141388432,88.0,2.0,75491.432648,122.66666666666667,sbp_alt
58909,75.0,1.0,196.0,67.0,113.0,30.8,47.68201301537922,0.0,0.0,0.0,0.0,,2.52,4.32,6.389563093888418,6.890959696674245,2,2,0.5013966027858272,78.0,2.0,41004.399554,113.33333333333333,sbp_alt
58916,54.0,0.0,170.0,39.0,113.0,37.97,98.85065537476594,0.0,0.0,1.0,1.0,,7.92,5.48,2.478177184911194,2.3472651406162077,0,0,-0.13091204429498626,86.0,3.0,56484.240674,112.66666666666667,sbp_alt
58922,56.0,0.0,201.0,58.0,104.0,23.04,101.98320154659235,0.0,0.0,0.0,0.0,,8.0,3.53,2.3283406802009066,2.063327205572235,0,0,-0.26501347462867164,77.0,2.0,100716.412783,110.0,sbp_alt
58926,57.0,1.0,246.0,43.0,129.0,29.47,101.88166279936107,0.0,0.0,0.0,0.0,,13.45,5.58,3.172910816720651,2.7912993481930957,1,0,-0.38161146852755534,85.0,2.0,94786.503036,130.0,sbp_alt
58928,35.0,0.0,196.0,46.0,121.0,23.91,116.62777012572678,0.0,0.0,0.0,0.0,,3.09,3.95,0.5407750436521543,0.5610882097293572,0,0,0.020313166077202904,85.0,1.0,26416.635007,122.0,sbp_alt
58933,62.0,1.0,217.0,60.0,115.0,29.48,101.42395986655644,0.0,0.0,0.0,0.0,,5.86,3.94,2.4038746523368046,2.2679580860041626,0,0,-0.13591656633264204,88.0,1.0,6323.300843,116.0,sbp_alt
58935,61.0,1.0,188.0,29.0,103.0,35.06,36.46540678976619,1.0,0.0,1.0,0.0,,2.68,1.6,10.619725156031716,9.906814886605838,3,2,-0.712910269425878,81.0,2.0,21589.08157,106.66666666666667,sbp_alt
58938,52.0,0.0,170.0,47.0,113.0,28.45,108.14625445743651,0.0,0.0,0.0,0.0,,4.43,2.46,1.5333468934328707,1.4048474837510967,0,0,-0.12849940968177398,87.0,1.0,15166.692956,113.33333333333333,sbp_alt
58942,39.0,1.0,232.0,80.0,121.0,24.29,113.54383026470859,0.0,0.0,0.0,0.0,2.0,6.67,4.91,0.3137797427640106,0.2997183379978641,0,0,-0.01406140476614648,86.0,1.0,62158.373253,119.33333333333333,sbp_alt
58944,59.0,0.0,153.0,38.0,146.0,22.36,64.47152518163384,0.0,1.0,0.0,0.0,,4.29,2.89,6.16312165833134,5.827023340528249,2,2,-0.3360983178030912,78.0,2.0,23800.659876,149.33333333333334,sbp_alt
58947,57.0,0.0,186.0,41.0,128.0,30.93,110.94591177850452,1.0,0.0,1.0,0.0,,6.72,4.81,7.3449537011208434,7.008623757946355,2,2,-0.33632994317448883,85.0,1.0,11656.317466,128.66666666666666,sbp_alt
58954,61.0,0.0,137.0,31.0,114.0,43.44,79.84557529498599,0.0,1.0,1.0,1.0,,2.5,16.36,4.5688812173265,5.977892827997665,1,2,1.4090116106711648,76.0,1.0,18527.676335,103.0,sbp_alt
58955,41.0,1.0,175.0,76.0,110.0,20.87,104.17586855243808,0.0,0.0,0.0,0.0,2.0,12.51,6.14,0.26411903646906726,0.23741874052464218,0,0,-0.02670029594442508,86.0,3.0,14200.752219,108.66666666666667,sbp_alt
58959,34.0,1.0,145.0,43.0,117.0,24.36,114.35159546054872,0.0,0.0,0.0,0.0,2.0,7.03,5.05,0.279726251684845,0.2662103946176775,0,0,-0.013515857067167514,79.0,1.0,64527.134074,116.66666666666667,sbp_alt
58960,50.0,0.0,265.0,50.0,159.0,25.97,87.47601069884146,0.0,1.0,0.0,0.0,,12.5,8.71,7.473340719470967,7.104762036078959,2,2,-0.3685786833920073,87.0,1.0,12741.448063,158.66666666666666,sbp_alt
58961,48.0,0.0,140.0,41.0,113.0,32.95,69.68936803504783,0.0,0.0,0.0,0.0,,37.14,3.61,1.5309796257328938,1.0816252981482648,0,0,-0.449354327584629,87.0,2.0,24510.801633,110.66666666666667,sbp_alt
58962,74.0,1.0,231.0,68.0,119.0,27.33,70.8457499107287,0.0,0.0,1.0,0.0,,5.19,2.19,7.726572736979575,6.85218128945654,2,2,-0.8743914475230348,77.0,1.0,21020.708228,120.66666666666667,sbp_alt
58967,72.0,0.0,202.0,47.0,114.0,26.35,61.18074957644862,0.0,0.0,0.0,1.0,,6.7,2.23,8.321282845750991,7.138557066087492,2,2,-1.1827257796634987,76.0,1.0,31722.475671,114.0,sbp_alt
58971,49.0,0.0,154.0,43.0,105.0,33.18,103.31902828697396,1.0,0.0,1.0,1.0,,2.53,3.4,2.5949955739745283,2.7102265651965225,0,0,0.1152309912219942,89.0,1.0,67328.829565,105.33333333333333,sbp_alt
58974,74.0,1.0,259.0,54.0,166.0,41.89,90.69728676056808,0.0,0.0,0.0,0.0,,14.32,19.13,10.542862402636684,10.959982859066539,3,3,0.4171204564298545,86.0,1.0,38425.45991,166.0,sbp_alt
58978,41.0,1.0,130.0,28.0,140.0,39.06,117.51217344003192,1.0,1.0,0.0,0.0,2.0,79.72,28.22,8.025655027350812,6.947601890919586,2,2,-1.078053136431226,80.0,2.0,18409.494551,141.33333333333334,sbp_alt
58979,64.0,1.0,271.0,62.0,118.0,28.78,83.47751447557206,0.0,0.0,0.0,0.0,,4.78,5.25,3.157705980685623,3.201046274044258,1,1,0.043340293358634874,77.0,2.0,68773.599629,118.66666666666667,sbp_alt
58980,54.0,1.0,172.0,61.0,141.0,22.13,108.85682581951033,0.0,0.0,0.0,0.0,,10.87,9.33,1.8715538790404527,1.829895984163153,0,0,-0.04165789487729965,76.0,1.0,11550.549181,142.66666666666666,sbp_alt
58981,44.0,1.0,168.0,29.0,109.0,34.29,111.68729605643915,0.0,0.0,0.0,0.0,2.0,3.55,10.92,0.7190429177044025,0.8500411066583828,0,0,0.1309981889539803,88.0,2.0,15363.496835,110.0,sbp_alt
58986,48.0,0.0,298.0,32.0,107.0,27.29,108.75738136236926,1.0,0.0,0.0,0.0,,6.97,6.04,5.775655688804101,5.659085152687461,2,2,-0.11657053611664026,77.0,2.0,23620.047773,110.0,sbp_alt
58987,60.0,1.0,235.0,74.0,126.0,39.49,95.65926810998974,0.0,0.0,1.0,0.0,,11.0,4.64,2.8724819237328183,2.532207639219287,0,0,-0.34027428451353137,81.0,1.0,6380.844626,128.0,sbp_alt
58989,45.0,1.0,205.0,52.0,109.0,27.69,86.04753873445065,0.0,0.0,0.0,0.0,,5.35,4.7,0.6538368277524716,0.6413259777679468,0,0,-0.012510849984524897,85.0,1.0,66895.80466,112.66666666666667,sbp_alt
58990,43.0,1.0,189.0,58.0,111.0,31.55,80.27743872182762,0.0,0.0,0.0,0.0,2.0,2.4,2.26,0.4202695481007812,0.4165102761878092,0,0,-0.0037592719129719843,84.0,1.0,20765.143267,112.0,sbp_alt
58996,70.0,0.0,215.0,79.0,128.0,20.79,82.95403843463129,1.0,0.0,0.0,0.0,,6.05,9.07,8.709777726522377,9.208385050217366,2,2,0.49860732369498884,80.0,1.0,28480.684717,129.33333333333334,sbp_alt
58999,44.0,1.0,200.0,64.0,103.0,31.88,112.54514197858055,1.0,0.0,0.0,0.0,2.0,5.77,5.14,1.2557889522976653,1.2344471404029098,0,0,-0.02134181189475548,86.0,3.0,58388.657969,100.0,sbp_alt
59000,53.0,0.0,161.0,42.0,133.0,26.91,102.12567548593653,1.0,0.0,0.0,1.0,,5.34,5.97,4.211027305014402,4.279483186064496,1,1,0.06845588105009437,83.0,1.0,15512.315894,132.66666666666666,sbp_alt
59002,54.0,0.0,262.0,44.0,101.0,25.16,101.83554461591875,1.0,0.0,0.0,0.0,,5.13,3.13,5.791534080708853,5.397635838323817,2,2,-0.39389824238503657,88.0,1.0,80686.340356,104.0,sbp_alt
59006,58.0,1.0,220.0,96.0,129.0,27.86,104.83176499428237,0.0,0.0,0.0,0.0,,19.09,6.5,1.5530453795522556,1.3241942954559198,0,0,-0.2288510840963358,80.0,1.0,79719.201422,130.66666666666666,sbp_alt
59009,55.0,0.0,225.0,58.0,168.0,28.48,96.97156395755158,0.0,0.0,1.0,0.0,,19.0,8.52,6.479393407942394,5.783064690051388,2,2,-0.6963287178910056,86.0,2.0,19745.915356,171.33333333333334,sbp_alt
59018,51.0,0.0,224.0,43.0,106.0,29.9,110.15258448594663,1.0,0.0,0.0,1.0,,5.64,5.65,4.193982082522229,4.195057078121985,1,1,0.001074995599755546,77.0,2.0,14269.110522,109.33333333333333,sbp_alt
59024,44.0,1.0,170.0,57.0,121.0,47.85,75.76591014045789,0.0,1.0,0.0,0.0,2.0,1.95,2.73,0.9242393404497354,0.9716582245452142,0,0,0.047418884095478786,83.0,1.0,29559.749743,124.0,sbp_alt
59026,73.0,1.0,219.0,83.0,137.0,24.99,91.26311809274307,0.0,0.0,0.0,0.0,,7.88,4.15,5.89633804150025,5.384349246522922,2,2,-0.5119887949773281,79.0,1.0,41750.739821,137.33333333333334,sbp_alt
59030,52.0,0.0,147.0,27.0,111.0,33.16,103.46260775970478,1.0,0.0,0.0,0.0,,21.44,4.16,4.579118493791577,3.61101119027545,1,1,-0.9681073035161267,76.0,2.0,101172.924903,112.0,sbp_alt
59035,52.0,1.0,222.0,50.0,132.0,29.25,107.50300387611935,0.0,0.0,1.0,0.0,,166.67,2.08,3.567919006325854,1.8799674292141668,1,0,-1.687951577111687,88.0,1.0,10679.045427,130.66666666666666,sbp_alt
59036,38.0,0.0,206.0,36.0,126.0,31.21,113.66133730581124,0.0,0.0,0.0,0.0,,10.99,6.12,1.1624453721875805,1.0651404061452325,0,0,-0.09730496604234795,88.0,1.0,24825.853087,129.33333333333334,sbp_alt
59038,62.0,1.0,171.0,55.0,146.0,30.54,105.47525924105814,0.0,0.0,0.0,0.0,,10.97,6.34,3.833265518709707,3.541112291909528,1,1,-0.29215322680017897,75.0,1.0,8780.848777,144.66666666666666,sbp_alt
59039,74.0,0.0,183.0,49.0,160.0,23.78,69.68145644210134,0.0,0.0,1.0,1.0,,7.14,8.95,12.528506921817494,12.907214386530832,3,3,0.3787074647133384,86.0,1.0,9741.625189,164.0,sbp_alt
59043,31.0,1.0,175.0,46.0,103.0,21.71,116.50518427669196,0.0,1.0,0.0,0.0,2.0,27.4,43.27,0.4884909244090703,0.5229925455522927,0,0,0.03450162114322236,82.0,2.0,30625.012229,104.0,sbp_alt
59049,39.0,1.0,247.0,38.0,118.0,44.98,107.21604348404415,0.0,0.0,0.0,0.0,2.0,4.15,2.99,0.7626634118218368,0.726303508207398,0,0,-0.03635990361443886,80.0,1.0,16169.588736,116.0,sbp_alt
59052,38.0,1.0,196.0,50.0,114.0,27.42,106.13781743931601,0.0,0.0,0.0,0.0,2.0,3.85,5.19,0.37256909579571323,0.3895869644195633,0,0,0.017017868623850074,83.0,1.0,75985.765771,112.66666666666667,sbp_alt
59056,42.0,1.0,221.0,44.0,102.0,33.81,101.87571505668161,0.0,0.0,0.0,0.0,2.0,3.64,3.3,0.610883819807702,0.6020105389161616,0,0,-0.00887328089154038,86.0,3.0,14040.455584,102.0,sbp_alt
59059,58.0,0.0,196.0,53.0,119.0,29.79,97.69475422935989,0.0,0.0,0.0,1.0,,4.67,2.87,2.585673700483546,2.4068119868839233,0,0,-0.17886171359962288,78.0,2.0,105070.747861,119.33333333333333,sbp_alt
59060,40.0,0.0,159.0,53.0,108.0,25.41,75.37599010744154,0.0,0.0,0.0,0.0,,1.63,2.49,0.4327203853621921,0.46117984484575103,0,0,0.028459459483558935,77.0,1.0,68566.199782,108.66666666666667,sbp_alt
59064,77.0,0.0,155.0,31.0,179.0,27.77,91.15045097241463,0.0,1.0,0.0,0.0,,68.67,61.43,24.27752977267157,23.969578656223497,3,3,-0.3079511164480735,79.0,2.0,14301.239911,180.66666666666666,sbp_alt
59072,68.0,0.0,159.0,58.0,126.0,29.94,74.74847435546465,0.0,0.0,0.0,1.0,,3.7,2.73,4.327910717033029,4.141748038824137,1,1,-0.1861626782088921,79.0,1.0,59272.778583,129.33333333333334,sbp_alt
59075,76.0,1.0,194.0,34.0,167.0,23.56,57.01507788354888,0.0,0.0,0.0,0.0,,11.67,2.5,13.739516541404795,11.220706156038677,3,3,-2.518810385366118,76.0,2.0,39412.404158,166.66666666666666,sbp_alt
59078,61.0,0.0,229.0,58.0,153.0,28.21,92.22835623413071,0.0,0.0,0.0,0.0,,7.28,4.56,5.892644030208182,5.512892920134588,2,2,-0.3797511100735944,79.0,2.0,74502.064579,150.0,sbp_alt
59079,42.0,0.0,205.0,62.0,115.0,25.44,105.1374643311218,0.0,0.0,0.0,0.0,,3.27,3.16,0.641632756222613,0.6383469964669302,0,0,-0.0032857597556827933,79.0,1.0,75533.702614,117.33333333333333,sbp_alt
59082,33.0,1.0,180.0,75.0,106.0,25.07,123.50681422712124,0.0,0.0,0.0,0.0,2.0,8.0,3.69,0.11854322222113989,0.10555595812223259,0,0,-0.012987264098907297,79.0,2.0,73247.152332,106.0,sbp_alt
59089,39.0,0.0,198.0,50.0,112.0,33.92,57.14266313085417,0.0,0.0,0.0,0.0,,3.45,5.85,0.6466943286241752,0.6999991451144779,0,0,0.05330481649030272,76.0,2.0,78203.311818,112.66666666666667,sbp_alt
59091,76.0,1.0,199.0,57.0,128.0,29.48,89.88728785731878,0.0,0.0,0.0,0.0,,8.15,3.91,8.263842690643497,7.4655052867943,2,2,-0.7983374038491968,79.0,1.0,11931.943523,128.66666666666666,sbp_alt
59095,68.0,0.0,181.0,38.0,168.0,22.32,94.98799521368966,1.0,1.0,0.0,0.0,,17.12,6.04,20.267676341741534,17.84369005371574,3,3,-2.4239862880257945,88.0,1.0,9660.441095,176.0,sbp_alt
59102,72.0,1.0,162.0,38.0,147.0,25.05,93.14399251451393,1.0,0.0,0.0,1.0,,30.79,18.1,12.806142748338251,11.941671950552319,3,3,-0.8644707977859323,75.0,1.0,12759.573149,147.33333333333334,sbp_alt
59106,72.0,0.0,193.0,59.0,157.0,24.25,72.91188103140776,0.0,0.0,1.0,1.0,,5.26,2.62,10.090128262644159,9.17463697954551,3,2,-0.9154912830986497,87.0,2.0,10026.5297,159.33333333333334,sbp_alt
59109,68.0,0.0,190.0,40.0,149.0,26.97,93.662835034341,1.0,0.0,0.0,0.0,,29.66,8.8,15.219759035006787,13.000109859708381,3,3,-2.2196491752984056,87.0,1.0,8651.550531,152.66666666666666,sbp_alt
59110,51.0,0.0,189.0,27.0,100.0,26.75,109.70090635637733,1.0,1.0,1.0,0.0,,12.92,25.98,9.829550675970893,10.804939131345867,2,3,0.9753884553749739,88.0,1.0,10291.139832,100.66666666666667,sbp_alt
59113,46.0,0.0,253.0,32.0,140.0,29.52,108.52722977268286,0.0,0.0,0.0,0.0,,4.49,5.41,3.0241871680548305,3.107835867148895,1,1,0.08364869909406458,82.0,2.0,25345.948319,141.33333333333334,sbp_alt
59117,56.0,0.0,165.0,60.0,131.0,54.93,92.76784135921042,1.0,0.0,1.0,1.0,,84.67,13.21,6.518540168242546,5.003738956013045,2,2,-1.514801212229501,80.0,1.0,18035.587579,132.0,sbp_alt
59122,63.0,0.0,276.0,29.0,155.0,34.43,71.5119250482668,1.0,0.0,1.0,0.0,,219.39,89.25,27.877175992703844,25.230062246202383,3,3,-2.6471137465014607,81.0,2.0,51690.620582,154.66666666666666,sbp_alt
59124,54.0,0.0,222.0,55.0,113.0,23.25,101.83554461591875,0.0,1.0,0.0,0.0,,7.08,3.87,3.1587246828790487,2.891323770922544,1,0,-0.26740091195650484,86.0,3.0,67492.475976,113.33333333333333,sbp_alt
59125,73.0,0.0,269.0,43.0,177.0,26.98,90.18094673195955,1.0,0.0,0.0,0.0,,57.37,16.93,26.479156941458946,23.049725910550336,3,3,-3.42943103090861,81.0,1.0,12635.930248,178.0,sbp_alt
59128,70.0,0.0,191.0,53.0,111.0,26.72,77.24472248159451,0.0,0.0,1.0,1.0,,9.64,11.51,7.923616852072441,8.121159243281578,2,2,0.1975423912091374,86.0,3.0,9246.720042,112.66666666666667,sbp_alt
59130,43.0,0.0,196.0,78.0,136.0,26.73,99.3367502559088,0.0,0.0,0.0,0.0,,3.73,4.31,0.7980517156997116,0.8155170776275935,0,0,0.01746536192788195,84.0,1.0,17524.4626,138.0,sbp_alt
59133,60.0,0.0,299.0,42.0,130.0,23.62,94.00249094921764,0.0,0.0,0.0,0.0,,25.48,4.34,7.748834817267618,6.041174059347949,2,2,-1.707660757919669,87.0,1.0,8651.550531,131.33333333333334,sbp_alt
59137,35.0,0.0,224.0,49.0,103.0,42.86,100.6570249346469,0.0,0.0,0.0,0.0,,2.41,3.14,0.4911468118632494,0.5110660452271707,0,0,0.019919233363921318,83.0,1.0,33986.464261,106.66666666666667,sbp_alt
59140,58.0,0.0,245.0,79.0,103.0,27.87,99.67296441746652,0.0,0.0,0.0,0.0,,3.88,4.65,2.254421812993527,2.315454740228345,0,0,0.061032927234818235,76.0,1.0,87163.835282,109.33333333333333,sbp_alt
59146,51.0,1.0,237.0,56.0,119.0,32.05,105.00826104510543,0.0,0.0,0.0,0.0,,4.32,4.46,1.1957998894081872,1.2014700176699802,0,0,0.005670128261793028,76.0,1.0,100459.275616,120.66666666666667,sbp_alt
59148,64.0,0.0,165.0,49.0,97.0,26.39,91.69282043338816,0.0,0.0,0.0,1.0,,6.23,8.75,3.988936392549274,4.19008546109754,1,1,0.20114906854826664,85.0,1.0,54228.877032,98.66666666666667,sbp_alt
59152,57.0,0.0,203.0,48.0,141.0,28.12,102.45670058117187,0.0,0.0,0.0,0.0,,7.75,8.33,4.093838894354396,4.136842957749298,1,1,0.04300406339490248,78.0,2.0,14873.069878,141.33333333333334,sbp_alt
59153,35.0,1.0,145.0,60.0,122.0,40.85,87.83589535937396,0.0,0.0,0.0,0.0,2.0,7.8,245.42,0.2509244770874437,0.4203965346769669,0,0,0.16947205758952322,82.0,1.0,25473.286702,122.66666666666667,sbp_alt
59156,40.0,0.0,189.0,47.0,134.0,24.67,87.02976882152447,0.0,0.0,0.0,0.0,,2.48,3.41,0.9786645054362615,1.0263824546113414,0,0,0.04771794917507988,78.0,2.0,24174.776339,134.66666666666666,sbp_alt
59161,33.0,1.0,223.0,55.0,100.0,23.58,119.59550591529838,0.0,0.0,0.0,0.0,2.0,4.11,4.5,0.23597628579568022,0.23920194910680784,0,0,0.0032256633111276134,78.0,2.0,74179.149936,99.33333333333333,sbp_alt
59162,61.0,1.0,198.0,33.0,115.0,32.93,85.04965031547864,0.0,0.0,0.0,0.0,,9.15,4.0,3.376092701982607,2.9935230074721386,1,0,-0.3825696945104684,81.0,1.0,70094.328293,114.0,sbp_alt
59165,43.0,1.0,171.0,58.0,100.0,22.12,101.2440856233302,0.0,0.0,0.0,0.0,2.0,2806.67,3.51,1.0644929468231215,0.3929116744400869,0,0,-0.6715812723830346,89.0,1.0,13949.293547,101.33333333333333,sbp_alt
59171,74.0,1.0,143.0,57.0,125.0,32.03,79.65231819221339,0.0,0.0,1.0,1.0,,5.62,5.03,7.2150555610395655,7.104381683242003,2,2,-0.11067387779756288,75.0,2.0,49310.93014,124.0,sbp_alt
59178,31.0,1.0,167.0,63.0,99.0,30.29,126.15351424229122,0.0,0.0,0.0,0.0,2.0,7.71,8.33,0.12532711031173538,0.1267889341699035,0,0,0.0014618238581681209,85.0,2.0,22183.518983,99.33333333333333,sbp_alt
59179,66.0,0.0,213.0,39.0,130.0,29.62,99.52554849853037,0.0,0.0,0.0,1.0,,15.89,8.74,8.111564954338059,7.463674133546652,2,2,-0.6478908207914067,86.0,2.0,7110.277146,129.33333333333334,sbp_alt
59186,45.0,1.0,201.0,79.0,114.0,23.53,108.62343073362948,0.0,0.0,0.0,0.0,,5.0,61.49,0.3814283960233762,0.5549624942939096,0,0,0.17353409827053345,86.0,1.0,73812.908056,115.33333333333333,sbp_alt
59190,54.0,1.0,221.0,56.0,112.0,,61.726487120608155,0.0,1.0,1.0,0.0,,8.43,9.77,3.1757971474860818,3.244605192361728,1,1,0.06880804487564607,77.0,1.0,22498.50756,112.66666666666667,sbp_alt
59196,65.0,1.0,203.0,65.0,128.0,26.25,98.01275965987278,0.0,0.0,1.0,0.0,,7.91,6.34,4.24387732038534,4.110934681045277,1,1,-0.13294263934006256,78.0,2.0,65917.895564,127.33333333333333,sbp_alt
59200,54.0,0.0,264.0,64.0,115.0,26.49,103.25965192949795,0.0,1.0,0.0,0.0,,4.0,7.52,3.1365474466988856,3.4394689937694105,1,1,0.3029215470705249,88.0,2.0,80686.340356,116.0,sbp_alt
59201,33.0,0.0,184.0,35.0,122.0,,130.06687967448534,0.0,0.0,0.0,0.0,,11.08,34.08,0.6661884189918498,0.7884023632626126,0,0,0.12221394427076282,77.0,2.0,20494.089252,116.0,sbp_alt
59204,72.0,1.0,245.0,51.0,148.0,25.06,95.69507853951238,0.0,0.0,0.0,0.0,,5.83,6.82,7.476563440775585,7.641080478351513,2,2,0.16451703757592728,85.0,2.0,11444.484233,152.0,sbp_alt
59205,69.0,1.0,222.0,85.0,111.0,15.22,94.55487685048607,0.0,0.0,0.0,0.0,,20.59,35.61,3.817619562394764,4.131332190524573,1,1,0.3137126281298084,79.0,2.0,74733.588906,109.33333333333333,sbp_alt
59206,58.0,0.0,209.0,49.0,142.0,38.41,93.96529707625147,1.0,0.0,1.0,0.0,,10.54,4.17,9.546749549175535,8.404185906535817,2,2,-1.1425636426397183,81.0,2.0,103598.034594,139.33333333333334,sbp_alt
59210,53.0,1.0,226.0,65.0,94.0,20.12,92.1815979791674,0.0,0.0,0.0,0.0,,21.7,8.06,1.3608513287210515,1.1750515316582406,0,0,-0.1857997970628109,86.0,1.0,21678.824091,96.0,sbp_alt
59211,63.0,1.0,230.0,47.0,153.0,29.72,97.45662682162178,0.0,0.0,0.0,0.0,,154.84,26.7,8.048036436446527,6.2990388160947575,2,2,-1.7489976203517692,87.0,2.0,15329.331216,154.0,sbp_alt
59213,62.0,0.0,213.0,74.0,142.0,31.72,87.18576735000006,0.0,0.0,0.0,0.0,,5.73,2.64,4.208158093952609,3.7609139879412643,1,1,-0.447244106011345,88.0,1.0,5734.821408,143.33333333333334,sbp_alt
59216,41.0,0.0,178.0,46.0,101.0,26.31,100.58007691145434,0.0,0.0,0.0,0.0,,8.9,3.5,0.811369487096565,0.7054651231019927,0,0,-0.10590436399457226,83.0,1.0,24255.893217,102.0,sbp_alt
59217,73.0,1.0,214.0,50.0,164.0,19.6,85.37581984075626,0.0,0.0,1.0,0.0,,23.64,5.0,12.29517139176663,9.99316058157254,3,2,-2.302010810194089,77.0,2.0,11802.767141,166.0,sbp_alt
59218,31.0,1.0,186.0,43.0,101.0,26.0,125.596877107096,0.0,0.0,0.0,0.0,2.0,7.61,4.85,0.23466769289310885,0.21935609436509002,0,0,-0.015311598528018833,78.0,1.0,19833.340548,101.33333333333333,sbp_alt
59223,71.0,0.0,166.0,51.0,146.0,23.96,90.10692019576665,1.0,0.0,1.0,1.0,,61.58,18.46,15.752257898204846,13.485450743114837,3,3,-2.2668071550900084,81.0,2.0,13399.455117,143.33333333333334,sbp_alt
59224,39.0,0.0,170.0,61.0,106.0,25.21,112.56295143600661,0.0,0.0,0.0,0.0,,4.27,5.94,0.41689070032900427,0.4381046586278283,0,0,0.021213958298824054,79.0,1.0,58721.807158,107.33333333333333,sbp_alt
59226,64.0,0.0,230.0,37.0,145.0,29.25,98.45609819703205,1.0,1.0,0.0,0.0,,59.42,78.22,20.66710333509799,21.35600049104997,3,3,0.6888971559519774,80.0,2.0,22253.348328,145.33333333333334,sbp_alt
59230,67.0,1.0,179.0,68.0,134.0,24.22,88.62187466754497,0.0,0.0,1.0,0.0,,47.78,37.45,6.428255080960348,6.211760914099822,2,2,-0.21649416686052625,76.0,2.0,65138.423846,136.0,sbp_alt
59237,55.0,0.0,173.0,48.0,145.0,37.59,98.23778131144239,0.0,0.0,0.0,0.0,,7.0,26.58,3.3663046061605444,4.086998993439534,1,1,0.7206943872789893,79.0,2.0,98371.365395,144.66666666666666,sbp_alt
59239,78.0,0.0,169.0,43.0,136.0,23.31,57.28603975870531,1.0,0.0,1.0,1.0,,12.09,23.24,18.2441663504618,19.76243183170158,3,3,1.51826548123978,82.0,1.0,35823.460214,138.66666666666666,sbp_alt
59245,40.0,1.0,218.0,33.0,113.0,29.77,113.65461952506065,0.0,0.0,0.0,0.0,2.0,8.1,6.07,0.7548838579946274,0.7231184186774219,0,0,-0.031765439317205546,75.0,1.0,21284.906566,113.33333333333333,sbp_alt
59246,47.0,0.0,149.0,41.0,118.0,26.22,55.21206125659183,0.0,0.0,0.0,0.0,,4.78,6.36,1.3367888315482892,1.3948784113399115,0,0,0.058089579791622326,79.0,2.0,22829.548546,120.0,sbp_alt
59248,50.0,0.0,209.0,62.0,113.0,28.13,71.5225257011306,0.0,0.0,0.0,0.0,,3.23,2.38,1.2293088565521153,1.1745574318747158,0,0,-0.05475142467739946,84.0,1.0,17066.203194,114.0,sbp_alt
59250,66.0,1.0,164.0,40.0,144.0,31.29,52.539095947477556,1.0,0.0,0.0,0.0,,20.97,10.58,12.179465596473543,11.122921103664,3,3,-1.056544492809543,78.0,2.0,19084.542922,147.33333333333334,sbp_alt
59253,37.0,1.0,136.0,46.0,108.0,34.9,115.79508216160191,0.0,0.0,0.0,0.0,2.0,3.5,5.02,0.23844128120980634,0.2516739412808604,0,0,0.013232660071054059,75.0,2.0,40866.112466,106.66666666666667,sbp_alt
59264,35.0,1.0,243.0,54.0,115.0,28.38,117.24440592004692,0.0,1.0,0.0,0.0,2.0,3.93,3.27,0.6614268543776695,0.6435371032470912,0,0,-0.017889751130578224,77.0,2.0,71608.615622,114.66666666666667,sbp_alt
59271,43.0,1.0,209.0,47.0,124.0,32.42,104.5817118619942,0.0,0.0,0.0,0.0,2.0,2.38,2.42,0.7315077429667982,0.7333268912695603,0,0,0.0018191483027620858,81.0,2.0,14787.213711,123.33333333333333,sbp_alt
59273,48.0,1.0,245.0,53.0,124.0,28.97,93.63206839188908,0.0,0.0,0.0,0.0,,18.3,3.96,1.4842619226351352,1.1831549588937023,0,0,-0.301106963741433,76.0,1.0,78547.963093,124.66666666666667,sbp_alt
59274,68.0,1.0,237.0,52.0,137.0,26.56,77.86483468616312,1.0,1.0,0.0,1.0,,7.52,6.41,12.749134210514152,12.4848109470947,3,3,-0.2643232634194508,81.0,1.0,7084.376544,139.33333333333334,sbp_alt
59282,42.0,1.0,245.0,57.0,122.0,32.76,106.99049341456805,0.0,1.0,0.0,0.0,2.0,6.33,3.47,1.277078699037825,1.1681634689448797,0,0,-0.10891523009294524,80.0,1.0,13939.012804,121.33333333333333,sbp_alt
59290,45.0,1.0,184.0,27.0,128.0,29.57,83.67930417000305,0.0,0.0,0.0,0.0,,3.28,4.6,1.357575770800666,1.4272747383070046,0,0,0.06969896750633864,87.0,1.0,21698.029982,128.0,sbp_alt
59293,35.0,0.0,264.0,26.0,131.0,34.25,118.80943620495869,0.0,1.0,0.0,0.0,,3.53,3.42,2.6637576896749087,2.6513908452192276,0,0,-0.012366844455681036,81.0,1.0,30097.596014,130.66666666666666,sbp_alt
59294,43.0,0.0,202.0,52.0,108.0,24.12,104.48561205226885,0.0,0.0,0.0,0.0,,2.71,4.74,0.7329269669238515,0.796977986896962,0,0,0.06405101997311047,76.0,2.0,23449.987728,110.0,sbp_alt
59295,45.0,0.0,283.0,51.0,116.0,26.63,108.4399793910444,0.0,0.0,0.0,0.0,,2.86,2.53,1.4180818339973533,1.392431433281268,0,0,-0.025650400716085375,82.0,2.0,18719.828589,115.33333333333333,sbp_alt
59296,72.0,1.0,169.0,45.0,125.0,26.45,68.84080662378484,0.0,0.0,1.0,1.0,,5.14,2.68,7.488657668498617,6.838880648039997,2,2,-0.64977702045862,81.0,2.0,38557.556002,126.0,sbp_alt
59304,42.0,0.0,188.0,40.0,110.0,44.81,95.22508924861539,1.0,0.0,0.0,0.0,,13.95,1.78,2.4172621894470163,1.7828478650108324,0,0,-0.634414324436184,81.0,2.0,27655.499497,111.33333333333333,sbp_alt
59308,33.0,0.0,194.0,26.0,111.0,29.11,121.71122313429714,0.0,0.0,0.0,0.0,,4.91,2.86,0.5713234082386509,0.5267842353094396,0,0,-0.04453917292921128,77.0,2.0,33324.854365,112.0,sbp_alt
59310,30.0,0.0,224.0,29.0,133.0,22.78,118.63302035564686,0.0,0.0,0.0,1.0,,5.28,3.78,1.008927729851875,0.9597502562649302,0,0,-0.04917747358694491,83.0,2.0,21167.446985,131.33333333333334,sbp_alt
59314,47.0,1.0,180.0,57.0,112.0,38.31,108.8128134010781,0.0,0.0,0.0,0.0,,9.63,6.88,0.673884452819344,0.6409233328124385,0,0,-0.03296112000690543,87.0,1.0,21698.029982,113.33333333333333,sbp_alt
59316,54.0,0.0,157.0,50.0,107.0,18.29,83.39843624355093,0.0,1.0,0.0,0.0,,2.93,2.31,2.3050422956928647,2.225562125227257,0,0,-0.07948017046560762,80.0,2.0,24300.320276,107.33333333333333,sbp_alt
59320,72.0,0.0,201.0,41.0,130.0,28.47,82.94318880349778,0.0,0.0,1.0,0.0,,7.27,6.13,11.769719319603691,11.504879283300376,3,3,-0.26484003630331543,76.0,2.0,34497.820791,132.0,sbp_alt
59324,65.0,0.0,192.0,36.0,114.0,33.99,88.82711070828788,0.0,0.0,0.0,0.0,,6.85,9.14,5.540371672510763,5.772761872031121,2,2,0.2323901995203581,76.0,2.0,59368.56666,112.66666666666667,sbp_alt
59326,66.0,1.0,279.0,71.0,172.0,30.39,93.71518901835319,0.0,0.0,0.0,0.0,,14.52,8.57,6.915531994470231,6.423053048699633,2,2,-0.49247894577059803,85.0,2.0,6337.115735,172.66666666666666,sbp_alt
59327,44.0,1.0,234.0,95.0,106.0,18.64,110.06734800595726,0.0,0.0,0.0,0.0,2.0,5.25,6.34,0.2711882415849565,0.2789565022701491,0,0,0.007768260685192596,79.0,2.0,89003.614046,108.0,sbp_alt
59328,31.0,0.0,220.0,45.0,113.0,25.38,108.37338553925159,0.0,0.0,0.0,0.0,,4.73,9.53,0.41350277213664544,0.4594299555335653,0,0,0.04592718339691987,79.0,1.0,56323.413154,114.0,sbp_alt
59333,72.0,1.0,227.0,49.0,114.0,35.1,93.83731318939333,0.0,0.0,1.0,0.0,,5.52,3.97,7.191657171009572,6.868307739306298,2,2,-0.32334943170327435,77.0,2.0,11802.767141,102.0,sbp_alt
59334,52.0,0.0,153.0,45.0,104.0,32.9,91.65680776065304,0.0,0.0,0.0,0.0,,2.02,2.67,1.3692803611803415,1.4273569926214253,0,0,0.05807663144108388,75.0,2.0,116611.689747,103.33333333333333,sbp_alt
59340,64.0,1.0,170.0,60.0,136.0,34.24,72.35257817155274,0.0,0.0,1.0,1.0,,10.5,6.24,4.292656152358924,3.982915937548102,1,1,-0.3097402148108217,87.0,1.0,7728.857154,134.0,sbp_alt
59342,46.0,1.0,192.0,40.0,106.0,39.1,70.36232082280696,0.0,0.0,0.0,0.0,,2.53,2.15,0.7977514734327641,0.7786464982832375,0,0,-0.019104975149526582,82.0,2.0,22758.235199,105.33333333333333,sbp_alt
59349,63.0,1.0,229.0,58.0,127.0,45.39,67.321642049461,1.0,0.0,1.0,0.0,,8.5,8.75,7.798186347487126,7.829532589334028,2,2,0.0313462418469026,77.0,2.0,67460.906625,130.66666666666666,sbp_alt
59356,32.0,0.0,176.0,43.0,119.0,32.13,122.47054048530603,0.0,0.0,0.0,0.0,,4.83,3.77,0.4150641013221434,0.39988224206800865,0,0,-0.015181859254134733,88.0,2.0,24399.209353,122.66666666666667,sbp_alt
59360,48.0,1.0,185.0,57.0,124.0,20.09,81.01378703394356,0.0,1.0,0.0,0.0,,5.88,7.5,1.6154745966808777,1.6745750739171472,0,0,0.059100477236269544,75.0,1.0,117706.403288,124.66666666666667,sbp_alt
59367,40.0,0.0,186.0,40.0,114.0,39.1,103.76973932002895,0.0,0.0,1.0,0.0,,3.29,5.76,0.8983448719732781,0.976850070813948,0,0,0.07850519884066998,79.0,2.0,75648.543242,116.66666666666667,sbp_alt
59372,40.0,1.0,285.0,97.0,116.0,26.82,80.7236532975235,0.0,0.0,0.0,0.0,2.0,3.91,2.33,0.2715755448897473,0.2513207629237407,0,0,-0.020254781966006552,77.0,1.0,76603.798386,115.33333333333333,sbp_alt
59378,57.0,0.0,214.0,62.0,142.0,27.28,88.8504618294754,0.0,1.0,0.0,0.0,,3.6,6.0,4.67011906600605,5.025801377084956,1,2,0.3556823110789056,84.0,1.0,13983.156639,139.33333333333334,sbp_alt
59379,53.0,0.0,240.0,71.0,122.0,20.93,86.86029175261116,0.0,0.0,0.0,0.0,,4.42,2.87,1.8630623723524213,1.7475053486281367,0,0,-0.11555702372428467,86.0,2.0,81363.220281,122.0,sbp_alt
59384,42.0,0.0,222.0,43.0,110.0,30.06,109.72648860781621,0.0,0.0,0.0,0.0,,3.52,3.05,0.8825814190823771,0.8638487927445033,0,0,-0.01873262633787376,80.0,1.0,69231.012046,110.66666666666667,sbp_alt
59385,43.0,1.0,188.0,58.0,130.0,27.33,89.64982944285553,0.0,0.0,0.0,0.0,2.0,3.57,4.72,0.6712842361014337,0.6998218248374647,0,0,0.02853758873603096,82.0,1.0,24862.576212,132.66666666666666,sbp_alt
59388,61.0,1.0,197.0,48.0,149.0,31.64,109.97752111145955,1.0,0.0,0.0,0.0,,20.0,9.09,8.401409085301578,7.5341315220948895,2,2,-0.8672775632066889,81.0,1.0,7084.376544,154.0,sbp_alt
59390,64.0,0.0,173.0,43.0,120.0,29.51,57.10313687787574,0.0,0.0,0.0,1.0,,3.98,6.07,4.242506732956109,4.5091235751941054,1,1,0.26661684223799664,75.0,2.0,67037.944217,119.33333333333333,sbp_alt
59397,65.0,0.0,150.0,32.0,121.0,37.32,69.18163604517318,0.0,0.0,0.0,1.0,,22.56,12.63,5.74936804247146,5.2926755387852396,2,2,-0.45669250368622016,85.0,2.0,60126.120447,122.66666666666667,sbp_alt
59398,45.0,0.0,226.0,46.0,103.0,28.55,108.06634763368162,0.0,1.0,0.0,0.0,,4.4,5.08,1.9675096861142758,2.009805297181499,0,0,0.04229561106722324,80.0,1.0,14077.146805,102.66666666666667,sbp_alt
59399,55.0,0.0,201.0,59.0,115.0,22.92,70.01516899852547,0.0,0.0,0.0,0.0,,1.95,2.53,1.7672401008857996,1.8368118171399048,0,0,0.06957171625410519,78.0,1.0,17597.093492,115.33333333333333,sbp_alt
59405,62.0,0.0,149.0,29.0,121.0,32.84,96.56636277485984,1.0,0.0,0.0,0.0,,33.26,25.82,9.145781263591283,8.832990278806893,2,2,-0.3127909847843906,79.0,1.0,62687.095274,123.33333333333333,sbp_alt
59406,77.0,1.0,196.0,68.0,158.0,,36.84558816088419,1.0,0.0,1.0,1.0,,52.37,8.2,19.1163020967613,15.17647449035227,3,3,-3.939827606409029,79.0,1.0,16447.481776,154.66666666666666,sbp_alt
59408,48.0,0.0,174.0,31.0,131.0,36.81,81.91122422185927,0.0,1.0,1.0,1.0,,6.61,3.68,3.861062671000746,3.545840829638484,1,1,-0.3152218413622623,78.0,2.0,29998.785485,132.0,sbp_alt
59418,48.0,0.0,202.0,53.0,109.0,26.33,97.50020115873319,0.0,0.0,1.0,0.0,,4.29,3.82,1.4272011076750728,1.4027587879285706,0,0,-0.02444231974650224,76.0,2.0,80126.824664,108.66666666666667,sbp_alt
59420,76.0,0.0,163.0,71.0,124.0,25.8,74.41539162850705,0.0,0.0,1.0,1.0,,9.38,6.85,9.376687759418486,8.981047761423326,2,2,-0.3956399979951595,77.0,2.0,34845.170911,127.33333333333333,sbp_alt
59426,45.0,0.0,222.0,58.0,124.0,25.2,96.90869009772015,0.0,0.0,1.0,0.0,,5.78,8.57,1.5057988469075443,1.5966019051070166,0,0,0.09080305819947232,79.0,1.0,17836.160373,127.33333333333333,sbp_alt
59428,48.0,0.0,266.0,58.0,119.0,25.47,96.29526003049038,0.0,0.0,0.0,0.0,,7.68,3.81,1.7944019332802992,1.6170785011115847,0,0,-0.1773234321687145,79.0,1.0,66642.641207,118.0,sbp_alt
59432,44.0,0.0,256.0,51.0,114.0,26.44,78.03269619358716,0.0,0.0,0.0,0.0,,3.0,2.67,1.155994767568792,1.1360592249107972,0,0,-0.019935542657994798,78.0,2.0,23458.877905,115.33333333333333,sbp_alt
59433,63.0,0.0,199.0,67.0,134.0,24.15,99.07033426950296,0.0,0.0,1.0,0.0,,4.55,3.22,4.813368166224796,4.579723033909665,1,1,-0.2336451323151314,86.0,1.0,59035.504595,136.0,sbp_alt
59437,60.0,0.0,171.0,38.0,129.0,26.19,86.16262077966914,1.0,0.0,0.0,0.0,,5.32,10.29,6.963105023383205,7.6367910414298725,2,2,0.6736860180466673,88.0,2.0,4687.555424,131.33333333333334,sbp_alt
59439,42.0,1.0,206.0,43.0,107.0,24.98,97.19203218623511,0.0,0.0,0.0,0.0,2.0,4.71,4.25,0.6007004807777353,0.5915584911237645,0,0,-0.009141989653970839,82.0,2.0,27433.931898,104.66666666666667,sbp_alt
59440,48.0,0.0,186.0,40.0,106.0,26.51,99.99483475515086,0.0,0.0,0.0,0.0,,5.07,4.01,1.3838134293618214,1.3363018843161552,0,0,-0.04751154504566624,86.0,1.0,78911.724158,106.0,sbp_alt
59441,62.0,0.0,299.0,35.0,115.0,30.04,87.18576735000006,0.0,0.0,0.0,0.0,,6.4,2.98,6.57148944540666,5.897355061922763,2,2,-0.6741343834838966,85.0,2.0,7399.58979,114.0,sbp_alt
59443,30.0,0.0,150.0,33.0,140.0,29.52,89.67161588242378,0.0,0.0,0.0,0.0,,2.17,1.6,0.6042686251657728,0.5772498321899495,0,0,-0.027018792975823325,89.0,2.0,19308.187017,140.0,sbp_alt
59446,43.0,1.0,282.0,47.0,109.0,32.43,87.12453388757395,0.0,0.0,0.0,0.0,2.0,4.5,2.74,0.8539851654430395,0.7931787746787313,0,0,-0.06080639076430816,80.0,2.0,73624.439794,110.66666666666667,sbp_alt
59447,37.0,0.0,229.0,43.0,124.0,30.07,116.02738864576968,0.0,0.0,0.0,0.0,,5.26,3.76,0.9202572980171235,0.8751657782952006,0,0,-0.045091519721922935,81.0,1.0,24660.400133,124.0,sbp_alt
59448,46.0,0.0,190.0,38.0,119.0,23.13,110.53251631112349,0.0,0.0,0.0,0.0,,16.47,2.34,1.6592606853294762,1.2410302832569815,0,0,-0.41823040207249473,75.0,1.0,31289.178968,118.66666666666667,sbp_alt
59461,59.0,0.0,221.0,52.0,119.0,26.75,88.82774088552983,0.0,0.0,0.0,0.0,,4.41,3.69,3.309983787737704,3.2249129294867642,1,1,-0.08507085825093963,86.0,3.0,8139.940051,116.0,sbp_alt
59462,39.0,1.0,152.0,71.0,117.0,28.05,114.7852460631798,0.0,0.0,0.0,0.0,2.0,4.84,5.39,0.21883623091750085,0.22239291366596078,0,0,0.0035566827484599384,85.0,2.0,64256.707482,117.33333333333333,sbp_alt
59463,54.0,1.0,222.0,61.0,140.0,38.4,80.22947559472446,0.0,0.0,0.0,0.0,,4.55,4.44,2.0254105616565874,2.018132941503485,0,0,-0.007277620153102404,75.0,2.0,91073.461981,139.33333333333334,sbp_alt
59464,36.0,1.0,230.0,49.0,112.0,35.07,112.93803135216743,0.0,0.0,0.0,0.0,2.0,5.19,4.59,0.3836986001328621,0.37671331710077255,0,0,-0.006985283032089562,77.0,2.0,24814.811919,110.0,sbp_alt
59468,72.0,1.0,204.0,82.0,135.0,26.06,67.92395210295867,0.0,0.0,0.0,0.0,,21.27,79.13,6.569463479047052,7.88876728106151,2,2,1.319303802014458,76.0,1.0,36689.33505,139.33333333333334,sbp_alt
59469,66.0,0.0,177.0,42.0,106.0,23.29,94.19369712877099,0.0,0.0,0.0,1.0,,4.39,5.24,4.621949129912965,4.741210312953637,1,1,0.11926118304067224,85.0,1.0,53193.80154,109.33333333333333,sbp_alt
59471,52.0,1.0,278.0,64.0,104.0,28.2,107.08254703824886,0.0,1.0,0.0,0.0,,4.18,4.04,1.8023614278403561,1.7933323270831096,0,0,-0.0090291007572465,76.0,1.0,26284.468736,104.66666666666667,sbp_alt
59478,32.0,1.0,212.0,40.0,129.0,59.2,122.72411439869488,0.0,0.0,0.0,0.0,2.0,10.47,4.41,0.5649636983495266,0.4965321913392977,0,0,-0.06843150701022893,83.0,2.0,35207.447574,128.66666666666666,sbp_alt
59480,67.0,1.0,172.0,85.0,148.0,26.83,96.0859498102275,1.0,0.0,1.0,0.0,,7.24,4.55,7.166551238829597,6.716267927084475,2,2,-0.45028331174512193,88.0,2.0,5302.202469,148.66666666666666,sbp_alt
59484,37.0,0.0,237.0,47.0,117.0,33.28,118.72074042814532,0.0,0.0,0.0,0.0,,7.55,3.38,0.7969728470821114,0.7065341444186873,0,0,-0.09043870266342402,87.0,1.0,33958.460784,118.0,sbp_alt
59486,79.0,0.0,167.0,44.0,141.0,23.19,69.0379613650615,0.0,0.0,1.0,0.0,,4.51,3.48,15.753385034230508,15.240725607820778,3,3,-0.51265942640973,82.0,1.0,11046.661885,141.33333333333334,sbp_alt
59493,52.0,1.0,202.0,55.0,123.0,25.26,103.9959585346828,0.0,0.0,0.0,0.0,,8.46,4.49,1.3878183238828874,1.2635070273674935,0,0,-0.12431129651539385,81.0,2.0,14224.31646,125.33333333333333,sbp_alt
59495,79.0,0.0,227.0,73.0,109.0,21.95,90.71464650784597,0.0,0.0,0.0,0.0,,5.1,7.3,11.600582147285063,12.167599920716144,3,3,0.5670177734310808,77.0,1.0,29609.395167,110.0,sbp_alt
59497,46.0,0.0,192.0,41.0,125.0,43.17,107.03047456623212,0.0,0.0,0.0,0.0,,1.8,2.36,1.2916244689086391,1.3448273811501912,0,0,0.05320291224155205,83.0,2.0,77051.220886,125.33333333333333,sbp_alt
59499,67.0,0.0,191.0,67.0,114.0,24.73,63.72441025824611,0.0,0.0,0.0,1.0,,2.34,3.37,3.6374158913193053,3.8354914210104676,1,1,0.19807552969116227,86.0,1.0,55613.441061,114.0,sbp_alt
59501,30.0,1.0,220.0,44.0,97.0,31.63,121.39341747138397,0.0,1.0,0.0,0.0,2.0,7.83,4.74,0.5330040484475222,0.49450935259921286,0,0,-0.03849469584830939,89.0,2.0,17191.429295,97.33333333333333,sbp_alt
59502,69.0,1.0,194.0,75.0,108.0,32.14,91.98287140325584,0.0,0.0,1.0,1.0,,10.0,3.5,4.343932700657083,3.7341978137407894,1,1,-0.6097348869162937,78.0,2.0,7072.217427,108.0,sbp_alt
59508,34.0,1.0,228.0,59.0,103.0,23.75,103.74409263461112,0.0,0.0,0.0,0.0,2.0,4.47,4.04,0.24877721978340797,0.2450375389474177,0,0,-0.0037396808359902722,84.0,1.0,52664.220216,104.0,sbp_alt
59509,67.0,1.0,223.0,65.0,127.0,23.09,85.83070615374714,0.0,0.0,1.0,1.0,,5.22,4.33,4.770883302536161,4.644995093433988,1,1,-0.1258882091021727,82.0,2.0,8266.853321,126.66666666666667,sbp_alt
59510,32.0,1.0,193.0,53.0,118.0,25.69,119.4524751675974,0.0,0.0,0.0,0.0,2.0,50.4,17.84,0.33734304560616024,0.28878396119175076,0,0,-0.04855908441440948,79.0,1.0,54729.408706,117.33333333333333,sbp_alt
59514,41.0,1.0,233.0,50.0,140.0,51.3,93.46804759601483,1.0,0.0,0.0,1.0,2.0,102.55,31.56,5.348477944714313,4.52044219160335,2,1,-0.8280357531109628,81.0,2.0,15109.329324,138.0,sbp_alt
59516,62.0,1.0,151.0,52.0,163.0,32.35,76.33538367974322,1.0,0.0,1.0,1.0,,3.0,7.92,7.630044056767537,8.722701034492909,2,2,1.0926569777253716,86.0,1.0,17208.930385,165.33333333333334,sbp_alt
59521,53.0,0.0,230.0,43.0,133.0,24.19,92.2050404252827,0.0,0.0,0.0,0.0,,2.45,2.7,2.8841891347943576,2.9255720188754077,0,0,0.041382884081050175,81.0,1.0,13280.538343,133.33333333333334,sbp_alt
59522,37.0,0.0,153.0,53.0,92.0,63.91,113.97182093885148,1.0,0.0,1.0,0.0,,2.92,2.14,1.468560402553763,1.4021774988386104,0,0,-0.06638290371515265,75.0,2.0,37644.36001,96.66666666666667,sbp_alt
59530,42.0,1.0,222.0,61.0,105.0,22.62,97.19203218623511,0.0,0.0,0.0,0.0,2.0,4.64,2.84,0.44487306002172033,0.41339717251554503,0,0,-0.031475887506175304,83.0,1.0,73932.132112,106.0,sbp_alt
59531,37.0,1.0,194.0,45.0,95.0,24.19,89.17663540082094,0.0,1.0,0.0,0.0,2.0,9.52,4.52,0.8101617051198093,0.725070058082881,0,0,-0.08509164703692829,81.0,2.0,43181.860913,97.33333333333333,sbp_alt
59533,42.0,1.0,156.0,44.0,128.0,30.4,97.19203218623511,0.0,0.0,0.0,0.0,2.0,5.72,3.19,0.723039924074291,0.6627568809278436,0,0,-0.06028304314644739,78.0,1.0,26935.675201,127.33333333333333,sbp_alt
59534,39.0,1.0,183.0,38.0,121.0,26.98,110.85038106649752,0.0,1.0,0.0,0.0,2.0,4.11,2.15,1.0703852641406022,0.9721347544654922,0,0,-0.09825050967510995,75.0,2.0,19018.998244,118.66666666666667,sbp_alt
59537,58.0,0.0,248.0,36.0,105.0,30.52,83.23019426426951,1.0,0.0,0.0,0.0,,3.0,1.68,6.642769757334866,6.1199663179187915,2,2,-0.5228034394160748,76.0,1.0,87163.835282,104.66666666666667,sbp_alt
59539,42.0,0.0,252.0,54.0,115.0,27.18,85.0255524385543,0.0,1.0,0.0,0.0,,4.42,5.85,1.658935395766538,1.7294210644507644,0,0,0.07048566868422634,82.0,2.0,25225.930312,116.0,sbp_alt
59541,49.0,0.0,244.0,30.0,95.0,34.6,106.90250104855062,1.0,0.0,1.0,0.0,,4.48,4.94,6.691054576758633,6.783796352009195,2,2,0.09274177525056171,85.0,2.0,80281.921306,94.66666666666667,sbp_alt
59542,58.0,0.0,144.0,38.0,130.0,32.46,83.23019426426951,0.0,0.0,0.0,1.0,,2.91,1.84,2.5552693950285907,2.3884585124342244,0,0,-0.16681088259436638,86.0,1.0,20010.297039,131.33333333333334,sbp_alt
59546,49.0,0.0,286.0,52.0,141.0,34.23,110.18297780326571,0.0,0.0,0.0,0.0,,254.44,72.73,5.556702000112183,4.643726373248464,2,1,-0.9129756268637186,76.0,1.0,19305.950807,144.0,sbp_alt
59547,51.0,1.0,221.0,49.0,145.0,19.15,82.8957770560832,0.0,1.0,1.0,0.0,,264.14,18.13,7.669344081366817,5.263476632208336,2,2,-2.405867449158481,80.0,2.0,26284.468736,142.66666666666666,sbp_alt
59556,45.0,0.0,225.0,45.0,106.0,31.19,83.45386204593456,0.0,0.0,1.0,0.0,,8.04,3.9,1.6635084362866024,1.493922684622773,0,0,-0.1695857516638295,77.0,2.0,23760.051347,109.0,sbp_alt
59558,47.0,1.0,212.0,64.0,117.0,21.96,113.70059034885377,0.0,0.0,0.0,0.0,,5.25,3.51,0.672017928188622,0.6328531691003988,0,0,-0.039164759088223255,75.0,2.0,23925.794123,118.66666666666667,sbp_alt
59560,66.0,0.0,239.0,71.0,119.0,24.46,83.00664385952577,0.0,0.0,0.0,0.0,,2.39,3.73,4.363306642601148,4.652555909432063,1,1,0.28924926683091545,79.0,1.0,62920.012242,114.66666666666667,sbp_alt
59561,67.0,0.0,192.0,47.0,116.0,28.04,101.43075268766957,0.0,0.0,0.0,0.0,,6.96,8.42,5.759774494009017,5.917865110098824,2,2,0.15809061608980723,81.0,1.0,7237.546495,116.66666666666667,sbp_alt
59562,45.0,1.0,188.0,55.0,126.0,26.11,108.62343073362948,0.0,0.0,0.0,0.0,,5.54,5.0,0.7692744384584045,0.7576104615727978,0,0,-0.01166397688560672,75.0,1.0,29032.124332,126.66666666666667,sbp_alt
59565,42.0,1.0,181.0,25.0,163.0,34.72,112.24967112652445,0.0,1.0,1.0,1.0,2.0,2.89,2.63,4.668199517121814,4.605620045605637,1,1,-0.0625794715161776,75.0,2.0,23499.838461,163.33333333333334,sbp_alt
59566,55.0,0.0,239.0,85.0,184.0,18.11,103.36001908922017,0.0,0.0,0.0,0.0,,8.24,6.52,4.813725109376516,4.654293146301483,1,1,-0.1594319630750327,86.0,3.0,68871.178599,184.66666666666666,sbp_alt
59567,33.0,1.0,212.0,51.0,118.0,36.86,77.21310564819024,0.0,0.0,0.0,0.0,2.0,1.7,6.29,0.28873869528883955,0.3511820743947138,0,0,0.06244337910587422,88.0,2.0,17856.435749,115.33333333333333,sbp_alt
59570,72.0,1.0,183.0,34.0,126.0,27.57,47.150050429987445,1.0,0.0,1.0,0.0,,47.35,8.78,18.530331641725844,15.010337727657506,3,3,-3.5199939140683387,87.0,2.0,41101.228745,126.66666666666667,sbp_alt
59571,35.0,0.0,242.0,36.0,128.0,29.39,103.12709855848226,0.0,0.0,0.0,0.0,,2.44,2.94,0.9828796590613926,1.0106567306232002,0,0,0.02777707156180753,77.0,2.0,56137.422196,127.33333333333333,sbp_alt
59582,71.0,0.0,148.0,40.0,183.0,35.33,37.24804605747576,1.0,0.0,1.0,1.0,,709.62,254.59,28.90094513342327,25.82673489745606,3,3,-3.074210235967211,75.0,1.0,15281.510397,180.66666666666666,sbp_alt
59586,60.0,1.0,143.0,45.0,130.0,29.97,57.52476157193409,0.0,0.0,0.0,1.0,,5.51,4.75,2.7045235330022352,2.646507379769754,0,0,-0.058016153232481216,75.0,1.0,6782.108201,132.66666666666666,sbp_alt
59588,53.0,1.0,218.0,60.0,132.0,35.51,93.63900534452222,0.0,1.0,0.0,0.0,,12.35,6.32,2.985160354928581,2.707272568711819,0,0,-0.2778877862167617,75.0,1.0,20180.00055,133.33333333333334,sbp_alt
59594,42.0,0.0,276.0,30.0,110.0,27.37,113.74802947808789,0.0,0.0,0.0,0.0,,8.51,6.16,1.6488986171185582,1.5715979727113765,0,0,-0.07730064440718176,83.0,2.0,98380.122663,110.66666666666667,sbp_alt
59598,43.0,0.0,154.0,34.0,119.0,23.78,111.36909023142913,0.0,1.0,0.0,0.0,,3.89,2.65,1.5899952177620844,1.5017975458984263,0,0,-0.08819767186365812,88.0,2.0,16904.448733,117.33333333333333,sbp_alt
59600,52.0,0.0,198.0,35.0,107.0,29.85,88.43145178006125,0.0,0.0,0.0,1.0,,3.64,6.21,1.9934172015715452,2.157266251477463,0,0,0.16384904990591798,76.0,2.0,92447.874289,107.33333333333333,sbp_alt
59603,54.0,1.0,192.0,60.0,102.0,27.08,108.38514429682519,0.0,0.0,0.0,0.0,,14.59,17.84,1.267460245875578,1.3058016839526723,0,0,0.038341438077094336,78.0,2.0,14378.292026,101.33333333333333,sbp_alt
59604,78.0,0.0,193.0,57.0,150.0,26.18,65.82864898206702,0.0,0.0,1.0,1.0,,7.2,13.96,14.612782423746136,15.904973755570174,3,3,1.2921913318240374,84.0,1.0,27648.775659,151.33333333333334,sbp_alt
59605,47.0,0.0,224.0,63.0,122.0,26.32,83.32220929240275,0.0,0.0,0.0,1.0,,4.29,4.16,1.2227232931343677,1.2171237826185342,0,0,-0.005599510515833517,79.0,1.0,82662.426594,122.0,sbp_alt
59606,30.0,1.0,228.0,56.0,111.0,28.12,120.0805335298673,0.0,0.0,0.0,0.0,2.0,11.92,10.53,0.21810964220060924,0.21409602204439104,0,0,-0.0040136201562182006,77.0,2.0,24814.811919,110.66666666666667,sbp_alt
59607,71.0,1.0,177.0,62.0,117.0,34.38,94.07058107064435,1.0,0.0,1.0,1.0,,13.9,11.04,8.826641158255391,8.552270143090348,2,2,-0.2743710151650429,76.0,1.0,36689.33505,118.0,sbp_alt
59608,36.0,1.0,201.0,54.0,113.0,24.64,83.84951614793273,0.0,0.0,0.0,0.0,2.0,4.07,4.71,0.3101540068405122,0.3170072778201079,0,0,0.006853270979595705,88.0,1.0,18108.840553,113.33333333333333,sbp_alt
59610,39.0,1.0,230.0,65.0,119.0,37.98,99.02245416409656,0.0,0.0,0.0,0.0,2.0,5.37,13.75,0.41585200479792717,0.47859048627404627,0,0,0.0627384814761191,84.0,1.0,13232.962282,120.66666666666667,sbp_alt
59612,69.0,0.0,142.0,31.0,131.0,31.62,59.467243663401554,1.0,0.0,1.0,1.0,,11.43,10.13,12.172934070833964,11.97934698117194,3,3,-0.19358708966202443,77.0,2.0,7591.775942,132.0,sbp_alt
59615,70.0,0.0,178.0,70.0,129.0,29.24,93.14949797414734,0.0,0.0,1.0,1.0,,17.06,7.17,7.206428999553474,6.378652224525935,2,2,-0.8277767750275382,80.0,1.0,8695.598223,131.33333333333334,sbp_alt
59616,43.0,0.0,221.0,62.0,118.0,23.96,100.5797495052117,0.0,0.0,0.0,0.0,,2.48,3.27,0.7714258796264541,0.8040568354078185,0,0,0.032630955781364324,76.0,2.0,92531.23983,114.66666666666667,sbp_alt
59622,60.0,1.0,315.0,59.0,140.0,26.65,105.33437748936937,0.0,0.0,0.0,0.0,,57.69,49.58,5.077041192682698,4.968550018436169,2,1,-0.1084911742465291,76.0,1.0,8342.548871,139.33333333333334,sbp_alt
59627,71.0,1.0,208.0,59.0,135.0,39.82,97.9351375071634,1.0,0.0,1.0,0.0,,8.86,2.31,10.520420339392091,8.766370047471796,3,2,-1.7540502919202954,78.0,2.0,15815.078363,136.0,sbp_alt
59631,64.0,0.0,230.0,57.0,136.0,20.77,103.79762220334052,0.0,0.0,0.0,0.0,,4.31,2.13,5.4317833812373735,4.9102968963742075,2,1,-0.521486484863166,79.0,2.0,67282.737786,136.66666666666666,sbp_alt
59637,40.0,1.0,197.0,42.0,110.0,45.66,103.15082010850207,0.0,1.0,1.0,0.0,2.0,5.91,24.55,1.1905650902397187,1.4701692493458718,0,0,0.2796041591061531,80.0,2.0,20085.254705,111.33333333333333,sbp_alt
59638,40.0,0.0,165.0,48.0,105.0,27.22,97.57511057093221,0.0,1.0,0.0,0.0,,30.51,22.47,1.310201385459917,1.2518010052849085,0,0,-0.05840038017500859,75.0,1.0,31944.033487,105.33333333333333,sbp_alt
59640,54.0,0.0,150.0,32.0,137.0,41.79,96.33220950344462,0.0,0.0,1.0,0.0,,5.26,5.19,3.603609618732882,3.5965884875316663,1,1,-0.0070211312012156135,76.0,2.0,21948.739149,138.0,sbp_alt
59642,49.0,0.0,194.0,32.0,118.0,24.17,93.38298460428818,0.0,0.0,0.0,0.0,,2.76,4.96,1.7597058987655592,1.919444993169521,0,0,0.15973909440396183,82.0,2.0,99538.926616,118.66666666666667,sbp_alt
59644,64.0,1.0,164.0,56.0,157.0,32.59,43.498604971157135,1.0,0.0,1.0,1.0,,586.21,65.0,20.124283821249055,15.333163935520744,3,3,-4.79111988572831,75.0,1.0,8780.848777,157.33333333333334,sbp_alt
59651,67.0,1.0,214.0,73.0,138.0,22.65,83.19657984631601,0.0,0.0,0.0,0.0,,23.28,3.69,5.024337344955426,3.8573726667516155,2,1,-1.1669646782038106,78.0,2.0,71331.895741,137.33333333333334,sbp_alt
59665,42.0,1.0,183.0,32.0,106.0,28.93,119.44576418191338,0.0,0.0,0.0,0.0,2.0,5.81,6.48,0.6645298241879798,0.6754332003758456,0,0,0.010903376187865854,86.0,1.0,17387.624199,106.0,sbp_alt
59666,66.0,0.0,145.0,41.0,135.0,27.62,75.68404724654566,1.0,0.0,0.0,0.0,,2.5,1.76,7.892544886795542,7.5157514354567105,2,2,-0.37679345133883135,78.0,1.0,7880.264766,134.66666666666666,sbp_alt
59668,63.0,1.0,158.0,45.0,115.0,29.03,97.45662682162178,0.0,0.0,1.0,1.0,,5.5,6.15,3.229664399214251,3.2824871661993456,1,1,0.05282276698509447,79.0,2.0,79332.173069,116.66666666666667,sbp_alt
59674,61.0,1.0,192.0,43.0,132.0,35.34,67.31309542200452,0.0,0.0,0.0,0.0,,3.6,2.41,3.3827355905968326,3.1912718485449236,1,1,-0.19146374205190897,80.0,2.0,77758.252044,132.0,sbp_alt
59678,51.0,0.0,215.0,56.0,125.0,30.89,92.22862523712321,0.0,0.0,0.0,0.0,,10.65,5.1,2.1376002047448517,1.916970648425237,0,0,-0.22062955631961478,84.0,2.0,13839.65312,126.66666666666667,sbp_alt
59688,39.0,1.0,236.0,37.0,124.0,67.83,90.59663468220573,1.0,0.0,0.0,1.0,2.0,6.33,4.66,3.164987708468336,3.0270619723089895,1,1,-0.13792573615934645,80.0,1.0,13592.020382,124.0,sbp_alt
59689,44.0,0.0,184.0,37.0,130.0,35.93,96.33249047617024,0.0,0.0,1.0,0.0,,4.35,2.67,1.7686282622007665,1.6450248398571274,0,0,-0.12360342234363908,80.0,2.0,78710.236967,131.33333333333334,sbp_alt
59692,65.0,0.0,191.0,40.0,102.0,26.44,57.752019079696694,1.0,0.0,0.0,1.0,,5.31,4.94,8.370853697883792,8.287576472913985,2,2,-0.08327722496980705,77.0,2.0,58285.415253,104.0,sbp_alt
59693,59.0,1.0,197.0,64.0,114.0,30.55,81.15837564683227,0.0,0.0,0.0,1.0,,3.23,9.22,1.5339571566218189,1.7908669430584008,0,0,0.2569097864365819,76.0,2.0,108048.508847,114.0,sbp_alt
59694,42.0,0.0,184.0,26.0,137.0,41.04,110.10156609065221,0.0,1.0,0.0,0.0,,7.35,11.23,3.176628479779865,3.3795176882564997,1,1,0.2028892084766345,87.0,2.0,15714.553251,137.33333333333334,sbp_alt
59710,44.0,0.0,144.0,49.0,109.0,24.23,94.04795859436328,0.0,1.0,0.0,0.0,,4.83,4.43,1.1151675077099192,1.1008638104663018,0,0,-0.014303697243617464,84.0,1.0,67765.448326,110.0,sbp_alt
59712,32.0,0.0,145.0,52.0,122.0,20.58,116.37403734517422,0.0,0.0,0.0,0.0,,2.37,3.69,0.28201396012101576,0.3014541846449067,0,0,0.019440224523890937,86.0,1.0,17976.796601,122.66666666666667,sbp_alt
59713,65.0,1.0,196.0,52.0,150.0,25.7,72.88561202675902,0.0,1.0,0.0,0.0,,7.5,6.58,7.760840575927982,7.6213647217263105,2,2,-0.1394758542016712,83.0,2.0,20038.030035,152.66666666666666,sbp_alt
59715,41.0,0.0,188.0,48.0,103.0,21.0,95.8191680907782,0.0,1.0,0.0,0.0,,268.41,159.13,2.2443050549869974,2.0774793047754456,0,0,-0.16682575021155177,75.0,2.0,26693.065901,104.66666666666667,sbp_alt
59716,41.0,0.0,197.0,63.0,121.0,24.85,63.66372285980919,0.0,0.0,0.0,1.0,,3.11,1.44,0.5997497341207616,0.5342684685661647,0,0,-0.06548126555459688,81.0,2.0,66788.7487,122.66666666666667,sbp_alt
59728,72.0,0.0,185.0,46.0,152.0,30.35,75.4188056113002,0.0,0.0,1.0,1.0,,224.83,146.07,17.65277853407646,16.72596187840038,3,3,-0.9268166556760811,80.0,2.0,15503.272961,148.66666666666666,sbp_alt
59736,52.0,1.0,235.0,74.0,107.0,26.98,83.56010305475766,0.0,0.0,0.0,0.0,,313.95,4.79,1.6097259280706426,0.8656140020617513,0,0,-0.7441119260088913,75.0,2.0,95158.077948,106.0,sbp_alt
59739,76.0,1.0,151.0,67.0,157.0,23.98,73.0156939539016,1.0,0.0,1.0,0.0,,1750.0,760.94,26.61471910929478,24.24520628076209,3,3,-2.369512828532688,88.0,1.0,10681.574979,160.0,sbp_alt
59742,55.0,0.0,166.0,43.0,118.0,44.13,81.95272616847748,0.0,0.0,0.0,0.0,,7.56,6.34,2.4100591958616095,2.348337036944428,0,0,-0.06172215891718169,76.0,2.0,24020.218472,118.66666666666667,sbp_alt
59746,46.0,1.0,210.0,51.0,111.0,28.9,114.91698925348257,0.0,0.0,0.0,0.0,,9.91,8.7,0.7628291145983149,0.7481718392923632,0,0,-0.014657275305951734,86.0,3.0,12009.770903,110.66666666666667,sbp_alt
59748,48.0,1.0,230.0,65.0,118.0,23.11,104.8161303302511,0.0,1.0,0.0,0.0,,13.25,4.24,1.5547562183639507,1.3135224056470927,0,0,-0.24123381271685806,81.0,2.0,83895.254212,120.66666666666667,sbp_alt
59749,52.0,0.0,178.0,60.0,134.0,20.76,107.720159681458,0.0,0.0,0.0,0.0,,3.66,3.76,1.8016307429644147,1.8088463467606106,0,0,0.007215603796195902,81.0,2.0,99844.470859,132.66666666666666,sbp_alt
59751,51.0,0.0,183.0,67.0,123.0,21.72,104.46802416171006,0.0,0.0,0.0,0.0,,5.91,5.0,1.3826878333816728,1.3486775312999002,0,0,-0.03401030208177258,79.0,2.0,12018.327827,127.33333333333333,sbp_alt
59752,46.0,0.0,197.0,55.0,113.0,22.98,98.72054105015717,0.0,0.0,0.0,0.0,,6.18,4.78,1.013951055179393,0.975748980989593,0,0,-0.03820207418980015,77.0,2.0,23760.051347,113.33333333333333,sbp_alt
59753,47.0,0.0,244.0,43.0,113.0,28.38,106.36688562392148,0.0,1.0,0.0,0.0,,4.41,5.36,2.4656704904661413,2.5375188247386,0,0,0.07184833427245874,77.0,1.0,21279.296579,114.0,sbp_alt
59754,50.0,0.0,160.0,41.0,125.0,33.43,104.40070243035957,0.0,0.0,0.0,1.0,,7.5,3.62,1.608081491619457,1.44299411521391,0,0,-0.16508737640554694,78.0,2.0,102124.753156,124.66666666666667,sbp_alt
59758,54.0,1.0,160.0,48.0,118.0,26.56,80.22947559472446,0.0,0.0,0.0,1.0,,7.74,3.58,1.3756326935771872,1.2271186015795312,0,0,-0.14851409199765597,86.0,2.0,87437.275895,116.66666666666667,sbp_alt
59759,32.0,1.0,191.0,38.0,105.0,31.82,90.7258736311395,0.0,0.0,0.0,0.0,2.0,24.39,4.43,0.38197945320356214,0.2959399329259608,0,0,-0.08603952027760131,87.0,2.0,32951.979324,105.33333333333333,sbp_alt
59760,67.0,1.0,288.0,39.0,125.0,40.76,97.92768449891999,1.0,0.0,1.0,0.0,,13.11,3.81,11.545277235949584,9.781632325874103,3,2,-1.763644910075481,77.0,2.0,22843.967725,130.66666666666666,sbp_alt
59767,31.0,0.0,224.0,44.0,108.0,34.13,123.23459497414575,0.0,0.0,0.0,0.0,,11.37,5.97,0.46140478496793164,0.41881106316804706,0,0,-0.042593721799884576,85.0,1.0,16541.846096,108.66666666666667,sbp_alt
59768,64.0,0.0,206.0,68.0,119.0,18.46,97.03325070043974,0.0,1.0,0.0,1.0,,5.49,4.27,4.767505403575341,4.598130641023957,1,1,-0.16937476255138417,77.0,2.0,7064.450206,116.0,sbp_alt
59774,38.0,0.0,236.0,51.0,130.0,36.34,98.7963880495905,0.0,0.0,0.0,0.0,,1.03,1.59,0.806064126124054,0.8602137300734263,0,0,0.054149603949372294,76.0,2.0,78203.311818,128.66666666666666,sbp_alt
59782,71.0,0.0,203.0,78.0,111.0,25.81,96.47827765306923,0.0,0.0,0.0,0.0,,3.01,2.71,5.15632313003611,5.0793366374756275,2,2,-0.07698649256048284,77.0,1.0,32041.288195,111.33333333333333,sbp_alt
59792,77.0,0.0,223.0,44.0,133.0,28.35,57.64342901862076,0.0,0.0,0.0,0.0,,9.72,4.59,14.890305857413479,13.510776709352617,3,3,-1.3795291480608611,75.0,2.0,42635.408342,133.33333333333334,sbp_alt
59794,36.0,0.0,154.0,42.0,116.0,24.88,118.07281770048795,0.0,0.0,0.0,0.0,,6.79,2.39,0.4975851024744822,0.4253095649742792,0,0,-0.07227553750020299,83.0,1.0,81528.772006,114.0,sbp_alt
59795,62.0,1.0,207.0,61.0,138.0,30.55,100.6256310015295,0.0,1.0,1.0,1.0,,13.37,7.07,6.150412544069731,5.62091682402312,2,2,-0.5294957200466106,88.0,2.0,5250.697876,138.66666666666666,sbp_alt
59796,40.0,0.0,186.0,30.0,136.0,44.96,119.97668366317743,0.0,1.0,1.0,0.0,,46.97,28.68,4.0652750434038705,3.7844883731896437,1,1,-0.28078667021422676,80.0,1.0,14077.146805,136.0,sbp_alt
59800,45.0,0.0,251.0,33.0,112.0,27.23,75.24741234946737,0.0,0.0,0.0,0.0,,46.01,6.79,2.361379198750675,1.7793544299290067,0,0,-0.5820247688216682,77.0,1.0,81895.402401,112.0,sbp_alt
59801,65.0,0.0,237.0,32.0,120.0,37.98,89.96227676148709,0.0,0.0,1.0,0.0,,5.31,4.42,8.270503012789232,8.062752317277678,2,2,-0.2077506955115549,79.0,2.0,70059.588852,120.66666666666667,sbp_alt
59802,44.0,0.0,232.0,37.0,128.0,30.42,111.91597231788941,0.0,0.0,0.0,0.0,,3.31,2.68,1.6894699231671926,1.6373232285459194,0,0,-0.05214669462127319,82.0,2.0,95439.731732,126.0,sbp_alt
59803,77.0,1.0,255.0,71.0,124.0,34.65,53.49933542701644,0.0,0.0,1.0,0.0,,7.31,2.62,10.535224267862642,9.169137803502121,3,2,-1.3660864643605208,81.0,2.0,38557.556002,122.0,sbp_alt
59804,37.0,1.0,170.0,59.0,104.0,28.65,115.79508216160191,0.0,0.0,0.0,0.0,2.0,10.67,5.06,0.2538354638166725,0.22700091200684172,0,0,-0.02683455180983077,77.0,1.0,63360.142345,105.33333333333333,sbp_alt
59806,53.0,1.0,170.0,50.0,114.0,33.64,85.47841877311319,0.0,0.0,0.0,0.0,,10.74,18.74,1.3560295554934714,1.4724832615539094,0,0,0.11645370606043803,84.0,2.0,23748.745332,114.0,sbp_alt
59808,62.0,0.0,195.0,68.0,103.0,28.44,76.73704787212746,0.0,0.0,0.0,1.0,,4.11,2.36,2.7586108550625053,2.5425652144601374,0,0,-0.21604564060236786,81.0,2.0,19233.534936,103.33333333333333,sbp_alt
59809,57.0,0.0,253.0,45.0,137.0,24.36,103.22359338357451,0.0,0.0,0.0,0.0,,9.18,2.31,4.990168635789911,4.089991398459186,1,1,-0.9001772373307251,78.0,2.0,14873.069878,138.66666666666666,sbp_alt
59810,52.0,1.0,178.0,83.0,104.0,25.56,75.90745650750783,0.0,0.0,0.0,1.0,,10.82,4.93,0.6250057363453541,0.5558244425955255,0,0,-0.06918129374982851,79.0,1.0,87766.123009,106.66666666666667,sbp_alt
59812,61.0,0.0,159.0,37.0,123.0,20.8,82.6443604213961,0.0,1.0,1.0,1.0,,87.46,52.29,8.635074393721133,8.041631870099899,2,2,-0.5934425236212348,78.0,1.0,5156.301912,123.33333333333333,sbp_alt
59813,43.0,0.0,148.0,24.0,131.0,32.38,108.67884593806437,0.0,1.0,0.0,0.0,,10.79,3.51,2.7217522967192536,2.3070014895930604,0,0,-0.41475080712619317,78.0,2.0,23865.90915,128.66666666666666,sbp_alt
59816,52.0,1.0,273.0,53.0,136.0,31.68,66.19328036039376,1.0,1.0,1.0,0.0,,76.4,126.07,14.540148487886595,15.499576274132057,3,3,0.9594277862454614,80.0,2.0,31805.975379,134.0,sbp_alt
59818,51.0,1.0,182.0,44.0,125.0,30.82,112.94361521750118,1.0,0.0,0.0,0.0,,8.06,7.72,3.4397051926242677,3.4182800090231598,1,1,-0.0214251836011079,75.0,1.0,19216.077316,124.66666666666667,sbp_alt
59826,67.0,1.0,171.0,66.0,121.0,20.5,76.11738382746049,0.0,0.0,0.0,0.0,,33.98,6.72,4.59325745733904,3.6373628212474305,1,1,-0.9558946360916094,76.0,1.0,50601.994384,118.66666666666667,sbp_alt
59827,77.0,1.0,228.0,69.0,151.0,26.58,49.064967104863214,0.0,0.0,1.0,0.0,,4.24,3.21,11.087663801075328,10.682452808917935,3,3,-0.405210992157393,78.0,1.0,12442.515575,154.0,sbp_alt
59833,62.0,1.0,196.0,44.0,140.0,36.45,47.366584595671874,0.0,0.0,1.0,0.0,,6.98,2.92,6.6872859412281525,5.915740276581615,2,2,-0.7715456646465375,75.0,2.0,75381.430287,143.33333333333334,sbp_alt
59836,39.0,1.0,221.0,51.0,110.0,22.48,114.36367430575635,0.0,0.0,0.0,0.0,2.0,3.51,4.66,0.39098487111059343,0.40790869019397,0,0,0.01692381908337659,76.0,2.0,59587.981851,110.66666666666667,sbp_alt
59837,31.0,0.0,182.0,45.0,135.0,31.15,104.44457496632711,0.0,0.0,0.0,0.0,,3.37,2.71,0.5609261307972252,0.5428628373162173,0,0,-0.01806329348100788,79.0,1.0,57993.252772,134.66666666666666,sbp_alt
59838,37.0,1.0,192.0,51.0,106.0,31.72,115.79508216160191,0.0,0.0,0.0,0.0,2.0,8.21,8.47,0.3288041083502592,0.3303415650491459,0,0,0.0015374566988867189,78.0,1.0,18926.031583,106.0,sbp_alt
59844,79.0,1.0,169.0,55.0,159.0,42.14,43.844476565390714,0.0,0.0,1.0,0.0,,4.97,2.05,14.017839172838338,12.490774617481954,3,3,-1.5270645553563842,78.0,2.0,16726.08148,161.33333333333334,sbp_alt
59859,35.0,0.0,148.0,71.0,113.0,22.77,98.29329276925189,0.0,0.0,0.0,0.0,,2.86,4.11,0.21066200119304218,0.2224921587911057,0,0,0.011830157598063523,82.0,2.0,84125.898782,111.33333333333333,sbp_alt
59862,76.0,1.0,234.0,63.0,123.0,25.53,69.00599540034219,0.0,0.0,0.0,1.0,,24.83,6.48,9.518861172551244,7.9180826628885885,2,2,-1.6007785096626552,85.0,1.0,10283.785318,123.33333333333333,sbp_alt
59863,73.0,1.0,286.0,50.0,126.0,29.29,95.89546959412927,1.0,0.0,1.0,0.0,,8.8,17.84,12.051814600220958,13.22232286011732,3,3,1.170508259896362,76.0,2.0,39668.644373,124.66666666666667,sbp_alt
59864,50.0,0.0,264.0,29.0,115.0,24.96,105.1197667153452,0.0,1.0,0.0,0.0,,7.08,3.76,4.414851108907084,4.02868598718226,1,1,-0.3861651217248241,88.0,1.0,18584.577393,115.33333333333333,sbp_alt
59867,39.0,1.0,164.0,62.0,109.0,35.03,110.85038106649752,0.0,0.0,0.0,0.0,2.0,13.48,7.45,0.28246636091315275,0.25846982474692787,0,0,-0.02399653616622488,88.0,2.0,20293.289262,106.66666666666667,sbp_alt
59873,55.0,1.0,188.0,40.0,102.0,44.51,92.4814811616156,1.0,0.0,1.0,0.0,,2.5,2.58,4.100038610730189,4.118671699482713,1,1,0.018633088752523896,89.0,2.0,21316.375215,102.66666666666667,sbp_alt
59876,55.0,1.0,220.0,71.0,120.0,22.21,88.28330392417243,0.0,0.0,1.0,0.0,,3.91,4.17,1.5857013278771332,1.6008543227207641,0,0,0.015152994843630863,77.0,1.0,22498.50756,121.33333333333333,sbp_alt
59878,51.0,0.0,272.0,66.0,126.0,27.5,52.63073853511847,0.0,0.0,0.0,0.0,,1.58,1.85,2.1476225971691756,2.198261575532495,0,0,0.05063897836331943,80.0,1.0,26889.332908,125.33333333333333,sbp_alt
59879,75.0,0.0,219.0,77.0,150.0,19.56,79.44042389737128,0.0,0.0,0.0,0.0,,13.62,27.47,11.625202266117807,12.758621219624771,3,3,1.1334189535069648,78.0,1.0,10540.567732,150.66666666666666,sbp_alt
59880,45.0,1.0,212.0,47.0,106.0,36.91,110.58087548960214,0.0,0.0,0.0,1.0,,4.82,4.06,0.6918671677509001,0.674391240890978,0,0,-0.017475926859922053,84.0,1.0,15725.694504,105.33333333333333,sbp_alt
59882,49.0,1.0,179.0,72.0,98.0,27.32,90.26702900367677,0.0,0.0,1.0,0.0,,3.0,3.14,0.6919302783295913,0.6966511514391287,0,0,0.0047208731095373935,82.0,1.0,31930.036639,99.33333333333333,sbp_alt
59888,65.0,1.0,204.0,67.0,139.0,26.65,94.29984807642703,0.0,0.0,0.0,0.0,,3.7,3.12,3.470671081240203,3.385933702409966,1,1,-0.08473737883023702,82.0,2.0,8266.853321,138.0,sbp_alt
59890,48.0,1.0,234.0,67.0,132.0,25.42,112.02714804531053,0.0,0.0,0.0,0.0,,8.33,5.06,1.0968514522751605,1.0185700469440664,0,0,-0.07828140533109407,80.0,2.0,83446.970885,130.66666666666666,sbp_alt
59893,46.0,0.0,248.0,46.0,112.0,26.75,111.81576362328424,0.0,1.0,0.0,0.0,,4.62,3.79,2.211601957234855,2.14784522256856,0,0,-0.06375673466629506,85.0,1.0,18778.011327,112.66666666666667,sbp_alt
59895,47.0,1.0,217.0,46.0,113.0,28.55,116.34249060493859,0.0,0.0,0.0,0.0,,27.89,8.12,1.129852952497925,0.9405965085724466,0,0,-0.18925644392547847,86.0,2.0,17119.225725,112.0,sbp_alt
59897,37.0,0.0,212.0,84.0,134.0,21.85,112.8108998742384,0.0,1.0,0.0,0.0,,2.16,1.53,0.751055150387203,0.7132177821366122,0,0,-0.03783736825059081,75.0,2.0,17498.238159,133.33333333333334,sbp_alt
59908,71.0,0.0,183.0,56.0,133.0,25.59,63.38347124442428,1.0,1.0,1.0,0.0,,9.7,8.29,16.461189022286348,16.137598663631564,3,3,-0.32359035865478347,84.0,1.0,11112.872016,138.0,sbp_alt
59909,60.0,1.0,230.0,40.0,96.0,45.76,71.28212805834134,0.0,0.0,1.0,0.0,,4.21,2.62,3.582623536370904,3.3446417824637575,1,1,-0.2379817539071465,80.0,2.0,22002.262721,99.0,sbp_alt
59910,67.0,1.0,214.0,44.0,146.0,33.6,73.99814874184378,0.0,0.0,0.0,0.0,,9.17,4.48,6.581558809523036,5.950469375804402,2,2,-0.6310894337186346,86.0,2.0,61835.25213,146.0,sbp_alt
59911,66.0,1.0,261.0,62.0,102.0,27.28,95.99228629391655,0.0,0.0,1.0,1.0,,5.29,4.75,4.488640117693694,4.419849367627864,1,1,-0.0687907500658298,84.0,1.0,56822.323859,102.0,sbp_alt
59914,63.0,0.0,228.0,59.0,139.0,27.21,82.58395380387805,0.0,0.0,0.0,1.0,,5.41,2.97,5.408637125906106,4.963611932357193,2,1,-0.4450251935489131,80.0,1.0,16689.054661,139.33333333333334,sbp_alt
59921,70.0,1.0,154.0,71.0,114.0,30.27,95.37309596788722,0.0,0.0,0.0,1.0,,4.79,29.36,3.1905351381930562,4.147240697348989,1,1,0.956705559155933,89.0,1.0,10457.218908,115.33333333333333,sbp_alt
59922,64.0,1.0,225.0,57.0,121.0,23.84,77.55090599096587,0.0,1.0,0.0,0.0,,7.84,4.19,5.152440887205986,4.711703997131296,2,1,-0.44073689007469063,77.0,1.0,60851.686967,120.0,sbp_alt
59924,68.0,0.0,202.0,79.0,132.0,,76.4440699531734,0.0,0.0,0.0,0.0,,4.28,1.52,5.140701417420837,4.429682414207205,2,1,-0.7110190032136323,84.0,2.0,9387.789425,134.0,sbp_alt
59931,78.0,1.0,161.0,57.0,128.0,31.6,75.3702452525864,0.0,0.0,1.0,0.0,,36.54,25.75,14.562474792105158,13.92089273208371,3,3,-0.6415820600214488,77.0,1.0,34245.404778,130.0,sbp_alt
59935,55.0,0.0,192.0,56.0,122.0,51.85,83.82948137836954,0.0,0.0,1.0,0.0,,3.5,4.72,2.584932042165712,2.7011131611697627,0,0,0.1161811190040507,82.0,1.0,20607.556278,124.0,sbp_alt
59937,49.0,0.0,254.0,46.0,125.0,30.88,73.39855996331181,0.0,1.0,0.0,0.0,,3.77,2.53,3.4676365977842813,3.271576927677587,1,1,-0.19605967010669456,79.0,1.0,75533.702614,126.0,sbp_alt
59938,50.0,0.0,211.0,52.0,122.0,28.69,110.38529518653382,0.0,0.0,1.0,0.0,,4.94,3.89,2.1080732163372016,2.0348815982000676,0,0,-0.07319161813713393,87.0,1.0,14984.141601,124.0,sbp_alt
59943,73.0,1.0,161.0,69.0,140.0,26.86,66.6136575399139,1.0,0.0,1.0,0.0,,43.33,7.41,14.151403518910868,11.225728170814405,3,3,-2.9256753480964637,77.0,1.0,34708.180518,142.66666666666666,sbp_alt
59945,48.0,0.0,228.0,40.0,125.0,23.95,111.76690853237123,1.0,1.0,0.0,0.0,,10.5,9.06,7.632052516664895,7.476501246838384,2,2,-0.15555126982651046,86.0,1.0,19992.772305,123.33333333333333,sbp_alt
59953,42.0,0.0,198.0,41.0,111.0,35.53,86.90109311039585,0.0,0.0,0.0,0.0,,3.25,2.81,0.8360594215371782,0.8180424675830986,0,0,-0.01801695395407954,79.0,1.0,21301.379538,112.0,sbp_alt
59956,54.0,0.0,199.0,27.0,107.0,26.36,102.53694126719333,0.0,1.0,0.0,0.0,,3.13,3.33,3.727236200181247,3.760944366112,1,1,0.03370816593075299,79.0,2.0,82713.518143,105.33333333333333,sbp_alt
59957,43.0,0.0,226.0,36.0,129.0,26.7,104.48561205226885,0.0,0.0,0.0,0.0,,3.33,4.81,1.6102746331618407,1.7006573095374315,0,0,0.09038267637559083,87.0,2.0,21040.278969,128.0,sbp_alt
59958,33.0,0.0,172.0,47.0,113.0,19.49,121.71122313429714,0.0,1.0,0.0,0.0,,5.52,4.67,0.644452130153187,0.6284836385912259,0,0,-0.015968491561961118,78.0,2.0,33239.730849,113.33333333333333,sbp_alt
59964,42.0,0.0,192.0,60.0,135.0,27.15,113.74802947808789,0.0,0.0,0.0,0.0,,11.3,5.76,1.1313270828831552,1.0229882149555865,0,0,-0.10833886792756875,86.0,2.0,19102.531525,138.0,sbp_alt
59966,58.0,0.0,188.0,62.0,108.0,27.34,90.48880112613836,0.0,1.0,1.0,0.0,,5.0,3.4,3.9020986367754036,3.6894843381230373,1,1,-0.21261429865236625,81.0,1.0,9691.241194,110.66666666666667,sbp_alt
59968,72.0,1.0,294.0,54.0,126.0,23.12,50.61468635181956,0.0,0.0,0.0,0.0,,4.05,2.05,7.048954262208516,6.407937529328033,2,2,-0.641016732880483,76.0,1.0,36689.33505,126.0,sbp_alt
59969,30.0,1.0,175.0,33.0,112.0,25.29,113.38845690259502,0.0,0.0,0.0,0.0,2.0,6.85,3.7,0.2743306735387246,0.2501633721642692,0,0,-0.024167301374455386,75.0,1.0,31623.241623,111.33333333333333,sbp_alt
59972,55.0,0.0,188.0,42.0,126.0,24.83,80.15158975107062,1.0,0.0,1.0,0.0,,5.0,2.34,6.4175861285487885,5.762437445478807,2,2,-0.6551486830699815,80.0,2.0,25770.395449,125.33333333333333,sbp_alt
59976,31.0,1.0,172.0,55.0,93.0,32.38,121.09239684443466,0.0,1.0,0.0,0.0,2.0,22.05,12.8,0.3771207822331574,0.3476565004252721,0,0,-0.02946428180788535,86.0,3.0,14155.8285,94.66666666666667,sbp_alt
59977,44.0,0.0,182.0,61.0,138.0,30.72,111.08450006594455,0.0,0.0,0.0,1.0,,8.73,5.07,1.1007592306044307,1.014916840652638,0,0,-0.08584238995179261,75.0,2.0,108829.922217,134.66666666666666,sbp_alt
59979,49.0,0.0,177.0,35.0,117.0,27.44,98.12093035908951,0.0,0.0,0.0,0.0,,12.84,6.71,1.9119960788570787,1.736611062207498,0,0,-0.17538501664958073,85.0,2.0,20443.550612,116.66666666666667,sbp_alt
59980,50.0,0.0,290.0,63.0,112.0,29.43,105.86068189464811,0.0,0.0,0.0,0.0,,11.8,23.37,1.996953780266079,2.2092340831167174,0,0,0.21228030285063837,86.0,1.0,19873.306414,112.66666666666667,sbp_alt
59984,48.0,1.0,233.0,46.0,118.0,21.58,78.85824893408427,0.0,0.0,0.0,0.0,,6.22,9.47,1.2639502672729837,1.3451748107196932,0,0,0.0812245434467096,83.0,2.0,21270.615657,121.33333333333333,sbp_alt
59985,67.0,0.0,161.0,62.0,155.0,29.14,82.49200266759671,1.0,0.0,1.0,0.0,,4.56,2.24,10.312444083191982,9.36107391927121,3,2,-0.9513701639207728,84.0,1.0,8634.150642,150.66666666666666,sbp_alt
59989,68.0,1.0,310.0,35.0,144.0,,66.9481299558428,1.0,0.0,1.0,0.0,,131.34,19.78,20.553062741371107,16.297222379454194,3,3,-4.255840361916913,75.0,2.0,75906.644182,144.0,sbp_alt
59990,38.0,1.0,211.0,38.0,123.0,39.72,124.88883440513004,0.0,0.0,0.0,0.0,2.0,3.45,3.85,0.624994491964464,0.6353063050432939,0,0,0.01031181307882989,83.0,2.0,25710.607951,123.33333333333333,sbp_alt
59992,56.0,0.0,199.0,40.0,136.0,37.14,86.25866343385943,1.0,0.0,1.0,1.0,,827.4,204.07,15.596173728102901,13.01117626932707,3,3,-2.584997458775831,81.0,1.0,13666.884857,136.66666666666666,sbp_alt
59999,75.0,1.0,199.0,50.0,122.0,23.25,93.17457597324052,0.0,0.0,1.0,1.0,,4.66,3.08,8.56541253499592,8.09093919048418,2,2,-0.4744733445117397,75.0,2.0,24029.402386,120.0,sbp_alt
60000,42.0,1.0,155.0,59.0,111.0,31.31,95.71757264247408,0.0,0.0,0.0,0.0,2.0,4.66,3.52,0.34180759837643465,0.32775673422676777,0,0,-0.014050864149666886,77.0,1.0,76603.798386,112.66666666666667,sbp_alt
60002,42.0,0.0,258.0,49.0,108.0,22.15,82.34765100930741,0.0,1.0,0.0,0.0,,3.59,2.94,1.6768256086538322,1.6278143738279973,0,0,-0.049011234825834915,84.0,2.0,22314.411887,107.33333333333333,sbp_alt
60004,62.0,1.0,271.0,45.0,113.0,28.85,96.07580141895353,0.0,0.0,0.0,0.0,,9.35,5.45,3.398161481065631,3.1419799773483854,1,1,-0.25618150371724546,78.0,2.0,23694.972574,112.66666666666667,sbp_alt
60018,35.0,1.0,151.0,57.0,134.0,20.69,113.64261556869333,0.0,1.0,0.0,0.0,2.0,4.23,5.06,0.6231084988694537,0.639986628369786,0,0,0.016878129500332295,83.0,2.0,35207.447574,136.0,sbp_alt
60023,34.0,1.0,135.0,62.0,101.0,22.42,89.60436030069577,0.0,1.0,0.0,0.0,2.0,2.84,3.24,0.25073366614207654,0.25573010766410054,0,0,0.004996441522023998,76.0,2.0,16637.651093,102.66666666666667,sbp_alt
60030,71.0,1.0,221.0,85.0,131.0,29.08,69.27028237450679,0.0,0.0,1.0,0.0,,3.85,4.38,5.53727366055581,5.639426091747695,2,2,0.1021524311918851,80.0,1.0,32939.969593,132.66666666666666,sbp_alt
60033,53.0,0.0,181.0,38.0,126.0,24.51,105.03750482912729,0.0,1.0,0.0,0.0,,3.71,3.87,3.522384308848928,3.5441160208997267,1,1,0.021731712050798713,88.0,2.0,7885.120366,126.66666666666667,sbp_alt
60034,56.0,0.0,197.0,43.0,142.0,27.27,106.34208664924064,0.0,0.0,0.0,0.0,,4.58,2.67,3.7581943126122566,3.4743147821903886,1,1,-0.283879530421868,75.0,1.0,19364.17167,144.66666666666666,sbp_alt
60036,65.0,0.0,184.0,62.0,115.0,28.02,75.31856980947936,0.0,0.0,0.0,0.0,,3.51,5.0,3.804295653822535,4.0047246298320704,1,1,0.20042897600953546,85.0,2.0,59197.620739,115.33333333333333,sbp_alt
60039,72.0,0.0,226.0,38.0,136.0,25.26,68.33150522599864,0.0,0.0,0.0,0.0,,6.6,3.69,11.35642954605441,10.502084195946098,3,3,-0.8543453501083107,76.0,1.0,31722.475671,134.0,sbp_alt
60042,41.0,0.0,209.0,37.0,115.0,23.58,107.17479258271909,0.0,1.0,0.0,0.0,,4.46,3.02,1.652798304360368,1.5597705537952202,0,0,-0.09302775056514778,81.0,2.0,16640.26685,118.0,sbp_alt
60043,38.0,0.0,187.0,62.0,122.0,25.02,91.09206220600294,0.0,0.0,0.0,0.0,,2.68,3.15,0.4896601790454028,0.5016944705205044,0,0,0.0120342914751016,86.0,1.0,27703.632907,122.0,sbp_alt
60044,64.0,1.0,211.0,68.0,146.0,36.31,62.16363053385288,0.0,0.0,1.0,0.0,,2.57,2.92,4.294563482987573,4.3740369545156685,1,1,0.07947347152809581,78.0,1.0,13070.875072,144.66666666666666,sbp_alt
60045,46.0,0.0,222.0,54.0,126.0,27.0,107.39633627835279,0.0,1.0,0.0,0.0,,10.59,5.18,2.5472905957594203,2.2925276857478227,0,0,-0.25476291001159757,87.0,1.0,24211.80189,126.0,sbp_alt
60046,34.0,1.0,240.0,59.0,119.0,28.57,96.200122257178,0.0,0.0,0.0,0.0,2.0,5.47,3.94,0.35052034197679965,0.33373010821301125,0,0,-0.01679023376378841,88.0,1.0,21283.182024,117.33333333333333,sbp_alt
60047,41.0,0.0,193.0,30.0,115.0,37.58,111.56031676866206,1.0,0.0,1.0,0.0,,3.21,4.44,3.0358729581138117,3.1834334535138242,1,1,0.14756049540001248,76.0,1.0,65879.008324,114.0,sbp_alt
60049,49.0,0.0,274.0,43.0,133.0,24.51,105.05202498526823,0.0,1.0,0.0,0.0,,6.9,3.73,4.813460077313596,4.405300292112629,1,1,-0.40815978520096685,77.0,2.0,22949.926788,132.0,sbp_alt
60057,61.0,1.0,157.0,51.0,108.0,39.37,62.58998331345209,0.0,0.0,1.0,0.0,,13.11,10.84,3.3201024626660187,3.2296938732130682,1,1,-0.0904085894529505,82.0,1.0,22952.970528,108.66666666666667,sbp_alt
60058,56.0,0.0,244.0,46.0,134.0,27.3,70.27170424370331,0.0,0.0,1.0,0.0,,10.0,7.01,5.320213014100219,5.056381382547547,2,2,-0.2638316315526712,81.0,2.0,101884.043891,139.33333333333334,sbp_alt
60060,51.0,0.0,229.0,48.0,125.0,25.05,104.10807784232722,0.0,0.0,0.0,0.0,,3.53,2.57,2.1458783251113385,2.0475115413595315,0,0,-0.09836678375180696,78.0,2.0,14961.227317,125.33333333333333,sbp_alt
60062,53.0,1.0,248.0,85.0,105.0,36.04,85.47841877311319,1.0,0.0,1.0,1.0,,27.96,10.82,3.0675104875339634,2.670930555419177,1,0,-0.39657993211478626,80.0,1.0,33312.890502,110.0,sbp_alt
60063,71.0,0.0,243.0,44.0,99.0,27.59,97.67504711539588,1.0,0.0,0.0,0.0,,5.35,8.23,12.96777748773452,13.719640764405876,3,3,0.7518632766713562,76.0,1.0,9805.000357,98.66666666666667,sbp_alt
60066,37.0,0.0,209.0,39.0,104.0,27.07,108.45823598683084,0.0,0.0,0.0,0.0,,4.89,3.48,0.6944249645116158,0.6598847681623982,0,0,-0.03454019634921768,87.0,2.0,71223.780444,101.0,sbp_alt
60069,49.0,1.0,273.0,60.0,144.0,28.28,111.3325797274296,0.0,0.0,0.0,0.0,,7.73,8.33,1.9408756837643373,1.9623495942948546,0,0,0.02147391053051728,77.0,2.0,21052.826838,142.66666666666666,sbp_alt
60072,74.0,1.0,184.0,59.0,122.0,34.12,80.89525959362015,0.0,0.0,0.0,1.0,,20.68,6.9,7.323781872893331,6.281036859437596,2,2,-1.0427450134557352,84.0,2.0,37142.518016,121.33333333333333,sbp_alt
60073,51.0,1.0,214.0,43.0,114.0,21.49,94.81101742508345,0.0,0.0,0.0,0.0,,10.74,4.67,1.4779113024040371,1.3064904078171107,0,0,-0.17142089458692644,84.0,1.0,77338.006191,116.66666666666667,sbp_alt
60086,67.0,0.0,204.0,41.0,119.0,24.48,96.63614526296638,0.0,0.0,0.0,0.0,,5.16,2.52,6.279991017690119,5.672372180545428,2,2,-0.6076188371446909,88.0,2.0,6974.064996,120.66666666666667,sbp_alt
60091,69.0,1.0,176.0,50.0,142.0,46.01,73.08341618628255,0.0,0.0,1.0,0.0,,2.74,3.1,6.472013776308438,6.585097484538643,2,2,0.11308370823020475,77.0,2.0,6950.891576,139.33333333333334,sbp_alt
60095,69.0,0.0,142.0,46.0,115.0,31.03,92.4525343303333,1.0,1.0,1.0,1.0,,6.39,6.0,10.441789802953007,10.35319440971543,3,3,-0.08859539323757737,76.0,1.0,55292.275546,116.66666666666667,sbp_alt
60098,42.0,0.0,298.0,44.0,123.0,29.82,71.66136450772787,0.0,0.0,0.0,0.0,,5.12,4.86,1.8322552647956567,1.8181533399327137,0,0,-0.014101924862943038,88.0,1.0,23423.703168,120.0,sbp_alt
60101,63.0,1.0,194.0,41.0,118.0,30.9,106.36405064032323,1.0,0.0,0.0,0.0,,20.68,24.81,6.725419435332323,6.8989309133997025,2,2,0.17351147806737988,78.0,2.0,7072.217427,116.0,sbp_alt
60102,46.0,1.0,186.0,65.0,99.0,22.01,111.15390845330381,0.0,0.0,0.0,0.0,,5.78,5.12,0.4989259231763677,0.4899706490140837,0,0,-0.008955274162283977,81.0,1.0,19502.935565,100.66666666666667,sbp_alt
60104,74.0,1.0,216.0,55.0,133.0,36.22,80.89525959362015,1.0,0.0,1.0,0.0,,137.93,5.58,17.906428966343693,11.87601536852582,3,3,-6.030413597817873,87.0,1.0,14030.454612,130.66666666666666,sbp_alt
60105,58.0,1.0,210.0,54.0,114.0,40.23,87.98619592553051,1.0,0.0,1.0,1.0,,7.73,1.23,4.943964418004676,3.7970449959528603,1,1,-1.1469194220518153,84.0,2.0,23515.651999,117.33333333333333,sbp_alt
60106,44.0,1.0,209.0,52.0,109.0,47.96,90.39940001702745,0.0,0.0,0.0,0.0,2.0,25.75,3.71,0.7681041196771254,0.5753735272598027,0,0,-0.1927305924173227,88.0,1.0,16785.174371,108.0,sbp_alt
60108,61.0,1.0,232.0,60.0,110.0,27.14,96.6751875819617,0.0,0.0,0.0,0.0,,8.04,2.04,2.270194509390951,1.8556034603072034,0,0,-0.41459104908374744,85.0,2.0,67032.592835,110.0,sbp_alt
60109,49.0,0.0,203.0,51.0,118.0,24.92,105.41112377352103,0.0,0.0,0.0,0.0,,7.64,5.4,1.5724705010477513,1.4933944629387341,0,0,-0.0790760381090172,86.0,2.0,19102.531525,118.0,sbp_alt
60110,44.0,1.0,241.0,55.0,98.0,35.67,73.89517633162427,0.0,0.0,0.0,0.0,2.0,3.33,2.41,0.6668580414273159,0.6354618307713781,0,0,-0.031396210655937784,76.0,1.0,62130.73418,99.33333333333333,sbp_alt
60112,48.0,1.0,203.0,67.0,114.0,44.27,104.8161303302511,0.0,0.0,0.0,0.0,,4.81,3.78,0.6315098709752166,0.6092097819929616,0,0,-0.022300088982254995,77.0,1.0,77465.544561,114.66666666666667,sbp_alt
60116,69.0,1.0,155.0,77.0,140.0,29.48,94.21787672165551,1.0,0.0,1.0,0.0,,9.72,6.11,8.302951972764884,7.787510116889758,2,2,-0.5154418558751264,81.0,1.0,7084.376544,144.66666666666666,sbp_alt
60122,37.0,1.0,187.0,44.0,103.0,35.95,116.22193042949988,0.0,1.0,0.0,1.0,2.0,4.27,3.76,0.6129664682187258,0.6014428171086813,0,0,-0.011523651110044497,76.0,2.0,54009.255077,102.66666666666667,sbp_alt
60124,54.0,0.0,214.0,54.0,150.0,26.79,61.29997046015957,1.0,0.0,0.0,0.0,,957.69,930.85,14.239164330959895,14.186825960806999,3,3,-0.052338370152895664,87.0,2.0,20527.025155,149.33333333333334,sbp_alt
60125,72.0,0.0,166.0,29.0,130.0,26.68,66.92019874930271,0.0,0.0,1.0,1.0,,2.41,3.68,9.61125879255315,10.1810737000681,2,3,0.5698149075149512,81.0,2.0,33337.784141,128.66666666666666,sbp_alt
60131,75.0,1.0,281.0,57.0,117.0,31.16,76.78969652121293,1.0,0.0,0.0,1.0,,10.34,4.67,11.176027735804483,10.045209862913607,3,3,-1.1308178728908764,88.0,1.0,10343.744487,118.66666666666667,sbp_alt
60133,39.0,1.0,161.0,48.0,97.0,33.28,107.21604348404415,0.0,0.0,0.0,0.0,2.0,170.19,4.73,0.5864396204377228,0.3433079297377947,0,0,-0.24313169069992807,78.0,1.0,26743.869183,96.0,sbp_alt
60135,69.0,0.0,180.0,54.0,123.0,30.56,96.1649205031554,1.0,0.0,0.0,1.0,,9.43,6.38,8.533215817851364,8.083821195607744,2,2,-0.44939462224362003,85.0,1.0,6649.123831,125.33333333333333,sbp_alt
60138,66.0,0.0,138.0,25.0,126.0,31.7,81.05739616261003,1.0,0.0,1.0,1.0,,7.34,3.23,9.9950729334083,8.933941353471567,2,2,-1.061131579936733,80.0,1.0,52501.374891,124.66666666666667,sbp_alt
60142,49.0,1.0,211.0,53.0,106.0,29.59,106.32257392199661,0.0,0.0,1.0,1.0,,6.02,5.58,1.1185684545222876,1.1060359724150883,0,0,-0.012532482107199261,83.0,2.0,20891.930664,106.0,sbp_alt
60144,57.0,0.0,224.0,37.0,119.0,28.25,69.83601967739236,0.0,1.0,0.0,0.0,,3.56,7.69,4.953247615140669,5.530359805550001,1,2,0.5771121904093315,79.0,2.0,102596.475739,118.66666666666667,sbp_alt
60145,67.0,1.0,163.0,86.0,126.0,25.15,98.31856350757893,0.0,0.0,1.0,1.0,,3.64,3.16,2.802243734464462,2.7449977700460204,0,0,-0.05724596441844154,75.0,2.0,74461.687039,130.66666666666666,sbp_alt
60146,70.0,1.0,206.0,49.0,122.0,33.93,88.41552731451887,0.0,0.0,0.0,1.0,,16.82,11.52,6.103139652600336,5.785538347509866,2,2,-0.31760130509047,80.0,1.0,32939.969593,126.66666666666667,sbp_alt
60148,49.0,0.0,179.0,43.0,116.0,30.99,105.77557528209418,1.0,0.0,0.0,0.0,,22.29,15.21,3.8574610521966446,3.6490324254045454,1,1,-0.20842862679209917,85.0,2.0,20708.126413,115.33333333333333,sbp_alt
60151,71.0,0.0,239.0,32.0,145.0,39.44,70.23380372359522,1.0,0.0,1.0,0.0,,12.7,9.42,20.455419934496724,19.731107195690353,3,3,-0.7243127388063719,81.0,2.0,27570.101749,147.33333333333334,sbp_alt
60152,42.0,0.0,174.0,44.0,107.0,25.95,106.51030886870623,0.0,0.0,0.0,1.0,,5.45,2.81,0.6847393866916666,0.6199621320775933,0,0,-0.06477725461407324,78.0,2.0,94172.422984,106.66666666666667,sbp_alt
60154,74.0,1.0,260.0,81.0,124.0,19.79,100.88781284106555,0.0,1.0,0.0,0.0,,12.6,7.71,8.308870518296992,7.764102513012559,2,2,-0.5447680052844328,83.0,1.0,48322.345424,124.0,sbp_alt
60156,47.0,1.0,167.0,69.0,121.0,22.2,110.89849120736291,0.0,0.0,0.0,0.0,,9.08,6.47,0.6064102079674291,0.5765035842823236,0,0,-0.029906623685105438,85.0,1.0,16911.675887,122.66666666666667,sbp_alt
60158,59.0,1.0,175.0,62.0,124.0,28.55,106.95995976246047,0.0,0.0,0.0,0.0,,6.0,4.29,1.8996524032177873,1.8080386313704357,0,0,-0.09161377184735153,83.0,1.0,15318.38871,125.33333333333333,sbp_alt
60159,69.0,0.0,223.0,64.0,136.0,32.08,91.23472370695357,0.0,0.0,0.0,1.0,,7.24,9.21,7.268162627688277,7.516945156668545,2,2,0.24878252898026787,76.0,1.0,55292.275546,144.0,sbp_alt
60160,63.0,1.0,205.0,44.0,149.0,33.43,63.30281553983809,0.0,0.0,1.0,1.0,,4.19,2.02,5.772836977113803,5.205112641762585,2,2,-0.567724335351218,81.0,2.0,63755.08114,151.33333333333334,sbp_alt
60161,38.0,1.0,182.0,50.0,104.0,28.29,117.75103814504187,0.0,0.0,0.0,0.0,2.0,11.15,10.93,0.3631120115110195,0.3620312559805085,0,0,-0.0010807555305110128,82.0,1.0,18281.683005,106.0,sbp_alt
60162,45.0,1.0,160.0,62.0,106.0,21.34,77.24344327801293,0.0,0.0,0.0,0.0,,3.52,2.61,0.4292169882576131,0.4104475132749362,0,0,-0.018769474982676893,78.0,1.0,16056.799743,104.0,sbp_alt
60163,73.0,1.0,167.0,47.0,124.0,34.13,53.05688254329038,1.0,0.0,1.0,1.0,,5.12,2.67,11.42838485267314,10.47569907274294,3,3,-0.9526857799302011,82.0,2.0,19249.520038,126.0,sbp_alt
60164,30.0,1.0,205.0,77.0,101.0,21.42,122.78374049905484,0.0,0.0,0.0,0.0,2.0,3.82,2.27,0.09114021715538201,0.08429594327567255,0,0,-0.006844273879709456,78.0,2.0,25247.94746,99.33333333333333,sbp_alt
60166,63.0,1.0,185.0,67.0,113.0,17.91,92.34972245409921,0.0,0.0,1.0,0.0,,41.3,4.3,3.8141100075197976,2.745981425835247,1,0,-1.0681285816845505,85.0,2.0,67032.592835,114.66666666666667,sbp_alt
60167,42.0,0.0,270.0,40.0,136.0,24.8,105.1374643311218,0.0,0.0,0.0,0.0,,6.21,2.61,2.2269522062547065,1.9590803851730323,0,0,-0.2678718210816742,87.0,1.0,23386.274409,137.33333333333334,sbp_alt
60170,65.0,0.0,215.0,80.0,131.0,24.42,95.1017058169569,0.0,0.0,0.0,0.0,,5.43,4.49,4.279083152619408,4.163041306082052,1,1,-0.11604184653735583,77.0,1.0,54784.845182,132.66666666666666,sbp_alt
60173,67.0,0.0,213.0,39.0,121.0,26.12,81.51287263820598,0.0,0.0,0.0,0.0,,3.48,4.16,6.435481127152735,6.59968725433461,2,2,0.16420612718187488,75.0,1.0,9590.4584,122.0,sbp_alt
60176,58.0,1.0,187.0,44.0,110.0,31.88,103.56536832129218,0.0,0.0,0.0,0.0,,7.62,4.5,1.968133207560103,1.8212332976931191,0,0,-0.14689990986698387,88.0,2.0,9637.428563,110.0,sbp_alt
60181,59.0,0.0,141.0,52.0,138.0,39.14,58.398561239434876,0.0,0.0,1.0,0.0,,102.55,175.45,6.117470620512587,6.600108266535336,2,2,0.4826376460227486,86.0,2.0,18761.435679,139.33333333333334,sbp_alt
60183,65.0,0.0,182.0,57.0,145.0,37.38,98.96725367677509,1.0,0.0,0.0,1.0,,10.5,9.36,8.50244986113811,8.36840277978653,2,2,-0.1340470813515804,77.0,1.0,55847.965781,148.0,sbp_alt
60184,60.0,1.0,250.0,69.0,97.0,22.28,92.56525157392575,0.0,0.0,0.0,0.0,,4.26,2.95,1.8663238279096306,1.7679284156869615,0,0,-0.09839541222266912,85.0,2.0,67032.592835,96.66666666666667,sbp_alt
60192,59.0,1.0,256.0,91.0,111.0,29.02,96.25605565505104,0.0,1.0,0.0,0.0,,8.53,8.26,2.1125267233256246,2.1025646576212944,0,0,-0.009962065704330225,81.0,2.0,107298.217979,112.0,sbp_alt
60194,55.0,0.0,195.0,53.0,132.0,25.78,102.25760869372719,0.0,0.0,0.0,0.0,,3.67,2.07,2.567654870589793,2.35997023892148,0,0,-0.20768463166831275,82.0,2.0,24566.27985,132.66666666666666,sbp_alt
60198,61.0,1.0,253.0,45.0,155.0,38.81,99.02420707990402,1.0,0.0,0.0,0.0,,92.79,25.0,13.160792382043072,11.06916963152762,3,3,-2.0916227505154517,75.0,1.0,8780.848777,152.66666666666666,sbp_alt
60214,32.0,0.0,213.0,55.0,106.0,24.52,89.51287076736732,0.0,0.0,0.0,0.0,,3.1,2.41,0.32647904068334654,0.3143376225339799,0,0,-0.012141418149366645,83.0,1.0,33986.464261,106.0,sbp_alt
60216,35.0,1.0,225.0,68.0,115.0,35.93,118.5662669751566,0.0,0.0,0.0,0.0,2.0,5.32,4.97,0.23494768191173965,0.23256515879764164,0,0,-0.0023825231140980063,84.0,1.0,25966.025398,114.66666666666667,sbp_alt
60217,32.0,0.0,167.0,47.0,140.0,57.94,124.48669167977377,0.0,0.0,0.0,0.0,,3.43,4.79,0.5902297171627112,0.6205700503031953,0,0,0.03034033314048412,79.0,1.0,69862.627307,138.0,sbp_alt
60218,70.0,1.0,216.0,58.0,135.0,41.07,55.2595656529818,0.0,0.0,0.0,1.0,,11.49,2.8,6.831367831580805,5.599671313957925,2,2,-1.23169651762288,81.0,2.0,31381.159247,136.0,sbp_alt
60219,57.0,0.0,215.0,74.0,174.0,19.42,103.22359338357451,0.0,1.0,1.0,0.0,,16.25,5.25,8.285334856637085,7.077710534691187,2,2,-1.2076243219458984,79.0,2.0,102596.475739,174.66666666666666,sbp_alt
60223,63.0,1.0,212.0,74.0,119.0,31.29,97.45662682162178,0.0,0.0,0.0,1.0,,8.7,7.22,2.3182825009453873,2.25573049865362,0,0,-0.06255200229176738,77.0,1.0,20605.918934,118.0,sbp_alt
60226,59.0,0.0,141.0,59.0,139.0,18.21,105.24360610037972,0.0,0.0,0.0,0.0,,20.36,4.83,3.595300918658603,2.91367505518865,1,0,-0.6816258634699528,78.0,2.0,23918.32307,140.66666666666666,sbp_alt
60229,50.0,0.0,266.0,43.0,124.0,31.85,98.75874260563498,1.0,0.0,0.0,0.0,,67.39,33.55,7.923452189079075,7.188321405070924,2,2,-0.7351307840081516,75.0,1.0,18114.448606,126.0,sbp_alt
60231,62.0,1.0,319.0,25.0,105.0,33.66,87.16360101675303,0.0,0.0,1.0,0.0,,21.05,17.57,6.825964697521834,6.655436731039089,2,2,-0.17052796648274526,89.0,2.0,58063.664648,105.33333333333333,sbp_alt
60235,41.0,1.0,186.0,69.0,93.0,19.87,104.17586855243808,0.0,0.0,0.0,0.0,2.0,3.83,4.48,0.2887444982809884,0.29559972798804496,0,0,0.006855229707056543,79.0,2.0,69500.810327,91.33333333333333,sbp_alt
60236,42.0,1.0,208.0,61.0,101.0,31.09,100.26927513693546,0.0,0.0,0.0,0.0,2.0,7.26,6.07,0.448156587275753,0.43632464768192647,0,0,-0.011831939593826557,78.0,2.0,36343.314607,102.0,sbp_alt
60241,64.0,1.0,262.0,58.0,145.0,29.97,68.63450104921823,0.0,0.0,1.0,0.0,,5.6,5.92,5.691644008536103,5.736588486794979,2,2,0.04494447825887615,80.0,1.0,15361.086222,144.0,sbp_alt
60252,39.0,0.0,205.0,32.0,113.0,29.44,112.17511390970725,0.0,0.0,0.0,0.0,,3.69,4.4,0.8461544392164004,0.8687435958260181,0,0,0.02258915660961769,86.0,2.0,26792.411843,112.0,sbp_alt
60254,31.0,1.0,177.0,78.0,111.0,21.16,100.95952188413142,0.0,0.0,0.0,0.0,2.0,4.2,4.59,0.08736495245076058,0.08853629739627643,0,0,0.0011713449455158509,85.0,1.0,28322.731949,109.33333333333333,sbp_alt
60255,41.0,1.0,249.0,92.0,114.0,30.76,112.14025139426158,0.0,1.0,0.0,0.0,2.0,4.91,6.1,0.45214760263254933,0.4670505977121068,0,0,0.014902995079557446,82.0,2.0,18646.910739,114.66666666666667,sbp_alt
60256,45.0,0.0,169.0,50.0,133.0,29.14,85.29473350163626,0.0,0.0,1.0,0.0,,4.92,8.34,1.541188570982701,1.666909025696484,0,0,0.12572045471378313,77.0,2.0,27932.217099,134.0,sbp_alt
60269,62.0,0.0,174.0,49.0,142.0,35.19,100.8311084819863,1.0,0.0,0.0,0.0,,22.26,6.02,9.483316434823378,7.918494930182521,2,2,-1.5648215046408565,76.0,2.0,21723.44348,140.66666666666666,sbp_alt
60270,75.0,0.0,196.0,34.0,138.0,26.76,58.364910359929645,1.0,0.0,1.0,0.0,,26.9,13.92,22.289917700491834,20.614285841540763,3,3,-1.6756318589510713,87.0,2.0,34860.620863,139.33333333333334,sbp_alt
60273,39.0,0.0,219.0,33.0,122.0,37.52,98.18385044368304,0.0,0.0,0.0,0.0,,5.1,2.63,1.1640825987776353,1.0544677706431749,0,0,-0.10961482813446044,83.0,1.0,25258.869167,122.66666666666667,sbp_alt
60291,35.0,0.0,292.0,72.0,138.0,25.63,111.24966124485447,0.0,0.0,0.0,0.0,,4.63,2.7,0.8975487999815918,0.8279317428779507,0,0,-0.06961705710364108,81.0,2.0,33730.850082,138.0,sbp_alt
60296,47.0,1.0,181.0,61.0,125.0,32.54,107.28067567720989,0.0,0.0,1.0,1.0,,118.28,35.27,1.3720763610891558,1.1467780934355314,0,0,-0.22529826765362437,83.0,1.0,88626.466787,125.33333333333333,sbp_alt
60297,39.0,1.0,185.0,44.0,101.0,29.93,115.21494444901332,0.0,0.0,0.0,0.0,2.0,2.71,2.26,0.3771784712042937,0.36707281555330407,0,0,-0.010105655650989642,87.0,2.0,22023.850176,100.66666666666667,sbp_alt
60299,59.0,1.0,237.0,92.0,116.0,43.44,107.97575902636123,0.0,0.0,0.0,0.0,,17.92,6.57,1.50618582403187,1.2983007282199128,0,0,-0.20788509581195713,86.0,2.0,23985.061787,112.66666666666667,sbp_alt
60301,61.0,0.0,185.0,49.0,115.0,31.49,82.6443604213961,0.0,0.0,0.0,1.0,,4.58,3.64,3.081694846204214,2.979758491229671,1,0,-0.1019363549745429,76.0,1.0,55975.240157,114.66666666666667,sbp_alt
60305,43.0,1.0,159.0,75.0,110.0,22.48,111.55372316553999,0.0,0.0,0.0,0.0,2.0,6.41,5.76,0.26838755923409324,0.26412527240315925,0,0,-0.004262286830933992,86.0,1.0,17901.936127,114.0,sbp_alt
60306,50.0,0.0,167.0,48.0,101.0,25.88,104.75757480612519,0.0,0.0,0.0,0.0,,3.4,3.52,1.3166768028390616,1.3234998349320846,0,0,0.006823032093022929,85.0,1.0,79256.481474,102.0,sbp_alt
60315,41.0,1.0,219.0,67.0,126.0,44.05,105.89068592955353,1.0,0.0,0.0,0.0,2.0,4.93,4.68,1.5263443573147997,1.5146462146371409,0,0,-0.011698142677658785,87.0,2.0,76826.282354,125.33333333333333,sbp_alt
60320,31.0,0.0,167.0,47.0,110.0,25.15,119.56553254499951,0.0,0.0,0.0,0.0,,2.42,1.91,0.2402789296824494,0.23186302250568658,0,0,-0.008415907176762827,85.0,1.0,62514.071126,109.33333333333333,sbp_alt
60321,38.0,1.0,169.0,34.0,118.0,36.02,113.45680996255834,0.0,0.0,0.0,0.0,2.0,65.0,2.86,0.7715423799053319,0.4841374370737625,0,0,-0.2874049428315694,79.0,2.0,112955.253604,118.0,sbp_alt
60323,57.0,0.0,224.0,35.0,119.0,31.2,97.02340908349413,0.0,0.0,0.0,1.0,,5.97,2.68,3.9597050285908733,3.524520072201787,1,1,-0.43518495638908616,88.0,1.0,11723.777579,120.66666666666667,sbp_alt
60328,39.0,1.0,190.0,53.0,113.0,44.66,121.69529171007626,1.0,0.0,0.0,0.0,2.0,4.88,7.74,1.1250723352976568,1.2047662972179451,0,0,0.07969396192028833,87.0,1.0,25936.820943,113.33333333333333,sbp_alt
60330,61.0,1.0,193.0,53.0,122.0,26.05,90.52145496390595,0.0,0.0,0.0,0.0,,4.52,1.03,2.5293679538550644,2.036016607227079,0,0,-0.4933513466279855,82.0,2.0,8266.853321,127.33333333333333,sbp_alt
60334,40.0,0.0,184.0,43.0,121.0,31.78,87.98877158972857,0.0,0.0,0.0,0.0,,5.35,4.41,0.8636677623026123,0.8390402151202964,0,0,-0.024627547182315968,83.0,1.0,96465.970305,122.0,sbp_alt
60335,36.0,1.0,146.0,56.0,98.0,22.76,100.88734856260477,0.0,0.0,0.0,0.0,2.0,13.23,6.23,0.23986403123003067,0.21427718345450425,0,0,-0.025586847775526417,76.0,2.0,64508.601789,98.0,sbp_alt
60344,53.0,1.0,216.0,53.0,116.0,35.96,110.51814774912278,0.0,0.0,1.0,1.0,,7.49,3.88,1.737218351922678,1.5764567937728229,0,0,-0.16076155814985515,86.0,2.0,12067.640013,118.0,sbp_alt
60347,45.0,0.0,190.0,51.0,106.0,29.17,114.81796009527541,0.0,0.0,1.0,0.0,,5.27,5.89,1.1589401229686678,1.1783386283950874,0,0,0.019398505426419632,76.0,1.0,79337.055328,108.66666666666667,sbp_alt
60348,49.0,1.0,231.0,56.0,101.0,31.45,95.99769873789384,1.0,0.0,0.0,0.0,,4.45,6.36,2.228411804167028,2.3482601431856724,0,0,0.11984833901864445,86.0,2.0,16925.98566,101.33333333333333,sbp_alt
60359,57.0,1.0,183.0,74.0,163.0,30.12,79.85945855974425,0.0,0.0,1.0,1.0,,8.4,10.65,2.9674613674906145,3.071786175250299,0,1,0.10432480775968456,84.0,1.0,22527.449241,162.66666666666666,sbp_alt
60360,53.0,0.0,256.0,63.0,120.0,23.04,61.682401348520386,0.0,1.0,1.0,0.0,,4.39,2.95,4.020414029278665,3.7950629908596816,1,1,-0.22535103841898385,75.0,2.0,17971.39667,120.0,sbp_alt
60361,74.0,1.0,279.0,44.0,140.0,27.04,25.887389106078707,0.0,0.0,1.0,0.0,,2974.14,1884.0,28.15430732524902,26.788897953359456,3,3,-1.365409371889566,84.0,2.0,37401.305445,140.0,sbp_alt
60368,44.0,0.0,268.0,43.0,115.0,22.56,113.66311223449333,0.0,1.0,0.0,1.0,,6.26,4.43,2.912245940093566,2.768185109404419,0,0,-0.14406083068914688,88.0,2.0,17058.978632,121.33333333333333,sbp_alt
60373,40.0,0.0,206.0,32.0,111.0,29.52,111.47962820346706,0.0,1.0,0.0,0.0,,7.82,12.59,1.659059439150405,1.7805584064513515,0,0,0.12149896730094656,87.0,2.0,16098.694746,112.0,sbp_alt
60374,75.0,1.0,169.0,44.0,122.0,24.84,60.1921207066717,1.0,0.0,0.0,1.0,,2.97,2.48,9.185743401753102,8.962428357397595,2,2,-0.2233150443555072,77.0,2.0,38703.606665,124.0,sbp_alt
60377,60.0,0.0,206.0,45.0,120.0,30.01,72.85871239639745,0.0,0.0,0.0,0.0,,3.33,6.67,3.6186230160917727,4.002808964947643,1,1,0.3841859488558699,87.0,2.0,10255.228054,121.33333333333333,sbp_alt
60379,66.0,1.0,191.0,38.0,112.0,24.83,99.33347957826669,0.0,0.0,0.0,0.0,,3.57,5.05,3.622694835751049,3.8089345795230436,1,1,0.1862397437719947,86.0,1.0,22635.586307,115.33333333333333,sbp_alt
60387,50.0,1.0,222.0,63.0,122.0,21.64,108.84854165469638,0.0,0.0,0.0,0.0,,27.29,5.29,1.28530536169043,1.0075295185275235,0,0,-0.2777758431629065,75.0,1.0,14287.411057,122.0,sbp_alt
60388,51.0,1.0,175.0,67.0,117.0,29.49,107.3359056454872,0.0,0.0,0.0,0.0,,12.23,7.55,0.8912925908013286,0.8295514795159127,0,0,-0.06174111128541593,77.0,2.0,14495.000318,117.33333333333333,sbp_alt
60397,45.0,1.0,212.0,74.0,108.0,26.95,122.15921834728276,0.0,0.0,1.0,0.0,,9.34,6.47,0.5586664273900757,0.5288675280839117,0,0,-0.029798899306163973,77.0,2.0,21478.807878,107.33333333333333,sbp_alt
60406,37.0,1.0,156.0,48.0,119.0,38.12,101.82639155524788,0.0,0.0,1.0,0.0,2.0,4.19,2.8,0.43017980667293737,0.40502331917140616,0,0,-0.02515648750153121,76.0,2.0,67454.60469,120.66666666666667,sbp_alt
60414,45.0,1.0,194.0,68.0,150.0,24.48,93.94824112962354,0.0,1.0,0.0,0.0,,4.17,3.08,1.7841431574767423,1.7061631665418167,0,0,-0.07797999093492569,80.0,2.0,37651.728634,148.0,sbp_alt
60421,75.0,1.0,226.0,77.0,144.0,27.62,71.40164619939033,0.0,0.0,1.0,0.0,,7.04,4.22,9.082769153141479,8.467966074146837,2,2,-0.6148030789946421,80.0,2.0,24615.557009,147.33333333333334,sbp_alt
60431,33.0,1.0,159.0,62.0,107.0,24.07,125.15659794391749,0.0,0.0,0.0,0.0,2.0,7.41,6.13,0.14194158669915993,0.13796320500431639,0,0,-0.003978381694843547,88.0,1.0,18108.840553,106.0,sbp_alt
60440,45.0,1.0,196.0,81.0,119.0,20.01,75.29616149758705,0.0,0.0,0.0,0.0,,4.18,3.84,0.42559061978674956,0.4202272357852242,0,0,-0.005363384001525362,77.0,1.0,76603.798386,120.66666666666667,sbp_alt
60454,65.0,0.0,225.0,78.0,114.0,27.53,67.78873172307848,0.0,0.0,0.0,0.0,,3.96,2.99,3.719530487071245,3.57053398174424,1,1,-0.14899650532700504,86.0,1.0,60181.110845,114.66666666666667,sbp_alt
60456,52.0,0.0,165.0,32.0,127.0,36.03,82.5692717932388,0.0,0.0,0.0,0.0,,6.21,3.08,2.5286402798981595,2.280362948383993,0,0,-0.24827733151416664,84.0,1.0,74094.204586,128.66666666666666,sbp_alt
60457,55.0,0.0,233.0,69.0,132.0,24.5,101.20416423930007,0.0,0.0,0.0,0.0,,11.57,4.02,2.8535401833963663,2.4427993137692146,0,0,-0.41074086962715173,82.0,2.0,15686.03941,133.33333333333334,sbp_alt
60459,60.0,1.0,131.0,49.0,121.0,25.95,102.28513880686644,0.0,0.0,0.0,0.0,,5.87,3.65,2.1489014221413107,2.0039300089695775,0,0,-0.14497141317173323,77.0,2.0,6950.891576,121.33333333333333,sbp_alt
60461,67.0,0.0,271.0,90.0,120.0,29.43,78.69947586542327,0.0,0.0,1.0,0.0,,347.18,219.58,10.593008010805947,9.955442805581955,3,2,-0.6375652052239928,86.0,2.0,56750.654207,123.33333333333333,sbp_alt
60465,39.0,1.0,158.0,82.0,103.0,23.15,107.21604348404415,1.0,0.0,0.0,0.0,2.0,10.53,4.94,0.5539864964006427,0.4947803539678569,0,0,-0.05920614243278577,80.0,1.0,43964.570897,106.66666666666667,sbp_alt
60468,33.0,0.0,204.0,49.0,104.0,28.72,115.65251831363415,0.0,0.0,0.0,0.0,,2.15,2.89,0.35868238237241734,0.375005122783591,0,0,0.016322740411173653,79.0,2.0,19141.578997,102.66666666666667,sbp_alt
60470,30.0,1.0,214.0,46.0,97.0,40.14,101.58937601542708,0.0,0.0,0.0,0.0,2.0,3.13,4.93,0.22671170187698916,0.24267433498380062,0,0,0.015962633106811452,84.0,2.0,28789.114826,98.0,sbp_alt
60471,61.0,1.0,187.0,77.0,122.0,27.29,118.75034409786323,1.0,1.0,1.0,1.0,,23.81,44.15,6.737966743839,7.344363455520214,2,2,0.6063967116812137,78.0,2.0,14415.438206,120.66666666666667,sbp_alt
60485,53.0,1.0,235.0,56.0,125.0,25.37,105.60748702038678,0.0,0.0,0.0,0.0,,5.47,2.59,1.5794592660229452,1.4141472450794632,0,0,-0.16531202094348196,81.0,1.0,13091.269928,127.33333333333333,sbp_alt
60486,49.0,1.0,189.0,58.0,119.0,21.47,110.86691581606563,0.0,0.0,0.0,0.0,,9.49,4.38,0.9242682456484076,0.8238126780600038,0,0,-0.1004555675884038,79.0,1.0,62336.581801,120.66666666666667,sbp_alt
60489,67.0,0.0,191.0,41.0,118.0,29.94,63.113146371074016,1.0,1.0,0.0,0.0,,26.43,78.01,14.391804183429471,16.524882738717555,3,3,2.1330785552880833,78.0,2.0,62997.695381,118.0,sbp_alt
60490,36.0,1.0,212.0,45.0,117.0,41.57,115.27591560975816,0.0,0.0,0.0,0.0,2.0,12.73,7.76,0.49553966981211695,0.46021567858897555,0,0,-0.03532399122314139,77.0,2.0,31623.241623,116.0,sbp_alt
60493,33.0,1.0,191.0,42.0,100.0,29.33,99.71150469678942,0.0,1.0,0.0,0.0,2.0,2.92,1.84,0.5193168714799186,0.4847014961032356,0,0,-0.034615375376682966,86.0,3.0,47756.89245,101.33333333333333,sbp_alt
60498,34.0,0.0,188.0,50.0,113.0,23.72,119.55065023642452,0.0,0.0,0.0,0.0,,6.67,4.26,0.4076093058908929,0.38102758456965874,0,0,-0.026581721321234153,78.0,1.0,25129.664069,115.33333333333333,sbp_alt
60499,51.0,1.0,158.0,48.0,133.0,22.55,107.3359056454872,0.0,1.0,0.0,0.0,,10.83,17.17,2.553130573734032,2.7310215225778554,0,0,0.17789094884382317,85.0,2.0,92063.343443,135.33333333333334,sbp_alt
60501,60.0,0.0,205.0,48.0,138.0,27.36,76.8506735338014,0.0,0.0,0.0,0.0,,4.32,2.67,4.503673786325251,4.20129825980098,1,1,-0.3023755265242709,86.0,1.0,55613.441061,140.0,sbp_alt
60502,55.0,0.0,213.0,72.0,113.0,24.75,104.12420272599617,0.0,1.0,0.0,0.0,,3.79,5.18,2.352064133623441,2.462896768480648,0,0,0.11083263485720707,86.0,3.0,9605.662605,112.0,sbp_alt
60506,62.0,1.0,144.0,68.0,151.0,47.22,92.92586280348077,1.0,0.0,1.0,0.0,,9.53,4.23,6.974258183456684,6.223478425606357,2,2,-0.750779757850327,80.0,1.0,15361.086222,156.66666666666666,sbp_alt
60508,30.0,1.0,198.0,53.0,105.0,30.02,124.26016386998351,0.0,0.0,0.0,0.0,2.0,6.52,6.24,0.17407490843872464,0.17293359499566652,0,0,-0.0011413134430581229,88.0,2.0,15101.432598,104.0,sbp_alt
60517,50.0,0.0,221.0,43.0,116.0,27.76,102.67845031159472,0.0,0.0,0.0,0.0,,2.31,3.45,1.6793280049661452,1.7823249552947762,0,0,0.10299695032863099,76.0,2.0,13621.741028,114.66666666666667,sbp_alt
60519,50.0,0.0,239.0,61.0,122.0,26.77,91.6914786098333,0.0,0.0,0.0,0.0,,2.67,2.75,1.5878335574153213,1.594814942011671,0,0,0.006981384596349782,75.0,2.0,20180.207538,122.0,sbp_alt
60525,70.0,0.0,207.0,59.0,116.0,19.14,87.2078139396054,0.0,0.0,0.0,0.0,,3.59,1.9,6.165231266731461,5.632222777781032,2,2,-0.5330084889504292,86.0,1.0,9741.625189,117.33333333333333,sbp_alt
60526,32.0,0.0,223.0,96.0,119.0,26.4,128.3918644782487,0.0,0.0,0.0,0.0,,18.3,8.28,0.22533090076944254,0.19994988931922775,0,0,-0.02538101145021479,78.0,1.0,25435.818025,120.66666666666667,sbp_alt
60528,78.0,1.0,276.0,86.0,119.0,26.39,59.811105788251474,0.0,0.0,1.0,0.0,,13.43,12.35,10.759697127633356,10.63944730769371,3,3,-0.12024981993964623,87.0,2.0,37981.69775,122.0,sbp_alt
60535,71.0,0.0,241.0,94.0,117.0,26.22,81.44146611609162,0.0,0.0,1.0,0.0,,17.22,5.35,8.234062630342553,6.994819477693327,2,2,-1.2392431526492258,83.0,2.0,15851.39333,117.33333333333333,sbp_alt
60540,34.0,1.0,153.0,52.0,95.0,28.47,99.09329336766932,0.0,0.0,0.0,0.0,2.0,3.24,3.42,0.18952115997441746,0.19106274812739987,0,0,0.001541588152982415,87.0,1.0,75888.916793,97.33333333333333,sbp_alt
60544,33.0,1.0,153.0,58.0,99.0,19.55,117.04034853339776,0.0,0.0,0.0,0.0,2.0,6.04,4.12,0.1543536124364254,0.14575150069258028,0,0,-0.00860211174384512,82.0,1.0,22312.481006,97.33333333333333,sbp_alt
60545,53.0,0.0,209.0,36.0,145.0,25.73,79.40326833261354,0.0,0.0,0.0,0.0,,2.86,2.89,3.6464526335150387,3.6519930296028056,1,1,0.005540396087766908,77.0,2.0,101200.947582,144.0,sbp_alt
60549,34.0,0.0,256.0,48.0,125.0,23.81,109.09169090709395,0.0,0.0,0.0,0.0,,2.83,2.75,0.7437292686448285,0.7405394917741254,0,0,-0.0031897768707030982,77.0,2.0,33128.491208,126.66666666666667,sbp_alt
60550,31.0,0.0,220.0,46.0,137.0,26.52,105.7247896077679,0.0,1.0,0.0,0.0,,3.83,4.61,1.3611396288771547,1.3992371269646597,0,0,0.038097498087505066,82.0,1.0,68573.493519,136.66666666666666,sbp_alt
60551,68.0,1.0,190.0,51.0,139.0,41.27,60.63625074687978,1.0,0.0,1.0,0.0,,10.45,6.63,11.30452044634848,10.637542286571527,3,3,-0.6669781597769529,80.0,1.0,58315.346509,140.0,sbp_alt
60555,51.0,1.0,223.0,43.0,118.0,23.95,93.33536873996866,0.0,1.0,0.0,0.0,,5.36,5.09,2.4501038027988407,2.4316269773165056,0,0,-0.01847682548233509,80.0,1.0,79719.201422,117.33333333333333,sbp_alt
60556,62.0,0.0,233.0,44.0,134.0,26.61,85.097516373144,0.0,0.0,0.0,0.0,,3.13,2.77,5.32333432918094,5.231105346600142,2,2,-0.09222898258079848,79.0,1.0,62920.012242,133.33333333333334,sbp_alt
60559,42.0,1.0,166.0,68.0,113.0,28.94,106.99049341456805,0.0,0.0,0.0,0.0,2.0,5.8,4.24,0.3128993934554581,0.29856663898418007,0,0,-0.01433275447127802,77.0,2.0,86576.383051,113.33333333333333,sbp_alt
60562,49.0,0.0,204.0,48.0,141.0,27.87,99.37486677966893,0.0,0.0,1.0,0.0,,2.5,2.79,2.485486122169682,2.525972594200484,0,0,0.04048647203080202,78.0,2.0,28419.766067,140.66666666666666,sbp_alt
60564,60.0,1.0,206.0,32.0,107.0,20.22,103.9707528939343,0.0,1.0,0.0,0.0,,29.17,9.73,5.225971428489048,4.467330025751722,2,1,-0.758641402737326,76.0,1.0,20796.775893,108.0,sbp_alt
60567,65.0,1.0,201.0,50.0,122.0,44.4,98.3854595988943,0.0,0.0,0.0,0.0,,15.44,9.18,4.16484780076517,3.864214320998004,1,1,-0.3006334797671655,88.0,1.0,5642.636108,122.0,sbp_alt
60568,30.0,0.0,144.0,46.0,117.0,30.59,71.79636188871584,0.0,0.0,0.0,0.0,,3.43,3.06,0.2630659550312435,0.25858202537809605,0,0,-0.004483929653147478,84.0,2.0,18854.3858,117.33333333333333,sbp_alt
60576,31.0,0.0,210.0,55.0,109.0,23.26,87.2590965176734,0.0,1.0,0.0,0.0,,5.57,5.64,0.5778610404846666,0.5789455600212425,0,0,0.0010845195365759563,78.0,2.0,33061.224604,111.33333333333333,sbp_alt
60577,65.0,1.0,210.0,60.0,100.0,34.61,100.78737888741969,0.0,0.0,0.0,0.0,,6.59,3.19,2.9824512331192845,2.682931081517216,0,0,-0.29952015160206846,75.0,2.0,5821.57009,102.0,sbp_alt
60587,56.0,0.0,187.0,53.0,126.0,28.12,100.23789071538717,0.0,0.0,0.0,0.0,,15.9,6.67,3.036210814919016,2.6729161578516556,1,0,-0.3632946570673603,88.0,2.0,11483.439467,126.0,sbp_alt
60599,50.0,1.0,200.0,67.0,122.0,24.11,89.70737342385397,0.0,1.0,0.0,0.0,,5.56,3.33,1.5289332565222136,1.4172907607171823,0,0,-0.11164249580503127,80.0,2.0,109191.710721,126.66666666666667,sbp_alt
60601,51.0,0.0,189.0,32.0,126.0,32.15,107.14823439043337,1.0,1.0,1.0,1.0,,36.78,11.97,11.341114486585642,9.745084681392152,3,2,-1.5960298051934902,86.0,2.0,11822.128672,126.0,sbp_alt
60605,35.0,0.0,206.0,62.0,120.0,24.58,127.82977554226822,0.0,0.0,0.0,0.0,,7.43,6.05,0.46106359128953833,0.44704074301203545,0,0,-0.014022848277502886,88.0,1.0,19679.777822,121.33333333333333,sbp_alt
60606,32.0,1.0,180.0,48.0,119.0,29.65,120.7992308922857,0.0,0.0,0.0,0.0,2.0,6.83,8.42,0.26897573490485405,0.2775368087699641,0,0,0.00856107386511007,84.0,1.0,53978.982896,121.33333333333333,sbp_alt
60612,45.0,1.0,260.0,91.0,137.0,25.39,112.28652785867963,0.0,0.0,0.0,0.0,,16.67,6.0,0.7621919283038747,0.6545060936833929,0,0,-0.10768583462048187,77.0,1.0,75240.005755,135.33333333333334,sbp_alt
60618,65.0,1.0,225.0,50.0,157.0,29.4,65.6591916769494,0.0,0.0,1.0,0.0,,1.75,2.9,5.932769364312814,6.370348646722802,2,2,0.4375792824099882,75.0,1.0,8567.6299,156.0,sbp_alt
60619,49.0,0.0,131.0,31.0,117.0,25.88,105.77557528209418,0.0,1.0,0.0,0.0,,9.69,3.39,2.4375969851820365,2.087561207262919,0,0,-0.35003577791911766,80.0,2.0,22608.618809,116.66666666666667,sbp_alt
60628,60.0,0.0,194.0,48.0,185.0,40.33,91.6327190932268,0.0,0.0,0.0,0.0,,997.3,597.75,15.744164382510762,14.74571910732239,3,3,-0.9984452751883719,81.0,1.0,7737.568458,182.66666666666666,sbp_alt
60636,43.0,0.0,173.0,68.0,114.0,24.21,94.63469369527397,0.0,1.0,0.0,0.0,,3.57,3.12,0.8846077554817003,0.8669461841503412,0,0,-0.01766157133135915,78.0,2.0,28419.766067,112.66666666666667,sbp_alt
60638,67.0,0.0,176.0,44.0,133.0,34.43,101.43075268766957,0.0,0.0,1.0,0.0,,57.72,12.6,10.441378824968744,8.47931141673082,3,2,-1.9620674082379246,80.0,1.0,16431.333354,134.0,sbp_alt
60639,49.0,0.0,230.0,45.0,149.0,29.21,103.31902828697396,0.0,0.0,0.0,0.0,,8.4,7.88,3.4098729342748793,3.378232383043658,1,1,-0.03164055123122145,86.0,1.0,19566.546628,153.33333333333334,sbp_alt
60640,62.0,0.0,187.0,56.0,123.0,25.76,75.08087245281033,0.0,0.0,1.0,1.0,,2.14,2.62,3.658905099707193,3.7681656711464058,1,1,0.10926057143921275,79.0,2.0,21387.731102,124.66666666666667,sbp_alt
60643,71.0,1.0,158.0,48.0,136.0,29.36,92.72638198636355,1.0,0.0,0.0,1.0,,9.62,7.58,8.70006623459009,8.420038485812595,2,2,-0.2800277487774938,86.0,1.0,20758.149798,136.0,sbp_alt
60653,50.0,1.0,221.0,57.0,103.0,27.64,98.50495154282892,0.0,0.0,1.0,0.0,,2.15,9.54,1.0525926508869976,1.3129891866267256,0,0,0.260396535739728,78.0,2.0,14378.292026,106.66666666666667,sbp_alt
60655,69.0,0.0,247.0,94.0,147.0,20.27,68.18050990648548,0.0,0.0,0.0,0.0,,3.08,3.43,5.977505732204711,6.069507175973054,2,2,0.09200144376834274,77.0,1.0,54784.845182,146.66666666666666,sbp_alt
60658,55.0,0.0,313.0,50.0,114.0,26.57,81.04298554773835,0.0,1.0,0.0,0.0,,7.8,4.17,5.4324246912643845,4.966608885405423,2,1,-0.4658158058589619,76.0,1.0,95390.188569,114.66666666666667,sbp_alt
60660,43.0,1.0,185.0,56.0,113.0,31.46,112.38407733592186,1.0,0.0,0.0,0.0,2.0,36.25,45.17,1.7841329341886198,1.8429351691011,0,0,0.058802234912480156,81.0,1.0,19231.099573,112.0,sbp_alt
60663,45.0,1.0,218.0,46.0,144.0,35.91,118.37360872588046,1.0,0.0,1.0,0.0,,6.53,6.77,4.957137711407284,4.9827289260786,1,1,0.025591214671316642,81.0,1.0,26829.082247,148.0,sbp_alt
60664,70.0,1.0,202.0,57.0,127.0,45.17,72.6302990059276,0.0,0.0,1.0,0.0,,3.82,1.74,6.256440385776247,5.598796980344247,2,2,-0.6576434054320002,89.0,1.0,36266.584603,129.33333333333334,sbp_alt
60665,33.0,0.0,191.0,43.0,116.0,27.52,107.033721431505,0.0,0.0,0.0,0.0,,7.72,4.68,0.49241973272770057,0.4567372982035659,0,0,-0.035682434524134665,86.0,3.0,52169.443051,115.33333333333333,sbp_alt
60667,71.0,1.0,155.0,63.0,154.0,27.34,99.26796977380918,1.0,0.0,1.0,1.0,,28.7,4.22,11.354993617370289,8.764179436209956,3,2,-2.590814181160333,88.0,2.0,11478.900917,158.0,sbp_alt
60668,71.0,1.0,157.0,52.0,109.0,23.4,50.93045517389772,1.0,0.0,1.0,1.0,,9.72,300.2,10.025431866140128,15.716896808929611,3,3,5.691464942789484,83.0,2.0,48417.309426,108.0,sbp_alt
60673,52.0,1.0,200.0,46.0,130.0,34.12,107.50300387611935,0.0,0.0,0.0,0.0,,22.23,8.12,2.0836936560329145,1.7965725025809771,0,0,-0.28712115345193734,88.0,1.0,9637.428563,132.0,sbp_alt
60676,58.0,1.0,178.0,38.0,96.0,46.42,103.56536832129218,0.0,0.0,0.0,0.0,,7.97,7.68,2.2183458456884804,2.20630826433238,0,0,-0.012037581356100446,86.0,2.0,12091.865593,97.33333333333333,sbp_alt
60677,46.0,0.0,178.0,51.0,103.0,20.76,107.76765151881993,0.0,0.0,0.0,0.0,,8.9,6.04,1.0735129646075732,1.0130943945318562,0,0,-0.06041857007571694,86.0,1.0,78911.724158,102.66666666666667,sbp_alt
60680,48.0,0.0,214.0,38.0,106.0,25.23,96.29526003049038,0.0,0.0,0.0,0.0,,5.18,3.53,1.6345624855215362,1.5440100174066378,0,0,-0.09055246811489837,87.0,1.0,23715.458562,106.66666666666667,sbp_alt
60681,60.0,0.0,239.0,38.0,115.0,34.56,99.12668769504945,0.0,0.0,0.0,0.0,,4.16,3.42,4.198351394228367,4.080982680100892,1,1,-0.1173687141274753,76.0,1.0,5606.604384,116.0,sbp_alt
60682,46.0,1.0,231.0,96.0,109.0,26.13,80.9230322511963,0.0,0.0,0.0,0.0,,3.85,4.03,0.322931322563128,0.3251468721206621,0,0,0.0022155495575341133,79.0,1.0,70653.154593,108.66666666666667,sbp_alt
60685,30.0,0.0,192.0,55.0,130.0,36.62,106.38437271862337,0.0,0.0,0.0,0.0,,2.31,2.17,0.37281114370760493,0.3693209230338917,0,0,-0.00349022067371324,79.0,2.0,30101.236356,128.0,sbp_alt
60689,65.0,1.0,211.0,70.0,114.0,32.11,96.25191088176868,0.0,1.0,0.0,0.0,,6.8,4.82,4.008593433815917,3.814450766877008,1,1,-0.1941426669389088,88.0,2.0,69271.720998,110.0,sbp_alt
60696,44.0,0.0,191.0,68.0,125.0,26.63,108.00503709324838,0.0,0.0,0.0,0.0,,2.36,2.28,0.7371917084089755,0.7333907223745751,0,0,-0.0038009860344003776,82.0,2.0,20517.18759,124.0,sbp_alt
60698,60.0,1.0,220.0,52.0,131.0,22.83,83.05083950889986,0.0,0.0,0.0,1.0,,10.78,2.63,3.32622893268686,2.708594191139605,1,0,-0.617634741547255,85.0,2.0,67032.592835,133.33333333333334,sbp_alt
60700,40.0,1.0,160.0,44.0,114.0,18.42,113.65461952506065,0.0,1.0,0.0,0.0,2.0,9.29,8.38,0.8422325260567773,0.8294056363449556,0,0,-0.012826889711821776,80.0,2.0,19657.057397,114.0,sbp_alt
60702,33.0,1.0,185.0,48.0,103.0,21.94,119.14947006386863,0.0,0.0,0.0,0.0,2.0,9.01,5.6,0.24957925506446058,0.2324221564565784,0,0,-0.01715709860788217,86.0,2.0,20463.530223,104.66666666666667,sbp_alt
60705,60.0,1.0,241.0,77.0,126.0,30.79,99.29203192232717,0.0,0.0,1.0,0.0,,5.5,3.55,2.5035088593238233,2.34799950778334,0,0,-0.1555093515404833,88.0,1.0,5941.801085,128.0,sbp_alt
60706,50.0,1.0,206.0,54.0,134.0,24.88,84.60596476455257,0.0,0.0,0.0,0.0,,4.7,3.49,1.4740404821503934,1.4105311055139589,0,0,-0.06350937663643452,79.0,2.0,30223.31635,136.0,sbp_alt
60707,34.0,0.0,219.0,59.0,106.0,23.03,111.94371226087188,0.0,1.0,0.0,0.0,,1.05,3.1,0.548024985071206,0.644729173414675,0,0,0.09670418834346894,82.0,2.0,18239.134291,109.33333333333333,sbp_alt
60711,30.0,1.0,234.0,50.0,120.0,38.27,120.51003965628063,0.0,0.0,0.0,0.0,2.0,5.88,4.13,0.3110706148215201,0.29505026653080646,0,0,-0.016020348290713637,75.0,1.0,31182.470273,120.0,sbp_alt
60713,68.0,0.0,245.0,34.0,130.0,28.7,56.68447772373141,1.0,1.0,1.0,0.0,,7.38,5.5,20.427444422346436,19.715207193443018,3,3,-0.7122372289034189,84.0,2.0,9928.558508,131.33333333333334,sbp_alt
60722,39.0,0.0,238.0,33.0,120.0,51.46,113.76218944519088,0.0,0.0,1.0,0.0,,3.71,4.25,1.4161447845111617,1.445079927258343,0,0,0.02893514274718134,83.0,1.0,33986.464261,119.33333333333333,sbp_alt
60738,67.0,1.0,290.0,59.0,113.0,49.47,69.14636041750623,0.0,0.0,0.0,0.0,,23.12,3.08,5.046021938389256,3.778220055265602,2,1,-1.2678018831236537,80.0,2.0,21662.492013,116.0,sbp_alt
60742,31.0,1.0,161.0,67.0,109.0,20.89,96.59653735004878,0.0,0.0,0.0,0.0,2.0,9.17,4.93,0.116444024647658,0.10609649407039169,0,0,-0.010347530577266312,77.0,2.0,73726.740832,110.66666666666667,sbp_alt
60743,37.0,1.0,132.0,51.0,105.0,33.29,78.14905745275362,0.0,0.0,0.0,0.0,2.0,3.04,2.49,0.2268890997912834,0.22020695596270318,0,0,-0.006682143828580234,82.0,1.0,31089.71015,102.66666666666667,sbp_alt
60749,51.0,1.0,233.0,52.0,102.0,30.83,89.15118770862608,0.0,0.0,0.0,0.0,,3.89,3.67,1.1251161517805133,1.115435013184087,0,0,-0.009681138596426164,81.0,1.0,13556.336626,103.33333333333333,sbp_alt
60753,66.0,1.0,245.0,50.0,105.0,31.96,86.366176447723,0.0,0.0,0.0,0.0,,5.35,4.89,3.735039045533101,3.6868134964546377,1,1,-0.048225549078463104,80.0,1.0,59667.855973,108.0,sbp_alt
60756,64.0,1.0,146.0,53.0,116.0,30.08,97.54139699296591,0.0,0.0,0.0,1.0,,4.71,3.46,2.339190264157783,2.235719994292875,0,0,-0.10347026986490793,84.0,1.0,15146.292374,118.0,sbp_alt
60760,66.0,0.0,197.0,67.0,126.0,23.49,82.02140535138454,0.0,0.0,0.0,0.0,,32.08,31.61,6.185181860742329,6.172261867894216,2,2,-0.012919992848113182,80.0,2.0,23171.774599,128.0,sbp_alt
60761,61.0,1.0,167.0,59.0,145.0,37.01,98.67642132440872,0.0,0.0,1.0,0.0,,5.94,3.55,3.6867697638252457,3.4219798318680184,1,1,-0.26478993195722733,83.0,1.0,21641.273271,145.33333333333334,sbp_alt
60763,45.0,0.0,255.0,34.0,128.0,41.87,98.10879305741537,0.0,0.0,0.0,0.0,,9.09,18.82,2.4851881183246847,2.7658846983660363,0,0,0.2806965800413517,83.0,2.0,24022.121021,127.33333333333333,sbp_alt
60766,30.0,0.0,146.0,61.0,99.0,26.27,101.39789095079487,0.0,0.0,0.0,0.0,,2.38,2.42,0.17215177043692803,0.17258484702425853,0,0,0.00043307658733049426,89.0,2.0,56502.621397,98.66666666666667,sbp_alt
60771,42.0,1.0,227.0,61.0,117.0,30.88,115.32403544773312,0.0,1.0,0.0,0.0,2.0,6.99,5.02,0.9533351901682955,0.907533966782491,0,0,-0.0458012233858045,87.0,1.0,22004.736599,118.66666666666667,sbp_alt
60772,71.0,1.0,289.0,79.0,115.0,26.47,89.33383337589149,0.0,0.0,1.0,0.0,,3.6,4.58,5.190299284950719,5.371068995938526,2,2,0.18076971098780703,79.0,2.0,44645.637846,118.66666666666667,sbp_alt
60778,53.0,1.0,183.0,58.0,189.0,26.53,105.21362000147177,1.0,0.0,1.0,0.0,,7.87,6.51,9.861191174514332,9.610909571671696,2,2,-0.25028160284263556,84.0,2.0,24216.969057,192.66666666666666,sbp_alt
60782,41.0,1.0,140.0,68.0,107.0,22.29,79.18914527122384,0.0,0.0,0.0,0.0,2.0,3.79,3.48,0.23909282513753985,0.23605665889624664,0,0,-0.0030361662412932144,79.0,1.0,62336.581801,106.0,sbp_alt
60784,34.0,1.0,194.0,56.0,109.0,27.63,123.82157683473228,0.0,0.0,0.0,0.0,2.0,7.89,10.53,0.222045322487658,0.23185522563437888,0,0,0.009809903146720894,88.0,1.0,18108.840553,110.66666666666667,sbp_alt
60787,31.0,1.0,218.0,66.0,111.0,26.07,91.29188330764693,0.0,0.0,0.0,0.0,2.0,1.85,3.01,0.1395803889592553,0.15014587118142922,0,0,0.010565482222173905,89.0,2.0,51077.07672,110.66666666666667,sbp_alt
60791,54.0,1.0,167.0,51.0,126.0,31.53,104.17727330165486,0.0,0.0,0.0,0.0,,6.0,10.21,1.5447879601935806,1.6709795998638732,0,0,0.12619163967029268,75.0,1.0,18999.168205,128.0,sbp_alt
60797,36.0,1.0,177.0,58.0,119.0,30.69,119.70874463832251,0.0,0.0,0.0,0.0,2.0,7.41,20.96,0.28844762473118424,0.3370127307583452,0,0,0.048565106027160965,87.0,2.0,18625.872132,120.66666666666667,sbp_alt
60799,76.0,0.0,182.0,38.0,119.0,35.92,62.67369266058556,1.0,0.0,1.0,0.0,,123.58,81.77,24.56571714707031,23.428481804636682,3,3,-1.1372353424336268,79.0,1.0,36799.195814,120.66666666666667,sbp_alt
60802,63.0,0.0,209.0,43.0,132.0,27.15,79.76065625826563,0.0,1.0,1.0,1.0,,9.84,6.2,9.57550484244282,8.98835039796139,2,2,-0.5871544444814294,80.0,1.0,49641.833867,135.33333333333334,sbp_alt
60803,53.0,0.0,257.0,46.0,118.0,26.65,100.7804475435393,0.0,0.0,0.0,0.0,,3.87,3.05,2.5902546833035824,2.50106004755949,0,0,-0.08919463574409248,77.0,1.0,89543.78448,119.33333333333333,sbp_alt
60804,46.0,0.0,168.0,64.0,98.0,20.45,108.91580072966724,0.0,1.0,0.0,0.0,,10.14,4.88,1.4435837139480125,1.2945991879492318,0,0,-0.14898452599878076,79.0,1.0,19567.327178,98.0,sbp_alt
60806,40.0,1.0,165.0,40.0,109.0,39.89,78.66703414214847,0.0,1.0,1.0,0.0,2.0,12.69,26.03,1.271484868148088,1.4142384486625592,0,0,0.1427535805144713,78.0,2.0,36343.314607,109.33333333333333,sbp_alt
60810,38.0,1.0,227.0,47.0,116.0,32.04,96.65854024893135,0.0,0.0,0.0,0.0,2.0,3.54,3.19,0.5004286614205702,0.4927067243776113,0,0,-0.007721937042958871,79.0,1.0,59497.522458,115.33333333333333,sbp_alt
60812,74.0,1.0,222.0,43.0,196.0,25.57,75.01279027367127,0.0,0.0,1.0,0.0,,299.07,67.4,21.808620151696083,18.2344949159582,3,3,-3.574125235737881,86.0,1.0,21160.969531,200.0,sbp_alt
60816,39.0,1.0,189.0,85.0,96.0,21.24,102.15765097172819,0.0,0.0,0.0,0.0,2.0,4.65,2.93,0.17517939799864282,0.16346387301681992,0,0,-0.011715524981822906,78.0,2.0,74179.149936,99.33333333333333,sbp_alt
60820,64.0,1.0,246.0,52.0,110.0,34.21,93.30889006268,0.0,1.0,1.0,0.0,,20.31,5.19,6.940162373732915,5.7284172314163975,2,2,-1.2117451423165173,75.0,1.0,8567.6299,112.0,sbp_alt
60827,72.0,0.0,269.0,44.0,149.0,31.23,46.186845853600275,0.0,0.0,1.0,0.0,,19.29,9.29,18.204128939661235,16.618477459494283,3,3,-1.585651480166952,88.0,1.0,23591.577327,152.0,sbp_alt
60828,39.0,1.0,159.0,63.0,96.0,20.64,79.15781258014536,0.0,0.0,0.0,0.0,2.0,6.47,4.76,0.274708020751079,0.2623700426074662,0,0,-0.01233797814361276,79.0,2.0,69108.500669,99.33333333333333,sbp_alt
60829,58.0,0.0,200.0,54.0,134.0,24.51,79.54491257883113,0.0,0.0,0.0,0.0,,2.9,9.06,3.221381109783433,3.8030485393375533,1,1,0.5816674295541202,77.0,2.0,103268.230044,135.33333333333334,sbp_alt
60836,30.0,0.0,168.0,56.0,117.0,23.54,96.82379252665463,0.0,0.0,0.0,0.0,,6.39,5.54,0.2636028809039481,0.25799628801034546,0,0,-0.005606592893602658,76.0,1.0,62271.42409,118.66666666666667,sbp_alt
60839,42.0,1.0,161.0,64.0,114.0,29.63,117.29182873442791,0.0,0.0,0.0,0.0,2.0,5.0,3.8,0.3242318056127657,0.3111859544884625,0,0,-0.013045851124303232,86.0,2.0,17361.209897,112.66666666666667,sbp_alt
60844,45.0,1.0,157.0,96.0,125.0,25.89,76.25840878658154,0.0,0.0,0.0,0.0,,5.88,3.13,0.31986250288681417,0.2910586658011795,0,0,-0.028803837085634665,78.0,1.0,26102.697054,126.0,sbp_alt
60845,64.0,1.0,218.0,70.0,113.0,27.71,94.88815463516505,0.0,0.0,1.0,0.0,,8.74,6.43,3.356928997218335,3.2106124378022405,1,1,-0.14631655941609445,82.0,1.0,6876.207042,116.0,sbp_alt
60850,38.0,1.0,155.0,46.0,108.0,22.88,115.93373359731667,0.0,0.0,1.0,0.0,2.0,9.6,5.52,0.43264684398637315,0.398294474188233,0,0,-0.03435236979814016,89.0,2.0,41887.382839,110.0,sbp_alt
60853,32.0,1.0,206.0,40.0,117.0,38.95,122.22802385883092,1.0,0.0,0.0,1.0,2.0,20.78,14.72,1.6027220783773664,1.5231076084201745,0,0,-0.0796144699571919,83.0,1.0,21432.603538,118.66666666666667,sbp_alt
60856,46.0,1.0,204.0,33.0,109.0,28.77,96.283370662582,0.0,1.0,0.0,0.0,,12.22,8.62,1.9276769062348502,1.8310859579115284,0,0,-0.09659094832332182,77.0,2.0,20394.232563,107.33333333333333,sbp_alt
60861,34.0,1.0,195.0,56.0,106.0,41.94,112.44839242943972,0.0,0.0,0.0,0.0,2.0,6.71,4.19,0.22704263534023464,0.21157948663454318,0,0,-0.01546314870569146,79.0,1.0,25535.793785,105.33333333333333,sbp_alt
60863,52.0,1.0,240.0,64.0,108.0,31.27,102.24076532276526,0.0,1.0,1.0,0.0,,4.55,2.73,2.0730547736690266,1.922965898232007,0,0,-0.15008887543701954,83.0,1.0,21713.840153,111.33333333333333,sbp_alt
60864,33.0,0.0,192.0,53.0,119.0,26.31,84.41566987382657,0.0,1.0,0.0,0.0,,4.1,2.07,0.7397937621432895,0.6677360424789743,0,0,-0.07205771966431518,81.0,2.0,20802.659837,117.33333333333333,sbp_alt
60866,56.0,0.0,221.0,47.0,131.0,26.99,98.91752920163769,0.0,1.0,0.0,0.0,,4.69,2.44,4.864389203316038,4.427561135929825,1,1,-0.43682806738621327,83.0,2.0,20166.788583,132.66666666666666,sbp_alt
60867,62.0,0.0,259.0,54.0,120.0,28.77,101.22479656428506,0.0,0.0,0.0,0.0,,7.39,3.58,4.927088333720578,4.438978742466711,1,1,-0.4881095912538669,85.0,2.0,60349.521987,120.66666666666667,sbp_alt
60870,60.0,0.0,238.0,70.0,129.0,18.76,103.7292284191516,0.0,0.0,0.0,0.0,,6.45,7.0,3.5928646368684514,3.635912608704315,1,1,0.04304797183586384,89.0,1.0,6291.621749,132.0,sbp_alt
60871,48.0,0.0,228.0,44.0,131.0,34.93,87.55961281805574,0.0,0.0,1.0,1.0,,3.64,2.74,2.632638110774518,2.5249022295124464,0,0,-0.10773588126207168,78.0,2.0,96096.130252,131.33333333333334,sbp_alt
60873,58.0,1.0,157.0,60.0,156.0,23.71,87.98619592553051,0.0,0.0,0.0,1.0,,17.09,14.51,3.028902796088051,2.957568743529096,1,0,-0.0713340525589552,82.0,2.0,114618.629798,154.66666666666666,sbp_alt
60877,69.0,0.0,136.0,38.0,127.0,26.2,95.0885609811679,0.0,0.0,0.0,0.0,,6.42,5.18,6.694605997251826,6.494989852522737,2,2,-0.19961614472908895,77.0,2.0,7591.775942,128.66666666666666,sbp_alt
60881,45.0,1.0,218.0,49.0,129.0,27.01,112.73472028679367,0.0,0.0,1.0,0.0,,13.03,8.26,1.4611700265412475,1.3658466043218322,0,0,-0.09532342221941525,75.0,1.0,21284.906566,128.0,sbp_alt
60882,32.0,0.0,276.0,37.0,104.0,42.27,116.76738581157085,0.0,1.0,0.0,0.0,,4.12,2.36,1.2946413667052643,1.1914118326117122,0,0,-0.10322953409355207,86.0,2.0,26792.411843,105.33333333333333,sbp_alt
60883,47.0,1.0,177.0,33.0,140.0,37.82,112.25455726091992,1.0,0.0,1.0,0.0,,6.55,4.88,5.418154822484194,5.1961403099927645,2,2,-0.22201451249142945,82.0,2.0,23076.394545,142.66666666666666,sbp_alt
60891,46.0,1.0,172.0,38.0,140.0,33.43,115.4358355457845,0.0,0.0,0.0,0.0,,6.13,4.09,1.452475260632482,1.3680397793392802,0,0,-0.08443548129320178,88.0,2.0,11633.806706,143.33333333333334,sbp_alt
60893,66.0,1.0,228.0,83.0,100.0,18.17,72.43372123219312,0.0,0.0,0.0,0.0,,1.36,3.33,2.2010593139944743,2.509814480754012,0,0,0.30875516675953785,87.0,2.0,67490.818023,100.0,sbp_alt
60894,37.0,1.0,194.0,36.0,114.0,46.29,85.58176049657727,0.0,0.0,0.0,0.0,2.0,2.2,2.88,0.4581386228733835,0.47695183472940367,0,0,0.01881321185602014,84.0,2.0,28232.49081,113.33333333333333,sbp_alt
60899,64.0,1.0,221.0,80.0,103.0,31.44,61.433012583752046,0.0,0.0,1.0,0.0,,45.06,36.95,4.121675220464567,4.005552638310243,1,1,-0.11612258215432458,77.0,1.0,66402.459548,104.0,sbp_alt
60901,57.0,0.0,187.0,57.0,147.0,28.97,86.74336679062223,0.0,0.0,0.0,0.0,,6.56,5.36,3.6917437400467734,3.5847949546357163,1,1,-0.10694878541105712,86.0,2.0,11822.128672,149.33333333333334,sbp_alt
60902,49.0,1.0,166.0,66.0,132.0,55.6,110.41111045263344,0.0,1.0,0.0,0.0,,17.54,14.54,1.7501556905721558,1.7023862274329473,0,0,-0.04776946313920849,87.0,2.0,18220.528013,131.33333333333334,sbp_alt
60906,78.0,0.0,221.0,59.0,133.0,20.19,70.24125412083845,0.0,0.0,0.0,0.0,,3.64,3.48,12.373234527623984,12.299825141467837,3,3,-0.0734093861561469,82.0,2.0,42248.55886,131.33333333333334,sbp_alt
60910,36.0,0.0,249.0,43.0,105.0,27.66,112.01944372066578,0.0,0.0,0.0,0.0,,3.13,2.95,0.6831744044865662,0.6771326378246262,0,0,-0.006041766661940007,88.0,1.0,20515.158821,104.66666666666667,sbp_alt
60911,32.0,1.0,224.0,45.0,100.0,23.51,108.4128461211491,0.0,1.0,0.0,0.0,2.0,12.76,5.96,0.6687722319079775,0.5969818167274367,0,0,-0.07179041518054086,79.0,1.0,52494.07754,101.33333333333333,sbp_alt
60914,62.0,1.0,240.0,42.0,147.0,31.33,104.98281364188522,1.0,0.0,0.0,0.0,,97.5,31.25,12.264880239900718,10.542058273274538,3,3,-1.7228219666261797,75.0,1.0,7921.851507,151.33333333333334,sbp_alt
60916,44.0,0.0,158.0,46.0,110.0,26.41,111.49689483707986,0.0,0.0,0.0,1.0,,3.89,5.71,0.6200318416782875,0.6567865091412626,0,0,0.036754667462975066,79.0,2.0,87735.097563,111.33333333333333,sbp_alt
60918,79.0,0.0,158.0,40.0,133.0,30.29,87.46941372006624,0.0,0.0,0.0,0.0,,4.17,12.03,13.032512727235769,14.955484032372889,3,3,1.9229713051371196,84.0,1.0,29919.638147,132.66666666666666,sbp_alt
60923,64.0,1.0,186.0,81.0,130.0,34.44,96.85239573532772,0.0,0.0,1.0,1.0,,7.65,25.33,2.89260271437762,3.442560336189641,0,1,0.549957621812021,84.0,1.0,56822.323859,129.33333333333334,sbp_alt
60925,46.0,1.0,230.0,53.0,154.0,34.63,117.63969235178001,0.0,0.0,1.0,0.0,,9.83,6.83,2.312845441476858,2.1925125482090055,0,0,-0.12033289326785246,88.0,2.0,14357.518355,155.33333333333334,sbp_alt
60933,42.0,0.0,255.0,61.0,131.0,31.02,109.3568584605196,0.0,1.0,0.0,0.0,,4.57,2.91,2.042777104056849,1.9107548637572094,0,0,-0.1320222402996396,88.0,1.0,16557.906564,129.33333333333334,sbp_alt
60934,49.0,0.0,151.0,69.0,103.0,32.39,82.29221680290215,0.0,0.0,1.0,1.0,,3.13,3.17,0.7964155777929813,0.7979320349710597,0,0,0.0015164571780783564,77.0,1.0,81895.402401,106.0,sbp_alt
60953,53.0,0.0,152.0,44.0,117.0,24.61,93.34689407949695,0.0,1.0,0.0,0.0,,3.33,5.59,2.479492548748825,2.6758347442013184,0,0,0.19634219545249332,84.0,1.0,17126.695224,119.33333333333333,sbp_alt
60954,30.0,0.0,200.0,41.0,114.0,39.28,116.27850977311344,0.0,0.0,0.0,0.0,,3.29,2.77,0.3572928903266668,0.34816209613803684,0,0,-0.009130794188629943,75.0,2.0,27516.988161,114.66666666666667,sbp_alt
60956,69.0,1.0,184.0,44.0,128.0,32.83,76.26464803461039,1.0,0.0,1.0,1.0,,9.78,7.5,10.506611200700393,10.137786730555765,3,3,-0.36882447014462727,88.0,2.0,6323.300843,130.0,sbp_alt
60957,41.0,1.0,173.0,62.0,130.0,26.23,107.65797284621458,0.0,0.0,0.0,0.0,2.0,87.5,38.57,0.758702549458609,0.6714998649819124,0,0,-0.08720268447669666,85.0,2.0,18820.44423,130.0,sbp_alt
60964,50.0,1.0,253.0,75.0,98.0,25.87,93.91765822093848,0.0,1.0,0.0,0.0,,7.37,7.79,1.3687543379854081,1.3800323625829323,0,0,0.011278024597524139,78.0,1.0,21800.840156,98.0,sbp_alt
60967,30.0,0.0,273.0,27.0,113.0,23.75,118.2288791954785,0.0,1.0,0.0,0.0,,5.66,4.22,1.4509459481956435,1.3888986368451188,0,0,-0.06204731135052466,76.0,1.0,19476.746003,111.33333333333333,sbp_alt
60969,64.0,0.0,267.0,66.0,114.0,39.89,98.09193756150789,0.0,0.0,0.0,0.0,,5.52,3.81,4.591644910988214,4.352523247529068,1,1,-0.2391216634591462,88.0,1.0,6426.606351,113.33333333333333,sbp_alt
60970,31.0,0.0,159.0,46.0,118.0,34.28,115.55758301252014,0.0,0.0,0.0,0.0,,37.29,4.07,0.43720370407378734,0.3132963000761047,0,0,-0.12390740399768263,84.0,1.0,15464.412576,118.0,sbp_alt
60971,64.0,0.0,140.0,37.0,118.0,23.83,86.108015255757,0.0,0.0,0.0,0.0,,3.2,2.25,4.028358881961827,3.8276842366650943,1,1,-0.20067464529673273,86.0,2.0,55670.350052,116.66666666666667,sbp_alt
60973,42.0,1.0,200.0,63.0,102.0,21.9,112.24967112652445,0.0,0.0,0.0,0.0,2.0,6.24,2.3,0.3905272279898913,0.3363691189563097,0,0,-0.05415810903358159,77.0,2.0,21052.826838,102.66666666666667,sbp_alt
60977,67.0,1.0,240.0,51.0,105.0,42.27,62.49665349518806,1.0,0.0,0.0,0.0,,6.0,6.41,6.754741222386835,6.817509931160288,2,2,0.06276870877345253,84.0,1.0,57924.982501,105.33333333333333,sbp_alt
60979,36.0,1.0,162.0,66.0,92.0,21.64,118.28639991589417,0.0,0.0,0.0,0.0,2.0,5.34,36.2,0.17624579726377723,0.23476877522396153,0,0,0.0585229779601843,84.0,2.0,18266.025284,92.66666666666667,sbp_alt
60980,37.0,0.0,248.0,52.0,109.0,25.03,113.19220480677019,0.0,0.0,0.0,0.0,,7.25,3.34,0.6622709989971425,0.5895569185886945,0,0,-0.07271408040844796,85.0,1.0,62622.748131,108.66666666666667,sbp_alt
60982,52.0,0.0,210.0,55.0,108.0,25.7,84.44227448614791,0.0,0.0,0.0,0.0,,3.67,3.33,1.5774688229348803,1.554836879086511,0,0,-0.022631943848369307,79.0,2.0,21593.236365,107.33333333333333,sbp_alt
60984,30.0,1.0,256.0,53.0,103.0,36.13,115.28087958949364,0.0,0.0,0.0,0.0,2.0,2.29,5.07,0.22217720202105662,0.2502621159655589,0,0,0.0280849139445023,84.0,2.0,28232.49081,103.33333333333333,sbp_alt
60986,65.0,0.0,185.0,54.0,127.0,23.58,89.96227676148709,0.0,0.0,0.0,0.0,,3.53,3.06,4.641025230261249,4.546465225391382,1,1,-0.09456000486986671,78.0,2.0,11071.371044,127.33333333333333,sbp_alt
60989,48.0,0.0,189.0,35.0,120.0,32.05,95.11734087599032,0.0,0.0,0.0,0.0,,2.81,1.73,1.5882426182775502,1.4777231181980832,0,0,-0.11051950007946698,77.0,2.0,23620.047773,119.33333333333333,sbp_alt
60990,34.0,0.0,187.0,44.0,116.0,28.32,114.93547270008962,0.0,0.0,0.0,0.0,,4.63,2.99,0.4674266765796725,0.43768883149005233,0,0,-0.029737845089620185,87.0,2.0,29242.895109,115.33333333333333,sbp_alt
60993,31.0,1.0,147.0,67.0,101.0,21.33,121.09239684443466,0.0,0.0,0.0,0.0,2.0,5.92,3.12,0.0964545292649791,0.08761977028081204,0,0,-0.008834758984167065,86.0,3.0,48622.528987,100.66666666666667,sbp_alt
60994,60.0,0.0,207.0,50.0,127.0,30.55,86.16262077966914,0.0,0.0,0.0,0.0,,3.43,5.84,3.6998989643125983,3.9971271731928204,1,1,0.29722820888022206,78.0,2.0,11286.80413,126.0,sbp_alt
60998,60.0,1.0,164.0,59.0,134.0,52.49,99.99838858339405,1.0,0.0,1.0,1.0,,12.88,9.14,5.600903344509611,5.334786909265565,2,2,-0.2661164352440455,89.0,2.0,5704.537759,134.0,sbp_alt
61006,75.0,0.0,159.0,52.0,132.0,28.69,57.822402709810596,1.0,0.0,1.0,1.0,,6.19,3.77,12.887222490154109,12.069705584505023,3,3,-0.8175169056490859,82.0,1.0,35141.525644,132.66666666666666,sbp_alt
61007,41.0,0.0,173.0,42.0,115.0,30.56,112.76301703225437,0.0,0.0,0.0,0.0,,4.67,3.6,0.7509662740505129,0.7222376587056617,0,0,-0.02872861534485116,77.0,1.0,20306.364191,116.66666666666667,sbp_alt
61020,55.0,0.0,208.0,45.0,127.0,29.03,94.52694274828845,0.0,0.0,0.0,0.0,,9.69,6.0,3.2526477782183685,3.0324171740395083,1,1,-0.2202306041788602,75.0,2.0,118993.77516,126.0,sbp_alt
61026,53.0,0.0,219.0,47.0,120.0,41.0,113.20088646810956,1.0,0.0,0.0,0.0,,7.47,3.09,4.8092145134155295,4.234459875698905,1,1,-0.5747546377166248,85.0,1.0,11516.018157,123.33333333333333,sbp_alt
61029,62.0,0.0,302.0,30.0,108.0,30.08,97.22396860027366,0.0,0.0,0.0,0.0,,6.67,0.82,6.781381515862414,5.034073707103555,2,2,-1.7473078087588592,78.0,1.0,5585.808017,110.0,sbp_alt
61037,38.0,1.0,169.0,55.0,111.0,20.87,86.21225600738919,0.0,1.0,0.0,0.0,2.0,5.31,5.45,0.5446522497054052,0.5467725654512311,0,0,0.0021203157458259403,77.0,2.0,22459.008911,114.0,sbp_alt
61042,34.0,1.0,195.0,72.0,99.0,19.13,120.23716734931925,0.0,0.0,0.0,0.0,2.0,16.62,40.68,0.17645086992752604,0.2017778087990316,0,0,0.025326938871505555,88.0,1.0,51176.388512,100.0,sbp_alt
61044,41.0,1.0,192.0,78.0,111.0,24.8,112.14025139426158,0.0,0.0,0.0,0.0,2.0,4.84,4.1,0.23908183098846628,0.23321373409756055,0,0,-0.005868096890905727,86.0,1.0,30453.858214,109.33333333333333,sbp_alt
61048,54.0,0.0,200.0,56.0,116.0,22.44,103.62936284769019,0.0,1.0,0.0,0.0,,6.14,12.1,2.914271152935351,3.218519473787706,0,1,0.3042483208523552,85.0,2.0,90003.659124,117.33333333333333,sbp_alt
61049,69.0,0.0,289.0,57.0,129.0,26.29,90.04600283733936,0.0,1.0,0.0,0.0,,8.47,11.08,11.612786270364097,12.035652386472682,3,3,0.42286611610858493,81.0,1.0,7200.115955,132.66666666666666,sbp_alt
61051,44.0,1.0,237.0,44.0,101.0,23.35,97.48848036188426,0.0,0.0,0.0,0.0,2.0,5.49,3.21,0.820542317756807,0.7575101303349729,0,0,-0.06303218742183403,78.0,2.0,86519.30926,98.66666666666667,sbp_alt
61053,78.0,0.0,155.0,67.0,170.0,29.95,44.83541363572302,1.0,0.0,1.0,0.0,,35.0,49.19,20.802112566078073,21.661530243658973,3,3,0.8594176775809004,84.0,1.0,11329.112652,173.33333333333334,sbp_alt
61058,31.0,0.0,204.0,38.0,132.0,39.62,109.74374946445099,0.0,0.0,0.0,0.0,,3.54,3.51,0.6826404312110309,0.6817696588529422,0,0,-0.000870772358088745,84.0,1.0,23817.094228,130.66666666666666,sbp_alt
61059,36.0,0.0,252.0,53.0,122.0,28.63,113.89837473009679,0.0,1.0,0.0,0.0,,2.2,4.92,1.190792816055003,1.342616078630494,0,0,0.15182326257549095,89.0,2.0,55300.437963,121.33333333333333,sbp_alt
61060,36.0,1.0,187.0,78.0,111.0,26.14,91.00128413913762,0.0,1.0,0.0,0.0,2.0,6.07,2.42,0.3013993706214599,0.26263739118231993,0,0,-0.03876197943913995,88.0,1.0,28833.699747,111.33333333333333,sbp_alt
61062,72.0,1.0,190.0,55.0,140.0,27.2,92.80703767439074,0.0,0.0,1.0,1.0,,21.2,2.75,8.926730009019654,6.728120691439873,2,2,-2.1986093175797805,81.0,2.0,38087.107887,142.66666666666666,sbp_alt
61063,71.0,1.0,184.0,65.0,142.0,22.88,50.93045517389772,1.0,0.0,1.0,1.0,,11.11,1.94,11.599020447718472,9.170865521889256,3,2,-2.428154925829215,85.0,2.0,21141.633727,141.33333333333334,sbp_alt
61065,44.0,0.0,206.0,35.0,116.0,28.06,74.97271268786355,0.0,1.0,0.0,0.0,,3.26,2.77,2.039743182531342,1.991172295166102,0,0,-0.04857088736524018,84.0,2.0,18517.344718,117.33333333333333,sbp_alt
61069,38.0,0.0,194.0,60.0,127.0,31.55,78.59567043176304,0.0,0.0,0.0,0.0,,11.07,3.35,0.7412603915665471,0.6196043322037966,0,0,-0.12165605936275048,76.0,2.0,68882.984455,126.66666666666667,sbp_alt
61073,70.0,0.0,173.0,37.0,127.0,26.54,92.5050162792939,0.0,0.0,0.0,0.0,,7.16,5.69,8.167670810758185,7.9111401661238805,2,2,-0.25653064463430475,77.0,2.0,35523.208227,125.33333333333333,sbp_alt
61078,65.0,0.0,160.0,49.0,101.0,32.58,104.08827717039736,1.0,1.0,0.0,0.0,,109.24,118.06,13.501193161617616,13.638709730567182,3,3,0.13751656894956632,77.0,2.0,61916.952446,100.0,sbp_alt
61079,44.0,0.0,151.0,33.0,135.0,32.26,96.33249047617024,0.0,1.0,0.0,0.0,,3.59,6.73,2.3416289801213344,2.5687387565110598,0,0,0.2271097763897254,87.0,2.0,20509.60003,132.66666666666666,sbp_alt
61080,46.0,0.0,184.0,44.0,152.0,32.42,87.6528351951641,0.0,0.0,1.0,0.0,,5.2,2.87,2.712926636506084,2.485835534470138,0,0,-0.22709110203594562,87.0,2.0,20849.684194,152.0,sbp_alt
61081,62.0,0.0,313.0,52.0,111.0,29.21,75.9006793218729,0.0,0.0,0.0,0.0,,3.5,4.02,5.041505231916142,5.14259067797661,2,2,0.10108544606046799,77.0,1.0,54784.845182,116.0,sbp_alt
61085,51.0,1.0,196.0,74.0,124.0,24.91,96.33000919016202,0.0,0.0,0.0,0.0,,3.46,4.41,0.82702969050958,0.8574426728519859,0,0,0.03041298234240597,83.0,2.0,108209.282855,126.0,sbp_alt
61088,64.0,1.0,155.0,54.0,117.0,35.56,77.55090599096587,0.0,0.0,1.0,1.0,,5.25,4.92,3.2640793786939826,3.2334463193443463,1,1,-0.030633059349636227,83.0,1.0,80888.133133,118.66666666666667,sbp_alt
61091,59.0,1.0,226.0,94.0,136.0,22.01,100.98757605827362,0.0,0.0,0.0,0.0,,6.27,10.34,1.6781274219443945,1.8066387003202775,0,0,0.12851127837588305,85.0,1.0,83098.701741,138.0,sbp_alt
61094,41.0,0.0,181.0,40.0,116.0,26.85,113.17655952541588,0.0,0.0,0.0,0.0,,4.17,4.48,0.8139746745951837,0.8227636026336185,0,0,0.008788928038434785,85.0,1.0,18226.446244,116.66666666666667,sbp_alt
61102,62.0,0.0,185.0,50.0,100.0,27.27,94.05274868234349,1.0,0.0,0.0,0.0,,3.65,3.42,6.034521555606145,5.979030279547073,2,2,-0.05549127605907156,78.0,2.0,11071.371044,103.33333333333333,sbp_alt
61103,42.0,0.0,238.0,85.0,121.0,23.18,110.86864280469636,0.0,0.0,0.0,0.0,,5.93,2.88,0.6255780060487062,0.5613025303202416,0,0,-0.06427547572846459,75.0,2.0,27378.199535,122.66666666666667,sbp_alt
61104,47.0,1.0,169.0,49.0,106.0,28.21,113.70059034885377,0.0,1.0,1.0,0.0,,12.73,7.2,1.657567621746495,1.523727839919128,0,0,-0.1338397818273669,86.0,1.0,17702.790493,105.0,sbp_alt
61106,53.0,0.0,211.0,39.0,102.0,30.91,91.088535552537,0.0,1.0,0.0,0.0,,3.83,2.92,3.463549775386575,3.329159023327061,1,1,-0.134390752059514,88.0,1.0,11572.031297,106.0,sbp_alt
61107,32.0,0.0,180.0,39.0,104.0,30.33,84.07922579700514,0.0,0.0,0.0,0.0,,2.73,25.0,0.37837282902558156,0.5278411655712109,0,0,0.1494683365456293,75.0,2.0,17498.238159,103.33333333333333,sbp_alt
61108,53.0,0.0,185.0,55.0,125.0,26.76,94.5149423493131,0.0,0.0,0.0,1.0,,2.46,4.25,1.5995179136245448,1.7347979264971707,0,0,0.13528001287262592,83.0,2.0,84942.315961,125.33333333333333,sbp_alt
61110,58.0,1.0,145.0,42.0,104.0,41.09,93.72382425083185,1.0,0.0,1.0,0.0,,7.3,3.15,4.834929096659962,4.286373749530942,1,1,-0.5485553471290192,81.0,2.0,28522.937384,106.0,sbp_alt
61119,51.0,1.0,194.0,84.0,93.0,18.01,106.53050320871651,0.0,0.0,0.0,0.0,,9.47,7.83,0.6361885143787945,0.6183940593079961,0,0,-0.017794455070798465,86.0,1.0,91691.203392,92.66666666666667,sbp_alt
61121,57.0,1.0,162.0,65.0,106.0,28.14,97.4608234720502,0.0,0.0,0.0,0.0,,5.64,6.41,1.2334277683578858,1.257052538827419,0,0,0.023624770469533152,88.0,2.0,86709.864461,106.66666666666667,sbp_alt
61126,74.0,0.0,144.0,34.0,131.0,32.7,69.68145644210134,1.0,0.0,1.0,1.0,,6.05,4.5,13.40739494863919,12.896925005261627,3,3,-0.5104699433775632,82.0,1.0,35823.460214,131.33333333333334,sbp_alt
61127,38.0,0.0,256.0,41.0,114.0,34.4,105.06855051128726,0.0,1.0,0.0,0.0,,15.14,14.34,1.9190571083616097,1.9036876431766294,0,0,-0.01536946518498028,88.0,1.0,52195.467501,114.66666666666667,sbp_alt
61133,66.0,1.0,236.0,64.0,162.0,40.33,43.73148710072633,1.0,0.0,1.0,1.0,,6.12,1.72,13.72194515453438,11.617935136863828,3,3,-2.104010017670552,81.0,2.0,17057.398655,162.66666666666666,sbp_alt
61140,60.0,1.0,266.0,49.0,135.0,33.5,85.58024785216206,0.0,0.0,0.0,0.0,,4.64,3.54,3.5533512045108155,3.4167355252957643,1,1,-0.13661567921505124,77.0,1.0,60851.686967,132.0,sbp_alt
61141,61.0,0.0,150.0,47.0,126.0,21.19,78.95094987627384,0.0,0.0,0.0,0.0,,4.35,2.63,3.449432147902974,3.20512507679842,1,1,-0.2443070711045543,84.0,2.0,52398.27782,123.33333333333333,sbp_alt
61144,69.0,0.0,193.0,49.0,104.0,43.36,66.79614875274244,0.0,1.0,1.0,1.0,,11.14,6.49,10.807692442108511,10.04600948806817,3,3,-0.7616829540403405,87.0,2.0,6710.314132,106.66666666666667,sbp_alt
61145,32.0,0.0,178.0,90.0,115.0,25.98,117.57162615510919,1.0,0.0,0.0,0.0,,2.98,1.45,0.41627678296979626,0.37353061130413207,0,0,-0.04274617166566419,76.0,2.0,18875.984973,116.0,sbp_alt
61154,44.0,1.0,246.0,58.0,91.0,30.66,91.74029836992489,0.0,0.0,0.0,0.0,2.0,3.38,2.45,0.629394373502894,0.5998907717012226,0,0,-0.02950360180167133,89.0,2.0,13949.293547,92.66666666666667,sbp_alt
61155,63.0,1.0,207.0,51.0,116.0,37.62,61.81627347932386,0.0,0.0,1.0,0.0,,7.92,4.46,4.216654646809114,3.881899709375961,1,1,-0.3347549374331531,83.0,1.0,80888.133133,115.33333333333333,sbp_alt
61156,64.0,1.0,218.0,52.0,158.0,,78.6734704571138,0.0,0.0,1.0,0.0,,10.16,7.05,6.83554194793706,6.4943479169564196,2,2,-0.34119403098064005,77.0,1.0,16280.607991,154.0,sbp_alt
61159,30.0,1.0,132.0,36.0,103.0,15.95,67.12157598902085,0.0,1.0,0.0,0.0,2.0,7.57,9.85,0.42126106851347805,0.4381699013559974,0,0,0.016908832842519372,80.0,1.0,43181.860913,104.0,sbp_alt
61161,43.0,1.0,212.0,42.0,91.0,22.72,114.14573969680004,0.0,1.0,0.0,0.0,2.0,4.33,5.21,1.2016492534297925,1.2350741180392146,0,0,0.03342486460942218,75.0,2.0,98425.171965,94.66666666666667,sbp_alt
61163,48.0,1.0,211.0,31.0,108.0,32.11,108.13817395799143,0.0,0.0,0.0,0.0,,17.24,7.86,1.413271163538543,1.2580560568135712,0,0,-0.15521510672497185,82.0,2.0,22758.235199,108.66666666666667,sbp_alt
61164,69.0,0.0,187.0,31.0,115.0,29.83,90.04600283733936,0.0,1.0,0.0,0.0,,10.14,7.58,10.111502971230864,9.719076169368632,3,2,-0.3924268018622321,75.0,1.0,9590.4584,114.66666666666667,sbp_alt
61165,35.0,1.0,171.0,56.0,111.0,25.31,104.73092239364075,0.0,0.0,0.0,0.0,2.0,3.26,6.46,0.1995941699172933,0.2211273805018176,0,0,0.021533210584524287,89.0,1.0,14913.47286,112.0,sbp_alt
61166,38.0,1.0,228.0,33.0,150.0,37.64,95.22833560213161,0.0,0.0,0.0,0.0,2.0,312.5,18.82,3.178080130067413,2.107452149951258,1,0,-1.070627980116155,81.0,1.0,65846.13843,150.0,sbp_alt
61167,41.0,0.0,179.0,75.0,105.0,24.22,74.19011237291771,0.0,0.0,0.0,0.0,,6.89,3.03,0.45604613700066016,0.403054749148016,0,0,-0.05299138785264418,85.0,1.0,72486.78935,106.0,sbp_alt
61172,55.0,1.0,198.0,95.0,92.0,23.02,91.04208962485207,0.0,0.0,0.0,1.0,,6.77,4.13,0.6957606333343699,0.6463296282272526,0,0,-0.04943100510711729,86.0,3.0,71724.177475,94.0,sbp_alt
61174,32.0,0.0,188.0,55.0,124.0,28.14,125.0136162199124,0.0,1.0,0.0,0.0,,3.99,4.63,0.7058043730829425,0.7217237630391483,0,0,0.015919389956205787,86.0,3.0,13780.597684,122.66666666666667,sbp_alt
61175,44.0,1.0,277.0,76.0,105.0,23.41,93.118117274328,0.0,0.0,0.0,0.0,2.0,18.39,4.62,0.6111661081411838,0.4972704886804948,0,0,-0.11389561946068899,77.0,2.0,21052.826838,104.66666666666667,sbp_alt
61178,64.0,0.0,270.0,41.0,120.0,36.57,74.96242852039481,1.0,1.0,0.0,0.0,,2.64,0.99,12.159250526266405,10.663841020900644,3,3,-1.4954095053657603,89.0,2.0,6230.506123,122.66666666666667,sbp_alt
61181,50.0,0.0,145.0,36.0,154.0,26.28,80.0326779581384,0.0,1.0,1.0,1.0,,12.66,5.0,4.996983704710167,4.371513820415534,1,1,-0.6254698842946329,75.0,2.0,28250.716608,152.66666666666666,sbp_alt
61182,46.0,1.0,203.0,48.0,117.0,31.36,109.49166170364069,0.0,0.0,1.0,0.0,,9.92,4.39,1.1527228317238374,1.0212963633634122,0,0,-0.13142646836042515,77.0,2.0,21052.826838,119.33333333333333,sbp_alt
61185,54.0,0.0,280.0,35.0,97.0,30.34,87.33830108299492,0.0,0.0,0.0,0.0,,3.19,3.04,3.669125080827161,3.64350501487811,1,1,-0.025620065949051085,88.0,1.0,9731.188016,96.66666666666667,sbp_alt
61189,37.0,1.0,166.0,51.0,96.0,23.39,106.79997729856711,0.0,0.0,0.0,0.0,2.0,32.98,5.06,0.37342377236648794,0.2820887932310303,0,0,-0.09133497913545763,87.0,1.0,25936.820943,99.33333333333333,sbp_alt
61196,41.0,0.0,144.0,40.0,137.0,47.49,95.8191680907782,0.0,0.0,0.0,0.0,,5.56,3.2,1.123458895959306,1.0344690053097063,0,0,-0.08898989064959961,81.0,2.0,94749.208784,137.33333333333334,sbp_alt
61202,50.0,1.0,308.0,52.0,126.0,28.09,82.25039340929003,0.0,0.0,0.0,0.0,,11.28,3.85,2.153540254083937,1.8385056443931542,0,0,-0.3150346096907828,86.0,2.0,11653.644872,123.33333333333333,sbp_alt
61203,59.0,1.0,200.0,34.0,145.0,48.3,73.6437755565096,0.0,0.0,1.0,0.0,,486.57,152.38,9.577211965163299,8.170514234874261,2,2,-1.4066977302890376,85.0,1.0,11067.318779,143.33333333333334,sbp_alt
61206,66.0,0.0,257.0,56.0,152.0,25.89,90.55935413203161,0.0,0.0,0.0,1.0,,3.37,2.52,8.391511164252979,8.060210906969223,2,2,-0.3313002572837558,81.0,2.0,10840.376763,153.33333333333334,sbp_alt
61208,44.0,1.0,197.0,49.0,113.0,25.5,81.9358876424416,0.0,1.0,0.0,0.0,2.0,8.89,2.71,1.2606065424425907,1.0568712441470502,0,0,-0.2037352982955405,80.0,2.0,20013.359204,112.66666666666667,sbp_alt
61219,68.0,1.0,161.0,41.0,162.0,28.48,88.07241904460619,0.0,0.0,0.0,0.0,,26.46,8.27,8.85304231946179,7.541746496404618,2,2,-1.311295823057173,84.0,2.0,5133.304707,161.0,sbp_alt
61220,34.0,1.0,182.0,43.0,99.0,33.27,117.97585622866464,0.0,0.0,0.0,0.0,2.0,5.06,2.42,0.28066022254262335,0.25131556666078664,0,0,-0.029344655881836712,81.0,2.0,71929.361138,98.66666666666667,sbp_alt
61222,51.0,1.0,180.0,51.0,120.0,33.36,99.50563731959164,0.0,0.0,0.0,0.0,,4.58,4.81,1.1168885691713228,1.125041560741235,0,0,0.008152991569912116,88.0,2.0,11556.695436,119.33333333333333,sbp_alt
61224,67.0,0.0,220.0,71.0,136.0,27.68,75.21480615361708,0.0,0.0,0.0,0.0,,7.0,2.45,6.099487502635933,5.252248227607214,2,2,-0.847239275028719,86.0,1.0,10576.929411,136.0,sbp_alt
61227,61.0,1.0,196.0,51.0,183.0,28.29,100.86371246697986,0.0,0.0,0.0,1.0,,16.67,12.81,6.743119997615068,6.498689861558876,2,2,-0.24443013605619157,79.0,1.0,69887.73768,184.66666666666666,sbp_alt
61229,40.0,1.0,244.0,60.0,94.0,22.14,110.16310870388523,0.0,0.0,0.0,0.0,2.0,3.6,3.5,0.4178716401788367,0.41611550559231714,0,0,-0.0017561345865195754,79.0,2.0,73773.739913,94.66666666666667,sbp_alt
61230,65.0,1.0,237.0,61.0,193.0,40.98,78.18569494027969,0.0,0.0,0.0,0.0,,36.55,31.47,10.335987309354552,10.129635007258344,3,3,-0.20635230209620836,80.0,2.0,77758.252044,193.33333333333334,sbp_alt
61232,72.0,1.0,165.0,45.0,135.0,28.17,80.64926896953644,0.0,0.0,1.0,1.0,,5.28,3.5,7.674938346082559,7.248832442739895,2,2,-0.4261059033426644,82.0,2.0,13516.779452,134.0,sbp_alt
61235,35.0,1.0,181.0,54.0,121.0,27.72,91.56901201362206,0.0,1.0,0.0,0.0,2.0,6.0,4.75,0.6235526640827319,0.6021926947624759,0,0,-0.021359969320255967,80.0,1.0,16169.588736,120.0,sbp_alt
61238,47.0,0.0,227.0,76.0,144.0,22.65,93.41830841115338,0.0,0.0,1.0,1.0,,3.66,3.97,1.6696455774870247,1.6899221843545589,0,0,0.020276606867534186,76.0,2.0,68566.199782,142.66666666666666,sbp_alt
61239,56.0,1.0,191.0,62.0,107.0,34.6,108.97434156615849,1.0,0.0,1.0,1.0,,7.37,4.93,3.227012190221514,3.0437428705048557,1,1,-0.18326931971665816,88.0,2.0,77376.076869,108.66666666666667,sbp_alt
61242,43.0,0.0,316.0,32.0,125.0,25.26,99.3367502559088,0.0,1.0,0.0,0.0,,10.36,4.79,4.771372653781378,4.2691048990201805,1,1,-0.5022677547611973,79.0,1.0,21301.379538,126.66666666666667,sbp_alt
61248,60.0,1.0,221.0,41.0,126.0,31.52,91.08618933780032,1.0,0.0,1.0,0.0,,11.09,5.93,8.09367754416211,7.421568693789326,2,2,-0.6721088503727843,84.0,1.0,15497.580757,128.0,sbp_alt
61252,37.0,0.0,179.0,23.0,159.0,35.06,104.40386951914022,0.0,1.0,0.0,0.0,,36.59,15.67,5.308326541038879,4.7002669991718316,2,1,-0.6080595418670471,78.0,2.0,33061.224604,162.66666666666666,sbp_alt
61253,49.0,0.0,181.0,42.0,108.0,35.85,106.52111279397073,1.0,0.0,0.0,0.0,,4.78,4.17,2.9162594531907686,2.8584537506866874,0,0,-0.057805702504081236,85.0,2.0,20283.608634,110.66666666666667,sbp_alt
61257,40.0,1.0,161.0,40.0,124.0,48.54,119.28622223235253,0.0,0.0,0.0,0.0,3.0,5.88,0.33,0.5997554186735881,0.3900387541351281,0,0,-0.20971666453845994,76.0,2.0,83309.69139,123.33333333333333,sbp_alt
61258,38.0,1.0,242.0,56.0,100.0,31.86,117.28290265346558,0.0,0.0,0.0,0.0,2.0,2.82,3.59,0.35913448633991607,0.3723395009737322,0,0,0.013205014633816126,79.0,2.0,28986.630262,100.0,sbp_alt
61259,49.0,0.0,190.0,66.0,125.0,19.75,92.2635123866304,0.0,1.0,0.0,0.0,,9.55,7.82,2.164623968810299,2.10162442479472,0,0,-0.06299954401557883,89.0,1.0,15175.607764,126.66666666666667,sbp_alt
61261,62.0,0.0,162.0,48.0,139.0,37.27,102.86878441383074,1.0,0.0,0.0,1.0,,6.93,5.19,6.598637547436124,6.3345958223564365,2,2,-0.2640417250796876,86.0,1.0,59035.504595,139.33333333333334,sbp_alt
61265,70.0,0.0,205.0,30.0,150.0,30.75,72.21669386019647,0.0,0.0,0.0,0.0,,9.11,4.5,11.894829566132678,10.82316904308398,3,3,-1.0716605230486973,87.0,1.0,41267.643323,150.0,sbp_alt
61269,37.0,0.0,219.0,28.0,142.0,33.91,89.64586814075305,0.0,1.0,0.0,0.0,,4.49,2.47,3.047918477945009,2.792243426770785,1,0,-0.25567505117422407,81.0,2.0,77176.460949,138.66666666666666,sbp_alt
61270,49.0,1.0,192.0,54.0,129.0,19.16,86.36612254006826,0.0,0.0,0.0,0.0,,5.44,3.71,1.2040286642327427,1.137561618783524,0,0,-0.06646704544921866,77.0,1.0,76603.798386,128.0,sbp_alt
61276,59.0,0.0,154.0,48.0,109.0,27.17,97.08904675313786,0.0,0.0,0.0,0.0,,5.93,4.7,2.526872475687602,2.4418378148741464,0,0,-0.08503466081345579,81.0,1.0,13666.884857,112.66666666666667,sbp_alt
61280,55.0,1.0,251.0,100.0,94.0,22.11,91.04208962485207,0.0,0.0,0.0,0.0,,5.33,3.64,0.8115174604729549,0.7667079931342745,0,0,-0.04480946733868041,77.0,1.0,95158.077948,97.33333333333333,sbp_alt
61286,31.0,1.0,190.0,63.0,101.0,35.2,102.49501894446688,0.0,0.0,0.0,0.0,2.0,5.76,4.33,0.14630107594185426,0.1401744610210017,0,0,-0.006126614920852563,83.0,1.0,61425.654084,100.66666666666667,sbp_alt
61294,32.0,1.0,216.0,46.0,104.0,38.22,119.4524751675974,0.0,1.0,0.0,0.0,2.0,7.08,4.68,0.5447652707628958,0.5121085211178665,0,0,-0.03265674964502929,83.0,1.0,23407.555929,103.33333333333333,sbp_alt
61298,57.0,0.0,218.0,53.0,120.0,25.56,76.62320184642616,0.0,0.0,0.0,0.0,,3.65,3.95,2.7909364480120313,2.8234800245629885,0,0,0.03254357655095719,87.0,1.0,105231.671887,118.0,sbp_alt
61300,39.0,1.0,176.0,40.0,97.0,24.7,116.55574865701409,0.0,0.0,0.0,0.0,2.0,4.4,4.23,0.4282463304391797,0.425731407263278,0,0,-0.0025149231759016843,75.0,2.0,61739.600243,97.33333333333333,sbp_alt
61303,35.0,1.0,204.0,49.0,102.0,40.7,119.96864882040761,0.0,0.0,0.0,0.0,2.0,28.49,9.71,0.3796300643005287,0.32316833372050785,0,0,-0.05646173058002085,87.0,1.0,25936.820943,102.66666666666667,sbp_alt
61306,55.0,1.0,192.0,47.0,122.0,25.75,64.21351119375277,0.0,1.0,0.0,0.0,,15.14,14.97,3.587306598044237,3.581448221283536,1,1,-0.005858376760701223,83.0,2.0,29615.973733,125.33333333333333,sbp_alt
61319,30.0,1.0,174.0,47.0,109.0,25.26,127.51367786495405,0.0,0.0,0.0,0.0,2.0,5.35,2.61,0.16585431820471466,0.14893797309569531,0,0,-0.01691634510901935,88.0,1.0,15101.432598,111.33333333333333,sbp_alt
61322,42.0,0.0,319.0,53.0,111.0,28.31,91.93841868838255,0.0,1.0,0.0,0.0,,2.74,4.03,2.007698811597179,2.125581446542479,0,0,0.11788263494530016,86.0,1.0,80523.693485,110.0,sbp_alt
61326,57.0,1.0,180.0,37.0,171.0,28.4,104.62744031263121,1.0,1.0,0.0,0.0,,16.64,14.16,16.624270094500567,16.29116664909469,3,3,-0.3331034454058752,76.0,2.0,24911.53081,170.0,sbp_alt
61329,61.0,0.0,153.0,48.0,125.0,29.67,100.3103263877649,0.0,0.0,1.0,1.0,,4.21,3.83,3.3955772384964904,3.349029265997294,1,1,-0.04654797249919662,81.0,2.0,57398.774363,125.33333333333333,sbp_alt
61332,40.0,0.0,258.0,56.0,123.0,39.87,86.08975612426984,0.0,0.0,1.0,0.0,,2.08,2.31,1.1120279111478413,1.1295794334271494,0,0,0.017551522279308118,81.0,2.0,27557.819396,121.33333333333333,sbp_alt
61333,40.0,0.0,148.0,51.0,102.0,28.42,95.28375110001366,0.0,0.0,0.0,0.0,,3.45,2.89,0.504107090690201,0.4908682233641885,0,0,-0.013238867326012482,78.0,2.0,28419.766067,102.0,sbp_alt
61336,66.0,0.0,184.0,45.0,117.0,30.05,53.5892728572878,1.0,0.0,1.0,0.0,,118.67,24.15,15.62924394209889,12.71395838049432,3,3,-2.91528556160457,83.0,2.0,9874.558493,120.0,sbp_alt
61338,58.0,0.0,197.0,54.0,125.0,23.81,86.20555791652036,0.0,0.0,1.0,0.0,,6.14,3.0,3.780688140717652,3.4063312939760406,1,1,-0.3743568467416112,81.0,1.0,13715.700749,125.33333333333333,sbp_alt
61340,56.0,1.0,274.0,74.0,116.0,29.45,116.79775338642156,0.0,0.0,0.0,0.0,,9.6,5.59,1.4995803021402534,1.3842685444087572,0,0,-0.11531175773149616,85.0,1.0,11193.671799,115.33333333333333,sbp_alt
61342,38.0,1.0,316.0,30.0,140.0,37.81,123.64083825274062,0.0,0.0,0.0,0.0,2.0,295.0,14.83,3.8317982914805926,2.480295034857809,1,0,-1.3515032566227836,80.0,2.0,18759.085729,142.66666666666666,sbp_alt
61343,48.0,0.0,173.0,70.0,136.0,21.13,101.28647410045195,0.0,0.0,0.0,0.0,,17.35,3.67,1.4864964823869586,1.1793460971693455,0,0,-0.3071503852176132,76.0,1.0,87242.435903,142.0,sbp_alt
61349,63.0,1.0,208.0,72.0,156.0,30.18,83.99830396012484,0.0,0.0,1.0,0.0,,5.77,4.6,4.501710367064709,4.35769965947541,1,1,-0.1440107075892998,79.0,2.0,81142.658346,155.33333333333334,sbp_alt
61353,54.0,0.0,176.0,58.0,139.0,25.34,88.37700857622673,0.0,0.0,0.0,0.0,,13.44,3.08,2.8256985737284435,2.2748816521017967,0,0,-0.5508169216266467,78.0,2.0,14717.191175,140.66666666666666,sbp_alt
61356,73.0,1.0,164.0,47.0,143.0,34.47,30.814677513415432,0.0,0.0,0.0,0.0,,20.13,3.51,12.058987060055808,9.54307571530986,3,2,-2.5159113447459482,81.0,1.0,39446.870985,143.33333333333334,sbp_alt
61360,46.0,0.0,166.0,34.0,108.0,30.23,82.04863859397764,0.0,0.0,0.0,0.0,,2.67,3.11,1.0722999786040843,1.0970133019905612,0,0,0.024713323386476915,77.0,1.0,84551.439388,108.0,sbp_alt
61362,60.0,1.0,208.0,87.0,167.0,28.74,103.9707528939343,0.0,0.0,1.0,0.0,,3.73,4.6,3.1140615085829433,3.2104315889955672,1,1,0.09637008041262396,78.0,2.0,18721.249999,167.33333333333334,sbp_alt
61365,61.0,1.0,205.0,66.0,113.0,36.12,99.73921207757469,0.0,0.0,1.0,0.0,,6.13,3.96,2.525530154717598,2.3689811781785397,0,0,-0.15654897653905842,77.0,2.0,23288.478748,114.0,sbp_alt
61369,57.0,0.0,237.0,64.0,134.0,28.75,71.24683384302266,0.0,0.0,1.0,0.0,,4.7,4.09,3.9201050329618052,3.841797949164799,1,1,-0.07830708379700635,79.0,1.0,90382.442658,134.66666666666666,sbp_alt
61373,30.0,1.0,271.0,73.0,126.0,42.13,121.39341747138397,0.0,0.0,0.0,0.0,2.0,3.46,2.46,0.2371887395347491,0.22537529787309743,0,0,-0.011813441661651658,79.0,1.0,64527.134074,127.33333333333333,sbp_alt
61378,73.0,0.0,197.0,50.0,133.0,27.05,84.51571603599076,0.0,0.0,0.0,0.0,,10.93,10.0,10.495770273672811,10.370288300954938,3,3,-0.1254819727178731,81.0,1.0,12635.930248,133.33333333333334,sbp_alt
61379,38.0,1.0,196.0,45.0,116.0,32.44,78.64658875386627,0.0,0.0,0.0,0.0,2.0,6.4,10.35,0.5095907042152568,0.5475141969807724,0,0,0.037923492765515654,88.0,1.0,15043.817796,116.66666666666667,sbp_alt
61380,74.0,0.0,162.0,76.0,117.0,31.57,55.093995831256116,1.0,0.0,1.0,1.0,,4.08,8.47,8.77886782032408,9.703269697815593,2,2,0.9244018774915119,81.0,1.0,12635.930248,118.66666666666667,sbp_alt
61384,30.0,1.0,145.0,50.0,112.0,33.45,120.94757588373878,0.0,0.0,0.0,0.0,2.0,7.97,6.06,0.14546544049974433,0.1396120642532873,0,0,-0.005853376246457043,84.0,1.0,53978.982896,110.0,sbp_alt
61405,63.0,1.0,166.0,49.0,145.0,30.04,100.79513131538381,0.0,0.0,0.0,0.0,,7.82,9.71,4.146957818607991,4.278075560959377,1,1,0.1311177423513863,81.0,1.0,7084.376544,150.0,sbp_alt
61407,39.0,0.0,219.0,45.0,110.0,34.58,118.20131464881989,1.0,0.0,0.0,0.0,,8.86,5.8,2.003698914244647,1.8818539070220026,0,0,-0.12184500722264446,88.0,1.0,26569.519415,114.0,sbp_alt
61411,72.0,0.0,156.0,48.0,125.0,22.49,63.61570798067002,0.0,0.0,1.0,1.0,,8.37,4.11,8.623081943922692,7.813566893673169,2,2,-0.809515050249523,75.0,2.0,12378.492771,123.33333333333333,sbp_alt
61414,74.0,0.0,162.0,39.0,114.0,30.37,65.41566488455183,0.0,0.0,1.0,1.0,,106.78,50.34,14.90242127743507,13.519008111064384,3,3,-1.383413166370687,79.0,1.0,34006.183648,113.33333333333333,sbp_alt
61415,39.0,0.0,196.0,43.0,103.0,30.71,109.94877345234129,0.0,0.0,0.0,1.0,,2.58,2.16,0.6182560857541561,0.6019866614499443,0,0,-0.016269424304211855,79.0,2.0,15234.0146,103.33333333333333,sbp_alt
61417,43.0,1.0,163.0,66.0,111.0,21.03,80.27743872182762,0.0,0.0,0.0,0.0,2.0,4.34,1.87,0.3452978438496901,0.3044249447897202,0,0,-0.04087289905996988,76.0,1.0,22361.297747,112.66666666666667,sbp_alt
61422,44.0,0.0,170.0,58.0,113.0,38.06,111.91597231788941,0.0,0.0,0.0,0.0,,4.62,3.23,0.6811445294204336,0.6455389425813636,0,0,-0.03560558683907,81.0,1.0,21181.316627,113.33333333333333,sbp_alt
61429,51.0,1.0,224.0,31.0,93.0,33.02,114.03780308635295,1.0,0.0,1.0,0.0,,8.16,33.11,5.075127016275469,6.189194565939044,2,2,1.1140675496635746,88.0,1.0,10168.947324,92.0,sbp_alt
61433,33.0,0.0,157.0,74.0,141.0,22.28,108.3871455208212,0.0,0.0,0.0,0.0,,6.39,4.91,0.3972947752906667,0.38185809105089086,0,0,-0.015436684239775844,79.0,2.0,20657.463731,140.66666666666666,sbp_alt
61435,52.0,0.0,175.0,39.0,140.0,22.31,84.44227448614791,0.0,1.0,0.0,0.0,,5.0,3.57,4.259821577554139,4.057114946482775,1,1,-0.2027066310713641,78.0,1.0,77872.686301,140.66666666666666,sbp_alt
61439,58.0,1.0,254.0,33.0,125.0,36.19,107.62724870442793,1.0,0.0,1.0,0.0,,18.93,11.74,9.205376849543137,8.623223584930845,2,2,-0.5821532646122929,81.0,1.0,13091.269928,124.0,sbp_alt
61441,53.0,1.0,147.0,57.0,119.0,31.48,96.68409555865611,1.0,1.0,1.0,1.0,,5.75,2.85,4.306149413822289,3.892268971072518,1,1,-0.41388044274977087,84.0,2.0,25721.889396,120.66666666666667,sbp_alt
61442,52.0,1.0,229.0,88.0,142.0,24.46,115.6806909623652,0.0,0.0,0.0,0.0,,17.36,5.0,1.3333378294414857,1.1086016899683404,0,0,-0.2247361394731453,81.0,2.0,106104.605651,142.0,sbp_alt
61445,46.0,1.0,212.0,93.0,104.0,23.58,104.36170362805939,0.0,0.0,0.0,0.0,,6.03,4.31,0.32397677585740087,0.3080983000245586,0,0,-0.015878475832842243,84.0,1.0,63386.839663,104.66666666666667,sbp_alt
61446,62.0,1.0,173.0,81.0,119.0,24.38,92.92586280348077,1.0,0.0,1.0,1.0,,4.76,3.79,3.519971518928938,3.40562145695308,1,1,-0.11435006197585817,78.0,1.0,13070.875072,118.0,sbp_alt
61447,45.0,0.0,135.0,42.0,122.0,43.44,112.5133463707831,0.0,0.0,0.0,0.0,,3.55,2.64,0.9342472821071995,0.8937501239458867,0,0,-0.04049715816131283,76.0,2.0,92531.23983,124.66666666666667,sbp_alt
61449,39.0,0.0,179.0,64.0,109.0,27.82,81.32368052381018,0.0,1.0,0.0,0.0,,11.09,4.03,0.8121895105025758,0.6978640906438098,0,0,-0.11432541985876599,84.0,1.0,23790.496586,112.0,sbp_alt
61471,52.0,1.0,204.0,80.0,123.0,22.2,94.22318911704791,0.0,0.0,1.0,0.0,,11.77,5.97,1.237808649655995,1.1192276952777132,0,0,-0.11858095437828187,87.0,2.0,93109.959096,122.66666666666667,sbp_alt
61476,44.0,0.0,215.0,63.0,156.0,30.77,68.20972589286554,0.0,1.0,0.0,0.0,,29.87,10.71,4.106758309516001,3.5383459204780445,1,1,-0.5684123890379569,89.0,1.0,15175.607764,158.0,sbp_alt
61478,48.0,0.0,208.0,76.0,118.0,22.84,88.57088500812246,0.0,0.0,0.0,0.0,,5.48,4.14,0.9752688699055286,0.9352124948859125,0,0,-0.04005637501961612,76.0,1.0,66422.574134,118.66666666666667,sbp_alt
61479,63.0,0.0,187.0,50.0,105.0,26.98,86.64521559243006,1.0,1.0,1.0,1.0,,9.34,3.78,10.497309418813513,9.28141498332066,3,2,-1.215894435492853,75.0,1.0,7737.568458,105.33333333333333,sbp_alt
61480,40.0,1.0,270.0,61.0,109.0,27.04,115.83310301534061,0.0,0.0,0.0,0.0,2.0,6.22,4.81,0.47129368800426313,0.4535328327954591,0,0,-0.01776085520880405,87.0,2.0,18949.098086,109.33333333333333,sbp_alt
61482,59.0,1.0,314.0,40.0,141.0,33.97,100.26362185731047,0.0,0.0,0.0,0.0,,5.26,4.15,4.5391526533163535,4.387440820350642,1,1,-0.15171183296571122,79.0,1.0,95185.415335,142.0,sbp_alt
61488,41.0,1.0,233.0,69.0,100.0,26.7,104.17586855243808,0.0,0.0,0.0,0.0,2.0,28.51,27.45,0.47747890646951296,0.47478361107544853,0,0,-0.002695295394064434,85.0,2.0,18820.44423,98.0,sbp_alt
61491,37.0,0.0,194.0,34.0,112.0,30.0,83.1940923215071,0.0,0.0,0.0,0.0,,2.16,3.6,0.6169077515207897,0.666049048345692,0,0,0.049141296824902314,80.0,1.0,53465.061204,113.33333333333333,sbp_alt
61496,37.0,0.0,197.0,47.0,107.0,28.85,108.45823598683084,0.0,0.0,0.0,0.0,,3.71,4.41,0.5154192684424966,0.5289769830350832,0,0,0.01355771459258659,79.0,1.0,63532.09961,108.66666666666667,sbp_alt
61498,33.0,0.0,181.0,40.0,120.0,37.69,116.44009866336877,0.0,0.0,0.0,0.0,,4.66,4.38,0.5015740517591285,0.49692571394695806,0,0,-0.004648337812170444,83.0,2.0,17343.50186,120.0,sbp_alt
61499,55.0,1.0,260.0,97.0,126.0,30.24,103.53137420718461,0.0,0.0,1.0,1.0,,81.51,6.68,1.9366509313515172,1.3384287951949527,0,0,-0.5982221361565645,81.0,1.0,13556.336626,130.0,sbp_alt
61501,46.0,1.0,152.0,53.0,146.0,36.21,116.51094450866958,1.0,0.0,0.0,0.0,,10.95,4.79,3.2739682202992477,2.9028985809840617,1,0,-0.371069639315186,85.0,2.0,14251.534831,144.66666666666666,sbp_alt
61507,68.0,1.0,155.0,49.0,129.0,28.23,94.14566788317298,1.0,1.0,1.0,1.0,,10.0,4.6,11.855691612515699,10.690607548054135,3,3,-1.1650840644615634,86.0,3.0,5184.204509,130.66666666666666,sbp_alt
61508,45.0,1.0,213.0,37.0,122.0,31.21,82.53952338250114,0.0,1.0,1.0,0.0,,5.44,3.13,2.5927622099879164,2.3912383332665894,0,0,-0.201523876721327,81.0,2.0,20120.872457,123.33333333333333,sbp_alt
61510,43.0,1.0,148.0,56.0,118.0,21.91,123.00480111029981,1.0,0.0,0.0,0.0,2.0,10.67,5.81,1.3736634072500524,1.255366568861356,0,0,-0.11829683838869642,85.0,1.0,16043.839024,118.66666666666667,sbp_alt
61512,36.0,1.0,146.0,45.0,117.0,35.7,115.68220640205338,0.0,0.0,0.0,0.0,2.0,8.72,5.09,0.32453641802349054,0.29941573439823266,0,0,-0.025120683625257878,77.0,2.0,72906.586048,118.0,sbp_alt
61519,36.0,0.0,280.0,49.0,113.0,26.89,102.48771054741968,0.0,0.0,0.0,0.0,,3.48,2.77,0.743404594213443,0.7184058564915141,0,0,-0.024998737721928843,82.0,2.0,80661.440548,113.33333333333333,sbp_alt
61523,48.0,1.0,198.0,73.0,107.0,24.19,99.73786717214946,0.0,0.0,0.0,1.0,,5.12,11.7,0.4871468706231135,0.5511395978606479,0,0,0.06399272723753441,75.0,1.0,28877.031792,109.33333333333333,sbp_alt
61525,46.0,1.0,192.0,31.0,112.0,32.91,90.60624516720716,0.0,1.0,0.0,0.0,,5.35,4.51,1.7814912173335251,1.7371766158990976,0,0,-0.04431460143442756,76.0,2.0,72750.111486,110.0,sbp_alt
61531,50.0,0.0,170.0,29.0,134.0,39.15,88.49613559136108,1.0,1.0,1.0,1.0,,27.89,3.41,11.139174921491685,8.36349360039096,3,2,-2.775681321100725,75.0,1.0,20417.230428,134.66666666666666,sbp_alt
61532,43.0,0.0,248.0,32.0,150.0,43.12,110.57112804401123,0.0,1.0,0.0,0.0,,7.06,18.8,5.291215517633882,6.08330274502553,2,2,0.7920872273916482,75.0,2.0,26807.218462,149.33333333333334,sbp_alt
61533,50.0,0.0,207.0,61.0,125.0,28.84,101.34062616103245,0.0,0.0,0.0,0.0,,4.5,2.34,1.5531676040391162,1.4091832509200102,0,0,-0.14398435311910607,87.0,1.0,14984.141601,126.0,sbp_alt
61541,73.0,1.0,207.0,86.0,119.0,19.56,98.04086280937206,0.0,1.0,0.0,0.0,,8.26,10.49,6.707670528668601,6.935708152995781,2,2,0.22803762432718067,87.0,1.0,10937.272869,119.33333333333333,sbp_alt
61561,76.0,1.0,157.0,69.0,107.0,25.75,60.559718380596316,1.0,1.0,1.0,1.0,,6.28,2.87,13.201798889083369,11.912033908632893,3,3,-1.2897649804504763,77.0,2.0,41882.429829,109.33333333333333,sbp_alt
61565,55.0,0.0,166.0,61.0,108.0,23.89,81.04298554773835,0.0,0.0,0.0,1.0,,5.96,2.37,1.3993598269646284,1.2196691392388022,0,0,-0.1796906877258262,86.0,2.0,83025.267547,110.0,sbp_alt
61569,31.0,1.0,215.0,46.0,108.0,23.96,123.4897508539896,0.0,0.0,0.0,0.0,2.0,4.32,3.07,0.23439731640238112,0.2227068950034441,0,0,-0.011690421398937029,86.0,2.0,59274.593748,107.33333333333333,sbp_alt
61572,41.0,0.0,159.0,33.0,109.0,24.81,104.44427033310565,0.0,0.0,0.0,0.0,,6.3,5.92,0.7872197653214095,0.7799161560734379,0,0,-0.007303609247971576,85.0,1.0,18607.909455,110.0,sbp_alt
61576,41.0,1.0,181.0,56.0,102.0,24.69,116.52256251235403,0.0,0.0,0.0,0.0,2.0,8.39,4.57,0.3932705666052248,0.35911320379106176,0,0,-0.03415736281416304,79.0,1.0,16210.27682,104.0,sbp_alt
61577,52.0,1.0,223.0,45.0,119.0,32.04,98.88870236821016,1.0,0.0,1.0,0.0,,5.3,3.4,4.4527735882968775,4.177689517666982,1,1,-0.27508407062989537,87.0,1.0,110823.740766,116.66666666666667,sbp_alt
61578,66.0,1.0,193.0,52.0,120.0,28.77,70.50647339516557,1.0,0.0,1.0,0.0,,2.86,3.6,7.233878983152408,7.469147529933611,2,2,0.23526854678120301,78.0,1.0,13875.16562,122.0,sbp_alt
61579,51.0,1.0,188.0,43.0,116.0,26.67,77.40056064304865,0.0,0.0,1.0,0.0,,44.43,17.66,2.302311313871461,2.0105164076454227,0,0,-0.2917949062260381,79.0,2.0,99626.593895,116.0,sbp_alt
61580,69.0,1.0,258.0,55.0,120.0,33.77,100.9819024531328,0.0,0.0,0.0,0.0,,13.29,7.06,5.299559911126107,4.842709321793969,2,1,-0.45685058933213796,88.0,2.0,4291.840243,120.66666666666667,sbp_alt
61582,39.0,0.0,170.0,75.0,101.0,18.61,120.72517977779978,0.0,0.0,0.0,0.0,,47.5,6.97,0.491482821867056,0.36828752959837174,0,0,-0.12319529226868425,75.0,2.0,66243.377834,100.66666666666667,sbp_alt
61585,61.0,0.0,288.0,51.0,121.0,24.79,95.88887467635615,0.0,0.0,0.0,0.0,,3.37,7.86,4.797833922166267,5.416905675807157,1,2,0.6190717536408901,75.0,2.0,9441.209941,122.66666666666667,sbp_alt
61587,43.0,1.0,193.0,67.0,124.0,27.73,104.5817118619942,0.0,0.0,0.0,0.0,2.0,4.17,3.2,0.4885602879816635,0.4696117409270502,0,0,-0.018948547054613296,79.0,2.0,80201.026305,124.0,sbp_alt
61588,59.0,1.0,217.0,47.0,110.0,26.67,100.98757605827362,0.0,0.0,1.0,0.0,,7.24,7.12,2.814981127136165,2.808125122354116,0,0,-0.006856004782048952,83.0,1.0,26981.731139,111.33333333333333,sbp_alt
61590,49.0,1.0,202.0,75.0,112.0,30.49,111.3325797274296,0.0,0.0,0.0,0.0,,14.63,13.56,0.6595775119099915,0.6521486603159778,0,0,-0.00742885159401363,81.0,1.0,20195.776359,112.0,sbp_alt
61591,46.0,0.0,195.0,38.0,114.0,23.19,103.89331736622745,0.0,0.0,0.0,0.0,,3.29,1.91,1.2229786075812117,1.1276530824699287,0,0,-0.095325525111283,79.0,2.0,35631.04933,112.0,sbp_alt
61600,60.0,1.0,313.0,54.0,140.0,32.2,98.94831465668567,0.0,0.0,0.0,0.0,,6.06,4.39,3.9705692604390137,3.790093799630501,1,1,-0.18047546080851262,77.0,1.0,62032.536921,138.66666666666666,sbp_alt
61601,30.0,1.0,208.0,66.0,99.0,25.11,89.38986249414431,0.0,1.0,0.0,0.0,2.0,3.58,2.8,0.2665648345088282,0.25693487121468805,0,0,-0.00962996329414012,77.0,1.0,64508.601789,98.66666666666667,sbp_alt
61602,40.0,0.0,141.0,37.0,104.0,28.99,106.45339435261532,0.0,0.0,0.0,0.0,,4.48,3.48,0.6264840300937059,0.6031794352945481,0,0,-0.023304594799157807,84.0,1.0,17395.90535,104.0,sbp_alt
61609,76.0,0.0,174.0,73.0,140.0,20.22,74.41539162850705,0.0,1.0,0.0,0.0,,10.75,2.65,12.461019093149668,10.331321011772781,3,3,-2.129698081376887,81.0,2.0,32931.023461,142.66666666666666,sbp_alt
61610,31.0,0.0,230.0,31.0,125.0,35.12,95.1453541929451,0.0,1.0,0.0,0.0,,12.0,8.75,1.7194589739772947,1.64068653826239,0,0,-0.07877243571490467,82.0,1.0,17722.563469,125.33333333333333,sbp_alt
61612,77.0,1.0,206.0,55.0,141.0,23.21,92.02279286187276,0.0,0.0,0.0,0.0,,38.89,3.71,11.803152262614928,8.596360857723512,3,2,-3.2067914048914155,78.0,1.0,8854.221571,144.0,sbp_alt
61616,38.0,1.0,210.0,65.0,108.0,29.57,101.19506792760534,0.0,0.0,0.0,0.0,2.0,4.36,3.37,0.2671215368629633,0.25701638153115824,0,0,-0.01010515533180506,77.0,1.0,64508.601789,106.66666666666667,sbp_alt
61617,44.0,1.0,222.0,89.0,132.0,19.42,118.53357404019758,0.0,0.0,0.0,0.0,2.0,5.42,3.29,0.4626177894336219,0.42935895389937084,0,0,-0.033258835534251074,86.0,2.0,68673.980843,135.33333333333334,sbp_alt
61618,43.0,0.0,228.0,56.0,148.0,28.17,90.32518722372444,0.0,1.0,1.0,0.0,,4.49,12.18,3.4189674094433293,3.953059566605163,1,1,0.5340921571618336,89.0,1.0,15937.414921,151.33333333333334,sbp_alt
61623,32.0,1.0,135.0,41.0,107.0,27.72,121.74208949311374,0.0,0.0,0.0,0.0,2.0,9.32,5.42,0.19938561895560633,0.1838316843083713,0,0,-0.015553934647235035,86.0,2.0,17065.069489,109.33333333333333,sbp_alt
61625,73.0,0.0,148.0,59.0,172.0,32.58,74.10350726157328,1.0,0.0,1.0,1.0,,364.16,239.41,20.362585464212582,19.354786727852602,3,3,-1.0077987363599803,89.0,2.0,29991.270791,173.33333333333334,sbp_alt
61626,48.0,0.0,156.0,51.0,118.0,20.37,91.73717092431419,0.0,1.0,0.0,0.0,,2.88,3.14,1.616896547435929,1.6377906070982924,0,0,0.020894059662363462,75.0,1.0,121750.132804,120.66666666666667,sbp_alt
61628,60.0,1.0,188.0,51.0,135.0,35.49,104.86960227898052,0.0,0.0,0.0,0.0,,5.63,5.77,2.8598086826833176,2.870070150679871,0,0,0.010261467996553364,88.0,1.0,64361.747631,137.33333333333334,sbp_alt
61629,65.0,1.0,216.0,54.0,137.0,31.64,96.25191088176868,0.0,0.0,0.0,0.0,,9.24,6.4,4.5310537228288235,4.298459140227467,1,1,-0.23259458260135624,88.0,2.0,5302.202469,133.33333333333334,sbp_alt
61630,42.0,1.0,245.0,74.0,117.0,33.72,100.26927513693546,0.0,0.0,0.0,0.0,2.0,7.32,4.42,0.4631631803369332,0.42952730412310597,0,0,-0.03363587621382724,79.0,1.0,70653.154593,117.33333333333333,sbp_alt
61637,49.0,0.0,178.0,41.0,111.0,26.59,108.48933177452405,0.0,1.0,0.0,0.0,,12.33,6.64,2.400433648613008,2.190942032412385,0,0,-0.20949161620062284,85.0,1.0,15445.283252,112.0,sbp_alt
61639,59.0,1.0,243.0,59.0,112.0,21.78,91.65444690863384,0.0,1.0,0.0,0.0,,5.45,7.85,3.0632796053925353,3.2301928536853945,1,1,0.16691324829285925,84.0,1.0,21166.764065,116.0,sbp_alt
61642,53.0,1.0,211.0,67.0,108.0,30.9,108.59710352620219,0.0,0.0,0.0,0.0,,4.81,4.62,0.914793078649566,0.9093252275738498,0,0,-0.005467851075716235,81.0,2.0,14101.385993,107.33333333333333,sbp_alt
61649,40.0,0.0,170.0,36.0,111.0,36.06,111.86506113710337,0.0,0.0,0.0,0.0,,2.57,2.76,0.6397384624586675,0.6466212503899279,0,0,0.0068827879312604034,78.0,1.0,69995.376556,114.66666666666667,sbp_alt
61654,54.0,0.0,194.0,45.0,93.0,28.64,105.5678777099181,0.0,0.0,0.0,0.0,,4.94,4.95,2.48230035030941,2.4830396705419675,0,0,0.0007393202325576276,88.0,2.0,9969.066437,94.0,sbp_alt
61655,43.0,0.0,191.0,46.0,103.0,27.08,86.36230633311139,0.0,0.0,0.0,0.0,,2.4,2.1,0.8229444299631251,0.8066491004664151,0,0,-0.016295329496709976,79.0,2.0,93833.198076,106.0,sbp_alt
61657,41.0,1.0,163.0,75.0,121.0,26.57,104.17586855243808,0.0,0.0,0.0,0.0,2.0,3.29,5.79,0.271787231469222,0.29578544901512954,0,0,0.02399821754590753,81.0,2.0,20485.581328,122.66666666666667,sbp_alt
61658,30.0,0.0,200.0,30.0,107.0,37.06,118.2288791954785,0.0,0.0,0.0,0.0,,2.84,4.35,0.4109150536068981,0.4381224904574384,0,0,0.02720743685054028,77.0,1.0,90136.964446,108.0,sbp_alt
61659,40.0,1.0,168.0,52.0,103.0,34.49,83.99978864343159,0.0,0.0,0.0,0.0,2.0,3.36,2.61,0.3498790261872882,0.3369040927152739,0,0,-0.012974933472014338,78.0,1.0,27466.731558,102.66666666666667,sbp_alt
61661,63.0,0.0,213.0,48.0,113.0,31.19,96.955240894302,0.0,0.0,1.0,0.0,,2.95,3.79,4.8503085303773785,5.027939375030014,1,2,0.17763084465263557,81.0,2.0,47468.363306,111.33333333333333,sbp_alt
61665,45.0,1.0,239.0,67.0,107.0,27.15,101.61623497648871,0.0,1.0,0.0,0.0,,5.83,5.86,0.9564741009619384,0.9572043056182343,0,0,0.0007302046562959186,87.0,1.0,20781.988696,106.66666666666667,sbp_alt
61666,52.0,0.0,216.0,57.0,112.0,27.39,103.46260775970478,0.0,0.0,0.0,0.0,,5.9,4.55,1.6653878777697204,1.602337566612914,0,0,-0.06305031115680637,86.0,3.0,16023.891962,113.33333333333333,sbp_alt
61675,50.0,1.0,183.0,54.0,129.0,30.94,106.80141743231928,1.0,0.0,1.0,1.0,,5.86,3.03,3.327983774702088,3.0237285219753094,1,1,-0.30425525272677856,75.0,2.0,125317.169771,129.33333333333334,sbp_alt
61676,42.0,1.0,150.0,47.0,105.0,33.65,120.01717353184185,0.0,0.0,0.0,0.0,2.0,6.6,5.32,0.42315101365639096,0.4097299171184187,0,0,-0.013421096537972244,76.0,1.0,15496.851984,102.66666666666667,sbp_alt
61677,55.0,1.0,231.0,37.0,145.0,25.27,104.69862897275345,0.0,0.0,0.0,0.0,,8.7,6.0,3.5997886181203103,3.4111526744153653,1,1,-0.18863594370494496,82.0,2.0,25761.298255,147.33333333333334,sbp_alt
61678,35.0,1.0,179.0,54.0,135.0,33.79,116.8202661662569,0.0,1.0,0.0,0.0,2.0,11.83,15.82,0.9316966135611123,0.9728429234352078,0,0,0.04114630987409551,86.0,3.0,14978.26014,138.66666666666666,sbp_alt
61685,59.0,1.0,199.0,38.0,115.0,26.49,91.65444690863384,0.0,0.0,0.0,1.0,,3.05,5.76,2.2809736908496396,2.503694328864596,0,0,0.22272063801495623,79.0,2.0,108048.508847,115.33333333333333,sbp_alt
61693,33.0,1.0,280.0,39.0,119.0,68.63,81.13064488374893,1.0,0.0,0.0,1.0,2.0,5.04,3.57,2.9061655227231635,2.7635988045252606,0,0,-0.1425667181979029,78.0,2.0,25247.94746,118.66666666666667,sbp_alt
61696,62.0,1.0,194.0,60.0,128.0,25.22,47.81449454605614,1.0,0.0,1.0,1.0,,133.84,67.11,11.906284097308287,10.8615119902622,3,3,-1.0447721070460876,87.0,2.0,6821.241886,128.66666666666666,sbp_alt
61699,56.0,0.0,233.0,37.0,100.0,30.86,75.4809068104294,0.0,0.0,0.0,0.0,,5.86,5.88,3.6101364283650383,3.6119272358318995,1,1,0.0017908074668611107,89.0,1.0,8007.56716,101.33333333333333,sbp_alt
61704,61.0,1.0,165.0,89.0,125.0,25.74,89.09405611064034,0.0,0.0,0.0,0.0,,4.72,3.61,1.5726893062074594,1.5115867127667233,0,0,-0.0611025934407361,82.0,1.0,6398.584814,125.33333333333333,sbp_alt
61705,36.0,0.0,220.0,42.0,128.0,34.11,91.20834509670925,0.0,1.0,0.0,0.0,,9.31,4.21,1.8009934513273045,1.6008442859367646,0,0,-0.20014916539053984,86.0,2.0,62891.067864,126.66666666666667,sbp_alt
61713,55.0,0.0,220.0,64.0,123.0,25.13,73.6208630172731,0.0,0.0,0.0,1.0,,29.03,5.14,2.8876383171529496,2.2381930358300464,0,0,-0.6494452813229032,79.0,2.0,98371.365395,121.33333333333333,sbp_alt
61716,68.0,0.0,220.0,70.0,123.0,27.36,96.76486265159531,0.0,0.0,0.0,0.0,,35.84,20.32,7.251748775186625,6.6960999849584475,2,2,-0.5556487902281777,82.0,2.0,8809.825372,126.66666666666667,sbp_alt
61717,59.0,0.0,193.0,35.0,145.0,39.7,77.33012027953451,0.0,0.0,1.0,1.0,,3.5,1.65,5.682096919033181,5.103276896978854,2,2,-0.5788200220543267,77.0,1.0,87610.035587,145.33333333333334,sbp_alt
61721,31.0,1.0,171.0,37.0,104.0,37.42,99.46567791581263,0.0,0.0,0.0,0.0,3.0,2.63,1.79,0.22541103303810223,0.21278664774257697,0,0,-0.012624385295525259,78.0,2.0,34968.61429,104.66666666666667,sbp_alt
61725,49.0,0.0,204.0,51.0,109.0,23.79,108.90224399203015,0.0,1.0,0.0,0.0,,3.55,5.65,1.9162515447623323,2.0526942463466415,0,0,0.13644270158430927,89.0,1.0,15175.607764,107.33333333333333,sbp_alt
61727,66.0,0.0,183.0,57.0,107.0,19.68,83.00664385952577,0.0,0.0,0.0,0.0,,5.14,6.22,4.486085311729635,4.611117264963878,1,1,0.12503195323424254,85.0,2.0,56851.289866,106.0,sbp_alt
61731,30.0,0.0,171.0,42.0,110.0,27.4,101.39789095079487,0.0,0.0,0.0,0.0,,2.46,2.7,0.25727719701789453,0.26090986520937853,0,0,0.003632668191484001,75.0,1.0,33324.854365,110.0,sbp_alt
61738,41.0,0.0,191.0,38.0,99.0,22.33,103.12636693624476,0.0,1.0,0.0,0.0,,4.14,2.53,1.532581052614401,1.424306074990869,0,0,-0.10827497762353211,89.0,1.0,15175.607764,98.66666666666667,sbp_alt
61745,37.0,1.0,214.0,94.0,100.0,19.81,114.96497672236065,0.0,0.0,0.0,0.0,2.0,9.0,6.67,0.14122206601609733,0.13501940793896938,0,0,-0.006202658077127943,79.0,2.0,35929.456026,101.33333333333333,sbp_alt
61755,47.0,0.0,212.0,64.0,140.0,29.57,96.89601532550854,0.0,0.0,0.0,0.0,,2.09,2.29,1.4388804233328236,1.458583296694871,0,0,0.019702873362047457,78.0,2.0,28419.766067,140.0,sbp_alt
61762,45.0,1.0,214.0,57.0,117.0,26.96,109.77618035689244,0.0,0.0,0.0,0.0,,5.26,4.63,0.6706754039171229,0.6580367967958117,0,0,-0.012638607121311152,81.0,1.0,15979.688031,117.33333333333333,sbp_alt
61765,30.0,1.0,265.0,50.0,112.0,39.29,119.2445747588726,0.0,1.0,0.0,0.0,2.0,34.56,9.15,0.7702399119571726,0.6318126395550484,0,0,-0.13842727240212416,81.0,2.0,22157.972966,114.66666666666667,sbp_alt
61770,40.0,0.0,221.0,37.0,142.0,28.07,117.95212646940004,0.0,0.0,1.0,0.0,,21.9,8.5,2.5789012963358555,2.243164017826931,0,0,-0.3357372785089243,85.0,2.0,20708.126413,141.33333333333334,sbp_alt
61772,61.0,1.0,210.0,69.0,132.0,21.06,105.15393687252994,0.0,0.0,1.0,0.0,,5.84,3.77,2.992089759613153,2.807164511500933,0,0,-0.1849252481122199,77.0,2.0,6950.891576,129.33333333333334,sbp_alt
61773,60.0,0.0,163.0,37.0,116.0,30.26,103.7292284191516,1.0,0.0,1.0,1.0,,8.68,4.9,6.7667462255556545,6.241931752128642,2,2,-0.5248144734270124,88.0,2.0,5791.074815,114.66666666666667,sbp_alt
61775,61.0,0.0,184.0,34.0,145.0,30.71,103.51054982273168,1.0,0.0,0.0,0.0,,4.93,12.33,9.332096050308284,10.571138701262793,2,3,1.2390426509545094,85.0,2.0,7399.58979,145.33333333333334,sbp_alt
61778,55.0,1.0,249.0,69.0,121.0,34.27,88.28330392417243,0.0,0.0,1.0,0.0,,9.83,10.59,2.067147157723575,2.089901315755596,0,0,0.022754158032021188,87.0,2.0,27000.043569,119.33333333333333,sbp_alt
61779,34.0,0.0,213.0,59.0,121.0,26.94,103.77047550662333,0.0,0.0,0.0,0.0,,3.69,2.24,0.445257781097746,0.41306350446100265,0,0,-0.032194276636743346,79.0,2.0,60123.4098,120.66666666666667,sbp_alt
61786,35.0,0.0,188.0,43.0,120.0,21.78,117.91575630086412,0.0,1.0,0.0,0.0,,8.12,5.14,1.1007197679265246,1.028032535796076,0,0,-0.07268723213044859,76.0,1.0,56137.422196,118.0,sbp_alt
61789,51.0,1.0,188.0,61.0,118.0,25.11,106.53050320871651,0.0,0.0,0.0,0.0,,5.31,3.31,0.9331707968508715,0.8698089250925176,0,0,-0.06336187175835384,82.0,2.0,12516.66658,114.0,sbp_alt
61790,69.0,1.0,276.0,46.0,131.0,30.23,69.20316699286063,0.0,0.0,0.0,0.0,,3.45,4.75,5.827873200632637,6.096987684901063,2,2,0.2691144842684263,76.0,2.0,66402.459548,134.66666666666666,sbp_alt
61791,42.0,1.0,200.0,97.0,97.0,20.27,95.71757264247408,0.0,0.0,0.0,0.0,2.0,10.45,4.29,0.21822115539928305,0.1909719265105806,0,0,-0.02724922888870246,79.0,1.0,70653.154593,96.66666666666667,sbp_alt
61795,61.0,0.0,237.0,40.0,123.0,28.29,89.92747782808695,0.0,0.0,0.0,0.0,,10.0,5.35,5.486710967406373,5.017004669094168,2,2,-0.46970629831220556,80.0,1.0,52696.446317,122.66666666666667,sbp_alt
61800,44.0,1.0,168.0,45.0,109.0,35.17,110.06734800595726,0.0,1.0,0.0,0.0,2.0,10.0,10.84,1.067482628738011,1.0803463252392824,0,0,0.012863696501271393,81.0,1.0,29437.992432,109.33333333333333,sbp_alt
61812,46.0,0.0,174.0,43.0,103.0,20.8,103.89331736622745,0.0,1.0,0.0,0.0,,2.74,2.84,1.6156995355776387,1.624326629215703,0,0,0.008627093638064354,75.0,2.0,26444.710314,104.66666666666667,sbp_alt
61815,33.0,0.0,185.0,41.0,116.0,40.94,107.033721431505,0.0,0.0,0.0,0.0,,2.09,1.7,0.4069408690583403,0.39449420144965486,0,0,-0.012446667608685458,84.0,2.0,50388.933244,117.33333333333333,sbp_alt
61817,73.0,0.0,212.0,42.0,120.0,19.83,41.16711928777908,0.0,0.0,0.0,0.0,,7.0,2.6,11.052022059244969,9.665158528065918,3,2,-1.386863531179051,75.0,2.0,12277.541603,121.33333333333333,sbp_alt
61820,39.0,0.0,147.0,65.0,98.0,21.13,114.59310911938168,0.0,0.0,0.0,0.0,,3.2,5.85,0.3652994314698815,0.4000023164394717,0,0,0.03470288496959023,79.0,1.0,69862.627307,97.33333333333333,sbp_alt
61828,59.0,1.0,208.0,60.0,124.0,34.94,77.77301144441587,0.0,0.0,0.0,0.0,,253.48,70.09,3.921549261376761,3.255711611847024,1,1,-0.6658376495297369,76.0,1.0,14495.000318,124.0,sbp_alt
61830,57.0,1.0,306.0,70.0,115.0,26.91,91.33826578334742,0.0,0.0,0.0,0.0,,5.5,4.48,1.8057233934129129,1.7519251833998328,0,0,-0.05379821001308005,81.0,2.0,107298.217979,117.33333333333333,sbp_alt
61833,33.0,0.0,151.0,76.0,116.0,32.13,99.52355921793799,0.0,0.0,0.0,0.0,,1.94,4.47,0.1653481647131385,0.18751842450201833,0,0,0.02217025978887982,87.0,2.0,68314.547365,118.0,sbp_alt
61834,46.0,1.0,190.0,64.0,105.0,25.51,112.4904879347848,0.0,0.0,0.0,0.0,,4.71,3.38,0.4892206850824075,0.46555918202821306,0,0,-0.023661503054194455,88.0,2.0,16976.806827,105.33333333333333,sbp_alt
61836,77.0,1.0,198.0,38.0,136.0,24.73,39.423394576370505,0.0,1.0,0.0,1.0,,3.58,2.63,13.760827028410807,13.220601050057953,3,3,-0.5402259783528542,87.0,1.0,45926.773223,133.33333333333334,sbp_alt
61839,75.0,0.0,141.0,37.0,138.0,30.33,86.74778483823152,0.0,0.0,1.0,0.0,,11.79,8.33,13.73790999784548,13.127990860322946,3,3,-0.6099191375225335,84.0,1.0,10672.407106,138.0,sbp_alt
61843,72.0,1.0,223.0,45.0,146.0,30.94,96.90621331425872,0.0,0.0,0.0,0.0,,8.16,10.83,7.968997691048182,8.286279302972904,2,2,0.31728161192472193,75.0,2.0,46891.216111,146.0,sbp_alt
61849,32.0,0.0,193.0,64.0,113.0,25.7,117.98282942464486,0.0,0.0,0.0,0.0,,3.69,2.21,0.24708719333499266,0.22872350927565432,0,0,-0.01836368405933833,78.0,2.0,79590.36724,112.66666666666667,sbp_alt
61853,40.0,1.0,168.0,65.0,101.0,15.02,81.78930738901728,0.0,1.0,0.0,0.0,2.0,3.61,5.51,0.488588338255924,0.5204428686562643,0,0,0.03185453040034031,77.0,2.0,87550.314744,102.66666666666667,sbp_alt
61855,45.0,0.0,228.0,48.0,123.0,27.65,108.81924499731535,0.0,1.0,0.0,0.0,,3.81,3.11,2.2055740636004315,2.1404122606796356,0,0,-0.06516180292079587,77.0,1.0,83568.320819,122.0,sbp_alt
61858,41.0,1.0,155.0,52.0,109.0,40.11,112.54135658238424,0.0,0.0,0.0,0.0,2.0,10.47,9.77,0.38487038458324063,0.3809081741743367,0,0,-0.003962210408903932,82.0,1.0,15510.135957,110.66666666666667,sbp_alt
61866,74.0,1.0,183.0,50.0,110.0,33.33,54.506890852742586,0.0,0.0,1.0,1.0,,14.25,4.41,9.560963318550423,8.143088089679184,2,2,-1.4178752288712388,77.0,2.0,37401.305445,109.33333333333333,sbp_alt
61875,58.0,0.0,197.0,45.0,123.0,26.83,74.54784505203787,0.0,0.0,0.0,0.0,,2.13,2.18,2.9569231188857428,2.9669938439455055,0,0,0.010070725059762697,75.0,2.0,101172.924903,122.66666666666667,sbp_alt
61877,40.0,1.0,135.0,40.0,90.0,35.04,95.46368990413177,1.0,1.0,0.0,0.0,2.0,3.68,4.22,2.2237992271300047,2.2689346192278257,0,0,0.045135392097821025,78.0,2.0,21853.714409,90.66666666666667,sbp_alt
61884,41.0,1.0,195.0,60.0,99.0,24.44,118.02357489880046,0.0,0.0,0.0,0.0,2.0,5.0,3.88,0.35981202203628226,0.3464175627001286,0,0,-0.013394459336153686,85.0,1.0,16043.839024,101.33333333333333,sbp_alt
61885,53.0,1.0,285.0,67.0,150.0,27.17,106.41863524661174,0.0,0.0,0.0,0.0,,11.06,9.36,2.668666830429787,2.6043569189654563,0,0,-0.06430991146433085,85.0,1.0,8596.075217,152.66666666666666,sbp_alt
61890,50.0,0.0,219.0,38.0,160.0,48.53,109.06841544306235,0.0,0.0,0.0,0.0,,21.27,9.09,5.215373413985684,4.616048625945611,2,1,-0.5993247880400734,88.0,2.0,8077.871753,161.33333333333334,sbp_alt
61893,40.0,0.0,210.0,51.0,110.0,26.37,96.41695320062206,0.0,0.0,0.0,0.0,,3.76,4.17,0.6320737931797559,0.641966040829782,0,0,0.009892247650026165,84.0,1.0,17395.90535,112.0,sbp_alt
61894,73.0,1.0,152.0,44.0,142.0,42.78,93.97179730560603,1.0,0.0,0.0,0.0,,8.89,10.7,11.08018422007608,11.357262960693538,3,3,0.2770787406174584,86.0,2.0,11069.69249,141.33333333333334,sbp_alt
61899,36.0,1.0,228.0,92.0,104.0,19.54,80.64859527711067,0.0,0.0,0.0,0.0,2.0,5.0,3.92,0.14355391657250652,0.1384114309442768,0,0,-0.0051424856282297204,80.0,1.0,49830.060206,99.0,sbp_alt
61903,54.0,0.0,186.0,49.0,147.0,30.67,107.23749752307569,0.0,0.0,0.0,0.0,,7.77,6.77,3.4116738333429537,3.3437789134549196,1,1,-0.06789491988803409,87.0,2.0,21083.821603,146.66666666666666,sbp_alt
61905,77.0,1.0,198.0,76.0,131.0,46.81,79.39991732690974,0.0,0.0,1.0,0.0,,10.71,2.0,10.331311600793837,8.219796194362061,3,2,-2.111515406431776,80.0,2.0,48369.724309,132.0,sbp_alt
61907,53.0,1.0,231.0,22.0,118.0,33.93,109.53594870145939,0.0,0.0,0.0,0.0,,127.82,6.81,3.7562480905711175,2.451487266142393,1,0,-1.3047608244287243,80.0,2.0,21623.471032,121.33333333333333,sbp_alt
61909,33.0,0.0,185.0,47.0,123.0,29.9,119.39162301222716,0.0,1.0,0.0,0.0,,4.26,6.86,0.8603803819738906,0.9239691124114576,0,0,0.06358873043756708,76.0,1.0,14757.744593,122.66666666666667,sbp_alt
61917,44.0,1.0,162.0,59.0,104.0,18.44,100.61637229246554,0.0,0.0,0.0,0.0,2.0,5.96,4.33,0.4311879711060651,0.41107749694228335,0,0,-0.020110474163781755,77.0,2.0,86576.383051,101.33333333333333,sbp_alt
61918,35.0,0.0,164.0,21.0,119.0,20.89,109.81572971869222,0.0,1.0,0.0,0.0,,7.7,6.89,1.4395193633947339,1.4158988534074795,0,0,-0.0236205099872544,75.0,1.0,28347.959556,117.33333333333333,sbp_alt
61924,46.0,0.0,209.0,38.0,121.0,28.75,98.72054105015717,0.0,0.0,0.0,0.0,,6.93,8.53,1.6775943435041227,1.7301274390867305,0,0,0.05253309558260777,78.0,1.0,20890.529821,121.33333333333333,sbp_alt
61932,64.0,1.0,161.0,41.0,124.0,41.2,97.19375269953703,0.0,0.0,1.0,0.0,,4.3,4.1,4.285959838072961,4.256724308427641,1,1,-0.02923552964532039,81.0,1.0,6592.294836,125.0,sbp_alt
61933,41.0,1.0,196.0,81.0,111.0,29.76,111.74640040365365,0.0,0.0,0.0,0.0,2.0,4.55,3.42,0.22659141330491112,0.21710601294124815,0,0,-0.009485400363662966,84.0,1.0,15810.153943,111.33333333333333,sbp_alt
61943,59.0,0.0,151.0,30.0,99.0,33.56,82.71416705983106,0.0,0.0,1.0,0.0,,8.79,4.88,4.762190709319163,4.3749805852196895,1,1,-0.3872101240994734,80.0,1.0,75696.640351,102.0,sbp_alt
61947,56.0,0.0,195.0,46.0,126.0,32.21,83.30973859382364,0.0,0.0,1.0,0.0,,2.83,5.64,3.278374715906298,3.625136476603673,1,1,0.34676176069737474,77.0,1.0,91372.94023,128.66666666666666,sbp_alt
61949,61.0,1.0,183.0,41.0,146.0,33.02,76.81161569706504,1.0,0.0,1.0,0.0,,14.27,9.22,10.37458971367814,9.78054244020104,3,2,-0.5940472734771003,78.0,1.0,4877.462322,146.0,sbp_alt
61956,36.0,0.0,147.0,59.0,127.0,24.95,105.05521183250174,0.0,0.0,0.0,0.0,,6.34,4.28,0.45043192755819134,0.4245933235140418,0,0,-0.02583860404414956,86.0,2.0,61532.899527,126.66666666666667,sbp_alt
61958,52.0,0.0,188.0,45.0,108.0,28.22,100.08789793030527,0.0,0.0,0.0,1.0,,4.71,2.59,1.5859064832735277,1.450951595694644,0,0,-0.13495488757888374,88.0,2.0,11042.99474,106.66666666666667,sbp_alt
61960,78.0,1.0,221.0,56.0,145.0,46.98,92.95934441708178,0.0,0.0,1.0,0.0,,8.07,5.15,11.98818231391102,11.29478148341154,3,3,-0.6934008304994794,79.0,1.0,40953.836586,147.33333333333334,sbp_alt
61965,38.0,1.0,164.0,41.0,111.0,36.21,118.22895780895121,0.0,0.0,0.0,0.0,2.0,5.78,4.33,0.3686663286659057,0.3530775976113915,0,0,-0.015588731054514193,75.0,1.0,27369.12282,112.0,sbp_alt
61967,69.0,1.0,248.0,72.0,130.0,23.54,78.52988446453398,0.0,0.0,1.0,0.0,,9.18,4.05,6.040276065591179,5.379581849535575,2,2,-0.660694216055604,80.0,2.0,84144.730051,132.66666666666666,sbp_alt
61968,66.0,0.0,176.0,40.0,122.0,38.79,95.83376834991121,0.0,0.0,0.0,0.0,,6.53,4.64,5.78121265214043,5.506487628073611,2,2,-0.27472502406681887,78.0,2.0,62997.695381,126.0,sbp_alt
61974,50.0,0.0,189.0,47.0,109.0,30.74,104.75757480612519,0.0,0.0,0.0,0.0,,4.23,2.76,1.3679332979986578,1.2836143282853723,0,0,-0.08431896971328556,76.0,1.0,17242.660371,110.0,sbp_alt
61979,54.0,0.0,210.0,72.0,113.0,23.09,90.52378663211127,0.0,0.0,0.0,0.0,,2.87,2.71,1.4222443611215294,1.410150650377202,0,0,-0.012093710744327302,77.0,2.0,14883.708575,112.66666666666667,sbp_alt
61983,54.0,0.0,208.0,44.0,118.0,25.7,83.39843624355093,0.0,0.0,0.0,0.0,,5.17,5.1,2.476072904287697,2.4711068432786605,0,0,-0.004966061009036515,81.0,1.0,9702.610964,119.33333333333333,sbp_alt
61986,52.0,0.0,252.0,78.0,122.0,35.01,90.55802889550912,0.0,0.0,1.0,1.0,,5.4,5.59,2.090059221759108,2.1007719328182883,0,0,0.010712711059180258,83.0,2.0,24613.220078,124.66666666666667,sbp_alt
61989,46.0,0.0,226.0,66.0,114.0,29.67,86.67073375625436,0.0,0.0,0.0,0.0,,2.97,2.53,0.8992264916304037,0.8779039283582772,0,0,-0.02132256327212645,82.0,1.0,66479.511871,114.66666666666667,sbp_alt
61990,38.0,1.0,200.0,50.0,105.0,28.6,123.04031237509581,0.0,0.0,0.0,0.0,2.0,14.29,9.46,0.4071288872755661,0.38277638261232183,0,0,-0.02435250466324429,85.0,1.0,56333.431437,104.66666666666667,sbp_alt
61991,31.0,0.0,156.0,40.0,116.0,23.15,93.05427351270406,0.0,1.0,0.0,0.0,,2.19,2.82,0.5717669547174107,0.5938869444723441,0,0,0.022119989754933456,75.0,2.0,12400.780458,115.33333333333333,sbp_alt
62000,67.0,1.0,199.0,54.0,104.0,29.59,99.54148965606014,1.0,0.0,1.0,1.0,,7.78,5.11,7.260290874037992,6.846688469119227,2,2,-0.4136024049187643,75.0,1.0,6627.415843,102.0,sbp_alt
62005,50.0,0.0,170.0,43.0,168.0,31.47,84.54120680094985,0.0,1.0,0.0,0.0,,17.65,21.13,6.764134650436818,6.937543121799587,2,2,0.1734084713627695,84.0,1.0,17126.695224,167.33333333333334,sbp_alt
62013,73.0,1.0,251.0,51.0,172.0,26.62,91.90291411023256,0.0,0.0,0.0,0.0,,8.67,32.7,10.047582854768358,11.997560080760014,3,3,1.9499772259916561,77.0,1.0,38913.512966,176.66666666666666,sbp_alt
62026,47.0,1.0,209.0,71.0,98.0,27.85,78.30499701916808,0.0,1.0,0.0,1.0,,2.81,18.54,0.8475258291359761,1.121914264147364,0,0,0.274388435011388,77.0,2.0,21594.166094,98.0,sbp_alt
62028,38.0,1.0,187.0,54.0,115.0,21.17,115.93373359731667,0.0,1.0,0.0,0.0,2.0,5.56,4.56,0.6319880932097625,0.6135676091799703,0,0,-0.018420484029792128,86.0,2.0,18259.648426,116.0,sbp_alt
62030,56.0,0.0,228.0,31.0,100.0,23.3,104.26289405553428,0.0,0.0,0.0,0.0,,8.53,7.12,3.934078316353969,3.8322489150675163,1,1,-0.1018294012864529,81.0,1.0,21231.427069,101.33333333333333,sbp_alt
62034,43.0,0.0,182.0,52.0,115.0,39.09,110.18125721930724,0.0,1.0,0.0,0.0,,2.42,1.36,1.1540211799703335,1.058858959349687,0,0,-0.09516222062064639,76.0,2.0,32359.476034,116.66666666666667,sbp_alt
62035,75.0,1.0,258.0,83.0,113.0,26.67,68.49071958015344,0.0,0.0,1.0,1.0,,3.33,4.21,7.024831824856795,7.258256136416706,2,2,0.2334243115599106,81.0,1.0,11967.214768,116.0,sbp_alt
62037,56.0,0.0,240.0,58.0,116.0,22.71,66.3068605137937,0.0,0.0,0.0,0.0,,15.14,4.59,3.1134306288365092,2.6133991614955767,1,0,-0.5000314673409325,82.0,2.0,108835.074142,112.66666666666667,sbp_alt
62040,39.0,1.0,179.0,73.0,111.0,30.83,107.21604348404415,0.0,0.0,0.0,0.0,2.0,4.63,4.0,0.20945873726961647,0.2049190609713378,0,0,-0.004539676298278672,75.0,2.0,40866.112466,110.0,sbp_alt
62045,75.0,1.0,184.0,44.0,146.0,21.49,59.463258208917516,0.0,0.0,1.0,1.0,,8.24,7.09,11.400982858313323,11.175022438677068,3,3,-0.22596041963625524,79.0,1.0,42560.928687,148.66666666666666,sbp_alt
62049,74.0,0.0,183.0,41.0,118.0,30.27,63.45813419391165,0.0,0.0,0.0,0.0,,6.47,4.26,10.044309566782262,9.488314641559871,3,2,-0.5559949252223912,80.0,1.0,30233.187542,122.66666666666667,sbp_alt
62050,53.0,1.0,181.0,64.0,120.0,37.5,77.47562611176801,0.0,0.0,1.0,0.0,,8.12,7.81,1.5356569755334795,1.5268461216818638,0,0,-0.008810853851615619,84.0,2.0,23014.322091000002,122.0,sbp_alt
62052,49.0,0.0,207.0,48.0,124.0,28.56,108.90224399203015,0.0,0.0,0.0,0.0,,5.98,4.4,1.7919640999753152,1.7122228760681353,0,0,-0.07974122390717997,88.0,2.0,14031.345086,125.33333333333333,sbp_alt
62059,35.0,1.0,153.0,82.0,144.0,32.34,111.7512123963772,0.0,0.0,0.0,0.0,2.0,42.59,14.29,0.3395603039545375,0.2883639235354558,0,0,-0.0511963804190817,87.0,2.0,16913.009072,145.33333333333334,sbp_alt
62063,73.0,1.0,168.0,64.0,135.0,28.94,94.7173369612668,0.0,0.0,1.0,1.0,,6.42,4.2,6.843732539501057,6.448607130840511,2,2,-0.39512540866054646,88.0,1.0,10343.744487,137.33333333333334,sbp_alt
62064,77.0,1.0,238.0,47.0,139.0,26.95,55.35653695142211,0.0,0.0,1.0,0.0,,5.75,6.72,12.288958565194397,12.54343999830499,3,3,0.2544814331105929,83.0,1.0,24122.064727,139.33333333333334,sbp_alt
62067,35.0,0.0,161.0,50.0,123.0,26.62,122.18556535115025,0.0,0.0,0.0,0.0,,1.45,2.71,0.38353700404022806,0.42136272108446937,0,0,0.037825717044241314,82.0,2.0,35549.167135,122.66666666666667,sbp_alt
62071,49.0,0.0,275.0,61.0,136.0,22.14,104.69814147034143,0.0,1.0,0.0,0.0,,3.03,2.02,3.4515774550589633,3.253252332525555,1,1,-0.1983251225334084,78.0,2.0,29892.016061,141.33333333333334,sbp_alt
62072,31.0,0.0,270.0,40.0,118.0,28.19,124.74261476301707,0.0,0.0,0.0,0.0,,11.17,5.98,0.7829524418015016,0.7129605719228743,0,0,-0.06999186987862727,86.0,2.0,62891.067864,118.0,sbp_alt
62081,55.0,0.0,243.0,53.0,123.0,32.94,81.04298554773835,0.0,0.0,0.0,0.0,,2.9,2.5,2.688291996994208,2.6302779676404326,0,0,-0.05801402935377542,88.0,2.0,11723.777579,124.0,sbp_alt
62083,40.0,1.0,174.0,67.0,116.0,26.61,108.32961646831816,0.0,0.0,1.0,0.0,2.0,7.53,3.13,0.3957413537818299,0.3470481242513313,0,0,-0.048693229530498594,82.0,2.0,37645.371526,115.33333333333333,sbp_alt
62085,54.0,0.0,191.0,38.0,147.0,27.8,83.39843624355093,0.0,0.0,0.0,0.0,,3.65,3.45,3.7130773058603443,3.6827728906046158,1,1,-0.03030441525572858,78.0,1.0,17577.44201,148.66666666666666,sbp_alt
62087,74.0,1.0,250.0,42.0,139.0,39.97,73.92957887898895,0.0,0.0,0.0,0.0,,6.36,4.81,8.849914389554344,8.517433636585755,2,2,-0.33248075296858914,77.0,2.0,41085.156853,138.66666666666666,sbp_alt
62091,66.0,1.0,234.0,54.0,130.0,36.23,74.45979949873593,1.0,0.0,0.0,1.0,,8.26,2.58,7.860768181497649,6.685070339426961,2,2,-1.1756978420706883,75.0,1.0,7085.366775,133.33333333333334,sbp_alt
62092,46.0,1.0,157.0,60.0,120.0,30.11,79.84526091763327,0.0,0.0,1.0,0.0,,3.2,3.71,0.7299526802535358,0.7462166833183577,0,0,0.016264003064821897,89.0,2.0,13233.473823,124.0,sbp_alt
62097,69.0,0.0,203.0,44.0,122.0,27.44,93.73062786692225,0.0,0.0,0.0,0.0,,4.24,7.37,6.970810660937342,7.5320369209279185,2,2,0.5612262599905762,87.0,2.0,6932.682394,124.66666666666667,sbp_alt
62102,59.0,1.0,257.0,44.0,107.0,26.74,82.34750290289922,0.0,0.0,0.0,0.0,,5.98,2.16,2.5785497367125725,2.2211351101088175,0,0,-0.357414626603755,75.0,2.0,125317.169771,108.66666666666667,sbp_alt
62103,53.0,1.0,229.0,67.0,94.0,20.09,88.04913995269463,0.0,0.0,0.0,0.0,,3.42,3.18,1.0216001537571593,1.0106143407947865,0,0,-0.010985812962372776,89.0,2.0,10398.717828,94.66666666666667,sbp_alt
62105,43.0,0.0,227.0,39.0,111.0,30.12,111.36909023142913,0.0,0.0,0.0,0.0,,3.08,2.83,1.0435531004711347,1.0304346348005617,0,0,-0.013118465670572954,80.0,2.0,78710.236967,111.33333333333333,sbp_alt
62106,30.0,0.0,155.0,50.0,106.0,25.63,109.0494923920825,0.0,0.0,0.0,0.0,,3.51,3.64,0.2187298349183382,0.21993170632810394,0,0,0.0012018714097657424,78.0,2.0,33211.444479,104.66666666666667,sbp_alt
62107,70.0,1.0,154.0,44.0,126.0,42.05,51.78812075327741,1.0,0.0,1.0,1.0,,2.93,2.06,9.615953263509724,9.166008975982026,2,2,-0.449944287527698,78.0,2.0,42613.475824,125.33333333333333,sbp_alt
62108,54.0,1.0,166.0,81.0,115.0,28.98,106.5978936710779,1.0,0.0,1.0,1.0,,7.96,8.45,1.9647519129637094,1.9821000168047462,0,0,0.0173481038410368,81.0,1.0,13021.335041,119.33333333333333,sbp_alt
62112,58.0,1.0,221.0,45.0,144.0,24.55,100.18677954321588,1.0,0.0,1.0,0.0,,5.7,1.3,7.917022331908065,6.443039179582409,2,2,-1.4739831523256557,77.0,2.0,15009.934467,142.66666666666666,sbp_alt
62123,78.0,1.0,174.0,63.0,180.0,29.89,57.66441796567935,0.0,0.0,1.0,1.0,,29.29,33.11,15.101569201356963,15.339036215227017,3,3,0.2374670138700541,77.0,1.0,37058.064768,182.0,sbp_alt
62125,56.0,0.0,221.0,65.0,116.0,30.89,102.3483422610867,0.0,0.0,0.0,0.0,,8.18,5.56,2.3194151374716023,2.1909309077076236,0,0,-0.12848422976397877,79.0,1.0,90382.442658,118.0,sbp_alt
62126,54.0,0.0,211.0,52.0,108.0,29.93,102.18364852612675,0.0,0.0,0.0,0.0,,3.21,2.53,1.862401346443185,1.7978238842161154,0,0,-0.06457746222706962,86.0,2.0,11822.128672,108.66666666666667,sbp_alt
62127,48.0,1.0,196.0,60.0,123.0,36.09,69.49253277221659,0.0,0.0,0.0,0.0,,9.24,5.9,1.017451420450403,0.9518200453485309,0,0,-0.06563137510187211,88.0,1.0,27598.304309,124.66666666666667,sbp_alt
62130,67.0,1.0,183.0,60.0,145.0,20.37,90.0806609755848,0.0,0.0,0.0,0.0,,5.09,4.04,4.711803367526128,4.558506752177146,1,1,-0.15329661534898253,85.0,2.0,6304.341968,148.0,sbp_alt
62132,66.0,1.0,224.0,77.0,122.0,45.39,97.40508054998159,1.0,0.0,1.0,0.0,,14.25,5.8,6.924503746927462,6.103740288228193,2,2,-0.8207634586992691,87.0,1.0,26032.873284,122.66666666666667,sbp_alt
62136,70.0,0.0,197.0,41.0,140.0,32.84,95.93707668871211,0.0,1.0,0.0,0.0,,5.2,2.95,11.06165771103949,10.247174609377637,3,3,-0.8144831016618532,75.0,1.0,15661.814696,140.0,sbp_alt
62137,34.0,1.0,137.0,34.0,106.0,38.74,123.82157683473228,0.0,0.0,0.0,0.0,2.0,6.43,4.43,0.26805391494574765,0.253509772263552,0,0,-0.014544142682195671,78.0,2.0,25247.94746,106.66666666666667,sbp_alt
62139,37.0,0.0,199.0,69.0,114.0,22.96,86.77216784738334,0.0,0.0,0.0,0.0,,3.48,2.0,0.36682582371544,0.3374916682680835,0,0,-0.029334155447356458,79.0,1.0,63837.745058,121.33333333333333,sbp_alt
62142,55.0,0.0,248.0,48.0,126.0,27.85,73.6208630172731,0.0,0.0,1.0,0.0,,4.52,3.02,3.9784915787238067,3.7522716602451274,1,1,-0.22621991847867928,75.0,2.0,85700.159432,125.33333333333333,sbp_alt
62143,48.0,1.0,170.0,72.0,102.0,21.66,89.48621063119802,0.0,0.0,0.0,0.0,,5.04,3.48,0.5029496744907707,0.475877763654816,0,0,-0.02707191083595467,78.0,2.0,88087.54939,102.0,sbp_alt
62144,33.0,1.0,153.0,59.0,98.0,25.72,95.4024534578039,0.0,0.0,0.0,0.0,2.0,3.0,4.49,0.1439928403909383,0.15296495770702936,0,0,0.008972117316091072,78.0,1.0,18926.031583,98.66666666666667,sbp_alt
62152,52.0,0.0,210.0,29.0,106.0,44.82,89.48316002790122,0.0,0.0,0.0,0.0,,19.19,22.59,2.998213894633564,3.0706870857042023,0,1,0.07247319107063843,89.0,1.0,12664.205092,106.0,sbp_alt
62155,32.0,0.0,198.0,38.0,119.0,35.28,106.37045861360633,0.0,0.0,0.0,0.0,,3.71,7.59,0.5097130073979587,0.5675660642466664,0,0,0.057853056848707785,89.0,1.0,18147.496374,115.33333333333333,sbp_alt
62156,48.0,1.0,246.0,76.0,110.0,35.38,79.9226973326412,0.0,1.0,0.0,0.0,,6.29,1.55,1.094606128890335,0.8888704122446756,0,0,-0.20573571664565948,80.0,2.0,21081.607689,110.66666666666667,sbp_alt
