SEQN,age,sex,tc,hdl,sbp,bmi,egfr,dm,smoking,bptreat,statin,RIDEXPRG,URDACT,URDACT2,risk_first,risk_second,category_first,category_second,delta_pp,SDMVSTRA,SDMVPSU,WTMEC2YR,WTSAF2YR,LBDLDL,pregnancy_indeterminate,URXUMA,URXUMA2
51628,60.0,1.0,202.0,45.0,151.33333333333334,42.39,56.90343386974225,1.0,1.0,1.0,0.0,,6.77,4.14,15.324511818975191,14.390805605476084,3,3,-0.9337062134991072,75.0,2.0,21000.338724,,,False,4.4,3.6
51630,49.0,1.0,259.0,45.0,114.0,30.57,91.63990354877845,0.0,1.0,1.0,0.0,,8.39,4.64,3.024881835257079,2.774659317063992,1,0,-0.25022251819308705,85.0,2.0,74112.486841,,,False,7.8,1.3
51643,42.0,1.0,170.0,35.0,116.0,39.9,23.56913946018339,1.0,0.0,1.0,1.0,2.0,69.5,65.69,13.990554268273161,13.88901693445613,3,3,-0.10153733381703134,75.0,2.0,40755.226149,,,False,27.8,33.5
51645,66.0,0.0,217.0,40.0,140.66666666666666,28.25,95.49586105926478,0.0,0.0,1.0,1.0,,12.57,7.54,10.210183986289415,9.524045983606898,3,2,-0.686138002682517,75.0,1.0,9590.4584,0.0,133.0,False,21.0,9.5
51647,45.0,1.0,225.0,82.0,114.0,27.24,84.84827587528017,0.0,0.0,0.0,0.0,,4.34,2.1,0.4150751614998776,0.3723779669115384,0,0,-0.042697194588339205,78.0,2.0,89078.480785,,,False,2.3,1.3
51653,44.0,0.0,197.0,37.0,118.66666666666667,29.1,68.20972589286554,0.0,0.0,0.0,0.0,,2.18,2.36,1.1599937972333745,1.1738104911624943,0,0,0.013816693929119772,79.0,2.0,93833.198076,194408.121,113.0,False,3.2,6.5
51656,58.0,0.0,164.0,37.0,105.33333333333333,23.69,75.34020251959399,0.0,0.0,0.0,1.0,,2.86,2.43,2.408682387308966,2.3515196075925484,0,0,-0.05716277971641759,77.0,2.0,101200.947582,209672.978,94.0,False,1.8,2.7
51657,54.0,0.0,248.0,45.0,134.66666666666666,26.03,52.859969476891486,0.0,0.0,0.0,0.0,,1.5,4.03,3.565919101877731,4.116237485965619,1,1,0.5503183840878876,76.0,1.0,17242.660371,,,False,2.0,2.5
51661,60.0,1.0,188.0,55.0,122.66666666666667,32.07,91.08618933780032,0.0,0.0,0.0,0.0,,7.82,4.06,2.4703595110411625,2.2440371452194436,0,0,-0.22632236582171883,88.0,2.0,6385.326701,13939.665,107.0,False,6.8,6.9
51662,44.0,1.0,213.0,63.0,129.33333333333334,25.06,90.39940001702745,0.0,0.0,0.0,0.0,2.0,7.47,5.7,0.8010226945236066,0.7693998350143211,0,0,-0.03162285950928556,86.0,2.0,18084.593642,35806.067,138.0,False,12.4,4.5
51664,53.0,1.0,216.0,51.0,133.33333333333334,27.62,98.27559241352726,0.0,0.0,0.0,1.0,,6.27,8.34,1.9401915414843314,2.0233727939937687,0,0,0.08318125250943731,84.0,1.0,79625.602161,,,False,4.7,16.1
51666,58.0,1.0,185.0,44.0,127.33333333333333,26.22,89.35918403372622,0.0,1.0,0.0,0.0,,16.93,10.49,4.589547105104944,4.284957805477303,1,1,-0.3045892996276409,85.0,2.0,9566.287534,,,False,54.0,10.7
51669,65.0,1.0,258.0,48.0,156.66666666666666,27.85,98.3854595988943,0.0,0.0,0.0,0.0,,7.9,5.52,6.283577788090208,5.974024432236975,2,2,-0.3095533558532333,86.0,2.0,5845.770433,13125.315,163.0,False,13.2,4.8
51673,30.0,1.0,196.0,48.0,95.33333333333333,19.01,113.38845690259502,0.0,1.0,0.0,0.0,2.0,4.32,2.86,0.3873327091203082,0.3641629197202704,0,0,-0.023169789400037832,81.0,2.0,21763.490175,55961.634,122.0,False,1.9,1.4
51677,33.0,0.0,216.0,35.0,127.33333333333333,28.54,116.0434280195391,0.0,0.0,0.0,0.0,,3.14,2.83,0.767510049790379,0.7556471202975066,0,0,-0.011862929492872376,76.0,2.0,18875.984973,,,False,7.4,5.8
51678,60.0,0.0,247.0,52.0,152.66666666666666,25.84,97.77501448289098,0.0,0.0,1.0,0.0,,4.21,3.69,6.658202065626201,6.535537189199765,2,2,-0.12266487642643575,81.0,1.0,63106.006013,,,False,0.8,3.1
51680,60.0,1.0,289.0,34.0,114.0,31.71,62.98046217896165,0.0,1.0,0.0,0.0,,1.86,2.08,4.758325539352057,4.834961534367201,1,1,0.07663599501514362,79.0,1.0,18341.269681,44128.657,221.0,False,0.8,1.5
51683,35.0,1.0,194.0,89.0,110.0,20.29,118.5662669751566,0.0,0.0,0.0,0.0,2.0,8.75,4.33,0.11157674400290266,0.10040539442731009,0,0,-0.01117134957559257,76.0,1.0,62794.052912,147310.339,93.0,False,0.7,1.3
51687,78.0,0.0,167.0,62.0,132.66666666666666,26.79,81.92801587914562,0.0,0.0,1.0,1.0,,11.97,14.21,12.574486718573118,12.862030739477515,3,3,0.2875440209043969,82.0,2.0,42248.55886,97560.372,94.0,False,15.2,8.1
51690,63.0,1.0,167.0,50.0,149.33333333333334,32.04,102.04886201818927,1.0,0.0,1.0,1.0,,10.45,7.32,8.34042329897379,7.940860384183973,2,2,-0.39956291478981587,88.0,1.0,5642.636108,,,False,7.0,3.0
51691,57.0,1.0,195.0,59.0,122.0,20.66,103.01267813225209,0.0,0.0,0.0,0.0,,5.22,3.15,1.7092422230603748,1.5864095563192349,0,0,-0.1228326667411399,76.0,1.0,92628.908642,,,False,1.2,4.7
51692,54.0,0.0,186.0,62.0,91.33333333333333,36.32,102.53694126719333,0.0,0.0,0.0,0.0,,4.97,1.82,1.9454204882510924,1.6761855875428935,0,0,-0.2692349007081989,78.0,2.0,14961.227317,33552.394,110.0,False,8.3,1.2
51694,38.0,0.0,181.0,36.0,151.33333333333334,35.84,120.4345994267417,1.0,0.0,0.0,0.0,,18.62,10.62,5.118068148229712,4.721640395949831,2,1,-0.39642775227988114,80.0,2.0,18320.203148,54509.813,115.0,False,56.6,8.6
51701,36.0,0.0,198.0,43.0,116.0,25.95,92.23219603117406,0.0,0.0,0.0,0.0,,2.43,2.41,0.5467613495890412,0.546083140241916,0,0,-0.0006782093471252582,76.0,1.0,14828.742364,,,False,1.8,3.5
51704,54.0,0.0,169.0,24.0,121.33333333333333,29.31,108.56773024876183,0.0,0.0,0.0,0.0,,3.28,5.91,2.673464450989977,2.9148133181080973,0,0,0.2413488671181203,85.0,2.0,12815.795366,,,False,1.9,10.4
51707,64.0,1.0,161.0,53.0,132.66666666666666,27.18,102.74627898757669,1.0,0.0,0.0,1.0,,43.0,5.91,6.99198993406479,5.2857743327904485,2,2,-1.7062156012743417,85.0,1.0,20396.805728,,,False,4.3,1.3
51708,39.0,1.0,226.0,37.0,99.33333333333333,29.39,88.07427307171558,0.0,1.0,0.0,0.0,2.0,3.64,4.31,1.121601352067402,1.1500817897935594,0,0,0.02848043772615738,78.0,2.0,22444.203247,55981.362,161.0,False,6.0,2.2
51709,40.0,0.0,212.0,46.0,110.66666666666667,27.56,93.0891457489064,0.0,0.0,0.0,0.0,,3.35,4.04,0.6994450336899151,0.719364295605699,0,0,0.01991926191578397,88.0,2.0,18943.613035,42808.919,131.0,False,7.8,6.7
51711,59.0,1.0,161.0,41.0,148.0,25.79,107.97575902636123,1.0,0.0,1.0,1.0,,32.35,24.5,9.077416508878786,8.73887254504477,2,2,-0.33854396383401486,85.0,1.0,19913.750105,,,False,27.5,9.8
51714,58.0,0.0,315.0,36.0,134.0,33.23,91.62108612217807,0.0,0.0,0.0,0.0,,5.3,2.44,6.684702135620006,5.990054355914379,2,2,-0.694647779705627,86.0,3.0,66034.937617,,,False,10.7,3.1
51718,51.0,1.0,175.0,70.0,102.66666666666667,30.6,94.81101742508345,0.0,0.0,0.0,0.0,,5.65,3.82,0.7002933475248376,0.6605947847259509,0,0,-0.03969856279888673,85.0,2.0,12633.150263,,,False,3.5,3.9
51721,40.0,1.0,209.0,46.0,142.0,26.59,115.38006618419608,0.0,0.0,0.0,0.0,2.0,6.46,4.96,1.0624991220341564,1.021601390539857,0,0,-0.040897731494299316,86.0,3.0,14040.455584,,,False,3.1,6.3
51724,37.0,1.0,167.0,54.0,102.66666666666667,21.16,119.95942170501232,0.0,0.0,0.0,0.0,2.0,7.59,6.84,0.2650260786452289,0.2609294500144244,0,0,-0.004096628630804511,77.0,2.0,25452.884514,48090.717,102.0,False,6.0,9.1
51728,55.0,1.0,191.0,31.0,114.66666666666667,41.56,71.66014178371597,1.0,0.0,1.0,1.0,,0.63,2.0,4.201834733849733,4.95805742067622,1,1,0.7562226868264874,80.0,2.0,112421.513631,259580.521,98.0,False,0.8,0.8
51732,32.0,0.0,156.0,70.0,124.0,20.15,119.25476898306897,0.0,1.0,0.0,0.0,,12.92,3.19,0.5192762806914637,0.420819075740745,0,0,-0.09845720495071869,80.0,1.0,53465.061204,,,False,11.5,2.9
51735,55.0,1.0,187.0,59.0,147.33333333333334,28.97,102.42817532604263,0.0,0.0,0.0,1.0,,4.53,4.31,2.0018986468463837,1.9872891189205724,0,0,-0.014609527925811383,75.0,1.0,20180.00055,,,False,2.9,2.8
51736,60.0,1.0,252.0,51.0,186.0,27.3,99.64198740179515,0.0,0.0,0.0,0.0,,10.88,8.17,7.445164472284303,7.154203096006613,2,2,-0.29096137627769014,81.0,1.0,7084.376544,,,False,17.4,9.4
51737,52.0,0.0,218.0,38.0,125.33333333333333,31.43,100.08789793030527,0.0,0.0,0.0,0.0,,5.38,4.55,2.720651155000881,2.6544787064013273,0,0,-0.06617244859955385,82.0,1.0,86798.825172,,,False,6.4,2.0
51738,37.0,0.0,309.0,50.0,140.66666666666666,28.42,114.3704339965901,0.0,0.0,0.0,0.0,,16.01,11.63,2.157383303860891,2.0578203222262577,0,0,-0.09956298163463329,77.0,2.0,33324.854365,,,False,32.5,25.0
51740,50.0,1.0,210.0,60.0,118.66666666666667,29.15,109.72656156782712,0.0,0.0,0.0,0.0,,4.43,3.75,0.9267733613329245,0.9040830331221441,0,0,-0.02269032821078043,78.0,2.0,14542.445662,31349.615,122.0,False,5.1,6.9
51744,44.0,1.0,213.0,46.0,116.66666666666667,34.61,116.88066287272547,0.0,0.0,0.0,0.0,2.0,9.09,3.23,0.816839386029382,0.7001457329435518,0,0,-0.11669365308583024,88.0,2.0,14357.518355,,,False,2.0,3.2
51745,44.0,0.0,171.0,38.0,152.66666666666666,25.54,95.17765967693163,0.0,0.0,1.0,0.0,,4.88,3.38,2.4936483488239527,2.3622928704103803,0,0,-0.13135547841357242,87.0,2.0,81219.584061,,,False,3.9,2.6
51746,40.0,1.0,222.0,34.0,104.0,40.01,82.88103960861761,0.0,1.0,0.0,0.0,2.0,6.2,3.96,1.3471236218798073,1.2605504476799183,0,0,-0.08657317419988897,88.0,2.0,29040.493951,61305.747,150.0,False,9.8,13.2
51750,37.0,0.0,134.0,49.0,121.33333333333333,29.1,114.3704339965901,0.0,0.0,0.0,0.0,,4.4,2.81,0.45016018241273553,0.4208108960557066,0,0,-0.029349286357028936,86.0,1.0,17616.92681,,,False,4.4,2.7
51754,58.0,1.0,179.0,51.0,143.33333333333334,37.92,89.35918403372622,0.0,0.0,1.0,1.0,,15.85,14.69,3.721731480646846,3.681063471604494,1,1,-0.040668009042351905,79.0,1.0,95185.415335,206985.49,89.0,False,8.4,28.8
51759,40.0,0.0,237.0,48.0,116.0,32.29,118.94583989985206,0.0,1.0,0.0,0.0,,7.18,3.6,1.597995422660175,1.4420749563621402,0,0,-0.1559204662980347,88.0,1.0,18943.613035,,,False,12.5,5.4
51768,56.0,1.0,283.0,64.0,128.0,28.48,81.50700526579048,0.0,0.0,0.0,0.0,,15.45,5.0,2.554559320829367,2.165182496353985,0,0,-0.3893768244753817,79.0,2.0,108048.508847,246636.351,195.0,False,5.1,2.3
51770,60.0,1.0,201.0,57.0,118.0,23.41,91.08618933780032,0.0,0.0,0.0,0.0,,5.35,3.64,2.189149638450129,2.068719614574264,0,0,-0.1204300238758651,76.0,2.0,65138.423846,,,False,6.9,1.6
51776,30.0,0.0,148.0,35.0,120.66666666666667,28.6,120.31146361944003,0.0,1.0,0.0,0.0,,5.25,4.56,0.7105901783708422,0.695734221295141,0,0,-0.014855957075701198,86.0,2.0,26792.411843,,,False,6.4,3.6
51778,72.0,0.0,145.0,50.0,131.33333333333334,33.1,86.12978931512214,1.0,0.0,1.0,1.0,,8.86,7.12,10.843832787417629,10.528737139916458,3,3,-0.31509564750117036,87.0,1.0,14128.519785,,,False,3.9,4.7
51779,36.0,0.0,166.0,38.0,114.66666666666667,27.05,123.5422814971357,0.0,0.0,0.0,0.0,,3.81,4.77,0.5069102286363533,0.5243151306385924,0,0,0.017404902002239098,86.0,1.0,24159.506437,50174.81,112.0,False,5.1,6.2
51780,54.0,1.0,224.0,51.0,132.66666666666666,21.03,75.9698176010205,0.0,0.0,1.0,0.0,,6.0,5.45,2.7090158757839227,2.6712336601674895,0,0,-0.037782215616433135,86.0,1.0,92722.673705,,,False,3.6,7.3
51783,42.0,0.0,265.0,42.0,187.33333333333334,27.49,39.56160324886355,1.0,0.0,0.0,0.0,,13787.88,8817.39,47.35313353335558,45.67375354150505,3,3,-1.6793799918505314,81.0,1.0,21277.202709,49293.573,151.0,False,4550.0,2028.0
51784,61.0,0.0,250.0,54.0,144.0,31.13,85.62841253083518,0.0,0.0,0.0,0.0,,5.49,5.0,5.7720672645193964,5.695760106291363,2,2,-0.07630715822803324,88.0,2.0,6162.897031,,,False,3.9,4.7
51791,31.0,0.0,167.0,28.0,128.66666666666666,23.3,119.9987613031485,0.0,1.0,0.0,0.0,,6.87,7.24,1.2520384929795185,1.2618701347640853,0,0,0.009831641784566747,79.0,1.0,17694.285254,52471.603,71.0,False,9.0,21.3
51796,62.0,1.0,243.0,52.0,115.33333333333333,23.0,79.65816970136743,0.0,0.0,1.0,0.0,,4.52,6.25,3.6262669899536233,3.8001762296229686,1,1,0.17390923966934535,77.0,1.0,60851.686967,,,False,4.7,7.5
51798,62.0,0.0,221.0,36.0,111.33333333333333,35.59,106.04857644477978,0.0,0.0,0.0,0.0,,5.76,5.37,4.6117491683910545,4.5653991575506945,1,1,-0.046350010840360056,75.0,2.0,6797.608313,,,False,9.1,13.0
51799,50.0,0.0,313.0,38.0,124.0,29.83,114.2659761778726,0.0,0.0,0.0,0.0,,7.26,5.4,3.6380986292156408,3.484614560334786,1,1,-0.15348406888085497,85.0,2.0,12553.070826,,,False,13.0,8.1
51803,58.0,0.0,233.0,69.0,138.0,29.27,79.54491257883113,0.0,1.0,0.0,0.0,,2.78,2.23,4.473311072439906,4.333194837392464,1,1,-0.14011623504744275,84.0,1.0,18014.411781,47610.225,146.0,False,3.5,4.7
51805,42.0,1.0,166.0,46.0,112.66666666666667,26.78,108.80132082585563,0.0,0.0,0.0,0.0,2.0,169.29,3.97,0.8142866948090104,0.4651882597928402,0,0,-0.3490984350161702,78.0,1.0,27466.731558,,,False,311.5,9.6
51806,53.0,0.0,177.0,43.0,129.33333333333334,39.01,99.46735296313739,0.0,0.0,1.0,0.0,,4.25,3.23,2.819507461897477,2.708149277020154,0,0,-0.11135818487732285,82.0,1.0,20607.556278,,,False,7.1,4.0
51807,78.0,0.0,271.0,44.0,132.0,34.24,60.68326881963101,0.0,0.0,0.0,0.0,,3.43,1.65,15.120924246665991,13.756621832749861,3,3,-1.3643024139161302,82.0,2.0,14386.992439,39160.587,187.0,False,3.4,2.3
51808,43.0,1.0,188.0,40.0,123.33333333333333,30.7,112.38407733592186,0.0,0.0,0.0,0.0,2.0,7.99,4.53,0.8878084722893581,0.815900093770984,0,0,-0.07190837851837406,75.0,1.0,26829.082247,,,False,11.1,11.2
51809,35.0,1.0,155.0,70.0,106.0,20.39,103.10087926027653,0.0,0.0,0.0,0.0,2.0,10.63,5.44,0.15384787702931396,0.1391489317706788,0,0,-0.01469894525863516,79.0,1.0,54729.408706,126866.082,74.0,False,1.7,4.9
51815,44.0,1.0,198.0,40.0,97.33333333333333,23.71,94.53435412519977,0.0,0.0,0.0,0.0,2.0,2.44,5.03,0.6776365316510047,0.7547867954412287,0,0,0.07715026379022405,82.0,2.0,18646.910739,39369.364,117.0,False,2.2,7.6
51818,56.0,0.0,259.0,44.0,130.66666666666666,22.64,103.09589513098398,0.0,0.0,0.0,0.0,,5.78,3.61,4.172799885850062,3.897657935918982,1,1,-0.2751419499310801,86.0,2.0,9128.236138,,,False,10.4,2.6
51829,34.0,1.0,144.0,78.0,119.33333333333333,25.36,112.44839242943972,0.0,0.0,0.0,0.0,2.0,11.11,3.3,0.13515612562965945,0.11266508644416709,0,0,-0.022491039185492362,79.0,2.0,59587.981851,,,False,2.0,5.9
51831,41.0,1.0,155.0,44.0,123.33333333333333,24.88,84.61862949621997,0.0,0.0,0.0,0.0,2.0,4.87,2.7,0.6026689745027783,0.551880099121934,0,0,-0.05078887538084431,83.0,2.0,29054.036585,61334.336,98.0,False,3.7,3.3
51832,38.0,0.0,182.0,34.0,116.0,25.91,96.47634928022208,0.0,0.0,0.0,0.0,,2.71,2.9,0.6970396091656219,0.7041582519649067,0,0,0.007118642799284758,79.0,2.0,68137.198783,,,False,3.9,5.1
51833,48.0,1.0,317.0,48.0,109.0,26.37,68.66769856459193,0.0,1.0,0.0,0.0,,7.01,4.79,2.5276642600677244,2.3905744239060374,0,0,-0.13708983616168702,76.0,2.0,20571.4402,0.0,237.0,False,12.4,2.3
51839,36.0,0.0,200.0,40.0,113.33333333333333,44.46,102.48771054741968,0.0,0.0,0.0,0.0,,4.42,2.43,0.594949932258457,0.5438380059339311,0,0,-0.05111192632452599,78.0,2.0,32902.441091,,,False,17.2,6.9
51845,50.0,1.0,189.0,51.0,112.0,40.7,93.91765822093848,1.0,0.0,1.0,0.0,,3.7,2.32,2.7887977056011963,2.6049877386559066,0,0,-0.18380996694528973,81.0,2.0,28522.937384,,,False,5.7,1.6
51846,43.0,0.0,226.0,49.0,124.66666666666667,39.82,113.04279169532374,0.0,0.0,1.0,0.0,,3.95,3.31,1.4579904061330629,1.4201322433386172,0,0,-0.03785816279444565,77.0,1.0,68566.199782,,,False,4.9,5.8
51848,52.0,0.0,239.0,44.0,140.0,27.61,74.24522919222467,0.0,0.0,0.0,0.0,,0.55,3.21,2.5387607645469807,3.2882305837691788,0,1,0.749469819222198,87.0,1.0,12741.448063,,,False,1.3,5.9
51849,41.0,1.0,158.0,61.0,138.0,29.11,104.17586855243808,0.0,0.0,0.0,0.0,2.0,10.54,6.97,0.6430661860507276,0.6045897648529859,0,0,-0.03847642119774175,82.0,2.0,37645.371526,79471.018,85.0,False,9.7,4.6
51851,46.0,1.0,213.0,45.0,112.0,27.32,106.12803844517343,0.0,0.0,0.0,0.0,,27.18,10.0,1.05401806672779,0.9084400896782077,0,0,-0.14557797704958242,76.0,1.0,15376.640325,,,False,35.6,10.1
51855,63.0,0.0,206.0,44.0,142.0,22.32,94.7035385987119,0.0,1.0,0.0,0.0,,5.19,3.75,8.020956069283496,7.666285258815223,2,2,-0.3546708104682734,83.0,2.0,12579.260134,,,False,2.7,7.2
51856,61.0,1.0,282.0,64.0,176.66666666666666,28.37,102.89395838018297,0.0,1.0,0.0,0.0,,19.88,8.33,9.796245950605352,8.701370202886817,2,2,-1.0948757477185342,77.0,2.0,5117.331663,11489.776,173.0,False,34.2,7.0
51857,44.0,1.0,162.0,66.0,93.33333333333333,24.03,103.93330524844983,0.0,1.0,0.0,0.0,2.0,4.93,3.33,0.6575502624874716,0.6201706313623334,0,0,-0.0373796311251382,79.0,2.0,158146.917521,,,False,6.9,3.0
51863,76.0,1.0,212.0,50.0,103.33333333333333,31.91,52.649970295569624,1.0,0.0,1.0,1.0,,13.16,11.76,14.879099032492533,14.666507631526532,3,3,-0.2125914009660015,75.0,2.0,14043.052734,33811.718,131.0,False,20.4,12.7
51865,40.0,1.0,130.0,49.0,128.0,28.6,80.7236532975235,0.0,0.0,0.0,0.0,2.0,3.25,2.86,0.47093559522982903,0.46202559901693097,0,0,-0.008909996212898064,82.0,1.0,30344.348456,,,False,5.5,4.6
51866,74.0,0.0,226.0,52.0,140.0,28.12,66.78322469816139,0.0,0.0,1.0,0.0,,20.0,7.25,15.575303172872617,13.664906256460105,3,3,-1.9103969164125125,81.0,2.0,32931.023461,74031.019,142.0,False,14.2,5.8
51867,35.0,1.0,147.0,49.0,105.33333333333333,21.02,101.51675242765624,0.0,0.0,0.0,0.0,2.0,36.19,15.27,0.29513084089101843,0.25936556431300584,0,0,-0.035765276578012595,85.0,1.0,57097.484011,,,False,7.6,11.3
51877,55.0,0.0,262.0,34.0,126.66666666666667,40.25,101.55010990526476,0.0,0.0,0.0,0.0,,2.2,1.77,3.7276274128298654,3.611547079040152,1,1,-0.11608033378971339,81.0,1.0,21126.981723,,,False,4.1,2.0
51878,75.0,0.0,231.0,31.0,125.33333333333333,29.47,69.2494314121603,0.0,0.0,1.0,0.0,,2.0,4.46,13.620688685206346,15.109349527425348,3,3,1.4886608422190015,76.0,2.0,33645.553037,,,False,0.8,9.0
51880,47.0,0.0,206.0,30.0,120.66666666666667,23.89,110.26529505274233,0.0,0.0,0.0,0.0,,6.12,4.36,1.9420094187661423,1.8468620241960731,0,0,-0.09514739457006915,85.0,1.0,18226.446244,,,False,9.0,8.5
51883,63.0,1.0,183.0,58.0,160.0,31.5,98.86939744552022,0.0,0.0,0.0,0.0,,26.04,8.59,5.530160890134632,4.722056472552616,2,1,-0.8081044175820162,85.0,1.0,5939.990537,,,False,28.9,5.5
51885,43.0,0.0,205.0,53.0,116.66666666666667,22.14,107.24729780281115,1.0,0.0,1.0,1.0,,67.68,56.67,3.7470691211539955,3.6515620051370323,1,1,-0.09550711601696316,86.0,1.0,20257.239026,46773.829,134.0,False,37.9,35.7
51886,30.0,0.0,233.0,49.0,108.0,30.69,122.09733322291598,0.0,0.0,0.0,0.0,,4.77,3.87,0.35714551131273986,0.34608344503283905,0,0,-0.011062066279900806,86.0,3.0,22871.407788,51495.292,150.0,False,5.3,5.5
51888,63.0,0.0,207.0,42.0,127.33333333333333,27.46,95.96765132565572,0.0,0.0,0.0,0.0,,10.53,3.06,5.794474622502135,4.855933515015333,2,1,-0.9385411074868024,80.0,1.0,52696.446317,121686.634,145.0,False,7.9,2.2
51889,66.0,0.0,216.0,45.0,126.0,23.13,90.55935413203161,1.0,1.0,0.0,1.0,,23.35,7.88,14.888575577979227,12.927304415391374,3,3,-1.9612711625878525,84.0,2.0,9775.236398,,,False,36.2,15.6
51892,50.0,0.0,179.0,33.0,132.66666666666666,29.65,113.74822078851547,0.0,0.0,0.0,0.0,,10.23,4.23,2.6620693219787315,2.337483410951365,0,0,-0.32458591102736634,85.0,1.0,81016.09058,,,False,22.5,10.4
51895,61.0,1.0,199.0,62.0,196.0,31.28,99.73921207757469,1.0,0.0,1.0,0.0,,23.18,4.71,14.225884698974712,11.548607120947665,3,3,-2.677277578027047,81.0,1.0,8567.6299,,,False,5.1,4.1
51898,31.0,1.0,196.0,41.0,138.0,48.91,109.08919915591581,0.0,0.0,0.0,0.0,2.0,10.17,4.77,0.6262480597027595,0.5593431053782998,0,0,-0.06690495432445975,79.0,2.0,22563.920985,,,False,11.9,12.7
51899,30.0,1.0,164.0,45.0,104.0,20.47,124.7731416755749,0.0,0.0,0.0,0.0,2.0,9.22,5.61,0.18248650596989605,0.16939330878048958,0,0,-0.013093197189406464,76.0,2.0,61263.384725,,,False,4.7,6.0
51900,70.0,1.0,172.0,56.0,164.66666666666666,38.54,93.63372588598125,1.0,0.0,1.0,1.0,,26.41,25.89,13.092416791666617,13.058486439745028,3,3,-0.03393035192158855,83.0,1.0,18281.815192,53039.944,101.0,False,27.2,18.9
51902,46.0,0.0,164.0,32.0,116.66666666666667,32.32,108.52722977268286,0.0,0.0,0.0,1.0,,3.33,3.1,1.1083827787276588,1.0965989508075205,0,0,-0.011783827920138323,80.0,1.0,66379.952465,,,False,1.3,8.3
51906,46.0,0.0,154.0,39.0,132.66666666666666,34.22,97.5005185404594,0.0,0.0,0.0,0.0,,1.81,2.16,1.3042894592683483,1.3391042022926125,0,0,0.03481474302426424,83.0,2.0,94815.614301,206208.499,97.0,False,2.6,1.6
51908,43.0,1.0,178.0,48.0,101.33333333333333,39.55,118.15098655555143,0.0,0.0,0.0,0.0,2.0,36.71,35.4,0.6748044805464211,0.6711580631769322,0,0,-0.003646417369488897,82.0,2.0,16306.175177,,,False,29.0,22.3
51911,48.0,0.0,213.0,57.0,116.66666666666667,25.65,83.71806731905,0.0,0.0,0.0,0.0,,5.84,4.55,1.332400087169973,1.283746704181574,0,0,-0.04865338298839905,80.0,1.0,63260.599658,,,False,8.7,4.0
51916,66.0,1.0,261.0,45.0,166.0,31.83,66.07720699446986,0.0,0.0,1.0,0.0,,15.0,8.92,9.993754258382875,9.313486567339162,2,2,-0.6802676910437135,86.0,3.0,5184.204509,11317.522,193.0,False,13.5,3.3
51919,64.0,1.0,184.0,45.0,106.0,33.99,91.77715417488379,0.0,0.0,0.0,0.0,,3.78,3.14,2.9033066711973987,2.825824645732055,0,0,-0.07748202546534388,81.0,2.0,63755.08114,135193.969,107.0,False,7.1,4.4
51921,55.0,0.0,225.0,49.0,185.33333333333334,26.97,62.004529455221935,0.0,1.0,1.0,0.0,,5.42,3.63,11.104443652405413,10.520817719574953,3,3,-0.5836259328304596,88.0,1.0,18605.354846,,,False,5.2,3.7
51922,46.0,0.0,224.0,83.0,116.0,23.25,74.04593300160977,0.0,0.0,0.0,0.0,,3.52,1.85,0.7283043526884218,0.6613308045328555,0,0,-0.06697354815556622,86.0,1.0,23814.325568,,,False,12.9,0.5
51928,62.0,1.0,186.0,61.0,115.33333333333333,20.76,69.4935497338664,0.0,0.0,1.0,0.0,,345.12,75.22,5.568850367941288,4.4813849145291424,2,1,-1.087465453412146,86.0,1.0,22204.695803,50600.652,100.0,False,141.5,34.6
51933,54.0,0.0,200.0,48.0,194.0,35.82,105.5678777099181,0.0,1.0,0.0,0.0,,880.3,316.96,19.533626481044855,17.22229520784103,3,3,-2.3113312732038267,77.0,2.0,103268.230044,224591.56,127.0,False,581.0,355.0
51936,51.0,1.0,161.0,55.0,126.0,26.14,106.1392486442389,0.0,0.0,0.0,1.0,,14.16,9.71,1.1334774283789641,1.0717351281879375,0,0,-0.06174230019102667,87.0,2.0,12719.508666,27409.774,84.0,False,17.7,13.5
51940,31.0,0.0,241.0,48.0,113.33333333333333,30.49,109.74374946445099,0.0,0.0,0.0,0.0,,3.85,2.21,0.4293873403615169,0.3949990978486368,0,0,-0.034388242512880085,81.0,2.0,14982.222912,45100.992,158.0,False,7.9,2.7
51943,39.0,1.0,231.0,46.0,118.66666666666667,36.75,103.79434504779843,0.0,0.0,1.0,0.0,2.0,0.95,3.45,0.6135207043624381,0.7436060204043209,0,0,0.13008531604188278,81.0,2.0,71929.361138,,,False,0.21,3.0
51944,42.0,0.0,207.0,51.0,110.0,25.65,107.91637935481099,0.0,0.0,0.0,0.0,,1.88,2.44,0.6488550700727918,0.67473527034883,0,0,0.025880200276038212,82.0,2.0,25040.876065,,,False,0.6,3.0
51951,56.0,1.0,237.0,94.0,138.0,29.35,98.06885034418413,0.0,0.0,1.0,0.0,,5.45,10.63,1.6771025818582692,1.850750044943842,0,0,0.17364746308557288,87.0,2.0,93109.959096,216204.614,117.0,False,0.6,3.4
51952,46.0,1.0,168.0,57.0,126.0,22.5,71.21605662034494,0.0,0.0,0.0,0.0,,3.09,2.5,0.7419468430684906,0.7188854821694964,0,0,-0.023061360898994132,84.0,1.0,63386.839663,137837.883,100.0,False,7.1,3.2
51957,40.0,1.0,191.0,37.0,139.33333333333334,31.25,115.83310301534061,1.0,0.0,0.0,0.0,2.0,5.77,5.38,3.3243989782825936,3.290798769047528,1,1,-0.03360020923506557,76.0,2.0,18372.138824,,,False,3.0,4.2
51963,49.0,0.0,215.0,47.0,94.66666666666667,23.43,105.05202498526823,0.0,0.0,0.0,0.0,,4.86,6.65,1.7586923202027516,1.842403017184782,0,0,0.08371069698203049,84.0,1.0,67765.448326,140399.706,145.0,False,17.4,21.2
51964,60.0,1.0,200.0,67.0,129.33333333333334,30.69,94.08894899177962,0.0,0.0,1.0,0.0,,10.0,6.2,3.010597420693716,2.8079704904305096,1,0,-0.20262693026320644,76.0,2.0,65943.007088,145363.126,121.0,False,5.7,3.1
51968,45.0,0.0,217.0,42.0,104.66666666666667,37.42,108.4399793910444,0.0,1.0,0.0,0.0,,3.53,2.18,1.904688125465199,1.773357690768205,0,0,-0.13133043469699412,78.0,1.0,17917.020794,39499.498,144.0,False,7.3,4.4
51973,46.0,0.0,205.0,33.0,144.66666666666666,30.22,80.32434354518116,0.0,0.0,1.0,0.0,,3.12,2.56,2.9469566875044735,2.8627067126663106,0,0,-0.08424997483816288,78.0,2.0,94172.422984,204125.54,142.0,False,2.9,6.3
51974,55.0,1.0,190.0,87.0,108.66666666666667,28.51,108.18191349942937,0.0,0.0,0.0,1.0,,4.57,5.15,0.6544663937621382,0.6662326014470533,0,0,0.011766207684915098,86.0,1.0,20180.00055,,,False,4.3,1.7
51975,57.0,0.0,225.0,41.0,129.33333333333334,31.88,85.7238597205695,0.0,0.0,1.0,1.0,,558.15,226.74,9.570726389270266,8.45641481921301,2,2,-1.1143115700572555,80.0,2.0,20432.419271,44288.747,128.0,False,1267.0,424.0
51976,79.0,0.0,188.0,50.0,146.0,27.78,83.52571804006685,1.0,0.0,1.0,0.0,,4.66,5.79,18.40464021911493,18.902110605625328,3,3,0.4974703865103969,87.0,2.0,34860.620863,84219.447,109.0,False,6.2,4.4
51982,46.0,0.0,228.0,100.0,140.66666666666666,22.89,109.31044169423751,0.0,1.0,0.0,0.0,,76.99,5.87,2.2062986358142025,1.5064878990660822,0,0,-0.6998107367481203,75.0,2.0,27020.765699,,,False,87.0,2.7
51985,60.0,1.0,203.0,63.0,111.33333333333333,33.25,60.82734918180882,0.0,0.0,0.0,1.0,,3.04,2.53,1.7429237364485464,1.6963348805335907,0,0,-0.04658885591495565,83.0,2.0,79504.28538,,,False,0.7,2.1
51991,35.0,0.0,192.0,46.0,121.33333333333333,28.82,108.41532242346997,0.0,0.0,0.0,0.0,,6.67,2.53,0.6034325218380223,0.5216880124659825,0,0,-0.08174450937203981,80.0,1.0,53465.061204,161824.767,117.0,False,1.4,2.5
51993,49.0,1.0,207.0,78.0,132.0,46.13,112.7927580926323,0.0,0.0,1.0,1.0,,40.24,24.27,1.2571733663689084,1.1663516033037291,0,0,-0.0908217630651793,84.0,1.0,26152.25275,60998.215,116.0,False,82.5,56.3
51995,72.0,0.0,251.0,91.0,132.66666666666666,14.59,72.10991965450054,0.0,1.0,0.0,0.0,,6.16,3.09,9.231342217064675,8.394686084455396,2,2,-0.8366561326092796,76.0,2.0,10399.3983,26638.32,140.0,False,9.0,2.9
51997,74.0,1.0,260.0,45.0,131.33333333333334,26.18,71.84709820828168,0.0,0.0,0.0,0.0,,2.67,5.22,7.335507867611648,8.049693405250736,2,2,0.7141855376390875,76.0,2.0,39394.168753,,,False,0.4,2.4
52007,49.0,1.0,220.0,74.0,98.66666666666667,23.63,107.46771727945188,0.0,1.0,0.0,0.0,,4.29,4.22,1.0175884102829078,1.015103809366768,0,0,-0.0024846009161398896,75.0,2.0,24194.944766,58362.138,133.0,False,3.6,4.9
52008,62.0,1.0,189.0,80.0,158.66666666666666,27.59,60.76927108924858,0.0,1.0,0.0,0.0,,3.06,4.24,4.774393440809654,5.00199053065948,1,2,0.22759708984982563,89.0,2.0,16242.073126,35368.931,97.0,False,7.2,2.5
52009,44.0,1.0,227.0,79.0,100.0,29.12,75.76591014045789,0.0,0.0,0.0,0.0,2.0,7.79,2.26,0.4317679120973621,0.3588299036900926,0,0,-0.0729380084072695,77.0,1.0,76603.798386,166578.826,138.0,False,9.5,3.1
52010,49.0,1.0,221.0,38.0,159.33333333333334,43.92,60.28031398314845,0.0,0.0,1.0,0.0,,7.41,5.96,4.173794669414934,4.044987234076535,1,1,-0.12880743533839922,84.0,1.0,21427.791671,,,False,14.0,13.0
52012,66.0,1.0,146.0,50.0,125.33333333333333,30.96,96.33563316155355,1.0,0.0,1.0,0.0,,5.69,5.34,7.5142902369801075,7.448324834313729,2,2,-0.06596540266637874,78.0,1.0,13823.802605,33283.825,72.0,False,3.7,3.9
52013,36.0,0.0,146.0,40.0,102.0,28.09,90.20514000880766,0.0,0.0,0.0,0.0,,7.19,5.38,0.49572816906811623,0.47458826634983264,0,0,-0.021139902718283587,77.0,2.0,79961.680523,,,False,6.4,2.1
52017,31.0,0.0,170.0,21.0,148.66666666666666,35.24,117.49586014446653,0.0,0.0,1.0,0.0,,18.02,14.38,1.788540381858642,1.7296608015027592,0,0,-0.05887958035588281,78.0,2.0,81216.199549,,,False,18.2,25.6
52020,32.0,1.0,202.0,34.0,110.66666666666667,34.29,119.02034757046715,0.0,0.0,0.0,0.0,2.0,7.34,5.91,0.35109302083043314,0.3398938156985764,0,0,-0.011199205131856738,75.0,2.0,21013.966653,,,False,5.8,3.9
52023,65.0,0.0,177.0,36.0,131.33333333333334,31.28,77.88374461139381,1.0,0.0,1.0,1.0,,23.13,11.53,12.592559610201095,11.48020187982367,3,3,-1.1123577303774255,87.0,1.0,70560.254529,155728.139,106.0,False,38.4,8.3
52027,55.0,0.0,250.0,57.0,134.0,22.81,104.91335686811661,0.0,0.0,0.0,0.0,,12.65,24.1,3.7349567930591783,4.101110741519378,1,1,0.36615394846019944,75.0,1.0,19364.17167,45112.09,162.0,False,6.2,9.4
52029,43.0,1.0,135.0,38.0,136.66666666666666,31.22,117.60984390493607,0.0,0.0,0.0,0.0,2.0,54.29,10.31,1.2943747522707316,1.0115691840600873,0,0,-0.2828055682106443,78.0,2.0,21420.29799,46176.421,45.0,False,22.8,3.3
52031,77.0,0.0,194.0,51.0,147.33333333333334,30.34,88.87040993917834,0.0,0.0,0.0,0.0,,6.34,4.79,13.085078426586687,12.611089504758883,3,3,-0.4739889218278037,85.0,2.0,33963.063829,78427.507,104.0,False,5.9,3.5
52032,40.0,1.0,191.0,58.0,106.66666666666667,26.8,114.50061179342943,0.0,0.0,0.0,0.0,2.0,24.4,4.62,0.42144238668655154,0.3285813315880816,0,0,-0.09286105509846992,87.0,2.0,14348.956279,30932.504,121.0,False,12.2,1.2
52033,45.0,1.0,250.0,80.0,137.33333333333334,26.43,79.28508434642143,0.0,0.0,0.0,0.0,,20.0,20.56,1.0243615064494855,1.0285731805108183,0,0,0.004211674061332715,84.0,1.0,16371.808858,,,False,3.4,18.3
52039,43.0,1.0,215.0,80.0,118.66666666666667,38.52,87.12453388757395,1.0,0.0,1.0,0.0,2.0,8.92,6.85,1.5606704163617064,1.5009270871752407,0,0,-0.05974332918646574,86.0,3.0,13601.228883,,,False,12.4,6.1
52042,61.0,0.0,176.0,42.0,110.66666666666667,35.56,79.84557529498599,0.0,0.0,0.0,0.0,,5.47,4.02,3.445982243905964,3.2945397561002716,1,1,-0.15144248780569258,85.0,2.0,61520.627241,,,False,2.9,6.8
52043,62.0,0.0,216.0,39.0,110.0,28.97,101.22479656428506,0.0,0.0,0.0,1.0,,6.36,4.91,4.499070544633116,4.334137225549944,1,1,-0.16493331908317188,85.0,2.0,61520.627241,,,False,8.2,2.7
52050,39.0,0.0,155.0,48.0,128.66666666666666,32.7,84.79025229167237,0.0,0.0,0.0,0.0,,8.79,3.49,0.8071543143803164,0.7028046008451825,0,0,-0.10434971353513389,79.0,2.0,79303.669349,,,False,8.0,2.9
52051,56.0,0.0,218.0,36.0,100.66666666666667,30.9,104.66478535898611,0.0,0.0,0.0,0.0,,6.96,5.62,3.407033369389728,3.3023442109399483,1,1,-0.10468915844977955,88.0,2.0,9731.188016,21831.411,140.0,False,4.8,5.0
52052,43.0,0.0,212.0,51.0,122.0,33.36,90.32518722372444,0.0,0.0,1.0,0.0,,4.47,5.07,1.3041526659297291,1.3288619191646573,0,0,0.02470925323492823,83.0,2.0,28866.856878,,,False,3.4,10.9
52058,49.0,0.0,192.0,37.0,129.33333333333334,24.65,92.2635123866304,0.0,0.0,0.0,0.0,,3.45,5.45,2.042299310199724,2.185105632090655,0,0,0.142806321890931,75.0,2.0,21178.53496,46854.696,123.0,False,3.8,7.9
52063,47.0,0.0,194.0,45.0,108.66666666666667,24.67,88.10586920714,0.0,0.0,0.0,0.0,,2.99,3.24,1.1082898238064807,1.1216589632988934,0,0,0.013369139492412696,77.0,1.0,83568.320819,173140.856,130.0,False,2.3,4.5
52065,66.0,0.0,148.0,28.0,150.0,44.05,82.02140535138454,1.0,0.0,0.0,0.0,,14.22,8.28,13.064210465165587,12.164337820841,3,3,-0.8998726443245868,81.0,1.0,7737.568458,,,False,28.3,17.8
52068,72.0,0.0,205.0,41.0,107.33333333333333,28.15,75.4188056113002,0.0,0.0,0.0,0.0,,6.74,5.71,9.052148864568398,8.848078284875767,2,2,-0.20407057969263143,76.0,2.0,34061.139515,,,False,11.8,9.7
52069,40.0,1.0,197.0,71.0,118.66666666666667,32.72,98.40851494827916,0.0,0.0,0.0,0.0,2.0,5.8,3.64,0.3355467796022009,0.31295212652811,0,0,-0.02259465307409092,77.0,2.0,85415.930989,197261.632,96.0,False,5.1,5.1
52071,41.0,0.0,252.0,35.0,108.0,36.54,116.26788421940397,0.0,0.0,0.0,0.0,,119.6,64.82,1.8960715273877642,1.7314563629694497,0,0,-0.16461516441831447,82.0,1.0,16715.945903,,,False,148.3,107.6
52072,32.0,1.0,170.0,60.0,119.33333333333333,30.35,125.37136245398901,0.0,0.0,0.0,0.0,2.0,4.0,4.72,0.17179838940164727,0.17611298027114844,0,0,0.0043145908695011725,81.0,1.0,18734.521353,37032.46,97.0,False,2.0,7.7
52080,30.0,0.0,218.0,57.0,110.66666666666667,21.77,102.60380803210388,0.0,1.0,0.0,0.0,,22.11,4.04,0.6590001931411111,0.510574634160332,0,0,-0.14842555898077914,78.0,1.0,60193.00099,,,False,25.2,5.9
52081,65.0,0.0,206.0,45.0,127.33333333333333,31.77,85.5741455611713,1.0,0.0,1.0,1.0,,4.04,4.2,10.064397251472673,10.117609535062929,3,3,0.05321228359025554,86.0,3.0,47075.842776,,,False,5.7,6.3
52084,72.0,1.0,270.0,92.0,133.33333333333334,21.38,80.64926896953644,0.0,0.0,0.0,0.0,,4.4,4.44,4.800261088092335,4.806473374646474,1,1,0.00621228655413919,77.0,2.0,12618.187505,26329.976,155.0,False,4.8,3.2
52085,61.0,1.0,234.0,82.0,90.66666666666667,23.07,73.71519757832036,0.0,0.0,0.0,0.0,,3.55,2.48,1.724538332714888,1.6356116544831476,0,0,-0.08892667823174039,87.0,2.0,67490.818023,,,False,3.9,3.3
52086,68.0,0.0,132.0,45.0,140.66666666666666,24.27,81.00749282784909,0.0,0.0,1.0,1.0,,4.96,1.56,6.026383125948469,5.109896797715632,2,2,-0.9164863282328364,77.0,2.0,19682.063679,45449.821,60.0,False,5.8,0.5
52088,79.0,1.0,183.0,76.0,154.66666666666666,21.29,57.30689857429213,0.0,0.0,0.0,0.0,,6.47,6.5,10.91079006600359,10.917542412556578,3,3,0.006752346552987731,77.0,1.0,34245.404778,78039.34,80.0,False,4.4,2.6
52090,52.0,1.0,188.0,59.0,124.66666666666667,39.66,83.56010305475766,0.0,0.0,1.0,0.0,,1.58,3.87,1.3115422003340718,1.497505972057926,0,0,0.18596377172385425,80.0,2.0,112421.513631,,,False,0.3,1.2
52092,35.0,1.0,211.0,34.0,109.0,36.13,116.8202661662569,0.0,0.0,0.0,0.0,2.0,5.53,5.48,0.43620179272613563,0.43561002050542935,0,0,-0.000591772220706277,75.0,1.0,21156.502109,,,False,7.8,2.3
52094,61.0,1.0,188.0,45.0,131.33333333333334,40.81,101.2534020945155,0.0,0.0,0.0,0.0,,6.9,10.23,3.267014293563313,3.459095871953514,1,1,0.192081578390201,89.0,1.0,5760.494111,12617.753,126.0,False,5.8,22.6
52099,56.0,0.0,186.0,31.0,132.66666666666666,30.27,95.14139311573523,0.0,0.0,1.0,1.0,,12.64,5.0,4.962622570104207,4.342248688246688,1,1,-0.6203738818575193,81.0,2.0,99844.470859,,,False,20.6,1.9
52103,62.0,0.0,205.0,66.0,174.66666666666666,32.26,98.59951239648791,0.0,0.0,0.0,0.0,,621.02,9.15,12.272084348103244,6.889407613045907,3,2,-5.382676735057337,86.0,3.0,5296.291204,14526.674,119.0,False,546.5,12.9
52104,74.0,1.0,217.0,40.0,132.0,40.35,72.87470335659705,0.0,0.0,1.0,0.0,,8.76,6.55,10.699820561619044,10.289890699910625,3,3,-0.4099298617084184,80.0,1.0,34299.447413,,,False,9.2,7.4
52106,50.0,1.0,206.0,71.0,105.33333333333333,26.37,106.80141743231928,0.0,0.0,0.0,0.0,,3.0,5.03,0.6133600522690835,0.6625138612914935,0,0,0.049153809022409956,76.0,1.0,18247.773898,,,False,0.9,7.6
52107,48.0,1.0,158.0,27.0,108.66666666666667,35.43,109.35736765515784,0.0,1.0,0.0,0.0,,2.54,2.37,1.5711175385523106,1.5551160612495936,0,0,-0.01600147730271706,82.0,2.0,36481.199046,90553.368,106.0,False,5.0,3.2
52110,48.0,1.0,158.0,78.0,109.33333333333333,21.48,85.66491677313871,0.0,0.0,0.0,0.0,,6.74,2.73,0.44090634898552933,0.385182906459384,0,0,-0.055723442526145306,76.0,1.0,74567.776013,,,False,5.8,3.8
52111,52.0,0.0,172.0,98.0,118.0,19.15,57.50472541884386,0.0,1.0,0.0,0.0,,8.91,8.07,1.4668860962987493,1.4454298162547994,0,0,-0.02145628004394995,83.0,1.0,25644.008191,,,False,4.9,11.7
52112,63.0,1.0,228.0,55.0,108.66666666666667,28.1,75.86210430092883,0.0,0.0,0.0,0.0,,5.81,10.94,2.8271406860988124,3.1001670329386646,0,1,0.27302634683985216,88.0,1.0,5642.636108,,,False,8.6,15.2
52115,43.0,1.0,218.0,90.0,114.66666666666667,22.62,113.69193756642323,0.0,0.0,0.0,0.0,2.0,7.65,5.43,0.2928993163918265,0.27824976433606285,0,0,-0.014649552055763626,75.0,2.0,72750.111486,,,False,2.6,3.8
52117,40.0,0.0,291.0,49.0,124.0,31.91,105.09586469420975,0.0,1.0,0.0,0.0,,4.63,3.33,2.3406834893885953,2.2295736598282185,0,0,-0.11110982956037674,84.0,1.0,14003.820486,,,False,2.5,0.3
52119,67.0,1.0,232.0,76.0,118.0,25.07,46.79229455239509,0.0,1.0,1.0,0.0,,34.23,19.21,9.505339771915711,8.785124106693448,2,2,-0.7202156652222627,78.0,2.0,69974.023405,162813.865,142.0,False,26.7,7.3
52122,67.0,0.0,185.0,76.0,141.33333333333334,32.35,95.92691763867045,0.0,0.0,1.0,1.0,,11.61,8.67,5.773336438133,5.538090712558132,2,2,-0.23524572557486767,85.0,2.0,60349.521987,139359.116,96.0,False,7.2,6.5
52124,45.0,0.0,253.0,39.0,115.33333333333333,32.91,111.2220932895185,0.0,1.0,0.0,0.0,,5.19,4.14,2.5900083358112416,2.505271813981518,0,0,-0.08473652182972335,82.0,1.0,20118.340821,0.0,180.0,False,1.4,4.8
52126,55.0,1.0,240.0,62.0,116.0,46.72,89.6432439689536,0.0,0.0,0.0,0.0,,3.81,5.59,1.4215200211379826,1.5044602386888775,0,0,0.08294021755089487,75.0,2.0,29830.589625,,,False,0.8,6.2
52127,50.0,1.0,212.0,56.0,109.33333333333333,30.02,91.07173614677602,0.0,1.0,0.0,1.0,,2.38,4.29,1.3248249668456402,1.4455726677434397,0,0,0.12074770089779951,77.0,2.0,25427.452028,,,False,1.0,0.9
52130,30.0,1.0,245.0,40.0,109.33333333333333,30.33,66.41565431386736,0.0,1.0,0.0,0.0,2.0,18.67,4.06,0.8714375175884889,0.6942858288962129,0,0,-0.17715168869227593,80.0,2.0,76211.655508,184825.498,176.0,False,15.5,13.8
52131,38.0,1.0,192.0,42.0,116.0,28.87,117.75103814504187,0.0,0.0,0.0,0.0,2.0,4.19,4.51,0.45281364418058456,0.4578212271075644,0,0,0.005007582926979837,79.0,2.0,62125.389482,,,False,3.6,5.5
52135,74.0,0.0,217.0,56.0,132.0,32.93,67.48682122425716,0.0,0.0,1.0,0.0,,8.67,5.69,12.86341401644529,12.16723744667689,3,3,-0.6961765697684008,77.0,1.0,29609.395167,68374.015,145.0,False,12.4,5.8
52137,55.0,1.0,282.0,42.0,158.66666666666666,30.14,102.78918416545584,0.0,0.0,1.0,0.0,,5.31,7.19,5.18838069576819,5.416831244939096,2,2,0.22845054917090568,76.0,2.0,106549.309737,225562.597,189.0,False,5.1,4.1
52138,46.0,0.0,208.0,58.0,118.66666666666667,27.35,84.76590615392612,0.0,0.0,1.0,0.0,,4.19,3.39,1.3348370745849976,1.2933498049317986,0,0,-0.04148726965319893,80.0,1.0,55814.203457,121386.791,131.0,False,2.6,1.9
52146,62.0,0.0,212.0,43.0,112.66666666666667,28.18,76.73704787212746,0.0,0.0,0.0,0.0,,5.78,13.24,4.311750216259408,4.858706274461804,1,1,0.5469560582023965,78.0,2.0,18864.80023,,,False,18.9,24.9
52149,60.0,1.0,163.0,94.0,168.66666666666666,23.03,92.56525157392575,0.0,0.0,0.0,0.0,,10.4,5.0,2.7851300064313027,2.502409875549716,0,0,-0.28272013088158676,85.0,2.0,63146.96853,,,False,5.2,5.3
52151,31.0,1.0,138.0,43.0,119.33333333333333,42.7,126.72309306219134,0.0,0.0,0.0,0.0,2.0,7.6,4.11,0.22022778409582036,0.2008529313454237,0,0,-0.01937485275039666,86.0,3.0,14711.599201,,,False,7.6,4.6
52153,38.0,1.0,259.0,58.0,159.33333333333334,32.6,80.68051805819022,0.0,1.0,0.0,0.0,2.0,4.78,3.61,2.7641067921713005,2.6530629784251976,0,0,-0.11104381374610295,80.0,1.0,20725.232406,59590.341,169.0,False,5.5,14.8
52157,53.0,1.0,292.0,39.0,113.33333333333333,33.43,73.49428418499251,0.0,0.0,0.0,0.0,,2.07,2.74,1.9085195230491327,1.988942580768254,0,0,0.08042305771912117,75.0,2.0,125317.169771,265293.752,182.0,False,2.3,2.3
52159,45.0,1.0,166.0,63.0,103.33333333333333,19.2,101.61623497648871,0.0,0.0,0.0,0.0,,3.49,5.35,0.4084783404878057,0.43541499864053984,0,0,0.02693665815273416,76.0,2.0,19211.164516,,,False,2.2,6.8
52160,73.0,1.0,203.0,48.0,164.66666666666666,45.82,33.34225229003716,1.0,0.0,1.0,1.0,,44.12,68.13,22.248843192455045,23.397601577361346,3,3,1.1487583849063014,89.0,2.0,36266.584603,,,False,30.0,21.8
52162,61.0,0.0,208.0,32.0,146.0,35.21,87.7296914369089,1.0,0.0,0.0,0.0,,428.13,198.74,18.884123440232997,17.172588866160673,3,3,-1.7115345740723242,78.0,1.0,8365.161334,,,False,411.0,188.8
52164,74.0,0.0,156.0,49.0,130.0,21.73,79.9360272664231,0.0,0.0,0.0,0.0,,6.4,8.11,9.322514107095309,9.629224487506185,2,2,0.30671038041087684,79.0,2.0,22662.89954,51343.929,98.0,False,8.0,3.0
52166,60.0,1.0,214.0,29.0,144.0,32.5,85.58024785216206,1.0,0.0,1.0,1.0,,470.94,311.05,19.039822164347203,18.09844809846609,3,3,-0.9413740658811136,88.0,1.0,5697.985261,,,False,551.0,295.5
52167,47.0,0.0,183.0,55.0,123.33333333333333,31.78,87.1093876169541,0.0,0.0,0.0,0.0,,2.61,1.3,1.109325595342788,0.9996112033919974,0,0,-0.10971439195079069,77.0,1.0,81895.402401,169674.823,116.0,False,5.4,2.1
52168,73.0,0.0,167.0,58.0,175.33333333333334,23.52,81.42063980918934,0.0,0.0,0.0,1.0,,10.52,3.76,10.301916139026305,8.952204706588617,3,2,-1.3497114324376884,76.0,2.0,33645.553037,76248.743,94.0,False,12.1,5.3
52172,58.0,0.0,208.0,64.0,113.33333333333333,19.05,107.74408823073323,0.0,1.0,0.0,0.0,,17.1,13.08,3.948656761195069,3.797996542486256,1,1,-0.15066021870881308,85.0,2.0,23192.901232,,,False,24.8,20.8
52173,54.0,1.0,267.0,79.0,129.33333333333334,24.2,65.37502815362195,0.0,0.0,0.0,0.0,,4.06,4.12,1.4783358200424468,1.4815468784351604,0,0,0.0032110583927136283,82.0,1.0,95337.536404,,,False,2.6,3.5
52175,64.0,1.0,252.0,50.0,117.0,24.34,72.35257817155274,0.0,0.0,0.0,0.0,,5.54,3.74,3.6536537308243044,3.451602037129292,1,1,-0.20205169369501252,75.0,1.0,6260.61572,,,False,5.1,4.6
52179,40.0,0.0,216.0,47.0,117.33333333333333,35.45,94.17472971693599,0.0,0.0,0.0,0.0,,6.76,6.74,0.9010108683165151,0.9006114496723594,0,0,-0.0003994186441557135,79.0,2.0,75648.543242,163973.69,150.0,False,12.5,15.5
52185,33.0,0.0,171.0,36.0,102.0,34.14,120.29648846490694,0.0,0.0,0.0,0.0,,5.16,2.68,0.4495794975505032,0.40740524723542876,0,0,-0.042174250315074435,84.0,2.0,23915.271061,,,False,11.1,5.6
52187,44.0,1.0,180.0,54.0,123.33333333333333,20.92,81.9358876424416,0.0,0.0,0.0,0.0,2.0,3.04,2.92,0.6489192495604293,0.6450329597402037,0,0,-0.0038862898202256524,77.0,2.0,34615.20916,,,False,8.2,5.9
52191,51.0,1.0,218.0,66.0,144.66666666666666,31.56,65.83099937680893,0.0,1.0,0.0,0.0,,11.18,10.23,3.19924196512108,3.1582136239481664,1,1,-0.04102834117291376,83.0,2.0,31163.599633,,,False,14.2,13.1
52192,73.0,0.0,151.0,50.0,132.66666666666666,26.39,86.70143056277719,1.0,0.0,0.0,1.0,,24.24,19.57,11.483289599251888,11.158870431472943,3,3,-0.3244191677789452,83.0,2.0,14932.548383,,,False,16.0,9.0
52195,46.0,1.0,272.0,73.0,110.0,24.63,108.70674387954075,0.0,0.0,0.0,0.0,,11.47,13.79,0.6540090868176024,0.6722239963365203,0,0,0.01821490951891791,76.0,2.0,79088.217729,174048.876,168.0,False,19.5,13.1
52197,39.0,0.0,149.0,34.0,139.33333333333334,40.66,116.79119098470599,1.0,0.0,1.0,0.0,,146.54,73.13,5.7124135308305775,5.172678061764561,2,2,-0.5397354690660165,78.0,2.0,79590.36724,,,False,118.7,46.8
52198,45.0,1.0,194.0,32.0,113.33333333333333,36.29,115.12369885973024,1.0,1.0,1.0,0.0,,4.73,4.55,5.3737720999483605,5.344231816522409,2,2,-0.029540283425951053,82.0,2.0,17929.959406,,,False,4.3,11.7
52202,65.0,1.0,208.0,75.0,132.0,24.07,64.84775273058324,0.0,0.0,1.0,0.0,,6.58,2.09,4.205356101699799,3.563924700490377,1,1,-0.641431401209422,86.0,1.0,65573.061923,,,False,4.8,2.3
52203,75.0,0.0,229.0,64.0,134.66666666666666,20.21,91.94572407830873,0.0,0.0,0.0,0.0,,11.11,7.61,11.600694421113506,11.027475636969996,3,3,-0.5732187841435099,85.0,2.0,10532.096527,0.0,143.0,False,5.0,5.1
52205,48.0,1.0,220.0,49.0,110.66666666666667,20.23,103.07163016695893,0.0,0.0,0.0,0.0,,13.33,3.43,1.0291901192840813,0.8410431584870176,0,0,-0.18814696079706372,86.0,3.0,58388.657969,,,False,2.8,3.4
52207,67.0,0.0,188.0,34.0,119.33333333333333,28.83,86.63360118013901,0.0,0.0,0.0,1.0,,3.62,3.58,5.954797276310276,5.945407773595345,2,2,-0.009389502714931552,86.0,3.0,46179.70811,111565.123,,False,7.6,4.3
52212,65.0,1.0,226.0,40.0,114.66666666666667,25.84,71.9039921868891,1.0,0.0,0.0,0.0,,85.25,25.6,9.903879870787016,8.405027973050824,2,2,-1.4988518977361913,82.0,2.0,7692.636623,16849.907,142.0,False,138.1,12.8
52214,38.0,0.0,163.0,30.0,124.66666666666667,26.66,98.7963880495905,1.0,1.0,0.0,0.0,,5.14,4.21,4.155720236982096,4.037318508481674,1,1,-0.11840172850042219,86.0,3.0,22430.51295,49268.366,75.0,False,9.4,5.1
52215,63.0,1.0,227.0,79.0,162.66666666666666,24.81,85.29223669906257,0.0,0.0,0.0,0.0,,7.05,3.79,4.131087390556062,3.777445213136893,1,1,-0.3536421774191689,88.0,2.0,5642.636108,,,False,3.1,2.2
52217,48.0,1.0,188.0,54.0,142.66666666666666,35.5,108.13817395799143,1.0,0.0,1.0,0.0,,23.8,12.6,5.117003467765294,4.672824482881388,2,1,-0.44417898488390595,86.0,2.0,71535.396711,165174.751,112.0,False,44.5,9.7
52222,39.0,1.0,172.0,48.0,108.0,34.23,82.29956469009588,0.0,0.0,0.0,0.0,2.0,2.12,2.57,0.3304372751725784,0.3400922406023553,0,0,0.009654965429776896,79.0,2.0,60172.700525,135791.075,102.0,False,3.1,2.7
52227,57.0,1.0,217.0,79.0,128.0,29.86,104.21147949415595,0.0,0.0,0.0,0.0,,9.57,8.77,1.6176663373083522,1.5969413284656806,0,0,-0.02072500884267159,87.0,1.0,15295.318785,,,False,6.7,5.7
52231,56.0,1.0,137.0,44.0,115.33333333333333,41.79,74.04238663056476,0.0,0.0,0.0,0.0,,3.93,0.94,1.5682431757613826,1.2690137642928987,0,0,-0.2992294114684839,76.0,1.0,100459.275616,,,False,1.1,0.3
52232,36.0,0.0,197.0,84.0,114.0,29.05,120.42740540213123,0.0,0.0,0.0,0.0,,17.12,24.02,0.30758915190967956,0.3236752273833454,0,0,0.016086075473665862,86.0,3.0,22224.860402,49659.061,99.0,False,20.2,43.0
52241,43.0,1.0,221.0,48.0,106.0,22.04,110.75402294823633,0.0,0.0,0.0,0.0,2.0,8.88,8.16,0.6661525290988365,0.6578051731016216,0,0,-0.008347355997214922,79.0,2.0,19234.873728,44664.056,154.0,False,7.1,8.4
52242,33.0,0.0,209.0,25.0,126.0,34.84,116.0434280195391,0.0,0.0,0.0,0.0,,9.92,5.16,1.0342212041011838,0.9379302843198456,0,0,-0.09629091978133819,75.0,1.0,41403.555697,,,False,13.1,6.5
52243,76.0,0.0,168.0,52.0,116.0,26.26,59.10961418803394,0.0,0.0,1.0,0.0,,4.16,3.08,11.616383606602167,11.158416792119446,3,3,-0.45796681448272025,87.0,1.0,40482.073409,99821.393,86.0,False,9.7,2.8
52245,43.0,1.0,187.0,24.0,136.0,30.6,111.1501698505097,0.0,0.0,0.0,0.0,2.0,18.57,14.02,1.8652081046340985,1.789524558584151,0,0,-0.07568354604994743,76.0,1.0,15496.851984,,,False,6.5,16.4
52247,45.0,0.0,234.0,35.0,126.0,33.91,112.95840093863947,0.0,0.0,0.0,0.0,,5.37,4.0,1.939973730160985,1.8571480457314158,0,0,-0.08282568442956917,80.0,1.0,55814.203457,,,False,8.7,5.4
52248,60.0,0.0,152.0,41.0,123.33333333333333,,43.72237037940083,1.0,0.0,1.0,1.0,,158.0,108.36,12.120455361043366,11.526821579388836,3,3,-0.5936337816545301,80.0,2.0,24081.070993,,,False,23.7,151.7
52249,43.0,0.0,224.0,47.0,120.0,34.73,110.18125721930724,0.0,1.0,0.0,0.0,,6.51,3.72,1.9844024930221449,1.8265357171524932,0,0,-0.1578667758696517,82.0,2.0,25861.388576,56823.047,142.0,False,6.9,5.4
52250,76.0,0.0,168.0,33.0,162.0,24.62,76.16975746094442,0.0,1.0,0.0,0.0,,16.04,10.35,18.88596898787382,17.8933063179551,3,3,-0.9926626699187189,77.0,2.0,44875.382692,,,False,17.8,14.8
52251,43.0,0.0,195.0,100.0,124.0,20.08,107.24729780281115,0.0,0.0,0.0,0.0,,3.6,2.73,0.4187778249338128,0.40171319578966497,0,0,-0.017064629144147858,79.0,1.0,82662.426594,,,False,1.8,1.5
52256,34.0,1.0,196.0,65.0,106.0,20.0,120.23716734931925,0.0,0.0,0.0,0.0,2.0,8.88,6.1,0.18707330485413162,0.17683736578432768,0,0,-0.01023593906980394,88.0,2.0,20293.289262,40248.111,120.0,False,19.8,10.0
52266,54.0,0.0,289.0,38.0,112.66666666666667,,101.49249629792372,0.0,1.0,0.0,0.0,,2.31,3.33,4.426195930217689,4.665791803277721,1,1,0.23959587306003183,75.0,2.0,27677.826653,,,False,1.2,2.0
52272,46.0,0.0,222.0,37.0,112.66666666666667,27.83,86.67073375625436,0.0,1.0,0.0,0.0,,3.96,3.68,2.2969055888170837,2.272185722153855,0,0,-0.024719866663228895,86.0,1.0,19566.546628,,,False,10.6,5.7
52274,33.0,1.0,194.0,51.0,106.66666666666667,24.75,99.71150469678942,0.0,0.0,0.0,0.0,2.0,3.96,6.1,0.22432195018170292,0.2393175389522007,0,0,0.01499558877049778,77.0,1.0,63360.142345,153658.516,126.0,False,5.3,12.2
52275,53.0,0.0,216.0,46.0,123.33333333333333,26.63,104.65370210703844,0.0,0.0,0.0,0.0,,3.26,3.39,2.3058507278977864,2.3191898811085245,0,0,0.013339153210738086,88.0,1.0,11723.777579,,,False,4.6,4.1
52276,50.0,1.0,217.0,83.0,112.66666666666667,20.23,106.80141743231928,0.0,0.0,0.0,0.0,,5.75,3.33,0.5884173492773112,0.5423433160620694,0,0,-0.04607403321524173,77.0,1.0,96228.548493,,,False,2.3,1.4
52282,54.0,0.0,225.0,45.0,131.33333333333334,27.63,76.42564703175121,0.0,0.0,0.0,0.0,,2.47,1.62,2.901544982965055,2.727380857180702,0,0,-0.17416412578435292,76.0,1.0,103268.230044,,,False,2.1,1.9
52283,67.0,0.0,250.0,47.0,169.33333333333334,27.64,100.13540524799988,0.0,0.0,0.0,0.0,,7.5,5.73,11.215796800421812,10.817353687375414,3,3,-0.39844311304639746,88.0,1.0,6906.320246,,,False,8.1,4.3
52288,39.0,1.0,174.0,50.0,100.0,28.38,89.31913283408254,0.0,0.0,0.0,0.0,2.0,5.05,3.58,0.3673213260535152,0.34889682067002975,0,0,-0.018424505383485446,86.0,2.0,58615.208279,,,False,11.1,7.2
52290,32.0,0.0,205.0,70.0,114.66666666666667,22.77,117.57162615510919,0.0,0.0,0.0,0.0,,6.6,4.15,0.26722828673739546,0.24919172663815867,0,0,-0.018036560099236792,86.0,1.0,65252.432747,193503.141,114.0,False,6.2,2.7
52295,37.0,1.0,236.0,79.0,106.0,24.12,110.36979307926666,0.0,0.0,0.0,0.0,2.0,4.12,3.11,0.1988060660780088,0.19060309050323396,0,0,-0.00820297557477484,77.0,2.0,24814.811919,50448.67,141.0,False,8.4,4.2
52299,71.0,1.0,187.0,56.0,111.33333333333333,25.65,74.24715597080363,0.0,0.0,0.0,0.0,,17.92,7.5,5.895368609017832,5.210423251692667,2,2,-0.6849453573251649,86.0,1.0,21160.969531,46092.592,103.0,False,17.2,9.3
52305,39.0,0.0,212.0,35.0,142.0,51.26,92.60040812740436,0.0,0.0,1.0,0.0,,9.89,6.19,2.1954436772408,2.048534642024253,0,0,-0.14690903521654697,83.0,2.0,33287.030545,,,False,26.0,5.2
52307,51.0,0.0,138.0,55.0,118.66666666666667,25.27,79.53647535479794,0.0,0.0,0.0,0.0,,7.28,3.33,1.3344511534384378,1.1875545125868374,0,0,-0.14689664085160037,86.0,2.0,18761.435679,41800.304,63.0,False,14.7,4.0
52308,67.0,1.0,138.0,44.0,94.0,39.98,88.62187466754497,1.0,0.0,1.0,1.0,,9.08,5.53,7.405363365831177,6.910817746661647,2,2,-0.4945456191695303,78.0,2.0,71331.895741,,,False,18.7,5.2
52310,69.0,1.0,205.0,68.0,128.0,25.06,74.1163921159566,0.0,0.0,1.0,1.0,,4.64,3.5,5.159021419560009,4.955808244507458,2,1,-0.203213175052551,85.0,2.0,63146.96853,137546.034,116.0,False,3.9,2.8
52316,75.0,1.0,177.0,55.0,127.33333333333333,21.3,41.35092010857133,0.0,0.0,1.0,0.0,,85.86,11.43,15.345787255826759,11.8110016836049,3,3,-3.5347855722218586,83.0,1.0,25606.368457,,,False,24.9,4.0
52320,39.0,1.0,193.0,53.0,133.33333333333334,28.06,82.29956469009588,0.0,1.0,0.0,0.0,2.0,4.84,3.97,1.2098661283742689,1.1748235448609636,0,0,-0.03504258351330525,82.0,1.0,19337.483659,,,False,5.9,2.7
52322,60.0,0.0,188.0,46.0,179.33333333333334,29.31,89.37021838168954,0.0,1.0,1.0,1.0,,24.83,7.37,12.446790624943109,10.581668040384207,3,3,-1.8651225845589021,82.0,2.0,9029.071662,,,False,14.4,9.8
52324,41.0,1.0,197.0,51.0,98.0,24.37,111.35957009664503,0.0,1.0,0.0,0.0,2.0,4.21,2.75,0.7898533683069404,0.7413000798786924,0,0,-0.04855328842824802,81.0,2.0,64175.252011,,,False,1.6,3.3
52333,51.0,1.0,160.0,65.0,96.0,22.15,106.1392486442389,0.0,0.0,0.0,1.0,,6.74,3.98,0.6463074615595836,0.597459232648952,0,0,-0.048848228910631675,82.0,1.0,13157.993056,26553.724,81.0,False,6.4,3.9
52339,65.0,1.0,284.0,94.0,106.66666666666667,24.0,85.55238897078398,0.0,0.0,0.0,0.0,,14.46,2.82,2.58713613389754,2.0356208285253863,0,0,-0.5515153053721535,88.0,1.0,17219.709674,41430.21,179.0,False,28.2,3.7
52340,59.0,1.0,223.0,79.0,134.0,22.01,100.98757605827362,0.0,1.0,0.0,0.0,,11.25,31.21,3.3352431539605525,3.865996740826181,1,1,0.5307535868656283,79.0,1.0,76056.591161,,,False,3.6,69.9
52344,31.0,1.0,202.0,75.0,92.66666666666667,19.94,99.46567791581263,0.0,1.0,0.0,0.0,2.0,12.95,16.94,0.2656345815394711,0.27653358987251664,0,0,0.010899008333045523,85.0,1.0,17588.985738,40772.334,110.0,False,12.3,30.5
52348,57.0,0.0,130.0,43.0,140.0,35.43,60.166845512694714,0.0,0.0,0.0,0.0,,14.28,4.55,3.704021750248798,3.134908066327255,1,1,-0.5691136839215432,87.0,1.0,23837.112439,55735.087,64.0,False,30.7,9.1
52355,36.0,0.0,171.0,45.0,117.33333333333333,25.76,78.79729075701779,0.0,0.0,0.0,0.0,,2.86,2.08,0.4864232529738186,0.46369114915412074,0,0,-0.02273210381969787,79.0,1.0,58721.807158,177735.563,99.0,False,1.4,3.0
52361,36.0,1.0,152.0,56.0,99.33333333333333,27.45,120.7078101278047,0.0,0.0,0.0,0.0,2.0,4.08,1.45,0.19643839444843753,0.16822890144054736,0,0,-0.028209493007890163,86.0,2.0,17065.069489,34693.395,81.0,False,2.9,1.2
52364,33.0,1.0,205.0,64.0,106.0,22.37,121.96322488942297,0.0,0.0,0.0,0.0,2.0,7.24,5.6,0.1791913494917706,0.17242503430349831,0,0,-0.006766315188272282,85.0,1.0,19933.667798,40525.273,131.0,False,2.1,4.2
52366,49.0,0.0,217.0,33.0,114.0,34.44,105.41112377352103,1.0,0.0,1.0,1.0,,9.88,3.03,5.835240361797926,4.9284107116454745,2,1,-0.9068296501524511,80.0,2.0,97630.872181,,,False,8.3,4.0
52368,34.0,1.0,280.0,53.0,111.33333333333333,36.84,119.76690570680314,0.0,0.0,0.0,0.0,2.0,4.67,3.25,0.3808555741081677,0.36075615058252547,0,0,-0.020099423525642257,84.0,2.0,47553.058157,110230.867,211.0,False,4.2,5.0
52369,69.0,1.0,220.0,43.0,158.0,28.81,84.76970472978522,1.0,0.0,1.0,0.0,,6.92,4.23,13.200355359451345,12.376488801947227,3,3,-0.8238665575041182,75.0,2.0,65138.423846,141087.217,146.0,False,7.2,1.1
52370,33.0,0.0,183.0,47.0,114.66666666666667,24.65,92.92607602252718,0.0,1.0,0.0,0.0,,4.67,3.42,0.7183204732341251,0.6855383070349628,0,0,-0.0327821661991623,77.0,1.0,69214.37238,,,False,2.8,7.7
52372,62.0,0.0,212.0,51.0,120.0,26.66,88.26546306495118,0.0,0.0,0.0,1.0,,2.84,3.13,3.7498066669347687,3.803159237998086,1,1,0.05335257106331737,79.0,2.0,71158.455782,164319.106,121.0,False,5.4,5.6
52381,61.0,1.0,232.0,68.0,119.33333333333333,37.79,82.53592430394467,0.0,0.0,0.0,0.0,,5.25,3.06,2.2683187247811802,2.0954503228751804,0,0,-0.17286840190599984,86.0,2.0,60654.992506,,,False,5.3,1.1
52384,59.0,0.0,193.0,40.0,119.33333333333333,30.01,104.37636186270034,1.0,0.0,0.0,1.0,,7.89,3.62,6.221093095377658,5.569033924445328,2,2,-0.65205917093233,88.0,2.0,11376.596125,,,False,6.0,2.1
52391,75.0,1.0,215.0,47.0,157.33333333333334,34.4,34.1925391398511,0.0,0.0,1.0,0.0,,4.52,4.47,13.085081360253717,13.0661015755845,3,3,-0.01897978466921657,84.0,2.0,15110.45853,,,False,6.6,1.7
52392,47.0,1.0,254.0,62.0,121.0,26.33,118.7040373377908,0.0,0.0,0.0,0.0,,6.62,5.24,0.9180876331299843,0.8867073331465739,0,0,-0.03138029998341041,86.0,3.0,14200.752219,30836.255,174.0,False,4.9,4.4
52407,35.0,0.0,219.0,45.0,132.0,41.99,104.40420937362191,0.0,0.0,0.0,0.0,,3.33,2.07,0.837598286339457,0.7800254812611603,0,0,-0.05757280507829665,87.0,2.0,30224.895205,80689.533,118.0,False,5.8,4.6
52411,56.0,0.0,210.0,58.0,123.33333333333333,37.19,98.91752920163769,0.0,0.0,1.0,0.0,,20.54,11.59,3.77539020735921,3.4737089204235674,1,1,-0.30168128693564267,82.0,1.0,90526.887831,,,False,41.9,19.7
52414,30.0,0.0,148.0,51.0,122.66666666666667,21.57,122.09733322291598,1.0,1.0,0.0,0.0,,3.97,3.26,1.6232490967425834,1.5764120793296368,0,0,-0.04683701741294666,75.0,2.0,88190.405495,,,False,3.1,3.1
52416,56.0,1.0,198.0,71.0,116.0,32.46,85.14282527639995,0.0,0.0,0.0,0.0,,3.78,3.05,1.2031134227791767,1.165419024230455,0,0,-0.0376943985487217,84.0,1.0,21842.228822,48390.02,112.0,False,1.7,3.2
52417,73.0,1.0,158.0,65.0,136.66666666666666,33.93,91.5801392518562,1.0,0.0,1.0,1.0,,7.65,3.92,9.474151520412088,8.647608128954069,2,2,-0.8265433914580189,75.0,2.0,18831.994429,,,False,2.6,2.0
52421,30.0,0.0,176.0,34.0,122.0,33.44,121.64013089727042,0.0,0.0,0.0,0.0,,6.33,5.47,0.4868341392676108,0.4762673410228409,0,0,-0.010566798244769915,88.0,2.0,62367.862156,,,False,13.1,11.6
52424,42.0,1.0,231.0,42.0,106.0,29.61,113.95378857325616,0.0,1.0,0.0,0.0,2.0,5.0,4.12,1.1908849991875157,1.1571691330187157,0,0,-0.03371586616879996,85.0,1.0,16911.675887,36443.641,159.0,False,2.0,4.7
52427,33.0,1.0,163.0,79.0,124.0,24.55,88.93527408610579,0.0,0.0,0.0,0.0,2.0,5.24,3.74,0.14556358188927632,0.138387596337427,0,0,-0.007175985551849312,84.0,1.0,25966.025398,,,False,10.9,5.2
52428,33.0,1.0,151.0,37.0,103.33333333333333,34.77,96.80028401809014,0.0,0.0,0.0,0.0,3.0,6.22,6.59,0.26869210138050487,0.2710266780652328,0,0,0.002334576684727918,87.0,2.0,67739.572629,157024.43,95.0,True,10.7,6.0
52430,45.0,1.0,208.0,58.0,97.33333333333333,21.05,105.01278288192735,0.0,0.0,0.0,0.0,,2.86,3.23,0.5314336860586069,0.5411758964181558,0,0,0.00974221035954892,76.0,1.0,15376.640325,,,False,0.6,5.3
52433,45.0,0.0,230.0,43.0,131.33333333333334,22.95,110.3957761655357,0.0,0.0,0.0,0.0,,3.42,4.53,1.735928104816254,1.809834028744093,0,0,0.07390592392783901,77.0,1.0,83002.097028,,,False,2.7,6.7
52436,49.0,1.0,225.0,57.0,108.0,28.26,106.69730859722462,0.0,0.0,0.0,0.0,,4.5,5.73,0.819376474193748,0.8493880425635137,0,0,0.030011568369765707,87.0,1.0,21698.029982,,,False,3.6,8.2
52439,59.0,0.0,170.0,44.0,128.0,24.75,100.09805039517565,0.0,1.0,0.0,0.0,,8.92,10.92,5.202997747093416,5.355751613361797,2,2,0.15275386626838028,76.0,2.0,24020.218472,52852.932,92.0,False,14.0,11.9
52444,71.0,0.0,163.0,77.0,128.0,23.68,94.97617206846043,1.0,0.0,1.0,0.0,,4.44,3.28,9.144941183951884,8.772045984420622,2,2,-0.3728951995312624,84.0,2.0,12272.384717,,,False,2.8,2.1
52445,44.0,1.0,190.0,36.0,106.66666666666667,28.85,109.68077731874413,0.0,0.0,0.0,0.0,2.0,4.34,3.12,0.7183520390508634,0.6838651097955865,0,0,-0.034486929255276966,79.0,1.0,64991.031801,,,False,5.6,4.3
52446,65.0,1.0,304.0,66.0,143.33333333333334,35.06,72.88561202675902,1.0,0.0,1.0,0.0,,5.31,6.43,9.30077521439049,9.545990116122027,2,2,0.24521490173153815,82.0,1.0,68034.654966,150154.081,207.0,False,3.4,6.3
52458,64.0,0.0,240.0,75.0,162.0,33.29,100.36895247972306,0.0,0.0,1.0,1.0,,3.04,2.55,6.449447614955905,6.2911476963157025,2,2,-0.15829991864020254,83.0,2.0,13072.889822,35141.772,153.0,False,4.2,3.7
52462,58.0,0.0,154.0,37.0,124.0,26.28,67.39301611410177,0.0,0.0,1.0,1.0,,3.16,2.89,3.1823844427325265,3.1410899930453664,1,1,-0.04129444968716012,81.0,2.0,101200.947582,,,False,6.8,4.1
52467,38.0,0.0,231.0,39.0,118.0,29.34,105.06855051128726,0.0,0.0,0.0,0.0,,11.22,2.45,1.0589778384559116,0.8434170269191642,0,0,-0.21556081153674744,88.0,1.0,23709.472842,49611.463,140.0,False,27.6,4.8
52469,61.0,0.0,143.0,36.0,114.66666666666667,25.62,100.68735750547624,0.0,0.0,0.0,1.0,,20.0,60.0,3.4768873582545736,4.0787125046525965,1,1,0.6018251463980229,79.0,2.0,70059.588852,,,False,2.2,11.4
52471,46.0,1.0,175.0,40.0,123.33333333333333,19.92,114.40993192679991,0.0,0.0,0.0,0.0,,29.23,5.92,1.2517255065482316,0.9875496261053831,0,0,-0.26417588044284845,78.0,2.0,21971.086171,,,False,3.8,2.9
52473,67.0,1.0,238.0,36.0,183.33333333333334,36.03,97.16926183693501,0.0,0.0,0.0,0.0,,9.73,7.95,10.244265573456662,9.968722382063719,3,2,-0.27554319139294314,82.0,1.0,21702.813537,,,False,3.6,8.9
52477,36.0,1.0,190.0,47.0,119.33333333333333,25.91,122.84308845271384,0.0,0.0,0.0,0.0,2.0,616.67,6.31,0.7788240314218708,0.39298790232108693,0,0,-0.3858361291007839,86.0,2.0,20463.530223,41301.305,111.0,False,185.0,6.5
52480,39.0,1.0,135.0,53.0,105.33333333333333,30.08,122.27746243837021,0.0,0.0,0.0,0.0,2.0,7.93,7.87,0.270606146962183,0.2702986191947126,0,0,-0.0003075277674703947,78.0,1.0,18712.396478,37112.693,75.0,False,21.1,13.3
52484,31.0,1.0,226.0,54.0,138.0,24.09,102.49501894446688,0.0,1.0,0.0,0.0,2.0,2.84,4.2,0.8866304041807763,0.9397666920604736,0,0,0.053136287879697264,81.0,2.0,71929.361138,,,False,2.1,4.7
52490,68.0,0.0,152.0,42.0,142.0,38.88,74.74847435546465,1.0,1.0,1.0,1.0,,27.37,23.14,16.0682048603189,15.729235716447038,3,3,-0.3389691438718625,84.0,2.0,9387.789425,,,False,52.0,19.9
52494,78.0,1.0,158.0,64.0,191.33333333333334,20.95,37.858368970965934,1.0,0.0,1.0,1.0,,152.35,20.0,23.382745028310605,18.36759557764094,3,3,-5.015149450669664,85.0,2.0,38087.107887,81833.646,77.0,False,25.9,5.4
52496,60.0,1.0,278.0,68.0,120.0,22.88,76.22596766963032,0.0,0.0,0.0,0.0,,32.47,13.82,3.1118989849072913,2.747665112870861,1,0,-0.3642338720364302,85.0,2.0,63146.96853,,,False,25.0,9.4
52497,78.0,1.0,211.0,54.0,146.0,25.92,94.1785492885899,0.0,0.0,1.0,0.0,,15.75,10.53,13.258904202199643,12.579082896803262,3,3,-0.6798213053963806,79.0,1.0,21701.741092,49454.505,137.0,False,13.7,4.0
52499,54.0,0.0,166.0,66.0,109.33333333333333,22.5,103.25965192949795,0.0,1.0,0.0,0.0,,2.7,5.04,1.79710372332311,1.9712218230689973,0,0,0.17411809974588732,89.0,1.0,12664.205092,,,False,1.0,6.9
52501,38.0,0.0,226.0,54.0,139.33333333333334,24.79,98.7963880495905,0.0,1.0,0.0,0.0,,6.2,3.52,2.0168813048611987,1.8546996612690039,0,0,-0.16218164359219478,80.0,1.0,47171.696443,,,False,9.8,3.2
52503,75.0,1.0,193.0,52.0,152.0,29.03,94.31391410269826,0.0,0.0,1.0,0.0,,10.37,6.71,11.039306730609823,10.413672850743884,3,3,-0.6256338798659389,84.0,2.0,14539.890657,,,False,2.8,5.3
52509,54.0,0.0,239.0,74.0,150.0,28.04,81.54858678581037,0.0,0.0,0.0,0.0,,5.51,4.34,3.063463837508821,2.9582189899207774,1,0,-0.10524484758804364,77.0,1.0,91372.94023,,,False,5.4,4.6
52510,77.0,1.0,216.0,31.0,115.33333333333333,36.17,79.39991732690974,0.0,0.0,0.0,0.0,,7.56,5.28,9.749823093668445,9.285847922580068,2,2,-0.4639751710883768,83.0,1.0,25606.368457,,,False,5.9,4.7
52513,73.0,1.0,135.0,48.0,107.33333333333333,33.81,52.483812616266654,0.0,0.0,0.0,0.0,,4.95,1.53,6.562370333474038,5.560858342785311,2,2,-1.0015119906887273,89.0,2.0,10355.639459,23082.848,54.0,False,5.1,0.9
52516,50.0,1.0,176.0,59.0,114.66666666666667,25.92,84.60596476455257,0.0,0.0,0.0,0.0,,5.27,5.14,0.8459299421868083,0.8427906380308423,0,0,-0.003139304155965972,78.0,2.0,107475.234232,,,False,2.9,3.8
52517,54.0,0.0,179.0,97.0,190.66666666666666,26.08,96.33220950344462,0.0,1.0,0.0,0.0,,47.41,34.58,6.378036140989907,6.099343167686254,2,2,-0.2786929733036523,84.0,1.0,14106.78685,,,False,82.5,24.9
52523,52.0,1.0,194.0,73.0,121.33333333333333,21.39,82.38182323833549,0.0,1.0,0.0,0.0,,11.43,10.98,1.7512251911311036,1.7408807108376965,0,0,-0.010344480293407177,83.0,1.0,112088.298641,,,False,20.0,9.0
52524,54.0,1.0,234.0,83.0,107.33333333333333,25.74,91.61007207169659,0.0,0.0,0.0,0.0,,25.73,3.94,1.1099897218852874,0.8397757363000249,0,0,-0.27021398558526255,81.0,2.0,104215.604292,240678.056,137.0,False,47.6,1.3
52525,65.0,0.0,183.0,56.0,124.66666666666667,18.34,67.11141057202191,0.0,1.0,0.0,0.0,,3.94,2.54,6.032867912238531,5.667822905232779,2,2,-0.3650450070057527,79.0,1.0,11057.718816,,,False,5.6,3.1
52535,43.0,0.0,229.0,58.0,110.66666666666667,25.49,91.36840049251458,0.0,0.0,0.0,0.0,,3.04,3.8,0.7692682864786273,0.7954217633658597,0,0,0.026153476887232352,83.0,1.0,96465.970305,199862.825,148.0,False,7.6,8.4
52537,52.0,1.0,222.0,45.0,127.33333333333333,41.24,98.88870236821016,0.0,0.0,1.0,0.0,,6.34,5.24,2.284411769550727,2.2214190961639075,0,0,-0.06299267338681958,75.0,2.0,106549.309737,,,False,8.3,8.9
52538,37.0,0.0,205.0,51.0,138.0,30.92,107.0751399104129,0.0,0.0,0.0,0.0,,5.86,3.41,0.9879069514618198,0.9110551315993407,0,0,-0.07685181986247913,79.0,2.0,63934.803279,,,False,8.2,7.0
52543,59.0,1.0,202.0,60.0,104.0,28.67,63.37337711708759,0.0,0.0,1.0,1.0,,3.85,4.13,2.224721746058198,2.247762670623235,0,0,0.023040924565036924,77.0,1.0,96228.548493,218921.868,122.0,False,5.7,2.6
52545,58.0,0.0,220.0,41.0,136.0,33.23,100.72253008168205,0.0,0.0,0.0,0.0,,5.56,4.08,4.526862280448252,4.329107036706624,1,1,-0.19775524374162767,80.0,2.0,106748.822533,221167.331,152.0,False,6.9,9.8
52550,68.0,1.0,187.0,76.0,93.33333333333333,19.84,95.4902169214041,0.0,0.0,0.0,0.0,,15.82,7.94,3.7095737802806394,3.3571167927819023,1,1,-0.3524569874987371,77.0,1.0,61674.007061,,,False,10.6,2.7
52556,39.0,1.0,139.0,61.0,99.33333333333333,19.41,105.47976297119224,0.0,0.0,0.0,0.0,2.0,5.45,3.38,0.23302926188406595,0.21693682769694345,0,0,-0.0160924341871225,85.0,1.0,57739.796005,133844.342,68.0,False,7.9,2.3
52557,62.0,0.0,226.0,76.0,143.33333333333334,24.47,88.26546306495118,0.0,0.0,1.0,0.0,,4.85,4.92,4.95791044656677,4.968116946340389,1,1,0.010206499773619093,82.0,1.0,57701.152929,142280.495,134.0,False,1.6,3.2
52560,52.0,1.0,189.0,31.0,137.33333333333334,32.4,59.80624500509302,0.0,0.0,1.0,0.0,,2.54,1.83,2.949141460135306,2.8114892568461625,0,0,-0.1376522032891434,83.0,2.0,31163.599633,,,False,4.9,3.7
52561,65.0,0.0,159.0,57.0,176.66666666666666,27.08,57.752019079696694,1.0,0.0,1.0,1.0,,2362.32,1455.83,22.99417063422348,21.72544897750876,3,3,-1.268721656714721,86.0,2.0,6660.118587,,,False,1630.0,873.5
52565,51.0,0.0,248.0,37.0,134.0,31.05,108.39219126731537,1.0,0.0,1.0,0.0,,9.89,5.22,8.73603204377629,7.996683953623069,2,2,-0.7393480901532214,75.0,1.0,14704.563313,33952.738,187.0,False,8.7,4.8
52566,70.0,1.0,171.0,74.0,134.66666666666666,39.55,69.70243748692573,0.0,0.0,1.0,1.0,,26.16,4.07,6.441440629198393,4.949366989938594,2,1,-1.4920736392597993,83.0,2.0,19444.889193,42343.422,80.0,False,38.2,3.5
52570,32.0,0.0,186.0,20.0,117.33333333333333,28.8,107.70147054890822,0.0,0.0,0.0,0.0,,3.11,3.06,0.6384326146617026,0.6368819024634776,0,0,-0.0015507121982250016,84.0,1.0,23874.823219,62102.507,,False,9.8,8.5
52571,71.0,1.0,170.0,60.0,136.0,33.44,89.33383337589149,1.0,0.0,1.0,1.0,,12.78,3.72,9.96326453367471,8.420125214906987,2,2,-1.5431393187677234,76.0,1.0,19819.22855,,,False,2.3,3.2
52575,49.0,0.0,158.0,37.0,120.0,42.85,114.97884501697786,1.0,0.0,0.0,0.0,,2.0,3.08,2.8765069525923463,3.064372514431521,0,1,0.1878655618391747,82.0,2.0,25040.876065,,,False,1.7,3.6
52577,78.0,0.0,159.0,52.0,110.0,23.46,65.82864898206702,1.0,0.0,0.0,1.0,,5.34,7.1,11.161514635601034,11.595241860931475,3,3,0.4337272253304416,77.0,2.0,33464.063035,78865.117,80.0,False,9.3,4.4
52579,69.0,1.0,159.0,63.0,134.0,45.9,37.489311993663726,1.0,0.0,1.0,0.0,,16.67,3.74,13.419119477226667,11.019418343584203,3,3,-2.3997011336424645,75.0,1.0,8567.6299,20081.766,77.0,False,24.5,4.3
52581,59.0,0.0,230.0,39.0,127.33333333333333,31.26,98.38500149214225,0.0,0.0,0.0,0.0,,8.09,5.03,4.839526928038327,4.51955608612933,1,1,-0.31997084190899727,77.0,2.0,14617.91824,32782.481,145.0,False,7.6,7.3
52583,64.0,1.0,201.0,52.0,126.66666666666667,25.33,76.45736177627614,0.0,0.0,1.0,1.0,,5.38,7.0,4.354638698109057,4.522221178980689,1,1,0.16758248087163174,76.0,2.0,65138.423846,,,False,4.2,4.9
52584,39.0,0.0,216.0,55.0,121.33333333333333,26.14,92.60040812740436,0.0,0.0,0.0,0.0,,2.21,2.83,0.6700692862189394,0.6953865825201946,0,0,0.025317296301255232,79.0,1.0,56323.413154,,,False,3.8,7.2
52585,36.0,1.0,287.0,79.0,106.66666666666667,21.59,99.35682892445334,1.0,0.0,0.0,0.0,2.0,6.18,5.03,0.9021366878314224,0.8749186119480762,0,0,-0.027218075883346238,80.0,1.0,48942.925752,,,False,2.1,7.5
52586,64.0,1.0,212.0,63.0,123.33333333333333,28.18,101.41615907367648,0.0,0.0,0.0,0.0,,8.97,19.27,3.166961742537944,3.538561897464386,1,1,0.37160015492644183,77.0,1.0,62032.536921,,,False,2.6,7.9
52587,72.0,1.0,233.0,81.0,120.0,27.21,45.35960920543768,0.0,0.0,1.0,0.0,,14.81,21.75,8.140651981261085,8.582631901479768,2,2,0.4419799202186834,81.0,2.0,16124.202669,36848.549,136.0,False,7.7,149.0
52589,52.0,1.0,193.0,65.0,126.0,39.9,92.75668945378085,0.0,1.0,0.0,0.0,,5.75,4.8,1.912927274338899,1.8627182704395926,0,0,-0.05020900389930638,82.0,1.0,10371.228792,,,False,16.1,3.6
52591,63.0,0.0,215.0,65.0,108.66666666666667,27.09,101.39991769559944,0.0,0.0,0.0,0.0,,6.02,2.98,3.545656104021682,3.1998969724199102,1,1,-0.34575913160177185,87.0,2.0,10255.228054,,,False,10.6,5.4
52592,54.0,0.0,192.0,44.0,137.33333333333334,33.94,96.33220950344462,0.0,0.0,0.0,0.0,,3.03,2.98,2.84661232582273,2.8396715936319454,0,0,-0.006940732190784615,77.0,2.0,14704.563313,32417.38,114.0,False,5.9,2.5
52595,48.0,1.0,200.0,68.0,129.33333333333334,21.77,101.37963152851904,0.0,1.0,0.0,0.0,,4.67,5.75,1.427767760298102,1.4723957082989299,0,0,0.04462794800082781,79.0,2.0,19234.873728,,,False,1.4,6.9
52597,69.0,1.0,221.0,39.0,173.33333333333334,38.22,101.46498365429962,1.0,0.0,1.0,0.0,,31.67,6.76,17.68669665714296,14.559705874705866,3,3,-3.126990782437094,88.0,1.0,4856.73745,11450.134,,False,13.3,2.5
52602,64.0,1.0,206.0,43.0,143.33333333333334,29.51,76.45736177627614,0.0,0.0,1.0,0.0,,2.3,2.06,5.249084951723673,5.167409573770407,2,2,-0.08167537795326574,82.0,2.0,16850.48776,36693.822,147.0,False,4.0,2.0
52605,60.0,1.0,201.0,65.0,146.0,35.8,104.86960227898052,1.0,0.0,1.0,1.0,,12.63,9.5,6.7072931191529905,6.4446759564954474,2,2,-0.2626171626575431,88.0,1.0,5642.636108,,,False,20.2,9.6
52607,52.0,0.0,196.0,38.0,161.33333333333334,31.62,92.78027814981152,0.0,0.0,0.0,0.0,,67.36,19.15,6.393736017758197,5.346869163399709,2,2,-1.0468668543584885,88.0,2.0,10247.317308,23156.965,132.0,False,99.7,18.0
52609,51.0,0.0,245.0,50.0,116.66666666666667,23.87,78.69258945399746,0.0,0.0,0.0,0.0,,4.72,3.56,2.0791413004340398,1.9941760227465433,0,0,-0.08496527768749651,81.0,1.0,13442.33475,,,False,5.0,4.2
52611,50.0,1.0,224.0,33.0,112.0,35.5,81.117213251514,0.0,0.0,0.0,0.0,,5.12,6.1,1.5187820775142225,1.558612011215659,0,0,0.039829933701436504,80.0,1.0,17694.120385,38476.758,134.0,False,6.2,13.0
52617,70.0,0.0,189.0,48.0,134.66666666666666,27.8,58.557600115672976,0.0,0.0,1.0,1.0,,4.65,5.1,8.832580019306805,8.945550705439999,2,2,0.11297068613319361,83.0,2.0,15548.835179,,,False,17.4,7.6
52625,61.0,1.0,157.0,68.0,145.33333333333334,29.07,109.38349750309872,1.0,0.0,1.0,0.0,,19.68,7.59,6.81558615094977,5.961399620046315,2,2,-0.8541865309034549,88.0,1.0,5837.209767,13761.673,68.0,False,12.2,4.4
52627,48.0,1.0,244.0,69.0,101.33333333333333,33.66,84.45695700861891,0.0,0.0,0.0,0.0,,10.93,2.35,0.8078788387559108,0.6424742659947928,0,0,-0.16540457276111797,77.0,2.0,21594.166094,,,False,29.3,2.7
52630,72.0,1.0,193.0,75.0,198.66666666666666,22.89,90.28257553779176,0.0,1.0,0.0,0.0,,11.77,3.75,13.456764266526065,11.57946326797842,3,3,-1.8773009985476445,84.0,1.0,12842.615886,,,False,11.3,4.5
52631,44.0,1.0,192.0,31.0,106.66666666666667,25.97,86.58436177747099,0.0,1.0,0.0,0.0,2.0,5.72,7.93,1.5520127699355055,1.6287538751620876,0,0,0.07674110522658206,83.0,1.0,88626.466787,205869.451,132.0,False,8.3,7.3
52634,48.0,1.0,166.0,63.0,110.0,20.72,95.09315799913425,0.0,0.0,0.0,0.0,,3.2,8.78,0.5239302284913646,0.609124936657521,0,0,0.08519470816615637,79.0,2.0,70760.574889,160981.72,90.0,False,3.9,7.2
52642,42.0,0.0,202.0,55.0,106.66666666666667,26.6,83.22291140305029,0.0,0.0,0.0,0.0,,2.42,1.7,0.6570352352882597,0.6231282096640405,0,0,-0.03390702562421921,88.0,2.0,18943.613035,42808.919,130.0,False,5.7,4.4
52643,61.0,0.0,151.0,48.0,118.66666666666667,29.09,97.8305178107,0.0,0.0,1.0,0.0,,8.06,4.17,4.113116215966963,3.7380764179235784,1,1,-0.37503979804338483,83.0,2.0,71577.80142,,,False,11.6,6.3
52646,42.0,1.0,229.0,48.0,110.0,26.99,103.52997816741295,0.0,0.0,0.0,0.0,2.0,4.91,5.59,0.5896177424955388,0.6011413471848284,0,0,0.01152360468928959,75.0,1.0,28627.468517,,,False,10.4,8.5
52647,43.0,0.0,198.0,52.0,142.0,29.71,103.15317621872674,0.0,1.0,0.0,0.0,,18.6,2.43,2.9475721732960825,2.1846835982266324,0,0,-0.7628885750694501,86.0,2.0,18710.928533,41249.73,116.0,False,40.0,4.6
52648,39.0,0.0,142.0,54.0,128.0,29.86,111.79297257551902,1.0,0.0,0.0,1.0,,3.02,3.95,1.1741675196624957,1.2221516741836096,0,0,0.04798415452111393,86.0,1.0,68055.064666,150199.126,76.0,False,4.8,1.5
52652,71.0,1.0,196.0,69.0,143.33333333333334,40.46,64.05405666310824,1.0,0.0,1.0,0.0,,12.03,4.5,11.420932881636197,10.01042961158884,3,3,-1.4105032700473572,87.0,1.0,14030.454612,,,False,19.0,1.8
52655,76.0,0.0,153.0,30.0,152.0,30.86,79.91558593210299,1.0,0.0,1.0,0.0,,86.69,28.1,25.2836897794796,22.206738539415507,3,3,-3.076951240064094,83.0,1.0,41780.654377,,,False,120.5,23.6
52656,53.0,1.0,170.0,35.0,109.33333333333333,31.8,65.78288202215931,0.0,0.0,1.0,0.0,,33.2,23.09,2.590127298677876,2.4560773129819014,0,0,-0.1340499856959747,78.0,1.0,22496.539278,49839.602,101.0,False,33.2,12.7
52660,62.0,1.0,235.0,38.0,145.33333333333334,28.07,83.25609745276236,1.0,1.0,1.0,0.0,,8.82,4.55,15.992657709730887,14.702354160249792,3,3,-1.290303549481095,88.0,2.0,5302.202469,12242.75,146.0,False,3.0,3.5
52661,71.0,0.0,210.0,60.0,126.0,35.13,64.65324413131933,0.0,0.0,1.0,1.0,,298.53,214.88,15.071013261283957,14.446472008844873,3,3,-0.6245412524390836,77.0,1.0,31856.098952,,,False,203.0,176.2
52675,34.0,1.0,133.0,55.0,96.0,23.27,120.23716734931925,0.0,0.0,0.0,0.0,2.0,3.15,3.75,0.14706972473251115,0.15096409352387952,0,0,0.003894368791368369,79.0,2.0,56252.917386,130397.668,69.0,False,2.9,3.9
52678,36.0,1.0,148.0,44.0,120.66666666666667,35.28,88.4967106245771,0.0,0.0,0.0,0.0,2.0,62.47,53.88,0.5338191950672303,0.5221565124696772,0,0,-0.011662682597553098,75.0,1.0,31454.307072,,,False,116.2,65.2
52686,36.0,0.0,210.0,45.0,117.33333333333333,31.41,115.0839545145805,0.0,0.0,0.0,0.0,,11.47,12.12,0.7156469426031263,0.7215855648767205,0,0,0.005938622273594207,86.0,1.0,23502.59786,,,False,19.5,25.2
52687,77.0,1.0,170.0,77.0,142.66666666666666,30.85,76.99391635022707,0.0,1.0,0.0,0.0,,30.38,14.64,13.62080398682555,12.382013317274714,3,3,-1.238790669550836,84.0,1.0,13372.648295,36824.563,78.0,False,7.9,4.1
52688,67.0,0.0,222.0,35.0,108.66666666666667,29.16,73.57675415152679,0.0,1.0,1.0,0.0,,256.52,7.1,17.68224167450619,11.108498512413066,3,3,-6.573743162093125,88.0,1.0,6437.94773,17530.176,153.0,False,590.0,4.9
52689,44.0,1.0,185.0,79.0,115.33333333333333,28.51,112.98704755351142,0.0,0.0,0.0,0.0,2.0,3.82,4.51,0.3178837479204185,0.3258811448904284,0,0,0.007997396970009896,83.0,2.0,88689.181428,202445.886,95.0,False,2.1,4.6
52690,58.0,1.0,211.0,50.0,128.0,35.48,69.44799921582327,0.0,0.0,0.0,0.0,,6.88,6.23,2.7161833911549436,2.6770917944033252,0,0,-0.03909159675161833,85.0,2.0,13081.942284,27620.004,132.0,False,18.3,9.1
52693,44.0,0.0,240.0,61.0,138.0,28.3,112.77495909357644,0.0,0.0,0.0,0.0,,8.6,6.98,1.6516637791915485,1.6012402308579814,0,0,-0.0504235483335671,86.0,3.0,15845.945448,35808.787,163.0,False,8.6,11.3
52700,67.0,0.0,184.0,47.0,127.33333333333333,33.66,74.3875147896653,0.0,0.0,1.0,0.0,,3.83,3.05,7.03715869493441,6.815491985850799,2,2,-0.2216667090836113,76.0,2.0,59368.56666,133464.285,122.0,False,4.4,5.1
52702,46.0,1.0,185.0,55.0,118.66666666666667,35.74,99.3725969693899,0.0,0.0,0.0,1.0,,3.92,3.67,0.6345322030575269,0.6283249615708589,0,0,-0.006207241486667958,84.0,1.0,26667.863366,62200.839,115.0,False,3.8,3.3
52703,38.0,1.0,214.0,53.0,102.0,23.81,102.7949798467782,0.0,0.0,0.0,0.0,2.0,3.26,8.71,0.3497285314328468,0.40509949800451617,0,0,0.055370966571669344,77.0,2.0,35465.4779,,,False,5.8,6.1
52708,51.0,0.0,232.0,31.0,132.0,34.8,77.8649747302517,0.0,1.0,0.0,0.0,,8.88,3.79,5.533830153676524,4.898877984586928,2,1,-0.6349521690895958,78.0,1.0,17639.746152,,,False,8.7,6.9
52719,73.0,1.0,208.0,60.0,133.33333333333334,32.42,74.39080185046181,0.0,0.0,1.0,1.0,,6.69,3.08,8.116744681473234,7.28956826448653,2,2,-0.8271764169867044,87.0,2.0,40318.826695,91879.615,122.0,False,11.5,1.6
52726,56.0,1.0,269.0,37.0,142.66666666666666,32.49,85.14282527639995,0.0,1.0,1.0,0.0,,10.69,8.44,8.048361185787735,7.789681927069713,2,2,-0.258679258718022,89.0,2.0,9790.237054,,,False,10.8,6.5
52727,35.0,1.0,209.0,46.0,112.0,30.0,87.83589535937396,0.0,0.0,0.0,0.0,2.0,3.81,2.39,0.3466437005472339,0.32328191013798707,0,0,-0.023361790409246852,82.0,2.0,30625.012229,71201.848,140.0,False,9.0,2.8
52728,65.0,0.0,204.0,46.0,139.33333333333334,23.22,102.25498298013133,0.0,0.0,0.0,0.0,,8.54,2.92,6.816911909632287,5.85677987929342,2,2,-0.9601320303388672,88.0,2.0,6162.897031,,,False,8.8,5.0
52730,53.0,1.0,213.0,80.0,110.0,23.6,81.87105593425781,0.0,0.0,0.0,0.0,,4.29,3.48,0.7773299100372697,0.7534718389058253,0,0,-0.023858071131444447,86.0,2.0,84925.255206,193206.651,116.0,False,1.2,6.2
52731,47.0,1.0,224.0,82.0,121.33333333333333,22.31,110.89849120736291,0.0,0.0,0.0,0.0,,9.6,7.08,0.6044398595512632,0.5775886003858715,0,0,-0.026851259165391772,76.0,1.0,80871.348615,,,False,2.4,4.6
52733,42.0,0.0,150.0,35.0,116.66666666666667,45.17,91.93841868838255,0.0,0.0,0.0,1.0,,3.33,5.22,0.7098831968434166,0.7593657374842372,0,0,0.04948254064082058,75.0,2.0,27028.404053,,,False,0.7,4.7
52737,34.0,1.0,137.0,76.0,114.0,19.51,114.35159546054872,0.0,0.0,0.0,0.0,2.0,13.6,8.16,0.12062092089924108,0.11172670744225562,0,0,-0.008894213456985461,75.0,2.0,64508.601789,,,False,3.4,12.4
52739,71.0,1.0,206.0,63.0,128.66666666666666,31.35,75.32189801205168,1.0,0.0,0.0,0.0,,4.8,3.39,7.797452040461397,7.430263325610579,2,2,-0.36718871485081817,77.0,1.0,37058.064768,85566.823,112.0,False,7.2,3.9
52741,73.0,0.0,208.0,48.0,136.0,28.22,49.646855098481254,1.0,0.0,1.0,1.0,,81.61,23.41,22.26239465582948,19.16977127539649,3,3,-3.0926233804329897,80.0,1.0,30233.187542,,,False,25.3,10.3
52745,62.0,1.0,237.0,62.0,150.66666666666666,34.48,77.41432358209563,0.0,0.0,1.0,0.0,,9.75,11.32,5.224010204573201,5.336103300937163,2,2,0.11209309636396192,86.0,2.0,6249.638458,,,False,15.8,6.0
52749,34.0,0.0,221.0,44.0,124.0,53.47,120.9566135508645,0.0,0.0,1.0,0.0,,10.62,4.63,0.9457102432883148,0.8352136451379396,0,0,-0.11049659815037516,88.0,1.0,23709.472842,49611.463,154.0,False,17.2,9.3
52750,37.0,1.0,152.0,67.0,124.0,32.15,100.26184700151661,0.0,0.0,0.0,0.0,2.0,9.56,6.4,0.27618509213575815,0.2600803048204614,0,0,-0.016104787315296742,83.0,2.0,36330.97264,82606.417,80.0,False,17.2,11.4
52751,67.0,1.0,215.0,71.0,128.66666666666666,19.05,99.12514360955946,0.0,0.0,0.0,0.0,,9.15,4.92,3.9057031468397985,3.570748184002687,1,1,-0.33495496283711157,77.0,2.0,68773.599629,159961.936,132.0,False,4.3,2.9
52754,36.0,1.0,208.0,39.0,127.33333333333333,33.14,114.87686724967725,0.0,1.0,0.0,0.0,2.0,15.73,3.7,1.4180005643905425,1.1442610804861755,0,0,-0.273739483904367,75.0,2.0,39602.339482,94497.271,136.0,False,19.5,6.1
52759,67.0,1.0,242.0,62.0,122.66666666666667,31.93,83.19657984631601,0.0,0.0,1.0,0.0,,8.64,0.71,5.337641719179586,3.730279931312248,2,1,-1.6073617878673376,80.0,2.0,20803.887002,50053.655,167.0,False,5.1,0.9
52763,33.0,0.0,237.0,28.0,126.66666666666667,26.79,107.033721431505,1.0,0.0,0.0,0.0,,5.14,5.3,3.1283894368494165,3.142448010989166,1,1,0.014058574139749425,84.0,1.0,25022.933137,57409.301,173.0,False,9.2,10.5
52764,74.0,0.0,262.0,57.0,151.33333333333334,28.26,79.9360272664231,0.0,0.0,1.0,0.0,,24.75,8.72,17.317389852171168,15.176430171679122,3,3,-2.1409596804920454,81.0,1.0,9611.003247,,,False,39.1,10.9
52766,52.0,0.0,263.0,62.0,119.33333333333333,21.17,101.40918448736092,0.0,0.0,0.0,0.0,,5.0,4.43,2.0875594704471796,2.0505256151458977,0,0,-0.03703385530128189,78.0,2.0,105070.747861,,,False,2.2,4.3
52773,64.0,1.0,224.0,39.0,122.0,38.92,90.29089447772783,1.0,0.0,1.0,0.0,,3.69,5.37,8.013477780073243,8.438615645641415,2,2,0.42513786556817124,76.0,2.0,66402.459548,,,False,4.1,6.6
52775,51.0,1.0,210.0,45.0,118.66666666666667,28.93,104.64475602201932,0.0,1.0,1.0,1.0,,4.44,2.0,2.7253831102823787,2.425325565542458,0,0,-0.3000575447399205,82.0,2.0,14893.417155,31444.584,133.0,False,1.6,1.8
52778,34.0,1.0,174.0,55.0,100.66666666666667,32.86,126.1396017241202,0.0,0.0,0.0,0.0,2.0,21.65,18.19,0.24134991613837828,0.23513713086032018,0,0,-0.006212785278058103,87.0,2.0,20058.631527,40484.103,92.0,False,53.9,17.1
52782,38.0,1.0,178.0,34.0,113.33333333333333,28.47,115.50135446083699,0.0,1.0,0.0,0.0,2.0,4.74,6.41,0.8904488696296662,0.9313387598473168,0,0,0.04088989021765066,79.0,2.0,73247.152332,,,False,3.6,8.4
52786,71.0,0.0,147.0,46.0,149.33333333333334,29.3,51.09570430320382,0.0,0.0,1.0,1.0,,2.61,3.04,8.00694629114484,8.178228233076027,2,2,0.17128194193118595,78.0,1.0,10339.917726,,,False,2.9,5.9
52789,34.0,0.0,183.0,48.0,106.0,22.31,98.90651315078676,0.0,0.0,0.0,0.0,,4.14,2.85,0.38395790618003395,0.3629847504346081,0,0,-0.020973155745425853,88.0,1.0,23118.384573,,,False,10.3,6.5
52794,51.0,0.0,197.0,26.0,120.66666666666667,25.38,105.96357722471642,0.0,0.0,0.0,0.0,,6.25,2.99,2.6089092540171483,2.340456441749671,0,0,-0.2684528122674772,78.0,2.0,14518.17382,32808.279,,False,2.5,3.5
52795,61.0,0.0,267.0,54.0,138.66666666666666,22.03,99.21464318423014,0.0,0.0,0.0,0.0,,3.87,3.13,5.40037195675685,5.238973110242634,2,2,-0.16139884651421532,86.0,1.0,15046.354,36472.173,192.0,False,2.4,3.1
52800,31.0,0.0,190.0,29.0,122.66666666666667,35.57,117.89749562944185,0.0,0.0,0.0,0.0,,2.38,3.41,0.5543703584941869,0.5851262679481584,0,0,0.03075590945397144,77.0,1.0,18056.193274,,,False,4.6,3.0
52813,65.0,0.0,232.0,45.0,124.0,35.03,93.5328551241116,0.0,0.0,1.0,0.0,,4.82,3.37,7.2298869873285465,6.875705937602493,2,2,-0.35418104972605313,77.0,1.0,54784.845182,126509.164,153.0,False,5.4,2.9
52814,76.0,1.0,196.0,56.0,132.0,31.92,74.08551516593587,0.0,0.0,0.0,1.0,,4.96,4.29,7.8863084387695155,7.729495334144726,2,2,-0.15681310462478937,83.0,1.0,45521.282957,103735.111,108.0,False,6.1,2.4
52815,67.0,0.0,249.0,52.0,121.33333333333333,30.39,94.57302039155289,0.0,0.0,0.0,0.0,,20.98,15.48,8.05016416502705,7.7168164349456365,2,2,-0.33334773008141383,81.0,2.0,58107.758234,130629.908,177.0,False,23.5,20.9
52823,41.0,1.0,179.0,50.0,98.0,33.26,77.19281298397524,0.0,1.0,0.0,0.0,2.0,6.41,2.94,0.8609341601740458,0.7665936467182983,0,0,-0.09434051345574745,80.0,1.0,13054.353715,30312.671,121.0,False,5.0,2.5
52825,39.0,1.0,187.0,48.0,104.0,27.45,113.14504972452636,0.0,0.0,0.0,0.0,2.0,5.59,3.31,0.38610208477389535,0.35699633176586415,0,0,-0.0291057530080312,75.0,2.0,25879.036132,,,False,5.2,5.6
52832,30.0,1.0,176.0,61.0,102.0,30.49,120.0805335298673,0.0,1.0,0.0,0.0,2.0,19.4,4.46,0.29131755683704136,0.23375965398681703,0,0,-0.05755790285022433,75.0,2.0,26170.159561,59057.913,103.0,False,9.7,8.2
52835,72.0,1.0,251.0,62.0,109.33333333333333,25.92,75.95167141699271,0.0,1.0,1.0,0.0,,7.22,3.29,9.46569193702148,8.501766138379685,2,2,-0.963925798641796,85.0,1.0,9953.929233,,,False,1.3,2.8
52836,45.0,0.0,209.0,53.0,107.33333333333333,26.05,112.5133463707831,0.0,0.0,0.0,0.0,,2.82,2.57,0.8796361878870702,0.8674975595291128,0,0,-0.012138628357957426,75.0,2.0,106651.302622,223621.723,136.0,False,6.0,4.9
52838,67.0,1.0,243.0,68.0,121.33333333333333,29.1,80.70696426734294,0.0,0.0,0.0,0.0,,6.35,0.94,3.8303324859705805,2.9030602735672915,1,0,-0.927272212403289,81.0,2.0,63755.08114,,,False,10.8,0.3
52843,31.0,0.0,261.0,39.0,110.66666666666667,23.02,103.19249675898193,0.0,0.0,0.0,0.0,,4.87,3.63,0.5650912505871013,0.5406960720785795,0,0,-0.024395178508521798,79.0,2.0,66657.309609,197669.239,193.0,False,5.6,6.2
52846,47.0,0.0,225.0,43.0,114.0,27.89,109.43588384219085,0.0,0.0,0.0,0.0,,6.8,7.68,1.5485791017055428,1.5768477407583472,0,0,0.028268639052804412,89.0,1.0,15348.401484,34684.433,130.0,False,8.7,15.6
52849,50.0,1.0,154.0,48.0,132.0,33.21,98.50495154282892,0.0,0.0,0.0,0.0,,5.13,3.91,1.2789303081348802,1.228466670613415,0,0,-0.0504636375214651,76.0,2.0,98244.250886,,,False,2.0,5.4
52852,46.0,0.0,197.0,38.0,150.0,56.43,66.16179030726455,1.0,0.0,1.0,0.0,,7.17,6.05,7.294558121255586,7.123001916885837,2,2,-0.1715562043697494,86.0,1.0,24024.876747,,,False,3.8,4.9
52853,70.0,1.0,249.0,59.0,171.33333333333334,30.3,89.89115855895703,0.0,0.0,1.0,0.0,,6.84,5.17,8.969701460954035,8.632455471885196,2,2,-0.3372459890688386,85.0,1.0,10283.785318,,,False,1.3,1.5
52865,68.0,0.0,229.0,86.0,157.33333333333334,19.49,101.24728225813871,0.0,0.0,0.0,0.0,,17.5,6.17,7.7533280307412875,6.699644515895719,2,2,-1.0536835148455683,87.0,2.0,61941.173422,149643.099,124.0,False,7.7,3.7
52869,49.0,0.0,223.0,36.0,150.0,39.19,115.51021084637148,0.0,0.0,1.0,0.0,,12.6,6.14,4.638933252321869,4.181679742186668,1,1,-0.4572535101352013,84.0,1.0,21586.798802,,,False,12.6,11.6
52874,50.0,0.0,256.0,29.0,138.66666666666666,26.36,101.34062616103245,0.0,0.0,0.0,0.0,,2.69,1.74,3.646181649441796,3.421973629054935,1,1,-0.2242080203868606,75.0,1.0,13442.33475,,,False,4.2,2.8
52878,51.0,1.0,236.0,64.0,129.33333333333334,26.79,65.07214317687469,0.0,1.0,1.0,0.0,,6.47,3.77,3.0116434310003934,2.7836228812822754,1,0,-0.22802054971811803,86.0,2.0,21047.773035,48873.673,155.0,False,3.3,7.5
52881,69.0,0.0,213.0,64.0,152.0,29.11,78.63305742645397,0.0,0.0,0.0,0.0,,3.55,2.17,7.550059776747501,7.0473359453073705,2,2,-0.5027238314401306,86.0,2.0,6660.118587,,,False,3.9,4.1
52883,73.0,0.0,215.0,55.0,156.0,24.05,74.10350726157328,1.0,0.0,1.0,1.0,,785.6,839.52,28.7395870073169,28.945319835071324,3,3,0.20573282775442436,84.0,1.0,11548.958359,27806.641,137.0,False,982.0,1041.0
52884,44.0,1.0,208.0,48.0,140.66666666666666,31.21,105.66792401079427,0.0,1.0,0.0,0.0,2.0,10.74,13.14,2.4175763170721796,2.4900431813493764,0,0,0.07246686427719684,83.0,2.0,35459.954056,,,False,8.7,15.5
52886,48.0,1.0,191.0,58.0,103.33333333333333,29.91,77.81950603764923,0.0,0.0,0.0,0.0,,3.7,2.9,0.6939369409797735,0.6691828702668875,0,0,-0.024754070712886045,77.0,2.0,85417.857252,,,False,8.5,0.9
52893,48.0,0.0,212.0,27.0,95.33333333333333,32.37,81.91122422185927,0.0,1.0,0.0,0.0,,7.32,5.93,3.684811647438205,3.5735995757105807,1,1,-0.11121207172762437,77.0,2.0,28031.224271,,,False,16.9,14.6
52894,43.0,1.0,187.0,54.0,128.0,52.03,81.34899036051259,0.0,0.0,0.0,0.0,2.0,4.67,5.35,0.7373466048628873,0.7524339617532776,0,0,0.015087356890390313,86.0,1.0,30453.858214,,,False,5.7,8.3
52895,50.0,1.0,265.0,60.0,135.33333333333334,28.61,101.79750402635226,0.0,0.0,0.0,0.0,,11.22,7.42,1.8270831391123061,1.7190004140699768,0,0,-0.1080827250423293,76.0,2.0,23649.212232,54616.067,165.0,False,5.5,6.6
52903,51.0,0.0,314.0,41.0,106.66666666666667,26.27,86.93365943250865,0.0,0.0,0.0,0.0,,2.32,3.15,2.6728652662355663,2.795670073890416,0,0,0.12280480765484958,79.0,1.0,21044.354447,,,False,4.5,6.8
52912,35.0,1.0,208.0,46.0,136.66666666666666,29.22,97.02177519260448,0.0,1.0,0.0,0.0,2.0,6.8,5.93,1.3472614424432383,1.320217695363937,0,0,-0.02704374707930124,75.0,2.0,19518.20924,,,False,8.7,8.0
52917,36.0,1.0,165.0,32.0,93.33333333333333,25.56,116.94700184091356,0.0,1.0,0.0,0.0,2.0,6.32,4.9,0.7701182806722826,0.7414659561693602,0,0,-0.028652324502922433,83.0,2.0,16993.360219,,,False,11.0,11.9
52924,40.0,1.0,135.0,57.0,98.66666666666667,22.35,121.51934217125232,0.0,0.0,0.0,0.0,2.0,4.05,11.38,0.25163349431062754,0.29372629888956525,0,0,0.042092804578937715,79.0,2.0,30306.556418,65903.137,61.0,False,3.0,7.4
52927,35.0,1.0,183.0,61.0,118.66666666666667,29.14,119.02435089142097,0.0,0.0,0.0,0.0,3.0,6.36,4.32,0.2482417266811852,0.23427133644226564,0,0,-0.01397039023891955,81.0,1.0,22987.966492,,,True,5.6,6.3
52931,70.0,0.0,171.0,44.0,140.0,34.25,58.557600115672976,0.0,0.0,1.0,0.0,,3.39,3.0,9.196840869183672,9.043872727731124,2,2,-0.15296814145254878,76.0,2.0,35466.889558,86979.899,114.0,False,1.9,7.4
52936,73.0,1.0,186.0,63.0,138.66666666666666,37.99,98.04086280937206,0.0,0.0,1.0,0.0,,6.86,6.0,7.928023774134286,7.782478261209716,2,2,-0.14554551292456974,76.0,2.0,41020.020243,94891.145,86.0,False,4.8,1.8
52949,41.0,0.0,239.0,54.0,117.33333333333333,37.22,112.35591131463279,0.0,0.0,0.0,0.0,,5.36,4.65,0.9137289621459828,0.8945048587569353,0,0,-0.019224103389047453,87.0,2.0,18637.276899,41087.359,161.0,False,10.4,5.3
52952,58.0,0.0,248.0,59.0,134.66666666666666,36.61,99.67296441746652,1.0,0.0,0.0,0.0,,15.31,6.98,8.019186931857918,7.186734036987337,2,2,-0.8324528948705812,82.0,2.0,12490.513579,28226.157,170.0,False,32.0,8.1
52960,44.0,1.0,177.0,59.0,120.0,38.84,112.54514197858055,0.0,0.0,0.0,0.0,2.0,7.5,3.57,0.5669070326965561,0.5074267602333083,0,0,-0.05948027246324772,77.0,2.0,85035.046516,184913.001,107.0,False,11.4,5.0
52961,73.0,1.0,212.0,47.0,138.66666666666666,30.71,81.39993921676408,0.0,0.0,1.0,0.0,,7.74,5.23,9.567093938535102,9.069940110759873,2,2,-0.49715382777522876,79.0,2.0,44645.637846,,,False,2.4,5.6
52965,36.0,1.0,179.0,57.0,99.33333333333333,21.09,107.46626816116635,0.0,0.0,0.0,0.0,2.0,3.89,2.71,0.2290790809343362,0.21700604442007249,0,0,-0.012073036514263724,77.0,2.0,72906.586048,,,False,2.8,3.8
52975,37.0,0.0,186.0,92.0,106.66666666666667,21.96,83.1940923215071,0.0,1.0,0.0,0.0,,8.78,4.71,0.42581114543809606,0.38773906226577676,0,0,-0.038072083172319304,78.0,1.0,15927.667811,,,False,7.2,9.6
52976,67.0,0.0,169.0,30.0,146.66666666666666,31.54,100.55925619664286,0.0,1.0,1.0,1.0,,9.82,11.35,12.010383764086619,12.243380476078793,3,3,0.23299671199217364,87.0,2.0,7269.265283,,,False,10.9,4.2
52979,42.0,0.0,217.0,93.0,110.66666666666667,25.41,113.31674404844895,0.0,0.0,0.0,0.0,,3.88,2.99,0.36788688087900434,0.3537430223518914,0,0,-0.014143858527112918,85.0,1.0,72486.78935,160367.396,110.0,False,4.7,3.5
52980,38.0,0.0,181.0,38.0,121.33333333333333,30.9,101.22080256422512,0.0,0.0,0.0,0.0,,2.72,3.36,0.724142245066538,0.747446172916003,0,0,0.023303927849465,76.0,1.0,78224.972418,,,False,4.0,4.9
52989,52.0,1.0,154.0,67.0,116.0,18.08,72.08846596022256,0.0,0.0,0.0,0.0,,7.59,3.64,0.9081774175719295,0.8140910155210578,0,0,-0.09408640205087171,82.0,2.0,114618.629798,,,False,2.2,5.5
53000,53.0,0.0,177.0,41.0,126.66666666666667,33.04,122.70915451696771,0.0,1.0,0.0,0.0,,14.37,6.79,4.017530053200215,3.6030036463215094,1,1,-0.41452640687870534,87.0,1.0,14984.141601,33861.276,101.0,False,20.4,8.9
53003,49.0,1.0,180.0,49.0,123.33333333333333,25.15,107.07894537353795,0.0,0.0,0.0,0.0,,9.83,4.74,1.1647800748157944,1.0452353330966424,0,0,-0.11954474171915197,85.0,2.0,18719.903516,40355.094,116.0,False,5.9,6.3
53004,46.0,0.0,176.0,31.0,134.66666666666666,24.98,92.88537911132154,0.0,0.0,0.0,0.0,,5.15,6.58,2.0082387631438414,2.0823642355114917,0,0,0.07412547236765032,82.0,2.0,29542.293604,65819.956,97.0,False,6.9,7.5
53005,46.0,0.0,209.0,24.0,126.0,31.59,106.66992634691798,0.0,0.0,0.0,0.0,,4.42,3.26,2.1475817287544388,2.053076197333975,0,0,-0.09450553142046392,82.0,2.0,25345.948319,,,False,9.2,6.1
53006,68.0,0.0,192.0,37.0,134.0,29.09,73.92631219796938,0.0,0.0,0.0,1.0,,9.65,3.44,8.277659165098138,7.1693109148896905,2,2,-1.1083482502084472,83.0,2.0,8776.31423,,,False,19.4,6.2
53009,73.0,1.0,277.0,84.0,155.33333333333334,22.2,76.60038071492362,0.0,0.0,0.0,0.0,,15.13,3.94,7.829432724992029,6.4904035241129066,2,2,-1.3390292008791223,76.0,1.0,41882.429829,91227.849,169.0,False,11.8,1.3
53010,51.0,0.0,215.0,76.0,105.33333333333333,21.24,72.49123926041173,0.0,1.0,0.0,0.0,,7.92,3.43,1.9523897109485022,1.7246202630857652,0,0,-0.227769447862737,82.0,1.0,20506.179986,,,False,12.2,8.6
53012,65.0,1.0,234.0,76.0,108.0,25.88,99.15337489184805,0.0,0.0,0.0,0.0,,6.8,5.93,2.5312178186021073,2.481006048300594,0,0,-0.05021177030151325,79.0,1.0,69887.73768,,,False,1.7,5.4
53019,44.0,1.0,246.0,61.0,110.0,24.13,111.68729605643915,0.0,0.0,0.0,0.0,2.0,9.64,4.24,0.6137212307888992,0.5429131530218874,0,0,-0.07080807776701181,86.0,2.0,17361.209897,,,False,16.0,8.7
53025,65.0,0.0,234.0,68.0,176.66666666666666,24.86,99.74666497434879,1.0,1.0,0.0,0.0,,19.82,11.17,18.59007774254562,17.3149888148695,3,3,-1.2750889276761193,77.0,1.0,6250.708337,,,False,22.4,8.6
53027,55.0,1.0,134.0,43.0,110.0,30.78,97.06075278137192,0.0,0.0,1.0,1.0,,7.02,4.81,1.5275164796876792,1.4444526168937732,0,0,-0.08306386279390598,83.0,1.0,113349.223878,,,False,6.6,5.0
53028,48.0,1.0,167.0,59.0,113.33333333333333,36.73,104.8161303302511,0.0,1.0,1.0,0.0,,4.62,3.11,1.358634245856834,1.2812677475002077,0,0,-0.07736649835662623,76.0,1.0,18598.939847,36540.201,94.0,False,6.0,5.7
53038,66.0,0.0,205.0,44.0,110.0,26.19,88.2763826218965,0.0,0.0,0.0,0.0,,4.55,2.92,5.177072789243376,4.857971933334897,2,1,-0.3191008559084789,78.0,2.0,62997.695381,,,False,1.5,2.1
53040,46.0,0.0,299.0,27.0,117.33333333333333,39.96,108.52722977268286,0.0,0.0,0.0,0.0,,1.84,1.66,2.322166093782906,2.287164384934317,0,0,-0.035001708848589,76.0,2.0,21161.833828,48634.925,,False,5.0,2.7
53041,60.0,1.0,202.0,45.0,122.66666666666667,37.53,99.29203192232717,0.0,1.0,0.0,0.0,,8.33,2.92,4.369102186019515,3.756810161166398,1,1,-0.612292024853117,88.0,1.0,5250.697876,10956.467,128.0,False,1.5,6.9
53044,53.0,1.0,251.0,80.0,115.33333333333333,21.95,75.43683027716128,0.0,0.0,0.0,0.0,,3.72,4.71,0.9615907046054227,0.9959186498806414,0,0,0.03432794527521865,77.0,2.0,107546.131922,,,False,1.6,7.2
53051,59.0,1.0,229.0,58.0,132.66666666666666,32.35,88.80515709271712,0.0,0.0,0.0,0.0,,12.8,4.29,3.029554902831201,2.582878933990292,1,0,-0.4466759688409092,81.0,2.0,106104.605651,,,False,13.7,6.3
53054,66.0,0.0,141.0,84.0,130.66666666666666,25.98,81.05739616261003,0.0,0.0,0.0,1.0,,9.38,3.23,2.84139046064034,2.429144295151524,0,0,-0.4122461654888161,84.0,1.0,9131.507529,,,False,3.0,2.0
53055,41.0,0.0,224.0,44.0,147.33333333333334,39.87,114.45766701357203,1.0,1.0,1.0,1.0,,30.35,10.0,11.643564132902803,10.0265732173876,3,3,-1.6169909155152027,87.0,2.0,26396.247913,60560.053,112.0,False,69.2,6.0
53068,55.0,1.0,189.0,48.0,129.33333333333334,25.46,104.69862897275345,0.0,0.0,0.0,0.0,,11.85,7.09,2.1717092041524677,2.0137900955673604,0,0,-0.15791910858510727,79.0,2.0,108048.508847,250892.455,114.0,False,3.2,11.7
53075,72.0,1.0,137.0,51.0,136.66666666666666,37.34,25.592853630953297,0.0,0.0,1.0,1.0,,2.59,2.93,8.717910241604118,8.866394846111968,2,2,0.14848460450784984,79.0,2.0,47217.380729,107600.224,56.0,False,1.4,1.2
53079,31.0,1.0,147.0,68.0,109.33333333333333,21.59,116.50518427669196,0.0,0.0,0.0,0.0,2.0,11.19,5.02,0.10154604268244286,0.09004335831568532,0,0,-0.01150268436675754,84.0,2.0,28789.114826,72322.912,71.0,False,4.7,14.3
53085,44.0,1.0,204.0,37.0,128.0,40.68,100.61637229246554,0.0,0.0,1.0,0.0,2.0,4.19,4.17,1.3995569338634524,1.3985660657507226,0,0,-0.000990868112729748,86.0,1.0,73812.908056,,,False,4.4,2.0
53086,33.0,1.0,144.0,75.0,118.66666666666667,30.3,109.49018529404434,0.0,1.0,0.0,0.0,2.0,5.17,3.27,0.22511996596533201,0.210190635481341,0,0,-0.014929330483991005,78.0,2.0,25758.8122,,,False,13.6,4.9
53087,32.0,0.0,133.0,40.0,102.0,28.12,93.50581205728233,0.0,0.0,0.0,0.0,,2.52,2.54,0.2839325862949751,0.2842707662248406,0,0,0.00033817992986551193,82.0,2.0,35121.28555,78474.737,81.0,False,3.1,5.9
53095,52.0,1.0,233.0,62.0,114.66666666666667,33.52,108.81754993192841,0.0,1.0,1.0,0.0,,92.98,99.19,3.4230315821356956,3.455263008153193,1,1,0.03223142601749762,77.0,1.0,22498.50756,52261.537,134.0,False,78.1,36.7
53098,73.0,1.0,207.0,59.0,110.66666666666667,37.59,89.72282356945743,0.0,0.0,0.0,0.0,,4.29,4.73,5.3167860814685755,5.391059354156908,2,2,0.07427327268833217,76.0,1.0,38703.606665,,,False,6.0,3.5
53100,57.0,1.0,288.0,67.0,120.66666666666667,23.94,64.16657609751155,0.0,0.0,0.0,0.0,,6.18,5.0,2.149168383233655,2.0832854732918995,0,0,-0.0658829099417555,76.0,1.0,92628.908642,196093.407,193.0,False,6.8,3.4
53101,78.0,0.0,220.0,64.0,116.0,,60.091719302810425,1.0,0.0,1.0,0.0,,78.02,65.89,23.285974984419138,22.833260009310298,3,3,-0.4527149751088402,84.0,1.0,11548.958359,27806.641,143.0,False,67.1,48.1
53106,33.0,1.0,213.0,50.0,128.0,28.5,119.14947006386863,0.0,0.0,0.0,0.0,2.0,12.04,7.53,0.47349822432521194,0.44142685029890144,0,0,-0.032071374026310495,79.0,2.0,62125.389482,,,False,6.5,7.3
53110,55.0,1.0,213.0,72.0,127.33333333333333,23.34,59.341683816966324,0.0,0.0,1.0,1.0,,7.45,4.18,1.9506375296447966,1.7914454067127548,0,0,-0.15919212293204188,85.0,1.0,20502.782804,,,False,3.8,4.6
53112,42.0,1.0,168.0,51.0,117.33333333333333,26.5,106.99049341456805,0.0,0.0,0.0,0.0,2.0,12.65,9.39,0.5633382043323542,0.5388237980112887,0,0,-0.024514406321065496,88.0,2.0,12812.019149,25855.525,97.0,False,29.6,7.7
53116,63.0,0.0,137.0,44.0,116.66666666666667,28.67,87.71821719394848,1.0,0.0,1.0,1.0,,2.73,3.33,5.3499780195574225,5.503945246942785,2,2,0.15396722738536273,84.0,1.0,8990.493906,,,False,3.3,2.6
53121,64.0,0.0,148.0,46.0,120.66666666666667,25.96,64.92453498492583,0.0,0.0,1.0,0.0,,10.88,2.7,5.7092303322684295,4.676376538003652,2,1,-1.0328537942647777,78.0,2.0,11505.828824,32562.604,85.0,False,22.2,7.7
53124,52.0,0.0,201.0,37.0,146.0,52.65,87.40218530148034,1.0,0.0,1.0,1.0,,15.48,7.92,9.475905948427455,8.64270609563354,2,2,-0.8331998527939142,76.0,2.0,91691.331738,,,False,16.1,11.4
53125,53.0,1.0,242.0,79.0,115.33333333333333,27.17,92.1815979791674,0.0,0.0,0.0,0.0,,6.48,4.52,0.9876888700359379,0.9361845910898762,0,0,-0.05150427894606169,88.0,1.0,9637.428563,20775.713,148.0,False,9.2,3.8
53127,39.0,0.0,178.0,39.0,143.33333333333334,32.65,89.52236628676455,0.0,0.0,1.0,0.0,,7.69,5.18,1.6985967512590967,1.6017894756395015,0,0,-0.09680727561959523,75.0,1.0,44803.365457,91267.83,115.0,False,22.7,7.3
53130,43.0,0.0,169.0,54.0,120.0,28.38,110.18125721930724,0.0,0.0,1.0,1.0,,6.56,3.61,0.8673284029586306,0.7931179389902345,0,0,-0.07421046396839603,77.0,1.0,81503.299626,176664.298,93.0,False,4.0,7.0
53131,39.0,0.0,180.0,93.0,112.66666666666667,19.9,85.69952848820785,0.0,1.0,0.0,0.0,,2.33,3.11,0.39586674673606487,0.41343705200200526,0,0,0.01757030526594039,84.0,2.0,26682.605877,85833.866,78.0,False,3.0,3.2
53139,65.0,1.0,185.0,66.0,122.66666666666667,38.37,68.20896714271308,0.0,0.0,1.0,0.0,,6.7,13.08,4.089104975426189,4.501647597343588,1,1,0.41254262191739954,83.0,2.0,20038.030035,48211.022,104.0,False,7.7,17.0
53154,55.0,0.0,212.0,96.0,126.0,22.57,108.35130426303613,1.0,1.0,1.0,0.0,,14.6,11.15,5.664445613421269,5.450799829893722,2,2,-0.21364578352754737,77.0,2.0,23507.997605,54279.809,96.0,False,34.9,16.5
53159,32.0,0.0,147.0,43.0,130.0,18.73,81.58393872418567,0.0,0.0,0.0,0.0,,5.11,1.64,0.4891279729984456,0.4123100200751518,0,0,-0.07681795292329385,81.0,2.0,32058.506552,81551.888,93.0,False,8.9,1.9
53161,49.0,1.0,236.0,63.0,109.33333333333333,26.32,104.16627032220356,0.0,0.0,0.0,0.0,,4.17,6.51,0.7582494395842654,0.8102605850439841,0,0,0.052011145459718744,75.0,2.0,24882.496233,50818.246,153.0,False,8.8,20.5
53169,73.0,0.0,139.0,47.0,100.66666666666667,24.04,50.882002963446105,0.0,0.0,0.0,0.0,,40.73,11.41,11.349305531063857,9.554801797257609,3,2,-1.7945037338062484,76.0,1.0,32338.062285,79306.684,79.0,False,55.8,11.3
53171,65.0,1.0,204.0,71.0,164.66666666666666,29.85,104.52850423935244,1.0,0.0,1.0,1.0,,134.52,14.08,12.5249113488915,9.25866778806378,3,2,-3.2662435608277196,78.0,2.0,18721.249999,47455.846,123.0,False,56.5,6.9
53175,42.0,1.0,146.0,95.0,110.0,18.92,111.84360017157344,0.0,0.0,0.0,0.0,2.0,8.13,6.97,0.15536278905734968,0.15181882372985278,0,0,-0.0035439653274969007,80.0,1.0,52207.814643,118773.82,43.0,False,1.3,9.2
53177,55.0,0.0,216.0,71.0,139.33333333333334,36.38,82.88136593884091,1.0,0.0,1.0,1.0,,2.75,3.85,4.981720724817257,5.227807004267121,1,2,0.24608627944986416,83.0,2.0,25115.577435,,,False,4.1,5.5
53181,37.0,1.0,189.0,48.0,104.0,30.97,108.55798958578825,0.0,0.0,0.0,0.0,2.0,4.72,4.87,0.32781196020430275,0.3293500931508121,0,0,0.0015381329465093407,79.0,1.0,54729.408706,,,False,2.5,3.8
53182,62.0,0.0,184.0,49.0,108.66666666666667,26.31,86.1300405303884,0.0,0.0,1.0,1.0,,3.99,2.4,3.8561272127133264,3.5814088364897483,1,1,-0.2747183762235781,86.0,2.0,55670.350052,134493.476,110.0,False,6.5,3.6
53184,66.0,1.0,175.0,72.0,136.0,27.12,73.43395191495505,0.0,0.0,0.0,0.0,,9.03,5.39,3.9282507210544795,3.6461170032137113,1,1,-0.28213371784076813,88.0,2.0,16494.909549,,,False,5.6,8.2
53188,71.0,1.0,200.0,75.0,116.66666666666667,36.88,89.33383337589149,0.0,0.0,0.0,0.0,,3.71,2.74,4.066166512862039,3.892349248293763,1,1,-0.17381726456827584,81.0,1.0,11967.214768,24499.581,105.0,False,6.9,1.7
53191,59.0,0.0,202.0,41.0,130.0,28.23,65.08118361261015,0.0,0.0,1.0,1.0,,48.33,22.14,6.876432498190157,6.158848435632798,2,2,-0.7175840625573588,77.0,1.0,91372.94023,198057.458,109.0,False,17.4,32.1
53198,53.0,1.0,168.0,38.0,124.66666666666667,41.4,88.04913995269463,0.0,0.0,1.0,0.0,,16.24,8.82,2.609940560688302,2.386846276652769,0,0,-0.223094284035533,84.0,2.0,23748.745332,55392.21,108.0,False,26.8,6.7
53199,54.0,0.0,187.0,50.0,96.66666666666667,28.85,105.5678777099181,0.0,0.0,0.0,0.0,,5.89,4.27,2.1991423279133393,2.0970681855404583,0,0,-0.10207414237288104,88.0,2.0,11723.777579,25846.0,104.0,False,10.3,10.6
53201,44.0,1.0,188.0,45.0,124.0,52.86,116.3553225545601,1.0,1.0,0.0,0.0,2.0,135.62,31.58,6.246697227718241,5.081600504185716,2,2,-1.1650967235325247,75.0,1.0,21284.906566,52109.364,120.0,False,99.0,18.0
53211,45.0,0.0,210.0,38.0,128.0,34.34,112.95840093863947,1.0,0.0,0.0,0.0,,9.7,5.88,4.308634576852023,4.007522495111324,1,1,-0.3011120817406985,81.0,1.0,29520.027261,,,False,16.0,11.0
53215,55.0,1.0,156.0,75.0,124.66666666666667,25.79,91.04208962485207,1.0,0.0,0.0,0.0,,14.0,17.04,2.7292353576480735,2.808651697264365,0,0,0.07941633961629169,88.0,2.0,77376.076869,182353.033,72.0,False,5.6,4.6
53217,47.0,1.0,192.0,43.0,142.0,28.72,98.75648686817968,0.0,0.0,0.0,0.0,,20.05,5.56,1.975529779689383,1.6351784533049076,0,0,-0.3403513263844753,75.0,1.0,26455.132893,,,False,38.7,7.0
53220,66.0,1.0,228.0,37.0,104.66666666666667,28.19,86.366176447723,0.0,0.0,0.0,0.0,,9.73,2.71,4.57908726658501,3.810010206474614,1,1,-0.7690770601103964,78.0,2.0,6369.893001,,,False,7.2,2.6
53221,39.0,0.0,267.0,76.0,124.0,30.4,89.52236628676455,0.0,0.0,0.0,0.0,,20.77,14.12,0.8890929949863885,0.8391831180216129,0,0,-0.04990987696477556,77.0,1.0,69214.37238,,,False,16.2,13.7
53222,63.0,1.0,160.0,55.0,108.0,36.82,75.86210430092883,1.0,0.0,1.0,1.0,,3.26,3.56,4.651024612783893,4.709984908113179,1,1,0.05896029532928626,77.0,1.0,7525.781928,18424.497,76.0,False,2.8,3.1
53228,39.0,0.0,201.0,26.0,115.33333333333333,28.8,112.17511390970725,0.0,0.0,0.0,0.0,,5.48,19.4,1.0334589660162343,1.2481202284560144,0,0,0.21466126243978012,79.0,1.0,23791.14885,53178.309,116.0,False,2.3,13.0
53234,53.0,1.0,239.0,90.0,117.33333333333333,24.54,93.63900534452222,0.0,0.0,0.0,0.0,,14.12,7.27,0.9462114636845388,0.8572313168123258,0,0,-0.088980146872213,85.0,1.0,11351.89691,,,False,2.4,3.2
53236,60.0,0.0,222.0,56.0,136.0,27.71,76.02060573180033,0.0,1.0,0.0,0.0,,6.24,3.49,6.179436685851768,5.6898548570415866,2,2,-0.48958182881018164,75.0,2.0,12660.83781,,,False,9.3,7.4
53238,40.0,1.0,219.0,44.0,107.33333333333333,38.38,114.93600787024052,0.0,0.0,0.0,0.0,2.0,4.24,7.58,0.5058018392152936,0.5516409238291539,0,0,0.045839084613860215,86.0,2.0,17361.209897,,,False,7.5,12.5
53239,66.0,1.0,240.0,56.0,136.66666666666666,29.85,85.02196415916512,0.0,0.0,0.0,0.0,,3.33,4.39,4.319210046129848,4.49394870845144,1,1,0.17473866232159185,87.0,1.0,79894.934078,174026.268,153.0,False,0.9,1.8
53242,57.0,0.0,149.0,44.0,147.33333333333334,27.92,101.71378253906796,1.0,0.0,1.0,0.0,,8.94,9.52,8.074037082490719,8.14477050415672,2,2,0.0707334216660005,83.0,1.0,77604.592842,,,False,27.0,9.9
53247,44.0,1.0,272.0,45.0,90.66666666666667,28.32,105.66792401079427,0.0,0.0,0.0,0.0,2.0,154.0,0.63,1.563338853507139,0.6908248548079211,0,0,-0.872513998699218,77.0,1.0,75240.005755,,,False,61.6,0.4
53249,33.0,1.0,242.0,49.0,103.33333333333333,37.43,115.06499845094459,0.0,1.0,0.0,0.0,2.0,3.25,2.83,0.5697749739447158,0.5581261798543807,0,0,-0.011648794090335035,80.0,1.0,16169.588736,39213.848,154.0,False,4.1,1.7
53251,72.0,0.0,132.0,43.0,113.33333333333333,27.78,78.08841414719208,1.0,0.0,1.0,1.0,,36.8,40.28,12.21683731585057,12.36392245437625,3,3,0.14708513852567862,84.0,1.0,9134.933197,,,False,65.5,14.5
53264,35.0,1.0,204.0,55.0,116.0,40.32,118.11711889319605,0.0,0.0,0.0,0.0,2.0,5.44,9.07,0.29448503592634395,0.31789925404261904,0,0,0.023414218116275087,84.0,1.0,21275.206694,57382.217,136.0,False,8.6,7.8
53266,45.0,0.0,248.0,62.0,114.66666666666667,28.1,111.2220932895185,0.0,0.0,0.0,0.0,,3.99,4.09,1.019710941025544,1.0234906635016559,0,0,0.003779722476111802,86.0,3.0,15845.945448,35808.787,147.0,False,6.5,5.6
53268,71.0,1.0,181.0,71.0,160.0,48.2,64.05405666310824,0.0,0.0,1.0,0.0,,6.98,3.2,8.04305761511181,7.218562440953276,2,2,-0.8244951741585336,87.0,1.0,46820.442712,101983.774,90.0,False,9.7,3.2
53269,67.0,0.0,233.0,36.0,114.0,39.3,61.342275699504384,0.0,0.0,1.0,0.0,,5.94,4.7,8.88270350748257,8.600658224151584,2,2,-0.2820452833309872,82.0,2.0,8401.91118,22406.481,145.0,False,9.2,8.6
53272,58.0,1.0,249.0,38.0,143.33333333333334,32.85,96.85656636652348,1.0,0.0,0.0,0.0,,21.95,8.14,9.446052550196162,8.246883287316509,2,2,-1.1991692628796535,75.0,1.0,18008.917501,0.0,184.0,False,16.9,3.5
53273,56.0,0.0,173.0,40.0,123.33333333333333,27.43,88.33298988644091,0.0,0.0,0.0,0.0,,3.43,4.07,2.654604968130296,2.7221883392418067,0,0,0.0675833711115108,89.0,1.0,8208.877021,,,False,2.3,7.2
53278,62.0,1.0,225.0,42.0,109.33333333333333,29.33,99.48621195967016,0.0,0.0,0.0,0.0,,11.78,4.5,3.1914845481524603,2.774089234439427,1,0,-0.4173953137130333,85.0,2.0,6774.929441,14137.033,141.0,False,25.1,5.9
53286,67.0,1.0,243.0,74.0,119.33333333333333,21.5,79.51278654619192,0.0,0.0,0.0,0.0,,9.44,1.76,3.74142882221634,2.932016500707034,1,0,-0.8094123215093059,77.0,2.0,6468.081751,,,False,1.7,0.6
53288,79.0,1.0,141.0,64.0,144.0,30.19,89.17596063641223,1.0,0.0,1.0,1.0,,5.52,5.25,12.242861799613596,12.162204601871467,3,3,-0.08065719774212887,76.0,2.0,20875.261565,0.0,48.0,False,1.6,2.1
53291,52.0,1.0,179.0,62.0,107.33333333333333,29.55,75.90745650750783,0.0,0.0,0.0,0.0,,792.31,11.5,1.91168484334438,1.0218451136463416,0,0,-0.8898397296980385,76.0,1.0,100459.275616,0.0,98.0,False,309.0,19.9
53302,51.0,0.0,151.0,36.0,126.66666666666667,37.36,102.04184391966284,0.0,0.0,0.0,0.0,,4.91,4.25,1.975617008718108,1.9338410281000833,0,0,-0.04177598061802468,76.0,2.0,101172.924903,222616.033,54.0,False,8.3,4.5
53305,31.0,0.0,154.0,34.0,116.66666666666667,25.79,111.14621970072785,0.0,0.0,0.0,0.0,,7.87,4.07,0.41733093303990865,0.3779260890110337,0,0,-0.03940484402887495,89.0,2.0,13638.075008,,,False,14.0,3.7
53317,77.0,1.0,182.0,46.0,145.33333333333334,23.3,84.64893301861179,0.0,0.0,1.0,0.0,,14.12,16.07,13.255797996461006,13.48069969067366,3,3,0.2249016942126545,80.0,1.0,34966.865728,,,False,4.8,9.0
53319,30.0,1.0,157.0,39.0,94.66666666666667,24.45,117.23202281816458,0.0,0.0,0.0,0.0,3.0,6.02,1.96,0.20218376071045221,0.17089212488821295,0,0,-0.03129163582223926,79.0,2.0,54009.255077,,,True,26.9,5.0
53322,32.0,0.0,176.0,35.0,107.33333333333333,24.91,110.45711313858332,0.0,1.0,0.0,0.0,,5.59,5.73,0.7634899610297231,0.7663253031525368,0,0,0.0028353421228136666,77.0,2.0,79822.913123,226257.595,109.0,False,8.0,5.1
53325,37.0,0.0,229.0,29.0,150.0,36.26,81.50489008777826,0.0,0.0,1.0,0.0,,7.87,6.32,2.762191718500425,2.6746084713828804,0,0,-0.08758324711754462,83.0,1.0,21268.693396,,,False,11.8,7.9
53338,54.0,1.0,210.0,41.0,132.0,31.88,81.36345538746542,0.0,1.0,1.0,0.0,,7.13,5.88,4.845540804256826,4.713851164411383,1,1,-0.13168963984544302,84.0,1.0,21166.764065,44683.96,151.0,False,17.4,14.3
53341,60.0,0.0,191.0,30.0,122.66666666666667,29.66,86.16262077966914,0.0,0.0,0.0,0.0,,9.01,10.44,4.838643245823237,4.942105009886424,1,1,0.10346176406318719,80.0,1.0,6461.229075,17288.758,131.0,False,13.6,11.8
53342,52.0,0.0,203.0,53.0,136.66666666666666,36.99,103.11014688322453,1.0,0.0,1.0,0.0,,7.08,4.93,6.041097034492372,5.738220389772097,2,2,-0.30287664472027487,80.0,1.0,68602.600632,158402.945,118.0,False,8.5,3.3
53346,46.0,1.0,178.0,62.0,105.33333333333333,19.78,113.42931128248769,0.0,1.0,0.0,0.0,,7.68,3.83,0.8947443983956567,0.8067210858645836,0,0,-0.0880233125310731,77.0,2.0,86576.383051,188264.715,99.0,False,4.3,5.9
53352,56.0,0.0,204.0,41.0,96.66666666666667,26.41,83.30973859382364,0.0,0.0,1.0,0.0,,4.84,5.33,3.836251120339914,3.890336466799953,1,1,0.05408534646003904,80.0,2.0,24300.320276,53761.232,143.0,False,4.4,4.8
53353,74.0,0.0,168.0,59.0,102.66666666666667,35.29,90.86078576170786,0.0,0.0,0.0,1.0,,51.87,21.28,9.81814458506608,8.689586369277293,2,2,-1.128558215788786,78.0,2.0,36844.629325,89012.594,92.0,False,38.9,16.6
53356,57.0,1.0,220.0,90.0,116.0,50.94,112.7477689532705,0.0,0.0,0.0,0.0,,12.83,6.11,1.1690709785444091,1.0471509183443113,0,0,-0.12192006020009782,88.0,1.0,10257.596301,,,False,17.7,3.3
53357,55.0,1.0,210.0,61.0,130.66666666666666,27.04,93.96315082535236,0.0,1.0,0.0,0.0,,4.81,4.24,2.7621968322907495,2.7117905634457538,0,0,-0.05040626884499577,83.0,2.0,88661.041635,,,False,7.5,9.8
53359,46.0,0.0,209.0,36.0,106.0,29.1,89.67946307165046,0.0,0.0,0.0,0.0,,2.35,3.0,1.2728737798839131,1.3200566605982003,0,0,0.04718288071428711,89.0,2.0,55095.024199,114148.514,137.0,False,7.3,7.1
53369,39.0,1.0,180.0,54.0,118.66666666666667,24.41,97.52022605645575,0.0,0.0,0.0,0.0,2.0,4.86,3.76,0.4039490474011342,0.3887425375306828,0,0,-0.015206509870451412,81.0,2.0,71929.361138,184955.837,109.0,False,3.5,6.2
53372,61.0,0.0,179.0,43.0,137.33333333333334,44.92,53.493847368552785,1.0,0.0,0.0,0.0,,3.72,2.74,8.186917171928153,7.846484408979097,2,2,-0.3404327629490558,79.0,2.0,13044.589394,33066.276,115.0,False,11.2,10.8
53373,77.0,1.0,232.0,42.0,137.33333333333334,22.51,73.62618497190708,0.0,0.0,0.0,0.0,,3.02,8.57,9.2281703166426,10.626155357408047,2,3,1.3979850407654464,81.0,2.0,38087.107887,,,False,3.8,9.0
53381,59.0,0.0,234.0,50.0,158.0,23.32,101.94758874054784,0.0,0.0,0.0,0.0,,4.85,5.0,5.8832441153636905,5.908764178749556,2,2,0.025520063385865654,79.0,1.0,21458.369625,46512.569,167.0,False,1.6,2.8
53382,72.0,0.0,204.0,50.0,125.33333333333333,28.5,82.94318880349778,0.0,0.0,1.0,1.0,,4.29,9.69,9.690107367126382,10.82155299610178,2,3,1.1314456289753974,81.0,2.0,30233.187542,69814.477,136.0,False,5.4,12.3
53383,36.0,1.0,250.0,74.0,102.66666666666667,20.34,117.38479275605825,0.0,0.0,0.0,0.0,2.0,96.98,18.05,0.35363502340865693,0.27496561789071505,0,0,-0.07866940551794188,84.0,1.0,19297.330507,,,False,144.5,15.7
53385,77.0,0.0,266.0,45.0,142.0,31.44,74.81645073789245,0.0,0.0,1.0,0.0,,3.51,3.01,16.728138357639214,16.407371083463467,3,3,-0.320767274175747,83.0,2.0,41065.863933,94829.293,197.0,False,3.4,2.5
53389,47.0,0.0,239.0,54.0,116.66666666666667,29.03,112.92724203740053,0.0,0.0,1.0,0.0,,3.57,2.99,1.6286550149541037,1.5863129914090437,0,0,-0.042342023545060004,77.0,1.0,27028.404053,59471.999,174.0,False,4.5,3.2
53396,43.0,0.0,299.0,44.0,124.0,26.56,95.77144262118296,0.0,0.0,0.0,0.0,,2.16,22.4,1.7201798394699093,2.4311569958403356,0,0,0.7109771563704264,75.0,2.0,106651.302622,,,False,4.0,28.0
53397,43.0,1.0,214.0,58.0,128.66666666666666,24.1,89.64982944285553,0.0,0.0,0.0,0.0,2.0,29.89,14.18,1.0056468929331295,0.9001014038817633,0,0,-0.10554548905136618,80.0,1.0,26699.211227,,,False,28.4,28.5
53404,54.0,0.0,173.0,31.0,124.0,28.79,61.29997046015957,0.0,0.0,0.0,0.0,,3.58,3.16,2.7266252560909976,2.6770876060293585,0,0,-0.04953765006163913,88.0,2.0,80686.340356,,,False,2.4,1.8
53408,79.0,0.0,176.0,59.0,166.66666666666666,25.02,59.14169045517482,0.0,1.0,1.0,1.0,,448.72,871.83,27.187990975550782,29.218260355613992,3,3,2.03026938006321,88.0,1.0,10411.441994,28349.781,84.0,False,875.0,619.0
53411,53.0,1.0,164.0,45.0,128.66666666666666,26.71,75.43683027716128,0.0,1.0,0.0,0.0,,7.56,12.5,2.955648165498977,3.18003715094591,0,1,0.2243889854469332,80.0,2.0,26284.468736,,,False,3.1,2.0
53418,39.0,0.0,226.0,50.0,124.66666666666667,41.49,108.51622237660078,0.0,1.0,0.0,0.0,,4.6,3.14,1.5670640763099613,1.4805632658738004,0,0,-0.08650081043616087,76.0,1.0,61498.830035,,,False,2.3,5.3
53420,62.0,1.0,214.0,48.0,104.66666666666667,30.0,56.81366578027693,1.0,0.0,0.0,0.0,,4.5,5.7,5.38249683220321,5.566112903015595,2,2,0.18361607081238507,78.0,1.0,13070.875072,,,False,4.9,5.7
53427,53.0,0.0,315.0,54.0,126.66666666666667,27.12,62.22705723749963,0.0,0.0,0.0,0.0,,3.92,2.57,3.5121432822033363,3.3023849429236343,1,1,-0.209758339279702,79.0,1.0,82587.952309,182714.878,247.0,False,8.7,5.6
53434,42.0,0.0,194.0,36.0,111.33333333333333,25.36,109.72648860781621,0.0,0.0,0.0,0.0,,2.52,1.35,0.8470786531711657,0.7714747184987845,0,0,-0.07560393467238125,87.0,1.0,94316.655377,195409.771,129.0,False,3.7,1.3
53436,70.0,1.0,193.0,58.0,124.0,33.26,78.04299918085387,0.0,0.0,0.0,0.0,,11.29,4.92,5.602198216773254,4.978137651847895,2,1,-0.624060564925359,76.0,2.0,38913.512966,90018.185,111.0,False,3.5,6.5
53439,46.0,0.0,191.0,37.0,112.66666666666667,24.42,102.55420404703159,0.0,0.0,0.0,0.0,,2.54,2.34,1.1454393267599745,1.1315005400103337,0,0,-0.013938786749640775,78.0,2.0,96263.187675,208657.423,134.0,False,1.8,1.5
53444,75.0,1.0,171.0,74.0,186.66666666666666,21.07,70.40650626128217,1.0,0.0,1.0,0.0,,90.93,44.86,19.747442882166983,18.120242417210875,3,3,-1.6272004649561076,80.0,2.0,15553.107018,,,False,88.2,15.7
53457,30.0,1.0,228.0,57.0,104.0,25.43,101.58937601542708,0.0,0.0,0.0,0.0,3.0,6.48,3.05,0.20196404361616846,0.1804001039038568,0,0,-0.02156393971231166,88.0,1.0,20293.289262,41256.386,153.0,True,3.5,3.9
53460,68.0,0.0,148.0,48.0,145.33333333333334,30.98,57.70123140015393,0.0,1.0,0.0,0.0,,5.4,4.0,9.017354672655253,8.652396257169848,2,2,-0.36495841548540575,89.0,2.0,5797.734364,,,False,4.7,3.0
53465,47.0,1.0,207.0,25.0,102.66666666666667,18.63,114.72013336540064,0.0,1.0,0.0,0.0,,6.0,6.0,2.1202402183836093,2.1202402183836093,0,0,0.0,75.0,2.0,23499.838461,,,False,5.1,9.0
53471,49.0,1.0,243.0,56.0,114.0,22.92,106.69730859722462,0.0,0.0,0.0,0.0,,6.45,7.8,1.0125318297345567,1.0415298436406197,0,0,0.028998013906063047,78.0,2.0,21971.086171,47709.164,159.0,False,9.8,3.9
53472,50.0,1.0,286.0,47.0,124.0,26.44,108.00553999344656,0.0,1.0,0.0,0.0,,8.75,7.03,3.119730896597599,3.021939832593519,1,1,-0.09779106400407978,80.0,1.0,79719.201422,181362.774,189.0,False,1.4,2.6
53473,46.0,1.0,161.0,43.0,96.0,33.16,107.94996546308099,0.0,1.0,0.0,0.0,,5.62,36.22,1.2068726339826472,1.5902057902344058,0,0,0.38333315625175857,85.0,1.0,14103.085882,,,False,7.3,51.8
53474,59.0,1.0,256.0,89.0,134.66666666666666,22.23,106.95995976246047,0.0,1.0,1.0,0.0,,26.32,4.43,4.287260673985069,3.3143300159288813,1,1,-0.9729306580561881,83.0,2.0,15056.319146,32457.389,147.0,False,20.0,2.7
53478,30.0,1.0,176.0,63.0,109.33333333333333,31.15,120.94757588373878,0.0,0.0,0.0,0.0,2.0,2.22,5.58,0.09830029103372663,0.11287099535105459,0,0,0.01457070431732796,87.0,1.0,26858.225188,,,False,0.4,2.9
53479,30.0,1.0,176.0,65.0,113.33333333333333,28.71,106.35732528267559,0.0,0.0,0.0,0.0,2.0,7.49,5.0,0.12806916451633577,0.12053944468950434,0,0,-0.007529719826831427,84.0,2.0,23132.230222,52596.188,91.0,False,13.4,6.0
53481,66.0,0.0,238.0,88.0,136.66666666666666,27.71,79.19045669694431,0.0,1.0,0.0,0.0,,4.59,4.78,6.23876811550163,6.2746923806131525,2,2,0.03592426511152258,88.0,2.0,57944.956916,,,False,4.5,7.6
53484,71.0,0.0,178.0,40.0,110.0,23.86,75.88931939152766,0.0,0.0,0.0,1.0,,15.62,5.3,7.967189435909529,6.849575999143058,2,2,-1.1176134367664714,80.0,1.0,29656.12172,,,False,39.2,7.0
53487,47.0,0.0,177.0,39.0,124.66666666666667,,99.34903947145831,0.0,0.0,0.0,0.0,,3.38,4.56,1.4665509262545995,1.5333484267535504,0,0,0.06679750049895095,77.0,1.0,81895.402401,177514.209,120.0,False,4.7,12.5
53492,44.0,1.0,233.0,51.0,140.0,45.65,85.37761710130829,0.0,0.0,1.0,1.0,2.0,5.23,5.65,1.685918584239587,1.7052470394665797,0,0,0.01932845522699278,83.0,1.0,90232.901038,205969.649,144.0,False,11.6,16.6
53495,31.0,0.0,160.0,33.0,120.66666666666667,20.17,111.14621970072785,0.0,1.0,0.0,0.0,,6.42,4.38,0.8804913553827478,0.8315019667455052,0,0,-0.04898938863724256,77.0,1.0,69214.37238,196187.746,99.0,False,7.7,5.6
53496,59.0,1.0,142.0,63.0,104.0,30.06,100.98757605827362,0.0,0.0,0.0,0.0,,4.43,2.5,1.3956844098682193,1.2822909488381675,0,0,-0.11339346103005177,78.0,1.0,21800.840156,48298.327,73.0,False,5.4,0.8
53500,32.0,0.0,246.0,55.0,102.66666666666667,24.43,117.57162615510919,0.0,0.0,0.0,0.0,,3.5,3.66,0.40937824955806135,0.41213949461153143,0,0,0.002761245053470085,82.0,2.0,28776.549278,,,False,5.0,5.3
53501,44.0,0.0,212.0,54.0,114.66666666666667,29.68,108.74053897532865,0.0,0.0,1.0,0.0,,2.86,3.55,1.072724384358637,1.1079177508058193,0,0,0.035193366447182406,79.0,1.0,66323.566341,137412.346,141.0,False,4.2,6.5
53506,30.0,0.0,211.0,34.0,106.66666666666667,32.29,77.21419791031012,0.0,1.0,0.0,0.0,,2.78,2.28,0.7882972540803089,0.7652225849172279,0,0,-0.023074669163080985,87.0,1.0,81340.588478,,,False,6.4,4.3
53515,41.0,0.0,255.0,42.0,140.66666666666666,31.56,91.45572262631296,0.0,0.0,0.0,0.0,,6.0,3.93,2.093805038685642,1.9667562366869822,0,0,-0.12704880199865975,84.0,1.0,67765.448326,146886.512,193.0,False,9.3,3.5
53518,63.0,0.0,258.0,44.0,116.0,34.64,92.2648625813928,1.0,1.0,0.0,0.0,,17.28,3.8,13.316638584859426,10.890689343958726,3,3,-2.4259492409006995,84.0,2.0,9387.789425,,,False,40.1,3.5
53524,39.0,1.0,275.0,70.0,108.66666666666667,28.32,105.47976297119224,0.0,1.0,0.0,0.0,2.0,3.25,4.3,0.6264888056041606,0.6532044049524819,0,0,0.02671559934832124,81.0,2.0,72738.522735,165475.124,174.0,False,6.4,9.2
53526,62.0,1.0,217.0,52.0,106.66666666666667,32.68,96.07580141895353,0.0,0.0,0.0,0.0,,5.04,3.53,2.49504018832096,2.368234929652513,0,0,-0.12680525866844716,86.0,1.0,65573.061923,,,False,6.3,3.6
53529,57.0,1.0,191.0,42.0,101.33333333333333,23.81,67.32211965777641,0.0,1.0,1.0,1.0,,5.0,8.96,3.9146791869449573,4.257694960306947,1,1,0.3430157733619894,78.0,2.0,29415.070778,,,False,9.6,6.0
53530,62.0,1.0,250.0,54.0,137.33333333333334,22.65,101.42395986655644,0.0,0.0,0.0,0.0,,5.0,6.27,3.6272733462567714,3.747941119155996,1,1,0.1206677728992247,86.0,1.0,61772.041071,,,False,3.4,6.9
53532,51.0,0.0,202.0,61.0,128.0,26.94,107.55604236878804,1.0,0.0,0.0,0.0,,3.94,3.06,3.452326276412441,3.327337865976867,1,1,-0.12498841043557407,80.0,1.0,75696.640351,175368.818,130.0,False,1.3,2.6
53533,42.0,0.0,150.0,70.0,110.66666666666667,21.86,65.47599897479763,0.0,1.0,0.0,0.0,,3.63,2.7,0.6795188850810034,0.6500093989248162,0,0,-0.029509486156187203,83.0,2.0,28866.856878,,,False,5.7,8.2
53534,56.0,0.0,217.0,52.0,126.0,30.93,90.50063778359142,0.0,0.0,0.0,0.0,,6.18,3.4,3.044927880927293,2.789534033017149,1,0,-0.25539384791014363,86.0,3.0,68871.178599,152368.337,146.0,False,4.7,5.5
53544,50.0,0.0,196.0,35.0,108.0,23.3,83.60273198078316,0.0,0.0,0.0,0.0,,5.28,3.46,1.8097551131163139,1.699759503985703,0,0,-0.1099956091306109,77.0,2.0,100372.774694,217565.25,111.0,False,15.2,3.7
53546,66.0,1.0,216.0,50.0,140.0,40.81,78.83941281807857,0.0,0.0,0.0,0.0,,4.28,2.08,4.871262616348936,4.393126644322913,1,1,-0.4781359720260232,86.0,2.0,61835.25213,,,False,7.4,1.6
53548,49.0,1.0,234.0,49.0,114.0,34.52,76.32938094900652,1.0,0.0,0.0,0.0,,9.79,4.27,3.156289028159226,2.7969716260498636,1,0,-0.3593174021093626,86.0,3.0,14401.4831,,,False,9.5,4.7
53550,43.0,1.0,156.0,61.0,110.0,19.32,104.5817118619942,0.0,0.0,0.0,0.0,2.0,9.18,4.86,0.3805030285174693,0.3459744630710207,0,0,-0.03452856544644861,77.0,1.0,76603.798386,,,False,7.8,9.0
53554,31.0,1.0,221.0,42.0,114.66666666666667,27.52,126.72309306219134,0.0,0.0,0.0,0.0,3.0,21.25,23.1,0.38607887362762394,0.3909284367267943,0,0,0.00484956309917034,78.0,2.0,25247.94746,,,True,10.2,9.7
53555,50.0,0.0,232.0,54.0,114.0,30.9,79.18352732340254,0.0,0.0,1.0,0.0,,6.85,4.57,2.151303689381295,2.0263421935847847,0,0,-0.12496149579651039,80.0,1.0,75696.640351,156831.93,154.0,False,18.9,15.0
53557,36.0,1.0,173.0,48.0,112.66666666666667,38.55,117.83115611991063,0.0,0.0,0.0,0.0,2.0,5.44,4.59,0.28989460589635024,0.28261481805670874,0,0,-0.007279787839641505,88.0,1.0,18108.840553,35795.679,109.0,False,8.7,6.8
53558,49.0,0.0,199.0,38.0,131.33333333333334,42.89,93.38298460428818,1.0,0.0,0.0,0.0,,46.21,24.3,6.6178750346984145,6.042748146984816,2,2,-0.5751268877135987,75.0,2.0,28044.512771,,,False,47.6,31.1
53562,56.0,1.0,181.0,51.0,158.0,33.9,83.89835718328561,0.0,0.0,1.0,0.0,,6.08,5.52,3.822160176610503,3.7691916167583908,1,1,-0.05296855985211213,83.0,2.0,31519.808267,,,False,10.7,6.9
53563,30.0,0.0,172.0,47.0,100.0,20.77,74.41498705590679,0.0,0.0,0.0,0.0,,3.67,2.52,0.2913924036310311,0.27535551879009323,0,0,-0.01603688484093785,81.0,2.0,77176.460949,,,False,5.4,7.8
53571,49.0,1.0,171.0,45.0,122.66666666666667,25.34,74.38471590270265,1.0,0.0,1.0,0.0,,10.6,5.28,4.046105210830206,3.658883750323302,1,1,-0.38722146050690354,78.0,1.0,26102.697054,62847.947,107.0,False,14.2,6.6
53572,59.0,0.0,181.0,48.0,114.66666666666667,29.92,99.39746767051284,0.0,0.0,1.0,0.0,,2.0,3.68,3.0827615144420673,3.370077986889942,1,1,0.2873164724478747,82.0,2.0,108835.074142,,,False,1.1,4.3
53573,43.0,1.0,188.0,76.0,126.66666666666667,22.35,111.96493677342299,0.0,1.0,0.0,0.0,2.0,4.89,2.61,0.7488582289942398,0.6819598389225051,0,0,-0.0668983900717347,75.0,2.0,99760.116491,219541.376,97.0,False,6.8,3.7
53582,56.0,1.0,271.0,46.0,108.66666666666667,30.74,76.04349549068134,0.0,0.0,1.0,0.0,,41.0,23.21,3.6496279629429975,3.36087087045523,1,1,-0.2887570924877676,87.0,2.0,22972.84107,,,False,16.4,6.5
53583,77.0,0.0,155.0,47.0,154.66666666666666,22.39,52.213644862769684,0.0,1.0,1.0,1.0,,4.16,2.47,14.1864470725589,13.254866892148412,3,3,-0.9315801804104886,81.0,2.0,33570.062401,,,False,6.7,2.3
53585,43.0,1.0,185.0,58.0,114.66666666666667,21.78,110.36504057027986,0.0,0.0,0.0,0.0,2.0,37.63,8.0,0.6261321242905591,0.49691472710084544,0,0,-0.12921739718971365,83.0,2.0,72667.288792,158018.688,114.0,False,35.0,4.0
53592,72.0,0.0,187.0,64.0,108.0,27.66,82.94318880349778,0.0,0.0,1.0,1.0,,10.77,5.0,8.217924073793679,7.3851975915368495,2,2,-0.8327264822568292,83.0,2.0,38685.432082,,,False,4.2,3.2
53597,43.0,1.0,228.0,66.0,123.33333333333333,42.08,110.36504057027986,0.0,0.0,1.0,0.0,2.0,4.83,4.7,0.7279103270363778,0.7249565363619068,0,0,-0.0029537906744709908,88.0,1.0,21435.8242,47489.658,145.0,False,2.9,12.5
53604,63.0,1.0,237.0,68.0,140.66666666666666,26.01,70.88810321894239,0.0,0.0,1.0,1.0,,5.85,3.93,4.402149016582636,4.157563887369859,1,1,-0.2445851292127772,81.0,2.0,67206.338355,142512.432,149.0,False,3.1,1.1
53605,46.0,1.0,225.0,69.0,131.33333333333334,31.09,112.03576502101555,0.0,1.0,0.0,0.0,,132.98,81.43,2.2517903449086556,2.0953012403861284,0,0,-0.15648910452252718,80.0,2.0,21081.607689,,,False,62.5,34.2
53606,45.0,0.0,204.0,50.0,115.33333333333333,29.3,94.58755818693466,0.0,1.0,0.0,0.0,,43.06,17.58,2.3801854424276123,2.085309413550708,0,0,-0.29487602887690434,80.0,1.0,66379.952465,143883.349,142.0,False,84.4,10.9
53609,79.0,1.0,253.0,65.0,137.33333333333334,27.2,93.1816672353934,0.0,0.0,1.0,0.0,,9.2,25.11,11.938854007327532,13.616649389689671,3,3,1.6777953823621399,81.0,2.0,46431.463359,101136.504,168.0,False,2.3,11.3
53610,67.0,1.0,224.0,68.0,146.0,26.52,72.97866141308232,0.0,0.0,0.0,0.0,,2.54,3.14,4.356781807699085,4.491379968465545,1,1,0.13459816076646014,75.0,2.0,25526.05719,,,False,1.5,2.2
53611,39.0,1.0,170.0,86.0,92.66666666666667,20.12,114.7852460631798,0.0,0.0,0.0,0.0,2.0,11.12,18.21,0.17335218353728357,0.18665013248760462,0,0,0.013297948950321048,77.0,2.0,25452.884514,50312.624,74.0,False,15.9,15.3
53617,48.0,1.0,274.0,76.0,143.33333333333334,31.05,103.07163016695893,1.0,0.0,0.0,0.0,,16.04,7.16,3.872384060205172,3.445991708345069,1,1,-0.4263923518601027,82.0,2.0,37275.88316,0.0,156.0,False,24.7,10.1
53618,41.0,0.0,190.0,65.0,141.33333333333334,27.68,100.58007691145434,0.0,0.0,1.0,0.0,,12.76,3.77,1.3259306449300288,1.1054279751204437,0,0,-0.2205026698095851,86.0,2.0,74413.581068,,,False,3.7,5.7
53620,31.0,1.0,243.0,37.0,107.33333333333333,41.22,81.12034517364062,1.0,1.0,0.0,0.0,2.0,5.56,4.02,3.033095788439025,2.8931309752343632,1,0,-0.1399648132046618,75.0,2.0,25418.306514,,,False,19.0,4.7
53621,40.0,0.0,167.0,50.0,103.33333333333333,26.39,88.9673276157866,0.0,0.0,0.0,0.0,,2.77,2.94,0.5419142440216226,0.546783617406106,0,0,0.004869373384483455,78.0,2.0,24032.329043,,,False,5.9,7.4
53622,62.0,0.0,211.0,48.0,132.0,42.46,71.95806505158664,1.0,0.0,1.0,0.0,,61.11,46.4,13.39198163001689,12.916970283935964,3,3,-0.475011346080926,87.0,2.0,11499.896597,,,False,33.0,122.5
53625,53.0,0.0,218.0,36.0,134.0,37.46,105.82371506212196,0.0,0.0,0.0,0.0,,5.69,4.53,3.432981892805297,3.320660823298353,1,1,-0.11232106950694387,76.0,2.0,101172.924903,,,False,12.0,6.3
53626,71.0,1.0,183.0,68.0,136.0,24.54,73.20019788783168,0.0,0.0,0.0,0.0,,10.0,5.12,6.0609726476525205,5.513425153460825,2,2,-0.5475474941916953,81.0,2.0,9993.180213,,,False,2.1,2.2
53640,31.0,0.0,178.0,34.0,114.0,29.65,98.44827553648804,0.0,1.0,0.0,0.0,,2.54,4.51,0.7100720209947524,0.7738838514564166,0,0,0.06381183046166417,83.0,1.0,81138.424601,229986.405,115.0,False,3.1,3.7
53652,30.0,1.0,266.0,70.0,111.33333333333333,30.81,120.94757588373878,1.0,0.0,1.0,1.0,2.0,877.78,786.05,1.9706882896930864,1.938931400472008,0,0,-0.031756889221078444,85.0,2.0,16798.179129,38786.883,163.0,False,395.0,1352.0
53656,54.0,1.0,290.0,62.0,119.33333333333333,27.29,99.29630760846462,0.0,0.0,1.0,0.0,,4.08,3.76,2.0221931470508894,1.9980415273857242,0,0,-0.024151619665165214,76.0,1.0,77179.478965,163387.297,191.0,False,4.0,5.9
53659,58.0,0.0,216.0,33.0,162.0,25.69,91.62108612217807,0.0,1.0,0.0,0.0,,10.78,18.97,10.63130103455937,11.469825866748241,3,3,0.8385248321888721,79.0,1.0,13244.126734,,,False,15.2,16.5
53670,40.0,1.0,204.0,69.0,116.0,22.71,114.0735775375881,0.0,0.0,0.0,0.0,2.0,15.0,3.37,0.3762572944820167,0.30092970672043634,0,0,-0.07532758776158038,80.0,2.0,20013.359204,,,False,6.3,6.9
53672,36.0,0.0,163.0,37.0,119.33333333333333,31.7,86.38711098278095,0.0,0.0,1.0,0.0,,2.21,3.68,0.6683023991367354,0.7214100144723093,0,0,0.053107615335573954,79.0,2.0,118825.907009,,,False,1.9,5.0
53679,52.0,1.0,167.0,70.0,158.66666666666666,30.09,71.18830140728049,0.0,1.0,1.0,0.0,,19.4,7.11,4.251323823069138,3.678508262612749,1,1,-0.5728155604563892,84.0,2.0,24216.969057,56484.307,86.0,False,13.0,5.9
53681,63.0,1.0,176.0,35.0,160.0,35.78,98.50627982312504,0.0,0.0,1.0,0.0,,17.71,11.64,7.737086706020726,7.299145464474292,2,2,-0.4379412415464339,88.0,2.0,5250.697876,,,False,18.6,7.1
53682,67.0,1.0,244.0,71.0,141.33333333333334,37.23,72.97866141308232,0.0,0.0,0.0,0.0,,3.64,1.45,4.3362640815767906,3.797906378306538,1,1,-0.5383577032702527,82.0,2.0,21883.63541,52651.504,150.0,False,8.4,1.8
53683,55.0,0.0,182.0,70.0,127.33333333333333,22.42,106.14717977631172,0.0,1.0,0.0,0.0,,4.88,2.96,2.7351255802413004,2.5412885296419256,0,0,-0.19383705059937473,83.0,2.0,105788.374004,230072.462,100.0,False,2.1,3.7
53684,42.0,0.0,226.0,49.0,130.0,26.71,112.89242127623127,0.0,0.0,0.0,0.0,,17.08,5.43,1.5570468229019239,1.3128738992981355,0,0,-0.2441729236037884,88.0,2.0,14374.340639,32248.08,147.0,False,11.1,12.7
53686,65.0,1.0,172.0,45.0,134.0,27.0,84.2378915975729,0.0,0.0,1.0,0.0,,41.06,42.42,6.981323361169053,7.013157293778074,2,2,0.03183393260902179,75.0,1.0,8567.6299,,,False,19.3,14.0
53695,58.0,0.0,237.0,90.0,152.0,28.75,93.96529707625147,0.0,0.0,0.0,0.0,,121.1,27.95,5.068116444534299,4.102839014333767,2,1,-0.9652774302005316,78.0,1.0,10760.07565,,,False,121.1,20.4
53696,51.0,1.0,213.0,31.0,129.33333333333334,29.74,99.50563731959164,0.0,0.0,1.0,0.0,,3.02,8.12,2.441314949107518,2.821074809318292,0,0,0.3797598602107737,75.0,2.0,12274.824178,24310.536,143.0,False,1.3,5.6
53697,70.0,1.0,148.0,60.0,134.0,23.17,95.7415724529939,0.0,0.0,1.0,1.0,,20.51,8.08,6.361032654704254,5.57719134612823,2,2,-0.7838413085760241,81.0,1.0,12860.507262,26835.617,77.0,False,8.0,4.2
53700,37.0,1.0,175.0,35.0,106.66666666666667,26.01,118.01459313087702,0.0,0.0,0.0,0.0,2.0,17.86,4.42,0.48479777105741434,0.39347422897950085,0,0,-0.09132354207791349,85.0,2.0,18499.4128,,,False,10.0,7.2
53701,63.0,1.0,199.0,44.0,135.33333333333334,28.94,92.34972245409921,0.0,0.0,0.0,0.0,,56.06,11.43,5.587078458576508,4.453417534735802,2,1,-1.133660923840706,78.0,1.0,13875.16562,31708.837,141.0,False,58.3,16.8
53702,38.0,0.0,261.0,70.0,124.66666666666667,24.27,114.06352221847904,0.0,1.0,0.0,0.0,,8.09,4.31,1.3283619798359483,1.2093273807378377,0,0,-0.11903459909811054,75.0,2.0,88190.405495,,,False,5.5,8.8
53706,42.0,0.0,159.0,34.0,120.66666666666667,31.46,111.26094590864483,0.0,0.0,0.0,0.0,,12.73,12.79,1.1380961802928993,1.1388953848311596,0,0,0.000799204538260323,82.0,1.0,17065.795693,37497.233,,False,19.1,16.5
53714,61.0,0.0,137.0,24.0,113.33333333333333,46.26,48.353380434345034,1.0,0.0,1.0,0.0,,4.14,3.15,8.780126364479191,8.45516562113032,2,2,-0.32496074334887126,80.0,2.0,13264.885078,33624.696,92.0,False,5.3,3.4
53716,32.0,1.0,297.0,81.0,116.66666666666667,37.2,118.17962586984909,0.0,0.0,0.0,0.0,2.0,7.64,7.15,0.22758854805648385,0.22534015621040404,0,0,-0.002248391846079806,85.0,1.0,19655.82817,,,False,18.1,11.3
53719,61.0,0.0,223.0,54.0,129.33333333333334,24.55,69.4962769182883,0.0,0.0,1.0,1.0,,4.74,3.14,5.252055702189,4.951072543444194,2,1,-0.3009831587448062,78.0,1.0,8142.940258,23045.306,156.0,False,9.3,7.6
53724,59.0,1.0,135.0,30.0,130.66666666666666,45.96,70.80232492758533,0.0,0.0,0.0,0.0,,5.25,3.29,3.194784991760736,2.9847881150951387,1,0,-0.2099968766655973,87.0,1.0,26677.328619,,,False,3.2,5.3
53725,32.0,1.0,187.0,38.0,116.0,22.88,122.22802385883092,0.0,0.0,0.0,0.0,2.0,9.49,2.86,0.3474702245849124,0.2903808044073039,0,0,-0.057089420177608485,79.0,1.0,53997.044639,,,False,3.7,1.0
53732,79.0,0.0,159.0,39.0,139.33333333333334,38.16,82.46056985791095,0.0,0.0,1.0,0.0,,4.18,3.29,15.596775927731253,15.12672643462311,3,3,-0.47004949310814226,86.0,3.0,8089.148939,19542.499,94.0,False,8.9,5.7
53742,38.0,0.0,193.0,42.0,110.66666666666667,22.85,116.61325348011431,0.0,0.0,0.0,0.0,,8.15,5.41,0.6517459943083577,0.6128792668336774,0,0,-0.03886672747468023,79.0,1.0,17237.166867,,,False,12.8,4.6
53743,65.0,0.0,143.0,41.0,123.33333333333333,33.37,77.88374461139381,1.0,0.0,1.0,1.0,,1.86,2.95,6.499797139490365,6.936119082998004,2,2,0.43632194350763864,76.0,2.0,58644.199424,137456.812,74.0,False,2.4,3.6
53745,60.0,0.0,220.0,43.0,133.33333333333334,32.51,101.70112223583631,0.0,0.0,0.0,0.0,,8.28,5.27,5.106120119904952,4.785478845202958,2,1,-0.32064127470199466,87.0,1.0,8050.612715,,,False,14.0,9.8
53746,38.0,1.0,220.0,37.0,128.66666666666666,40.69,121.32455624422032,1.0,0.0,0.0,0.0,2.0,37.56,66.92,3.564723706474807,3.8750829343591895,1,1,0.3103592278843825,85.0,2.0,62691.610913,152546.77,152.0,False,33.8,34.8
53750,40.0,1.0,247.0,48.0,101.33333333333333,20.2,116.29545162194965,0.0,0.0,0.0,0.0,2.0,7.75,4.14,0.5934316140195167,0.5404106703072381,0,0,-0.05302094371227861,82.0,1.0,13878.42642,28007.608,175.0,False,3.1,8.2
53759,60.0,0.0,243.0,24.0,106.0,,108.89508566045338,1.0,1.0,1.0,1.0,,10.95,3.1,17.589532789168207,14.995293860370639,3,3,-2.5942389287975676,76.0,2.0,19650.859638,46059.875,,False,8.1,1.3
53762,44.0,0.0,238.0,39.0,99.0,39.66,114.5822296454366,1.0,0.0,0.0,0.0,,6.17,6.62,3.515376258707325,3.551611103463528,1,1,0.036234844756202644,89.0,2.0,12630.112133,27844.087,169.0,False,11.3,10.4
53763,60.0,1.0,210.0,53.0,100.0,36.75,79.50435272972467,0.0,0.0,0.0,0.0,,5.73,10.55,2.264698022695336,2.4766486349637677,0,0,0.21195061226843182,79.0,1.0,65836.611494,143404.584,135.0,False,8.6,5.8
53764,49.0,1.0,217.0,66.0,130.66666666666666,31.2,67.43990143038276,0.0,0.0,0.0,0.0,,4.79,3.49,1.1330530428286099,1.0810243602403165,0,0,-0.05202868258829341,80.0,1.0,26699.211227,57633.349,140.0,False,4.5,1.5
53769,73.0,1.0,208.0,45.0,122.0,28.11,69.34796865556734,0.0,0.0,1.0,1.0,,7.92,6.0,9.097205727864127,8.758365701488758,2,2,-0.3388400263753688,81.0,2.0,32939.969593,,,False,1.9,2.4
53770,41.0,1.0,208.0,56.0,123.33333333333333,37.38,117.51217344003192,0.0,1.0,0.0,0.0,2.0,8.43,8.99,1.0760336739691412,1.0863599411800018,0,0,0.010326267210860607,77.0,1.0,75240.005755,,,False,7.0,8.0
53774,49.0,0.0,237.0,69.0,115.33333333333333,29.87,82.29221680290215,0.0,0.0,0.0,0.0,,3.68,3.65,1.2158232277153176,1.2143395362355607,0,0,-0.00148369147975691,81.0,1.0,21459.071325,45067.958,150.0,False,6.8,10.7
53776,46.0,1.0,208.0,43.0,118.66666666666667,36.1,118.82711461046114,0.0,0.0,0.0,0.0,,24.42,8.6,1.1790363878378227,1.0097832396822248,0,0,-0.1692531481555979,83.0,2.0,22906.999842,,,False,25.4,4.9
53777,63.0,0.0,185.0,31.0,134.0,36.22,82.58395380387805,0.0,0.0,0.0,0.0,,6.42,3.8,6.171481333899965,5.728524013267638,2,2,-0.44295732063232673,75.0,2.0,59368.56666,152074.073,132.0,False,14.7,6.3
53781,52.0,1.0,233.0,75.0,101.33333333333333,17.81,86.01169125891848,0.0,0.0,0.0,0.0,,13.33,4.59,0.9983684319886025,0.851968651476177,0,0,-0.14639978051242553,78.0,2.0,109423.31931,,,False,4.4,1.7
53785,56.0,1.0,194.0,58.0,141.33333333333334,39.16,93.38057929023518,0.0,0.0,1.0,0.0,,5.29,3.26,2.7073844406526684,2.522397866567077,0,0,-0.18498657408559138,76.0,2.0,25977.219402,59992.423,117.0,False,7.2,1.5
53790,47.0,0.0,156.0,63.0,105.33333333333333,31.49,104.61219825240293,1.0,0.0,0.0,1.0,,2.32,2.54,1.2655646704301415,1.2827739494733497,0,0,0.017209279043208126,77.0,2.0,90558.050789,199863.745,86.0,False,1.9,4.5
53791,68.0,1.0,188.0,80.0,146.0,33.64,85.29855577559391,1.0,0.0,1.0,1.0,,17.0,8.21,8.254010494768059,7.463406572889654,2,2,-0.7906039218784047,85.0,1.0,6087.816497,,,False,3.4,3.2
53794,44.0,0.0,212.0,56.0,122.66666666666667,26.01,94.04795859436328,0.0,0.0,0.0,0.0,,2.64,3.91,0.9846615498110274,1.0441995503467485,0,0,0.059538000535721114,79.0,2.0,85741.118073,,,False,3.7,3.6
53800,32.0,0.0,231.0,39.0,116.0,28.55,117.98282942464486,0.0,0.0,0.0,0.0,,22.55,5.88,0.7252752555327703,0.592827683231964,0,0,-0.13244757230080628,87.0,1.0,33958.460784,76457.946,146.0,False,12.4,14.1
53803,64.0,0.0,152.0,45.0,114.0,22.09,63.08852950115112,0.0,0.0,0.0,1.0,,4.92,5.67,3.4096761244185547,3.4809462937559865,1,1,0.0712701693374318,78.0,2.0,11071.371044,,,False,6.1,9.7
53807,63.0,1.0,305.0,45.0,124.0,41.08,100.00175208932002,1.0,0.0,0.0,0.0,,4.27,6.0,6.804115604833,7.1351452412986145,2,2,0.33102963646561445,77.0,2.0,17932.222812,,,False,7.3,2.7
53813,62.0,0.0,149.0,60.0,121.33333333333333,30.59,103.73542493745721,1.0,1.0,1.0,1.0,,10.71,5.63,7.3502079560075595,6.715685085743659,2,2,-0.6345228702639005,77.0,1.0,6554.181271,15133.561,70.0,False,16.6,5.4
53817,44.0,1.0,204.0,44.0,118.66666666666667,29.47,116.88066287272547,0.0,1.0,0.0,0.0,2.0,16.11,6.72,1.6275992708794267,1.4302524742589513,0,0,-0.19734679662047538,83.0,1.0,37228.447528,,,False,8.7,4.1
53822,66.0,1.0,172.0,77.0,108.0,34.19,75.51222951123701,1.0,0.0,1.0,0.0,,16.46,9.62,6.31018665797781,5.849970700329764,2,2,-0.460215957648046,83.0,2.0,26408.292413,,,False,27.0,7.6
53829,56.0,1.0,216.0,57.0,110.66666666666667,24.79,108.47522881421843,0.0,0.0,1.0,0.0,,11.61,5.27,2.050166049202648,1.825117119001895,0,0,-0.225048930200753,86.0,1.0,22320.066258,51847.038,121.0,False,7.2,5.8
53831,40.0,0.0,267.0,33.0,126.66666666666667,28.76,111.0998561455508,0.0,0.0,0.0,0.0,,19.78,11.78,2.1297508962090976,1.9725897480916226,0,0,-0.15716114811747506,85.0,2.0,20370.351231,,,False,36.2,24.5
53833,35.0,0.0,225.0,45.0,117.33333333333333,24.89,80.87729076432674,0.0,0.0,0.0,0.0,,3.01,3.48,0.6120620899192448,0.6255355368041501,0,0,0.01347344688490526,79.0,1.0,15855.785441,,,False,2.5,4.0
53835,71.0,1.0,149.0,39.0,123.33333333333333,28.68,36.731835375202984,1.0,0.0,1.0,1.0,,22.13,15.48,15.214684416216862,14.535432224637383,3,3,-0.6792521915794794,76.0,1.0,8716.464565,,,False,13.5,6.5
53836,40.0,0.0,240.0,24.0,126.66666666666667,27.62,92.02628559701445,0.0,0.0,0.0,0.0,,16.52,8.84,2.159699822602477,1.9689383376888896,0,0,-0.19076148491358746,85.0,2.0,20283.608634,,,False,42.3,13.7
53841,51.0,1.0,237.0,72.0,102.66666666666667,28.17,101.16635950138888,0.0,0.0,0.0,0.0,,14.39,10.09,0.9477018114928424,0.8989616247703031,0,0,-0.048740186722539325,78.0,2.0,14748.006458,31781.064,148.0,False,32.1,11.4
53845,42.0,1.0,230.0,55.0,117.33333333333333,29.67,121.82027679916546,0.0,0.0,0.0,0.0,2.0,5.09,5.36,0.5820080048672998,0.5865149041115086,0,0,0.004506899244208884,88.0,2.0,17216.777874,37114.758,150.0,False,5.7,6.7
53847,54.0,1.0,186.0,60.0,115.33333333333333,28.95,82.5271698272401,0.0,0.0,0.0,0.0,,13.68,3.72,1.4058978589123765,1.1591483245245398,0,0,-0.24674953438783676,76.0,2.0,23952.407261,,,False,2.6,3.2
53849,37.0,1.0,136.0,68.0,110.66666666666667,19.53,79.13723963963197,0.0,0.0,0.0,0.0,2.0,5.0,4.0,0.16753054399515646,0.16202038976666383,0,0,-0.005510154228492631,79.0,1.0,54729.408706,,,False,2.1,7.0
53850,50.0,0.0,203.0,46.0,125.33333333333333,29.46,107.41297046721546,0.0,1.0,0.0,0.0,,19.58,17.38,3.632685977427216,3.570201945283989,1,1,-0.062484032143227175,87.0,1.0,24483.695148,,,False,9.4,11.3
53858,56.0,1.0,265.0,49.0,115.33333333333333,24.86,99.72867783660065,0.0,0.0,0.0,0.0,,3.51,2.62,1.902914727842939,1.8226702681249756,0,0,-0.08024445971796346,78.0,2.0,110654.26515,251740.662,174.0,False,4.0,2.2
53864,72.0,0.0,213.0,43.0,170.0,29.88,64.25239401770516,0.0,0.0,0.0,0.0,,296.58,141.21,21.355981614478875,19.534325067756125,3,3,-1.8216565467227497,80.0,2.0,42477.580814,104780.46,149.0,False,347.0,186.4
53868,41.0,1.0,175.0,71.0,105.33333333333333,23.63,113.36632135685505,0.0,0.0,0.0,0.0,2.0,5.6,2.99,0.2590373649885921,0.23580492420056814,0,0,-0.023232440788023945,77.0,1.0,77638.98485,,,False,1.4,8.3
53874,34.0,1.0,161.0,31.0,111.33333333333333,31.56,116.7187413338814,1.0,1.0,1.0,1.0,2.0,11.63,28.16,3.054835930435702,3.473466615290054,1,1,0.4186306848543522,83.0,1.0,74632.976098,172327.041,60.0,False,14.3,32.1
53875,50.0,1.0,189.0,61.0,114.0,42.76,81.117213251514,0.0,0.0,0.0,0.0,,5.12,2.85,0.8485036663203253,0.7776234465905134,0,0,-0.07088021972981184,84.0,2.0,23748.745332,,,False,6.6,4.5
53876,37.0,0.0,247.0,36.0,134.0,38.27,119.19658139384109,0.0,0.0,0.0,0.0,,5.67,3.77,1.4705180365868025,1.383844940485959,0,0,-0.0866730961008435,87.0,1.0,79712.26608,,,False,7.6,7.7
53877,46.0,1.0,189.0,39.0,121.33333333333333,28.0,113.42931128248769,0.0,0.0,0.0,0.0,,8.43,11.47,1.0799600260809654,1.1304789499151289,0,0,0.050518923834163454,78.0,2.0,21971.086171,,,False,5.9,7.8
53883,35.0,1.0,172.0,82.0,108.0,24.9,113.64261556869333,0.0,0.0,0.0,0.0,2.0,13.74,4.21,0.1272841560747744,0.10659726971998357,0,0,-0.020686886354790823,82.0,2.0,26824.964193,,,False,25.0,5.1
53884,68.0,1.0,166.0,41.0,145.33333333333334,45.57,68.7176529829177,1.0,0.0,0.0,1.0,,9.65,5.97,9.79035576007382,9.171863429097298,2,2,-0.6184923309765225,77.0,1.0,60851.686967,,,False,11.0,4.3
53887,34.0,1.0,178.0,61.0,110.66666666666667,23.9,100.60040689025159,0.0,1.0,0.0,0.0,2.0,3.25,4.19,0.3226066172891681,0.3351057160918352,0,0,0.012499098802667086,77.0,1.0,64508.601789,,,False,1.3,8.5
53889,66.0,0.0,247.0,70.0,144.66666666666666,27.37,73.23611200384849,0.0,0.0,0.0,0.0,,6.0,3.08,6.679136899742702,6.078216097013288,2,2,-0.600920802729414,77.0,1.0,55847.965781,,,False,1.8,4.8
53895,38.0,1.0,186.0,43.0,112.0,31.64,116.82419548614985,1.0,0.0,0.0,0.0,2.0,466.67,174.53,2.525827231279,2.186699198300218,0,0,-0.339128032978782,83.0,1.0,23407.555929,57940.224,122.0,False,616.0,130.9
53900,73.0,1.0,174.0,61.0,164.66666666666666,34.79,91.26311809274307,0.0,0.0,0.0,0.0,,5.6,2.88,8.067098248550069,7.357058925020413,2,2,-0.7100393235296565,81.0,2.0,38087.107887,,,False,1.4,1.7
53910,54.0,1.0,209.0,79.0,120.66666666666667,25.55,70.3083029481363,0.0,1.0,0.0,0.0,,7.53,9.72,1.8555513338729537,1.9266482757913905,0,0,0.07109694191843685,83.0,1.0,32068.440528,,,False,5.5,10.6
53912,34.0,0.0,265.0,43.0,118.0,22.8,116.9366932361714,0.0,0.0,0.0,0.0,,11.25,4.3,0.8860823771055714,0.767222377223885,0,0,-0.11885999988168638,81.0,2.0,76806.95175,,,False,6.3,5.8
53914,60.0,0.0,154.0,43.0,112.66666666666667,22.47,73.62631739255642,0.0,0.0,0.0,0.0,,3.18,2.37,2.7737987669716913,2.6565496793440233,0,0,-0.11724908762766795,75.0,2.0,68338.840828,,,False,4.2,2.2
53933,58.0,1.0,262.0,45.0,130.0,30.0,103.16031203721438,1.0,0.0,1.0,0.0,,17.12,12.6,8.472009095657109,8.121911459659284,2,2,-0.35009763599782495,86.0,2.0,11361.502289,26233.633,154.0,False,10.1,6.3
53937,33.0,1.0,227.0,59.0,114.0,27.33,113.14992194550184,0.0,1.0,0.0,0.0,2.0,5.44,5.21,0.48157888292276807,0.4784807774954668,0,0,-0.0030981054273012676,86.0,2.0,28513.423636,,,False,10.5,17.4
53946,63.0,0.0,182.0,40.0,136.66666666666666,34.99,77.97499297232129,1.0,0.0,0.0,0.0,,14.24,10.66,10.137516140026907,9.746072978880413,3,2,-0.39144316114649413,80.0,2.0,13314.171407,,,False,14.1,14.5
53952,36.0,1.0,153.0,46.0,107.33333333333333,26.31,123.4083101406944,0.0,0.0,0.0,0.0,2.0,8.75,6.79,0.270762437846929,0.26067428982390184,0,0,-0.010088148023027155,85.0,2.0,21874.320459,43238.889,91.0,False,5.6,7.6
53954,31.0,0.0,223.0,41.0,126.66666666666667,28.06,99.59635642973038,0.0,1.0,0.0,0.0,,3.22,2.97,1.1506827439644693,1.136883475669489,0,0,-0.013799268294980349,76.0,2.0,65732.423367,,,False,6.7,6.0
53956,59.0,0.0,214.0,79.0,163.33333333333334,30.81,101.19017592953568,0.0,0.0,1.0,0.0,,10.58,9.95,5.146510631751587,5.101441744305654,2,2,-0.04506888744593329,82.0,1.0,86798.825172,,,False,16.4,18.4
53958,35.0,1.0,162.0,48.0,109.33333333333333,24.44,81.15173604056216,0.0,0.0,0.0,0.0,2.0,4.42,3.85,0.24985904147889004,0.24474611206388985,0,0,-0.005112929415000189,84.0,1.0,53378.507132,,,False,3.4,4.0
53961,41.0,0.0,156.0,60.0,120.66666666666667,27.09,110.78845450860557,0.0,1.0,0.0,0.0,,11.75,4.7,1.0929463878258625,0.9530612354346729,0,0,-0.1398851523911896,75.0,2.0,20306.364191,,,False,28.9,9.4
53963,47.0,1.0,238.0,44.0,164.66666666666666,26.14,102.01210658937315,1.0,0.0,0.0,0.0,,31.0,16.78,9.705513553485195,8.92743982176181,2,2,-0.778073731723385,80.0,1.0,21539.99113,,,False,24.8,28.7
53965,31.0,0.0,221.0,54.0,110.0,30.77,100.76922402689995,0.0,0.0,0.0,0.0,,3.28,2.83,0.304667325652963,0.2979733156250358,0,0,-0.006694010027927189,87.0,2.0,29599.160437,61935.483,143.0,False,6.7,5.3
53968,52.0,1.0,205.0,72.0,104.0,33.71,52.363430154917886,0.0,1.0,1.0,0.0,,3.91,12.5,2.2107403066335403,2.621095647808095,0,0,0.41035534117455486,78.0,2.0,30353.751983,70797.904,119.0,False,5.0,10.5
53970,51.0,1.0,175.0,37.0,145.33333333333334,39.42,99.50563731959164,0.0,0.0,1.0,0.0,,5.24,8.05,2.7302140665648005,2.906701124348033,0,0,0.1764870577832327,78.0,1.0,10930.415019,,,False,9.9,6.6
53972,41.0,1.0,253.0,71.0,120.0,29.86,94.87181502672615,0.0,0.0,0.0,0.0,2.0,6.41,3.2,0.5068323410147308,0.45686663524151244,0,0,-0.049965705773218405,77.0,1.0,76603.798386,,,False,14.1,4.9
53973,35.0,0.0,185.0,28.0,117.33333333333333,27.17,122.18556535115025,0.0,1.0,0.0,0.0,,3.58,6.03,1.1954379910770438,1.2920972757066926,0,0,0.09665928462964879,75.0,1.0,28411.956292,,,False,3.4,12.0
53974,30.0,0.0,183.0,23.0,113.33333333333333,33.01,91.61393839655402,0.0,1.0,0.0,0.0,,2.27,2.12,0.8384456124353743,0.8299059712915725,0,0,-0.00853964114380179,75.0,1.0,41403.555697,,,False,5.8,3.3
53978,68.0,0.0,144.0,30.0,138.0,28.2,87.18514882153298,0.0,0.0,1.0,0.0,,2.89,2.33,8.023288227705912,7.786520170462222,2,2,-0.23676805724369032,82.0,2.0,8401.91118,22877.94,79.0,False,2.2,2.4
53987,35.0,1.0,207.0,61.0,128.0,33.9,90.29279520633172,0.0,0.0,0.0,0.0,2.0,12.48,12.17,0.43689724929743845,0.4352577685776871,0,0,-0.0016394807197513406,80.0,2.0,33126.41751,,,False,18.6,12.9
53990,45.0,0.0,211.0,46.0,116.0,28.9,110.3957761655357,0.0,1.0,0.0,0.0,,3.58,2.86,1.8143603293839734,1.7549330094576283,0,0,-0.05942731992634509,78.0,2.0,24032.329043,,,False,9.1,3.2
53991,61.0,1.0,231.0,43.0,152.66666666666666,27.11,102.89395838018297,0.0,0.0,0.0,0.0,,16.16,15.35,5.494835644145517,5.4548849507450035,2,2,-0.03995069340051316,79.0,1.0,7063.4966,,,False,29.9,6.6
53994,39.0,0.0,184.0,33.0,120.0,29.78,78.89011050992853,0.0,0.0,1.0,0.0,,5.09,2.08,1.158481861720475,1.01352861698326,0,0,-0.14495324473721505,84.0,2.0,25958.756366,,,False,20.1,6.6
53998,40.0,0.0,190.0,38.0,104.0,29.51,114.30541451609687,0.0,0.0,0.0,0.0,,3.8,1.68,0.768266272362457,0.6797835277047015,0,0,-0.08848274465775552,78.0,2.0,23458.877905,53012.549,122.0,False,9.5,2.1
53999,63.0,1.0,256.0,51.0,112.66666666666667,31.23,90.85419045857098,0.0,0.0,1.0,0.0,,4.16,1.94,3.7599996447196924,3.366853732494587,1,1,-0.3931459122251053,77.0,2.0,68773.599629,,,False,4.7,2.0
54001,60.0,1.0,171.0,65.0,129.33333333333334,40.02,94.08894899177962,0.0,0.0,1.0,1.0,,1.72,3.26,2.0028590269058104,2.2001997557121054,0,0,0.19734072880629494,78.0,2.0,18363.914422,41966.95,85.0,False,7.1,2.9
54002,59.0,1.0,208.0,46.0,124.66666666666667,28.45,90.20918233057064,0.0,0.0,0.0,0.0,,9.93,8.88,2.903767652031518,2.8568364477587878,0,0,-0.04693120427273012,88.0,2.0,10054.161288,21832.131,134.0,False,14.5,12.7
54008,57.0,0.0,199.0,57.0,128.66666666666666,31.87,100.64155428226633,0.0,0.0,0.0,0.0,,3.59,3.46,2.706071655226162,2.6914460841577443,0,0,-0.014625571068417553,88.0,1.0,18584.577393,,,False,3.7,6.2
54027,62.0,1.0,248.0,85.0,122.0,31.02,79.65816970136743,0.0,0.0,0.0,0.0,,3.83,1.11,2.032176474543739,1.6932246471217323,0,0,-0.3389518274220069,82.0,2.0,21883.63541,50010.548,149.0,False,4.9,0.21
54032,40.0,0.0,163.0,26.0,116.0,26.95,105.09586469420975,0.0,1.0,0.0,0.0,,5.42,5.35,1.5728090594053397,1.5697731088640907,0,0,-0.003035950541248944,77.0,1.0,81895.402401,,,False,11.6,7.7
54034,47.0,1.0,237.0,32.0,116.66666666666667,33.11,95.686413764474,0.0,1.0,0.0,0.0,,8.17,3.39,2.5726944519824264,2.2616361477043467,0,0,-0.3110583042780797,75.0,2.0,42450.422835,,,False,25.0,3.9
54035,43.0,1.0,238.0,39.0,102.66666666666667,20.4,115.56553067861383,0.0,1.0,0.0,0.0,2.0,6.27,10.83,1.4515083818735581,1.573670774709858,0,0,0.12216239283629982,84.0,1.0,64099.903085,,,False,6.9,5.2
54038,40.0,0.0,199.0,38.0,116.0,26.93,112.25630586502521,0.0,1.0,0.0,0.0,,4.15,1.35,1.4577903090685234,1.2332050632766471,0,0,-0.22458524579187622,81.0,2.0,91316.255685,,,False,1.7,1.5
54041,52.0,0.0,193.0,44.0,106.66666666666667,29.69,80.77105189627044,0.0,0.0,0.0,0.0,,3.31,2.32,1.7318457356264154,1.6428424159604071,0,0,-0.08900331966600827,82.0,2.0,15686.03941,34465.611,133.0,False,3.9,4.2
54042,49.0,0.0,161.0,48.0,139.33333333333334,32.28,103.31902828697396,0.0,0.0,0.0,0.0,,9.34,5.91,2.0533273480264524,1.9188452657905488,0,0,-0.13448208223590363,85.0,1.0,19272.47765,43236.794,93.0,False,15.6,13.3
54043,44.0,1.0,193.0,84.0,106.66666666666667,25.15,110.06734800595726,0.0,0.0,0.0,0.0,2.0,5.03,7.05,0.2802695285574485,0.29479738105042186,0,0,0.014527852492973337,76.0,2.0,80102.169238,169574.569,102.0,False,7.4,9.8
54046,38.0,1.0,147.0,39.0,117.33333333333333,36.98,117.75103814504187,0.0,0.0,0.0,0.0,2.0,1.35,2.73,0.3342267640620904,0.37135643364066223,0,0,0.03712966957857183,78.0,2.0,74179.149936,,,False,1.0,2.7
54047,46.0,0.0,157.0,30.0,115.33333333333333,33.82,113.16581453874076,0.0,0.0,0.0,0.0,,3.67,3.38,1.2020733387765465,1.187400003840549,0,0,-0.01467333493599754,77.0,2.0,23272.968931,52592.43,116.0,False,5.5,4.8
54050,51.0,1.0,228.0,56.0,131.33333333333334,46.23,59.53515526502693,0.0,0.0,1.0,0.0,,8.19,3.8,2.2492814431172508,2.0092922239938047,0,0,-0.23998921912344606,78.0,1.0,22674.02515,,,False,17.2,3.8
54055,43.0,0.0,177.0,36.0,118.66666666666667,29.44,91.36840049251458,0.0,0.0,0.0,0.0,,11.36,10.0,1.2440529326094039,1.2206168991715596,0,0,-0.023436033437844284,83.0,1.0,24946.552122,,,False,6.7,17.5
54060,47.0,1.0,200.0,44.0,112.0,43.48,90.04448644717048,0.0,1.0,1.0,0.0,,4.53,3.14,1.9232046612947749,1.8221251780972352,0,0,-0.10107948319753968,88.0,1.0,28703.694057,76625.74,132.0,False,7.3,5.9
54062,49.0,1.0,257.0,46.0,116.66666666666667,29.18,104.16627032220356,0.0,0.0,0.0,0.0,,6.61,3.47,1.3621062302730316,1.2380607068125544,0,0,-0.12404552346047715,85.0,1.0,67803.115123,,,False,4.1,2.6
54063,37.0,1.0,175.0,49.0,112.0,35.88,118.9665504215649,0.0,0.0,0.0,0.0,2.0,34.11,19.06,0.4004304696327731,0.3670523846007915,0,0,-0.03337808503198164,82.0,1.0,18281.683005,,,False,53.9,46.5
54064,42.0,0.0,214.0,47.0,130.0,32.1,115.08575165876829,0.0,1.0,0.0,0.0,,30.45,11.44,2.7304275690316238,2.364072833785711,0,0,-0.3663547352459129,81.0,1.0,21109.047302,,,False,26.8,18.3
54066,62.0,0.0,223.0,52.0,98.0,25.65,95.29436365336274,0.0,0.0,1.0,0.0,,4.57,4.11,5.397247884713511,5.316030725432836,2,2,-0.08121715928067452,76.0,1.0,45557.034921,,,False,7.5,3.7
54075,72.0,1.0,212.0,73.0,126.0,25.62,78.23588038036311,0.0,0.0,0.0,0.0,,9.4,4.19,5.734053454989701,5.1125313564591846,2,2,-0.6215220985305168,86.0,2.0,34798.924142,,,False,18.7,1.8
54077,71.0,1.0,189.0,48.0,154.66666666666666,29.64,60.961091230206954,0.0,0.0,1.0,1.0,,73.53,7.78,12.502143592338097,9.254843153568482,3,2,-3.2473004387696154,77.0,1.0,36352.628295,82841.337,115.0,False,12.5,2.8
54078,47.0,1.0,225.0,70.0,132.66666666666666,25.67,110.03961325735344,0.0,0.0,0.0,0.0,,0.65,3.09,0.6493280893699893,0.8191442701482328,0,0,0.16981618077824345,78.0,1.0,16283.76628,,,False,0.6,1.7
54085,75.0,0.0,211.0,40.0,123.33333333333333,32.57,67.06840293266676,0.0,0.0,1.0,0.0,,6.69,4.34,14.186002624370639,13.40895992307208,3,3,-0.7770427012985586,89.0,1.0,31356.955534,77320.52,148.0,False,10.7,6.3
54088,58.0,0.0,213.0,54.0,119.33333333333333,26.67,83.23019426426951,0.0,0.0,0.0,0.0,,2.43,3.02,2.6955224490142706,2.7829646583696985,0,0,0.0874422093554279,81.0,2.0,23192.901232,,,False,1.8,1.6
54090,73.0,0.0,241.0,66.0,120.0,26.17,69.36560434483778,0.0,0.0,0.0,0.0,,2.68,2.64,7.941409288206615,7.9248236720978,2,2,-0.016585616108815593,77.0,1.0,31431.350966,72581.276,153.0,False,1.9,2.9
54091,56.0,0.0,235.0,74.0,120.0,24.2,101.26942471550244,0.0,0.0,0.0,0.0,,5.45,5.38,2.1723065016285146,2.1681619165499675,0,0,-0.004144585078547092,86.0,2.0,11966.157316,26835.581,139.0,False,4.8,9.1
54092,68.0,1.0,156.0,73.0,137.33333333333334,24.43,88.07241904460619,0.0,0.0,1.0,0.0,,4.39,5.0,4.711809746755389,4.800284917708894,1,1,0.08847517095350543,82.0,1.0,18202.380287,41597.797,74.0,False,4.3,2.7
54093,61.0,1.0,275.0,39.0,149.33333333333334,27.38,107.6953329604336,0.0,0.0,0.0,0.0,,10.0,6.59,5.568033841794974,5.247864480692153,2,2,-0.32016936110282135,88.0,1.0,6385.326701,,,False,2.3,8.9
54094,47.0,1.0,239.0,43.0,132.66666666666666,38.56,108.4191755168399,0.0,0.0,1.0,0.0,,5.05,5.66,1.9111693565468495,1.9435273995249898,0,0,0.03235804297814027,75.0,2.0,85773.925002,,,False,10.4,4.7
54095,39.0,1.0,174.0,34.0,118.66666666666667,32.5,103.79434504779843,0.0,0.0,0.0,0.0,2.0,6.32,4.53,0.6272695823755078,0.5968657411460867,0,0,-0.03040384122942108,78.0,1.0,27271.143945,,,False,15.8,4.8
54104,65.0,0.0,135.0,43.0,94.0,32.0,82.53311063733602,1.0,0.0,0.0,0.0,,400.0,7.91,13.537305217884352,7.96790105947533,3,2,-5.569404158409022,79.0,2.0,71422.848504,,,False,336.0,10.2
54106,62.0,0.0,169.0,68.0,116.0,23.6,96.89276058290638,0.0,1.0,0.0,0.0,,11.06,9.34,4.238495427489646,4.136096706512905,1,1,-0.10239872097674052,86.0,3.0,47075.842776,113730.086,92.0,False,5.2,7.1
54109,50.0,0.0,161.0,31.0,112.66666666666667,24.33,104.40070243035957,0.0,1.0,0.0,0.0,,1.89,2.03,2.167576449008363,2.1905778918597516,0,0,0.02300144285138872,78.0,2.0,24446.253808,,,False,1.0,3.7
54110,76.0,1.0,225.0,74.0,120.0,37.0,66.25503941876642,1.0,0.0,1.0,1.0,,25.0,11.4,13.326495263512674,12.022734893335063,3,3,-1.3037603701776117,85.0,1.0,9953.929233,21553.29,115.0,False,14.0,4.9
54119,47.0,1.0,253.0,76.0,112.66666666666667,24.26,84.98385692153244,0.0,0.0,0.0,0.0,,4.52,2.84,0.6066406256157642,0.5659935528766926,0,0,-0.04064707273907153,83.0,2.0,87502.383122,199736.847,155.0,False,4.7,2.1
54123,34.0,0.0,187.0,27.0,105.33333333333333,26.96,97.75532591536043,0.0,1.0,0.0,0.0,,4.15,2.64,1.0807243799842894,1.010090864643594,0,0,-0.0706335153406954,80.0,2.0,17571.94509,48866.081,98.0,False,3.9,1.9
54124,48.0,1.0,198.0,40.0,108.66666666666667,39.06,89.48621063119802,1.0,1.0,0.0,0.0,,3.0,2.38,3.91016372886722,3.781651526764229,1,1,-0.12851220210299097,88.0,1.0,16785.174371,38756.855,115.0,False,2.7,2.0
54127,35.0,1.0,217.0,45.0,113.33333333333333,27.18,121.98007733264382,0.0,1.0,0.0,0.0,2.0,8.81,6.11,0.7547562545651869,0.7146977798427907,0,0,-0.04005847472239621,80.0,1.0,15348.752512,,,False,7.4,5.8
54130,48.0,1.0,241.0,75.0,114.66666666666667,23.88,88.17825856896944,0.0,0.0,0.0,0.0,,4.76,4.49,0.6665494100340194,0.6607701820688688,0,0,-0.005779227965150513,86.0,1.0,73812.908056,,,False,3.9,2.2
54131,35.0,1.0,184.0,62.0,122.66666666666667,21.94,101.51675242765624,0.0,0.0,0.0,0.0,2.0,4.18,4.95,0.26705240027957367,0.27389868423774427,0,0,0.006846283958170607,79.0,1.0,31652.081377,75526.733,111.0,False,3.8,5.2
54133,43.0,1.0,205.0,34.0,170.66666666666666,40.0,111.1501698505097,1.0,1.0,1.0,0.0,2.0,36.53,16.56,19.386338289512935,17.597377680915304,3,3,-1.7889606085976304,86.0,1.0,17387.624199,,,False,17.9,5.3
54135,33.0,1.0,150.0,37.0,124.66666666666667,35.85,120.05027566075354,0.0,1.0,0.0,0.0,2.0,15.0,17.15,0.811481668836075,0.827828063421904,0,0,0.016346394585828983,87.0,1.0,75128.509487,0.0,85.0,False,17.7,30.7
54136,43.0,1.0,178.0,36.0,118.66666666666667,47.06,113.24727508410199,0.0,0.0,0.0,0.0,2.0,10.63,8.67,0.8616380434850509,0.8358911806184116,0,0,-0.025746862866639297,81.0,1.0,32260.640984,,,False,3.4,17.0
54137,55.0,0.0,209.0,44.0,122.0,30.56,104.91335686811661,0.0,0.0,0.0,0.0,,33.07,21.49,3.6398703916936994,3.4183378827453317,1,1,-0.22153250894836773,77.0,1.0,89543.78448,198103.733,140.0,False,45.3,38.9
54139,67.0,0.0,179.0,60.0,126.0,30.08,77.80091206188634,1.0,0.0,1.0,0.0,,10.07,9.34,10.123761828385012,10.020830225171151,3,3,-0.10293160321386097,78.0,1.0,8334.195224,,,False,14.6,12.7
54140,71.0,0.0,184.0,59.0,136.66666666666666,,86.66712549317985,0.0,0.0,0.0,0.0,,21.44,22.86,9.305951149937503,9.388007537844159,2,2,0.08205638790665581,80.0,1.0,33337.784141,,,False,23.8,36.8
54141,35.0,1.0,184.0,62.0,106.66666666666667,25.13,87.83589535937396,0.0,1.0,0.0,0.0,2.0,8.66,4.15,0.41951490889888204,0.3758188661804844,0,0,-0.043696042718397665,75.0,2.0,19018.998244,,,False,16.1,4.4
54143,71.0,1.0,257.0,55.0,139.33333333333334,31.64,95.14797470378535,0.0,0.0,1.0,0.0,,9.57,4.35,8.230023869345306,7.379115768068231,2,2,-0.8509081012770752,81.0,2.0,38826.202591,89816.211,147.0,False,4.5,2.0
54146,58.0,0.0,186.0,44.0,120.0,28.9,96.42186394717646,0.0,1.0,0.0,0.0,,3.63,3.02,4.128254815566414,4.019690130920097,1,1,-0.10856468464631686,87.0,1.0,14984.141601,31233.911,112.0,False,4.9,6.7
54148,34.0,0.0,203.0,25.0,122.66666666666667,28.69,102.51392552827187,0.0,0.0,0.0,0.0,,1.44,2.25,0.7455564053333702,0.7971188348600511,0,0,0.051562429526680886,81.0,1.0,31083.80169,,,False,3.0,3.2
54153,70.0,1.0,173.0,46.0,133.33333333333334,30.87,58.49399773048167,1.0,0.0,1.0,1.0,,131.54,40.15,15.974596410321189,13.725636346348185,3,3,-2.248960063973003,80.0,2.0,19730.466943,,,False,119.7,26.1
54159,37.0,0.0,165.0,31.0,142.0,31.28,121.70619734494883,0.0,0.0,0.0,0.0,,7.93,5.66,1.3118200849544575,1.2475018208323487,0,0,-0.06431826412210873,88.0,1.0,23709.472842,52976.268,104.0,False,4.6,7.7
54160,61.0,1.0,183.0,58.0,121.33333333333333,35.72,72.73342360634128,1.0,0.0,1.0,1.0,,141.71,72.59,8.322992163236256,7.588099956229813,2,2,-0.7348922070064425,81.0,1.0,5215.604935,,,False,58.1,19.6
54164,36.0,1.0,204.0,43.0,112.66666666666667,48.97,112.93803135216743,0.0,1.0,0.0,0.0,2.0,91.42,6.1,1.1195472254987535,0.7484614351740658,0,0,-0.3710857903246877,80.0,1.0,21176.698185,50530.858,145.0,False,218.5,12.8
54170,60.0,0.0,192.0,58.0,125.33333333333333,24.24,98.78120337095567,0.0,0.0,0.0,0.0,,7.8,9.15,3.4664236361342406,3.5479974291193472,1,1,0.08157379298510659,75.0,1.0,9590.4584,24740.539,119.0,False,9.9,15.0
54172,30.0,0.0,200.0,38.0,122.66666666666667,35.57,126.04480206316572,0.0,1.0,0.0,0.0,,12.95,10.73,1.0892099135872357,1.0590373399062316,0,0,-0.030172573681004122,75.0,2.0,26591.248626,59092.603,144.0,False,25.0,20.6
54173,47.0,0.0,214.0,48.0,177.33333333333334,35.61,93.41830841115338,0.0,0.0,0.0,0.0,,36.29,13.28,5.64449853076994,4.888365521428082,2,1,-0.7561330093418572,80.0,1.0,63260.599658,,,False,50.8,18.2
54175,51.0,0.0,238.0,33.0,143.33333333333334,33.51,108.39219126731537,0.0,0.0,1.0,0.0,,10.28,9.81,5.097108665819137,5.063032500467866,2,2,-0.034076165351271115,75.0,1.0,19769.446456,46056.246,146.0,False,32.6,15.5
54189,43.0,1.0,203.0,57.0,115.33333333333333,27.35,115.08216186450382,0.0,0.0,0.0,0.0,2.0,6.61,8.13,0.5369849237248809,0.5538380652666359,0,0,0.01685314154175499,85.0,2.0,14251.534831,28545.323,133.0,False,7.6,5.2
54192,59.0,0.0,210.0,39.0,119.33333333333333,25.51,82.71416705983106,0.0,0.0,0.0,0.0,,3.11,2.69,3.5844818555558713,3.5095317548675924,1,1,-0.0749501006882789,76.0,2.0,101172.924903,,,False,5.0,3.2
54193,73.0,1.0,176.0,72.0,122.0,22.02,70.3055884610466,0.0,0.0,1.0,1.0,,10.06,5.38,6.798833083945028,6.2270879055211585,2,2,-0.5717451784238694,76.0,2.0,39394.168753,,,False,17.4,2.8
54196,60.0,0.0,185.0,48.0,102.0,21.96,90.4885065688136,0.0,0.0,0.0,0.0,,5.24,2.91,3.324542592757119,3.0506168739640436,1,1,-0.2739257187930755,75.0,2.0,67037.944217,150705.529,124.0,False,4.3,4.3
54208,31.0,0.0,164.0,43.0,100.0,25.02,122.27165114439997,0.0,0.0,0.0,0.0,,5.63,3.32,0.3325095729505523,0.3070989085565776,0,0,-0.025410664393974658,86.0,2.0,26792.411843,,,False,14.7,7.8
54213,68.0,0.0,192.0,89.0,152.66666666666666,23.04,57.188712244272075,0.0,0.0,1.0,0.0,,166.14,146.19,10.650329599086232,10.46789689841333,3,3,-0.18243270067290318,88.0,1.0,10381.544516,,,False,211.0,30.7
54216,40.0,1.0,227.0,42.0,136.66666666666666,54.27,95.46368990413177,0.0,1.0,0.0,0.0,2.0,8.89,9.02,2.2140325165471353,2.218755775376222,0,0,0.004723258829086863,80.0,1.0,14191.669922,32394.539,148.0,False,8.0,5.5
54222,46.0,1.0,216.0,64.0,102.0,29.01,90.60624516720716,0.0,0.0,0.0,0.0,,2.65,2.88,0.5354527558621501,0.5421485645037492,0,0,0.0066958086415990214,77.0,1.0,18372.138824,41796.982,135.0,False,3.0,3.6
54224,39.0,1.0,158.0,71.0,96.0,21.47,99.02245416409656,0.0,0.0,0.0,0.0,2.0,4.32,3.21,0.20404124098340798,0.1951614759260994,0,0,-0.008879765057308586,85.0,1.0,57097.484011,132355.424,79.0,False,1.6,1.8
54227,60.0,1.0,162.0,56.0,168.66666666666666,24.07,73.18718414805923,0.0,0.0,1.0,1.0,,7.53,6.23,4.632153797734999,4.508079512871397,1,1,-0.12407428486360139,86.0,2.0,61835.25213,,,False,26.8,3.3
54234,40.0,1.0,198.0,63.0,106.0,19.95,114.93600787024052,0.0,0.0,0.0,0.0,2.0,6.3,3.75,0.31967534566026806,0.2957940042200064,0,0,-0.02388134144026166,82.0,2.0,36481.199046,77013.399,121.0,False,5.8,7.2
54236,60.0,1.0,172.0,68.0,133.33333333333334,33.02,64.4950003539451,1.0,0.0,1.0,0.0,,6.14,3.33,5.5283803500738244,5.067796373488708,2,2,-0.4605839765851165,77.0,2.0,8499.199919,,,False,3.5,2.8
54240,52.0,1.0,218.0,85.0,97.33333333333333,24.81,108.37017009341274,0.0,0.0,0.0,0.0,,8.2,8.05,0.713994808327694,0.7120327420428897,0,0,-0.0019620662848043313,76.0,1.0,22297.495269,51494.379,116.0,False,5.0,9.9
54241,32.0,1.0,164.0,36.0,106.0,34.18,122.22802385883092,0.0,0.0,0.0,0.0,2.0,5.6,2.55,0.2509283884605102,0.22303984163046736,0,0,-0.027888546830042826,88.0,1.0,18108.840553,36548.862,101.0,False,6.1,5.6
54245,65.0,0.0,177.0,51.0,144.0,30.81,95.1017058169569,0.0,0.0,0.0,0.0,,950.37,596.6,11.979759666643515,11.257963593178816,3,3,-0.7217960734646987,78.0,1.0,9201.677467,24735.407,111.0,False,1283.0,614.5
54251,48.0,0.0,198.0,84.0,120.0,19.71,106.43547522851094,0.0,0.0,0.0,0.0,,10.75,4.04,0.9251608477869013,0.7990747319006793,0,0,-0.12608611588622198,85.0,1.0,18778.011327,,,False,10.0,1.9
54255,36.0,1.0,230.0,41.0,134.0,48.42,118.28639991589417,0.0,0.0,0.0,0.0,2.0,5.8,5.53,0.8330478379601526,0.8271566997227877,0,0,-0.005891138237364868,82.0,1.0,64630.25845,,,False,5.8,2.6
54256,49.0,1.0,212.0,54.0,100.66666666666667,36.23,80.51150155433311,0.0,0.0,1.0,0.0,,10.29,4.82,1.3237263585019745,1.1829651743653642,0,0,-0.14076118413661032,77.0,1.0,75240.005755,,,False,3.5,5.4
54262,58.0,1.0,232.0,38.0,112.66666666666667,33.22,78.25821236105439,0.0,0.0,0.0,0.0,,5.3,5.45,2.5245284770186727,2.5348590436716836,0,0,0.010330566653010909,81.0,1.0,13556.336626,,,False,4.4,1.2
54265,31.0,1.0,207.0,43.0,101.33333333333333,35.76,98.01186355007623,0.0,1.0,0.0,0.0,2.0,13.83,21.19,0.6138581044404943,0.6542000032947854,0,0,0.04034189885429118,75.0,2.0,13543.36752,,,False,35.0,35.6
54267,67.0,1.0,203.0,61.0,113.33333333333333,25.1,76.11738382746049,0.0,0.0,0.0,1.0,,4.25,3.0,3.279291345807228,3.11743634815158,1,1,-0.16185499765564781,81.0,2.0,63755.08114,,,False,1.7,3.6
54270,66.0,0.0,181.0,48.0,142.66666666666666,28.14,94.51207524089178,1.0,0.0,0.0,1.0,,15.86,12.63,10.247937868624975,9.935940241925922,3,2,-0.3119976266990534,83.0,1.0,8929.074332,,,False,4.6,17.3
54279,57.0,0.0,224.0,49.0,126.0,31.56,100.29479212866424,0.0,0.0,0.0,0.0,,8.39,6.46,3.6093554482764563,3.4745057014078236,1,1,-0.1348497468686327,83.0,1.0,19905.406168,44349.06,142.0,False,16.7,12.8
54287,51.0,1.0,153.0,59.0,100.0,16.66,105.00826104510543,0.0,1.0,0.0,0.0,,20.6,44.22,1.5459063281224243,1.7304985939480653,0,0,0.18459226582564092,83.0,2.0,21807.264957,,,False,10.3,48.2
54288,57.0,1.0,237.0,41.0,140.66666666666666,29.73,60.585478047509376,0.0,0.0,1.0,1.0,,15.98,12.43,5.48496502331607,5.2927001784449965,2,2,-0.19226484487107331,81.0,2.0,25086.627681,,,False,30.2,35.3
54290,43.0,1.0,214.0,47.0,137.33333333333334,36.54,92.31263671757385,0.0,1.0,1.0,0.0,2.0,8.52,5.76,2.697752548317709,2.5476987909468933,0,0,-0.1500537573708156,78.0,1.0,26102.697054,60882.63,148.0,False,23.1,12.5
54291,57.0,0.0,301.0,63.0,136.66666666666666,32.32,99.61641579295177,1.0,0.0,0.0,0.0,,10.09,59.78,8.605731195581926,10.967224711662924,2,3,2.361493516080998,81.0,2.0,22997.291583,46530.327,210.0,False,11.4,83.1
54292,56.0,1.0,238.0,46.0,172.0,41.81,77.08162705467984,0.0,0.0,0.0,0.0,,30.25,16.84,6.637020067500332,6.1124851532400895,2,2,-0.5245349142602427,76.0,2.0,103488.211736,,,False,106.8,6.4
54301,45.0,0.0,218.0,41.0,125.33333333333333,30.4,109.59529153719785,0.0,0.0,0.0,0.0,,5.56,3.07,1.6207070714189684,1.4837422202984147,0,0,-0.13696485112055368,87.0,2.0,20849.684194,47116.273,142.0,False,4.0,3.5
54302,40.0,0.0,235.0,72.0,126.66666666666667,28.17,98.75903065584406,0.0,0.0,0.0,0.0,,1.78,2.05,0.6340173118298711,0.647595211022904,0,0,0.013577899193032872,83.0,2.0,28613.871158,65188.086,141.0,False,2.7,4.0
54304,38.0,1.0,225.0,35.0,123.33333333333333,24.55,117.75103814504187,0.0,0.0,0.0,0.0,2.0,5.35,4.64,0.790020431116887,0.7734424277320573,0,0,-0.01657800338482973,86.0,2.0,58615.208279,,,False,5.4,8.4
54306,39.0,0.0,142.0,29.0,144.0,43.73,120.72517977779978,0.0,0.0,1.0,0.0,,2.77,2.31,1.424616929554838,1.3866149633024476,0,0,-0.038001966252390496,81.0,2.0,32878.174859,66975.319,98.0,False,1.8,5.8
54310,50.0,0.0,256.0,65.0,131.33333333333334,28.44,102.67845031159472,0.0,0.0,0.0,0.0,,2.55,3.16,1.8602722437564956,1.9203328137685771,0,0,0.06006057001208154,76.0,2.0,92447.874289,186466.906,169.0,False,5.1,3.7
54312,48.0,1.0,170.0,65.0,110.0,27.27,115.070687477469,1.0,0.0,0.0,0.0,,14.72,4.84,1.5589352506721414,1.3223680206963948,0,0,-0.23656722997574664,85.0,2.0,14251.534831,33599.094,90.0,False,5.3,4.6
54317,64.0,0.0,244.0,52.0,146.66666666666666,25.09,59.15468034263472,0.0,0.0,0.0,0.0,,8.38,0.91,7.740144521610675,5.6601734266390915,2,2,-2.079971094971583,81.0,2.0,58107.758234,142504.94,165.0,False,6.2,0.9
54319,43.0,0.0,247.0,27.0,117.33333333333333,34.85,95.77144262118296,0.0,1.0,1.0,0.0,,5.48,5.48,3.582603773741913,3.582603773741913,1,1,0.0,76.0,1.0,20202.943323,44453.584,167.0,False,16.0,11.4
54324,50.0,0.0,220.0,47.0,128.0,33.4,117.60276293738826,1.0,0.0,1.0,0.0,,9.22,12.89,5.839243522602571,6.123747523001411,2,2,0.28450400039884016,82.0,2.0,15296.649112,35319.86,127.0,False,13.0,10.7
54325,65.0,1.0,145.0,40.0,130.0,28.77,65.6591916769494,1.0,0.0,1.0,1.0,,700.0,398.98,15.187356488782742,14.131931720622934,3,3,-1.0554247681598081,88.0,1.0,6323.300843,,,False,336.0,195.5
54326,36.0,1.0,174.0,50.0,101.33333333333333,29.39,118.28639991589417,0.0,0.0,0.0,0.0,2.0,7.45,5.84,0.2797761227316089,0.2697614438510262,0,0,-0.010014678880582717,82.0,2.0,21978.976335,40742.135,107.0,False,3.8,15.0
54337,49.0,1.0,232.0,36.0,109.33333333333333,28.63,94.50358041953963,0.0,0.0,0.0,0.0,,6.42,3.95,1.332849257652823,1.2402861929423947,0,0,-0.0925630647104283,76.0,1.0,17883.832937,,,False,6.8,4.9
54346,66.0,1.0,179.0,56.0,114.0,30.45,109.08738362017512,0.0,0.0,0.0,0.0,,7.22,4.88,3.2412653614175775,3.061828913678724,1,1,-0.17943644773885348,77.0,2.0,6950.891576,15493.623,108.0,False,1.3,2.0
54349,37.0,0.0,206.0,49.0,152.66666666666666,26.65,101.85228674202568,0.0,1.0,0.0,0.0,,10.19,5.45,2.7451356115880734,2.503800624795892,0,0,-0.24133498679218146,80.0,1.0,14122.836195,43073.683,94.0,False,5.3,6.6
54354,60.0,0.0,235.0,25.0,136.66666666666666,30.92,91.6327190932268,0.0,0.0,1.0,0.0,,7.63,4.41,8.12242815011801,7.525664804594797,2,2,-0.5967633455232129,80.0,2.0,70005.845559,,,False,9.0,6.4
54356,55.0,1.0,216.0,92.0,132.0,25.53,71.66014178371597,0.0,0.0,1.0,0.0,,3.61,3.44,1.3897793336656543,1.3798902211520425,0,0,-0.009889112513611797,83.0,2.0,30561.066068,67706.03,112.0,False,9.5,3.3
54357,45.0,1.0,200.0,61.0,129.33333333333334,28.83,116.69045604618579,0.0,0.0,0.0,0.0,,6.06,4.64,0.7677709309037761,0.7378284237492225,0,0,-0.0299425071545536,88.0,1.0,15909.284279,33589.392,112.0,False,2.0,7.8
54358,62.0,1.0,183.0,81.0,115.33333333333333,40.09,87.16360101675303,1.0,0.0,1.0,0.0,,65.45,13.33,5.832059003326714,4.650413992584704,2,1,-1.1816450107420104,84.0,2.0,12727.810827,,,False,72.0,7.2
54363,54.0,1.0,229.0,68.0,128.0,28.86,96.08465416619245,0.0,0.0,0.0,1.0,,6.04,4.86,1.4861647433954779,1.4391386226772602,0,0,-0.04702612071821766,87.0,1.0,14770.594178,32073.64,136.0,False,5.8,5.4
54364,61.0,0.0,237.0,43.0,142.0,29.49,100.3103263877649,0.0,1.0,0.0,0.0,,24.0,5.16,10.04031991340424,8.12958989702585,3,2,-1.9107300163783894,83.0,2.0,22753.03919,56534.747,173.0,False,28.8,4.7
54367,45.0,1.0,260.0,61.0,117.33333333333333,38.92,86.04753873445065,0.0,0.0,1.0,0.0,,3.77,2.87,0.9781176793738643,0.9392435828049728,0,0,-0.038874096568891514,85.0,2.0,18096.820742,41308.611,168.0,False,8.6,2.7
54368,33.0,1.0,165.0,34.0,99.33333333333333,35.43,94.04118893479752,0.0,0.0,0.0,0.0,2.0,3.92,2.25,0.3002093266860984,0.27626990221194053,0,0,-0.023939424474157867,76.0,2.0,16637.651093,,,False,7.1,4.3
54370,46.0,0.0,181.0,57.0,138.66666666666666,38.71,98.72054105015717,1.0,1.0,0.0,0.0,,11.21,10.65,5.803845907670874,5.7616835484340525,2,2,-0.04216235923682188,81.0,1.0,21720.506558,47884.584,98.0,False,12.0,14.7
54378,65.0,1.0,231.0,84.0,125.33333333333333,27.62,96.25191088176868,0.0,0.0,1.0,0.0,,11.43,2.95,3.697011295750791,3.0374546371953985,1,1,-0.6595566585553923,85.0,2.0,67032.592835,143249.68,129.0,False,11.2,3.6
54381,37.0,1.0,218.0,23.0,138.66666666666666,28.89,83.32964914781554,0.0,1.0,0.0,0.0,2.0,7.65,2.98,2.973873484518076,2.591574588619057,0,0,-0.382298895899019,75.0,2.0,18680.399242,,,False,2.6,8.1
54391,37.0,1.0,153.0,74.0,102.0,19.61,115.37618543682674,0.0,0.0,0.0,0.0,2.0,23.22,20.29,0.18493361883946965,0.1812332229590319,0,0,-0.0037003958804377457,87.0,2.0,19444.28278,48130.019,71.0,False,40.4,34.9
54395,38.0,0.0,134.0,34.0,140.66666666666666,41.89,117.51981383045481,0.0,1.0,0.0,0.0,,9.62,9.11,1.935022127691628,1.9194749530037745,0,0,-0.015547174687853493,88.0,1.0,13787.472062,,,False,22.6,8.2
54397,52.0,1.0,250.0,58.0,122.0,27.17,91.33149927380364,1.0,1.0,1.0,0.0,,7.0,5.0,6.9958175418634765,6.67422166071202,2,2,-0.3215958811514561,82.0,2.0,24964.637383,,,False,2.1,1.0
54399,47.0,1.0,281.0,33.0,126.0,31.12,123.52178457459196,1.0,0.0,0.0,0.0,,5.59,3.14,4.840896613068661,4.457283361818482,1,1,-0.3836132512501784,85.0,1.0,16675.957415,,,False,1.9,1.1
54401,52.0,0.0,153.0,49.0,110.0,24.59,48.2461780749709,1.0,0.0,0.0,0.0,,1601.94,750.88,8.015649832802644,7.2115077643875445,2,2,-0.8041420684150999,81.0,1.0,12887.255838,,,False,3300.0,428.0
54407,30.0,0.0,180.0,44.0,113.33333333333333,30.19,86.00547403716448,0.0,0.0,0.0,0.0,,4.16,2.54,0.3126922887804944,0.2903086061594256,0,0,-0.022383682621068768,81.0,2.0,32172.139568,81840.953,120.0,False,9.1,7.5
54415,40.0,0.0,299.0,22.0,101.33333333333333,28.76,112.65351914476398,0.0,1.0,0.0,1.0,,17.81,19.55,5.230632122746002,5.300849576155199,2,2,0.07021745340919683,80.0,2.0,79066.362267,173973.817,,False,26.9,30.3
54416,52.0,1.0,236.0,38.0,103.33333333333333,42.84,70.30853181505444,0.0,0.0,0.0,0.0,,10.51,6.52,1.8763719954088425,1.748857608387117,0,0,-0.12751438702172546,77.0,1.0,22498.50756,51184.554,168.0,False,6.2,1.5
54418,46.0,1.0,242.0,52.0,102.0,41.54,108.32495180907185,0.0,1.0,0.0,0.0,,6.04,10.66,1.4000415537321824,1.5227830231968233,0,0,0.12274146946464093,84.0,2.0,69167.196066,157884.13,153.0,False,6.7,6.5
54419,53.0,0.0,212.0,60.0,114.66666666666667,34.99,75.3141131242185,0.0,0.0,0.0,0.0,,5.65,2.89,1.8082547358742587,1.6370068654125827,0,0,-0.171247870461676,78.0,2.0,25034.303586,,,False,12.2,4.8
54421,61.0,1.0,163.0,60.0,150.66666666666666,28.05,102.89395838018297,0.0,0.0,0.0,0.0,,47.67,9.35,4.393025616891123,3.473131697750333,1,1,-0.9198939191407898,87.0,2.0,22769.495307,,,False,14.3,7.2
54422,42.0,1.0,241.0,31.0,121.0,36.3,118.88809273048041,1.0,1.0,0.0,0.0,2.0,23.67,17.36,7.042976731142978,6.744283842196082,2,2,-0.2986928889468956,81.0,1.0,19502.935565,,,False,28.4,18.4
54430,47.0,0.0,166.0,32.0,108.0,32.62,107.09949207940325,0.0,0.0,0.0,0.0,,4.71,5.0,1.2686908600087203,1.280042467861614,0,0,0.011351607852893686,86.0,3.0,61727.606346,127890.216,101.0,False,4.0,5.1
54433,47.0,1.0,162.0,50.0,139.33333333333334,23.48,95.686413764474,0.0,1.0,0.0,0.0,,4.94,3.12,2.0279004942288696,1.8952826022941665,0,0,-0.1326178919347032,80.0,2.0,83446.970885,181459.65,95.0,False,12.5,4.4
54439,63.0,0.0,180.0,53.0,144.0,27.69,106.88216889569934,1.0,0.0,1.0,1.0,,3.81,3.73,8.021235921768895,7.997625293839111,2,2,-0.0236106279297843,87.0,1.0,6580.447866,15627.046,104.0,False,0.8,2.2
54441,45.0,1.0,166.0,59.0,113.33333333333333,30.94,101.61623497648871,0.0,0.0,0.0,0.0,,7.07,12.85,0.5164855913969183,0.5646793500238253,0,0,0.048193758626907,87.0,2.0,34814.591257,,,False,5.8,35.6
54443,47.0,1.0,208.0,57.0,124.0,28.82,82.6448974307473,0.0,0.0,1.0,0.0,,4.13,3.44,1.1457615249316537,1.115091619061957,0,0,-0.030669905869696645,77.0,1.0,79088.217729,,,False,6.4,4.5
54444,50.0,1.0,204.0,46.0,130.0,31.0,105.29760114914401,0.0,1.0,0.0,0.0,,3.04,2.06,2.3003928927254442,2.172690115305468,0,0,-0.12770277741997615,83.0,2.0,26047.980138,,,False,2.8,1.3
54449,43.0,1.0,166.0,51.0,100.0,15.98,74.3561846766193,0.0,1.0,0.0,0.0,2.0,9.88,10.49,0.982845867178676,0.9916371829253742,0,0,0.008791315746698225,77.0,1.0,85773.925002,,,False,8.0,6.4
54450,47.0,1.0,241.0,57.0,107.33333333333333,32.43,113.20792057658915,1.0,0.0,1.0,0.0,,7.3,6.6,2.6520643129903303,2.613273745729073,0,0,-0.03879056726125718,87.0,1.0,21698.029982,0.0,159.0,False,8.1,3.3
54458,41.0,1.0,216.0,37.0,125.33333333333333,32.67,114.22340462144503,1.0,0.0,0.0,0.0,2.0,18.19,21.73,3.314096059582673,3.400707874245265,1,1,0.08661181466259205,88.0,1.0,15149.357206,,,False,39.1,11.3
54459,41.0,1.0,179.0,97.0,115.33333333333333,27.75,104.17586855243808,0.0,0.0,0.0,0.0,2.0,4.31,5.68,0.16578201773255977,0.17278347759479343,0,0,0.007001459862233661,80.0,1.0,59173.068083,128674.824,71.0,False,3.1,4.6
54463,68.0,1.0,208.0,43.0,142.0,32.36,96.20100180245817,0.0,0.0,0.0,0.0,,8.03,6.67,6.222060279441073,6.061483929092306,2,2,-0.16057635034876672,76.0,1.0,61415.309874,142071.335,115.0,False,12.2,5.8
54464,46.0,1.0,298.0,76.0,125.33333333333333,32.25,111.59035138595583,0.0,0.0,0.0,0.0,,10.41,4.76,0.9349969529560831,0.8322284665396853,0,0,-0.1027684864163978,83.0,1.0,66647.273602,,,False,12.7,6.0
54466,54.0,1.0,227.0,49.0,96.0,31.38,87.50323528498794,0.0,0.0,0.0,0.0,,3.18,3.01,1.4467694697110296,1.4350563383873556,0,0,-0.01171313132367402,78.0,2.0,14378.292026,30995.744,143.0,False,4.1,6.2
54471,31.0,1.0,219.0,55.0,103.33333333333333,25.76,109.08919915591581,0.0,0.0,0.0,0.0,2.0,13.46,4.85,0.2385576424506394,0.20473453394495775,0,0,-0.033823108505681654,87.0,1.0,25936.820943,52729.721,141.0,False,10.9,16.5
54474,33.0,0.0,170.0,51.0,130.0,26.77,95.03401262959221,0.0,0.0,0.0,0.0,,3.13,2.62,0.4680061053028376,0.455660225790021,0,0,-0.012345879512816571,77.0,2.0,33128.491208,72523.292,106.0,False,4.5,3.7
54475,35.0,0.0,250.0,34.0,120.0,46.58,116.62777012572678,0.0,0.0,0.0,0.0,,11.23,5.07,1.0909530925607407,0.9686990691514552,0,0,-0.12225402340928548,86.0,3.0,21769.249489,49013.767,180.0,False,17.3,7.7
54476,46.0,1.0,208.0,42.0,135.33333333333334,31.58,80.9230322511963,0.0,0.0,0.0,0.0,,2.97,2.61,1.3865887335061864,1.360313930606198,0,0,-0.026274802899988403,80.0,2.0,73624.439794,,,False,1.9,3.0
54478,43.0,0.0,183.0,53.0,140.66666666666666,43.29,116.74713576384794,0.0,0.0,1.0,0.0,,27.8,17.0,1.9683288445398255,1.8300182658101039,0,0,-0.13831057872972163,80.0,2.0,26922.572009,,,False,32.8,30.6
54482,50.0,1.0,163.0,33.0,113.33333333333333,30.98,108.84854165469638,1.0,0.0,0.0,0.0,,5.44,2.76,2.839067022682901,2.5711776567169897,0,0,-0.2678893659659112,86.0,1.0,21678.824091,,,False,9.2,2.1
54484,51.0,0.0,197.0,27.0,132.0,26.16,100.71231427883406,0.0,1.0,0.0,0.0,,3.53,2.19,4.332836261462605,4.04365989866226,1,1,-0.28917636280034476,76.0,2.0,92005.247878,,,False,0.6,3.5
54485,31.0,1.0,190.0,60.0,121.33333333333333,24.36,110.8605951931603,0.0,0.0,0.0,0.0,2.0,195.65,135.21,0.35299311832502167,0.33400947181119695,0,0,-0.018983646513824726,79.0,1.0,28942.626204,72708.558,102.0,False,270.0,192.0
54486,36.0,0.0,174.0,37.0,121.33333333333333,41.19,89.22198071005022,0.0,1.0,0.0,0.0,,3.18,2.83,1.1247768019272362,1.105361938133365,0,0,-0.01941486379387114,76.0,2.0,15307.30365,,,False,10.7,7.2
54487,45.0,0.0,257.0,25.0,131.33333333333334,33.36,99.33642689691806,0.0,0.0,1.0,0.0,,11.68,10.5,3.831495455710259,3.7726737321704555,1,1,-0.05882172353980364,85.0,1.0,72486.78935,,,False,18.8,18.8
54491,63.0,0.0,193.0,42.0,149.0,58.18,94.7035385987119,0.0,0.0,0.0,0.0,,198.57,48.7,10.51398343365392,8.677914948311367,3,2,-1.8360684853425528,81.0,1.0,63106.006013,,,False,139.0,59.9
54493,51.0,1.0,188.0,62.0,118.0,27.62,102.87861272163943,0.0,0.0,0.0,0.0,,6.91,6.65,0.9628877541990241,0.9574127008557203,0,0,-0.005475053343303782,86.0,2.0,12139.213408,26168.89,106.0,False,9.6,13.3
54498,33.0,1.0,234.0,79.0,123.33333333333333,32.22,101.2280206180837,0.0,0.0,0.0,0.0,2.0,4.57,2.5,0.20699816923846323,0.18911066935053075,0,0,-0.01788749988793248,83.0,2.0,36330.97264,84467.963,147.0,False,6.9,1.9
54503,43.0,0.0,186.0,45.0,119.33333333333333,27.18,89.3036050407381,0.0,0.0,0.0,0.0,,15.73,6.62,1.189176257500797,1.0450093766483588,0,0,-0.14416688085243812,75.0,2.0,77775.512186,,,False,29.1,13.5
54509,60.0,0.0,155.0,27.0,115.33333333333333,41.11,82.2013392240601,1.0,0.0,1.0,1.0,,3.8,4.9,6.707785885832362,6.952061981642524,2,2,0.24427609581016263,78.0,2.0,62997.695381,136409.21,,False,6.0,4.8
54516,70.0,0.0,195.0,36.0,132.0,25.78,95.56869799603585,0.0,0.0,0.0,1.0,,15.71,10.67,9.888050158876517,9.379579009682233,2,2,-0.5084711491942837,76.0,1.0,31722.475671,74134.193,136.0,False,5.5,16.0
54519,61.0,0.0,202.0,63.0,108.0,29.53,71.65859778117311,0.0,0.0,0.0,0.0,,5.36,3.63,3.0166375601009077,2.849137055409919,1,0,-0.16750050469098854,85.0,1.0,8268.669572,,,False,8.9,6.1
54523,68.0,1.0,165.0,69.0,120.66666666666667,27.77,96.93990085379212,1.0,0.0,0.0,1.0,,39.11,9.05,6.328918814008743,5.144725795847054,2,2,-1.1841930181616886,81.0,1.0,6912.351852,15255.723,84.0,False,39.5,3.8
54524,41.0,1.0,222.0,47.0,122.66666666666667,35.15,115.57441982189357,0.0,0.0,0.0,0.0,2.0,5.08,7.08,0.7137075565177506,0.7499027044458711,0,0,0.03619514792812051,82.0,1.0,15510.135957,32856.417,132.0,False,3.0,10.9
54528,39.0,1.0,216.0,54.0,100.66666666666667,39.75,116.09988547413573,0.0,1.0,0.0,0.0,2.0,4.31,3.71,0.6919494080557438,0.6766557739387609,0,0,-0.015293634116982924,75.0,2.0,82513.077868,,,False,6.6,6.6
54532,61.0,1.0,186.0,59.0,123.33333333333333,27.31,96.6751875819617,0.0,0.0,0.0,1.0,,50.51,38.33,3.055580238905714,2.935230016934099,1,0,-0.12035022197161505,75.0,2.0,82542.952894,179794.154,103.0,False,19.7,18.4
54539,59.0,1.0,159.0,77.0,110.0,32.52,90.20918233057064,1.0,0.0,0.0,1.0,,10.52,9.0,2.2768881241892895,2.2253405576487064,0,0,-0.05154756654058312,77.0,1.0,23163.995303,53485.51,67.0,False,10.2,6.3
54540,47.0,0.0,177.0,36.0,112.66666666666667,56.21,109.03111215471887,1.0,0.0,1.0,0.0,,8.89,9.06,3.8879032071512802,3.898605868851975,1,1,0.010702661700694893,86.0,1.0,19841.964464,45814.963,109.0,False,10.4,10.6
54542,49.0,0.0,239.0,44.0,131.33333333333334,22.28,58.109773423401144,0.0,0.0,0.0,0.0,,287.18,205.17,4.7903315417522006,4.563979498127838,1,1,-0.22635204362436223,83.0,2.0,96920.658773,214424.087,175.0,False,336.0,297.5
54544,53.0,1.0,205.0,60.0,105.33333333333333,36.19,104.0757224531032,0.0,0.0,0.0,0.0,,2.56,5.88,0.9369468929469718,1.0602025346190103,0,0,0.12325564167203851,79.0,2.0,99626.593895,231336.471,128.0,False,3.2,4.7
54546,35.0,0.0,197.0,23.0,130.0,38.09,115.00071739733562,0.0,0.0,0.0,0.0,,3.83,3.08,1.093051235884623,1.0580390122282222,0,0,-0.035012223656400776,76.0,2.0,57230.152048,,,False,7.0,3.2
54550,50.0,0.0,169.0,44.0,128.66666666666666,33.17,92.8040100997416,0.0,1.0,0.0,0.0,,5.0,2.99,2.8375143203770077,2.631115355622836,0,0,-0.20639896475417174,86.0,3.0,68871.178599,,,False,0.6,3.5
54551,47.0,0.0,173.0,39.0,143.33333333333334,41.63,112.00920736127244,1.0,0.0,1.0,1.0,,77.31,43.31,7.399334607553583,6.821701728309739,2,2,-0.5776328792438443,87.0,1.0,24916.151745,57531.227,96.0,False,100.5,52.4
54553,61.0,0.0,221.0,48.0,118.0,25.06,89.92747782808695,0.0,0.0,0.0,0.0,,3.01,2.63,3.739583793378299,3.666911003307005,1,1,-0.07267279007129401,77.0,2.0,61916.952446,142978.626,150.0,False,5.9,2.5
54556,33.0,1.0,243.0,50.0,108.0,25.88,120.98728853825644,0.0,0.0,0.0,0.0,2.0,20.26,12.79,0.3701124855566268,0.34550262612695454,0,0,-0.024609859429672254,82.0,2.0,23669.698792,58589.101,162.0,False,31.2,31.6
54560,72.0,1.0,205.0,59.0,108.66666666666667,26.73,47.6180398368047,1.0,0.0,0.0,0.0,,5.24,6.09,8.504014074336043,8.681258582279927,2,2,0.17724450794388424,80.0,1.0,35645.410956,84036.81,117.0,False,3.3,10.9
54564,34.0,0.0,206.0,41.0,113.33333333333333,28.7,120.48004613378063,0.0,0.0,0.0,0.0,,6.91,4.44,0.5457731875994336,0.5106903003681542,0,0,-0.03508288723127939,82.0,2.0,35121.28555,,,False,4.7,6.3
54566,67.0,1.0,202.0,47.0,119.33333333333333,21.67,58.23604024069564,0.0,1.0,1.0,0.0,,4.04,1.2,7.9615854133603285,6.724411023955859,2,2,-1.237174389404469,81.0,2.0,64992.272554,,,False,4.4,0.6
54574,66.0,1.0,138.0,60.0,124.0,37.58,53.65693630295519,0.0,0.0,0.0,0.0,,1.16,17.37,3.1270063807474884,4.621884592803551,1,1,1.4948782120560624,83.0,2.0,79504.28538,,,False,0.5,9.9
54575,41.0,0.0,159.0,40.0,120.0,34.81,107.17479258271909,0.0,0.0,0.0,0.0,,3.82,2.86,0.7870043389511548,0.7536021043790941,0,0,-0.03340223457206071,75.0,1.0,32333.206704,68721.982,86.0,False,3.9,7.0
54577,44.0,1.0,202.0,96.0,110.0,21.15,99.02979047617373,0.0,0.0,0.0,0.0,2.0,5.0,6.03,0.23213359440283987,0.2387378304029051,0,0,0.006604236000065239,86.0,2.0,70388.427325,0.0,96.0,False,1.7,4.1
54586,37.0,0.0,223.0,49.0,128.66666666666666,29.01,99.41274708149578,0.0,0.0,0.0,0.0,,5.47,3.7,0.9073220974493473,0.855753285208583,0,0,-0.05156881224076437,79.0,1.0,23603.166717,61395.882,145.0,False,7.0,3.0
54589,75.0,0.0,133.0,31.0,124.66666666666667,31.8,32.037958911395314,0.0,0.0,0.0,0.0,,2.76,2.64,10.208067792025265,10.146704635853206,3,3,-0.06136315617205845,75.0,1.0,45746.206431,99724.016,62.0,False,2.4,2.3
54598,37.0,1.0,164.0,63.0,116.0,24.03,117.55302423641562,0.0,0.0,0.0,0.0,2.0,4.0,5.89,0.22017995744416335,0.23331858895074822,0,0,0.013138631506584869,85.0,1.0,19933.667798,,,False,6.6,7.3
54603,31.0,1.0,170.0,74.0,101.33333333333333,23.97,122.50159940945234,0.0,0.0,0.0,0.0,2.0,8.0,43.12,0.09674908567075458,0.12455275407509989,0,0,0.02780366840434531,86.0,1.0,21700.507207,44117.269,79.0,False,19.2,81.5
54607,70.0,0.0,208.0,50.0,142.0,34.32,80.96714473557303,0.0,0.0,1.0,0.0,,50.58,6.45,13.64959204354599,10.379979627419372,3,3,-3.269612416126618,75.0,1.0,12115.199838,30307.764,140.0,False,130.5,20.0
54613,54.0,0.0,293.0,97.0,149.33333333333334,29.65,109.02727335785482,0.0,0.0,1.0,0.0,,14.49,23.04,3.5558256358930658,3.80396596267638,1,1,0.24814032678331444,80.0,1.0,17971.703799,38954.968,172.0,False,7.1,10.6
54615,43.0,1.0,142.0,57.0,112.0,20.31,72.55727186486953,0.0,1.0,0.0,0.0,2.0,4.13,18.33,0.6935852459347046,0.8659760993431642,0,0,0.1723908534084596,75.0,1.0,28229.910621,,,False,3.1,1.1
54618,44.0,0.0,211.0,88.0,115.33333333333333,26.99,79.64993663857311,0.0,0.0,0.0,0.0,,3.24,3.24,0.5145707287151515,0.5145707287151515,0,0,0.0,77.0,1.0,81895.402401,,,False,2.3,3.3
54620,75.0,1.0,158.0,68.0,112.66666666666667,31.45,74.54771097397452,0.0,0.0,1.0,1.0,,27.85,1.96,8.717560811058558,6.025487549605541,2,2,-2.692073261453017,80.0,1.0,18888.767065,43949.926,52.0,False,49.3,1.8
54628,75.0,1.0,223.0,77.0,113.33333333333333,25.41,63.27869459127227,0.0,0.0,1.0,0.0,,6.71,6.15,8.02649207428517,7.930441637750904,2,2,-0.09605043653426559,85.0,1.0,35983.714165,,,False,5.1,3.2
54629,70.0,0.0,209.0,84.0,130.0,24.61,88.33428256148879,0.0,0.0,1.0,0.0,,28.13,9.29,8.735388074869363,7.490460881001385,2,2,-1.2449271938679773,77.0,1.0,9040.211166,22299.704,114.0,False,9.0,9.2
54631,64.0,0.0,206.0,42.0,170.66666666666666,26.75,98.45609819703205,1.0,0.0,1.0,0.0,,5.31,3.67,14.64970782881608,13.965893773104883,3,3,-0.6838140557111974,82.0,1.0,7327.840584,16976.642,137.0,False,2.6,1.8
54632,49.0,1.0,253.0,60.0,190.0,31.93,69.89963363007564,0.0,0.0,0.0,0.0,,32.33,10.15,6.032758737164814,5.11901591192382,2,2,-0.9137428252409938,85.0,2.0,17774.63945,,,False,9.7,6.8
54634,72.0,0.0,209.0,35.0,157.33333333333334,24.86,74.56581531653582,0.0,0.0,1.0,0.0,,11.28,6.67,15.298962513885504,14.298890943681448,3,3,-1.0000715702040566,85.0,1.0,31716.126453,,,False,12.3,6.0
54636,34.0,0.0,152.0,53.0,108.0,20.45,98.90651315078676,0.0,0.0,0.0,0.0,,6.88,8.23,0.3067047886323647,0.3150896350755771,0,0,0.008384846443212357,86.0,2.0,16612.722955,,,False,4.4,19.0
54641,41.0,0.0,225.0,45.0,100.0,40.01,104.44427033310565,0.0,1.0,0.0,0.0,,1.18,2.52,1.3164720213784078,1.4739332498500084,0,0,0.1574612284716006,89.0,2.0,13659.3528,,,False,4.1,4.1
54642,68.0,0.0,201.0,51.0,188.66666666666666,25.71,68.6058662774054,0.0,0.0,1.0,0.0,,77.46,24.94,16.964109325429323,14.687704065544027,3,3,-2.276405259885296,75.0,1.0,8652.260078,,,False,165.0,20.2
54644,31.0,1.0,152.0,33.0,122.0,31.28,133.27244074182047,1.0,0.0,0.0,0.0,2.0,63.61,28.84,1.7392302847821894,1.5475059274989253,0,0,-0.1917243572832641,75.0,1.0,34219.951101,,,False,22.9,12.4
54645,59.0,0.0,214.0,43.0,126.0,33.67,63.28312034857613,0.0,0.0,1.0,1.0,,50.7,19.77,6.949302437199508,6.084128684524604,2,2,-0.8651737526749042,76.0,1.0,22647.295921,49832.02,118.0,False,79.6,43.5
54646,64.0,1.0,275.0,46.0,132.66666666666666,22.51,78.6734704571138,0.0,0.0,0.0,0.0,,10.5,5.71,5.180627970777257,4.749390923851088,2,1,-0.43123704692616904,83.0,1.0,8175.297589,,,False,2.1,5.2
54647,39.0,0.0,236.0,40.0,110.0,32.41,116.79119098470599,0.0,0.0,0.0,0.0,,8.39,4.27,0.9056371129614896,0.8185404923511009,0,0,-0.0870966206103887,86.0,2.0,26355.394432,58909.947,162.0,False,7.3,8.8
54651,43.0,0.0,220.0,40.0,126.0,29.73,86.36230633311139,0.0,0.0,0.0,0.0,,3.16,2.62,1.3873926307415503,1.349204204220001,0,0,-0.0381884265215493,79.0,1.0,69480.454154,,,False,2.5,1.7
54659,45.0,1.0,181.0,56.0,101.33333333333333,20.15,95.39544540914022,0.0,0.0,0.0,0.0,,3.0,3.5,0.5012928751415642,0.5129685420345946,0,0,0.011675666893030456,78.0,2.0,21420.29799,,,False,0.3,2.1
54660,54.0,0.0,175.0,59.0,140.66666666666666,27.32,90.52378663211127,0.0,1.0,0.0,0.0,,43.85,45.65,4.947887986897114,4.976536790669167,1,1,0.028648803772052922,77.0,1.0,91372.94023,,,False,68.4,38.8
54663,72.0,0.0,135.0,41.0,147.33333333333334,30.32,48.38319053388574,0.0,0.0,1.0,1.0,,13.2,19.9,10.486078730154416,11.082352235328496,3,3,0.5962735051740804,83.0,2.0,15548.835179,,,False,31.8,19.1
54669,70.0,0.0,158.0,25.0,110.0,25.97,80.96714473557303,1.0,1.0,1.0,0.0,,2.88,4.31,14.3287240533207,15.092388859529862,3,3,0.763664806209162,77.0,1.0,34061.139515,83532.402,80.0,False,4.2,7.5
54675,49.0,1.0,271.0,57.0,121.33333333333333,29.79,76.32938094900652,0.0,0.0,0.0,0.0,,3.96,2.3,1.2857936867728703,1.1862742026214,0,0,-0.09951948415147038,76.0,2.0,76603.798386,,,False,5.3,5.6
54679,39.0,0.0,200.0,43.0,108.0,34.48,97.01846770036433,0.0,0.0,0.0,0.0,,2.65,2.28,0.6253571594679593,0.6114017383406848,0,0,-0.013955421127274548,79.0,2.0,79303.669349,,,False,0.9,2.3
54683,43.0,0.0,170.0,46.0,125.33333333333333,36.05,114.83063179255277,1.0,0.0,0.0,0.0,,11.05,5.53,2.7347036087876813,2.4699734657478825,0,0,-0.2647301430397988,86.0,2.0,18710.928533,,,False,14.7,7.8
54692,47.0,0.0,180.0,40.0,116.0,27.37,106.73047899342701,0.0,0.0,1.0,1.0,,7.26,5.83,1.5868722529201964,1.535961753346632,0,0,-0.050910499573564305,77.0,1.0,80126.824664,,,False,6.9,8.1
54702,45.0,1.0,246.0,80.0,94.66666666666667,19.65,92.54078494722717,0.0,1.0,0.0,0.0,,2.38,3.26,0.7134393925372984,0.7476872582123788,0,0,0.034247865675080424,80.0,2.0,23499.838461,56685.429,149.0,False,0.5,3.0
54704,60.0,1.0,242.0,41.0,110.0,31.4,89.6498854001211,0.0,1.0,0.0,0.0,,7.41,9.13,4.23133668133183,4.360155097320447,1,1,0.12881841598861676,76.0,1.0,67460.906625,153731.709,148.0,False,8.6,6.3
54708,31.0,0.0,177.0,53.0,114.66666666666667,18.52,117.49586014446653,0.0,1.0,0.0,0.0,,4.19,5.51,0.5140592073085017,0.5356478075047925,0,0,0.02158860019629072,86.0,1.0,68055.064666,192901.695,107.0,False,2.6,11.4
54711,41.0,0.0,163.0,62.0,123.33333333333333,26.8,116.26788421940397,0.0,0.0,0.0,0.0,,5.69,3.04,0.6142929063786542,0.5591218837067091,0,0,-0.05517102267194507,85.0,1.0,18834.609067,39260.074,74.0,False,4.1,4.5
54713,48.0,0.0,171.0,42.0,126.0,43.76,112.69555948032668,0.0,0.0,0.0,0.0,,17.71,28.55,1.8879992880896435,2.0263113985813077,0,0,0.13831211049166425,80.0,1.0,14144.8703,,,False,27.1,19.7
54719,35.0,1.0,211.0,59.0,136.0,28.39,116.8202661662569,0.0,0.0,0.0,0.0,2.0,4.13,3.42,0.46052139581703566,0.44772062052393496,0,0,-0.012800775293100697,84.0,1.0,21275.206694,49463.949,123.0,False,3.1,3.8
54720,66.0,1.0,271.0,39.0,106.66666666666667,29.65,99.33347957826669,1.0,1.0,0.0,0.0,,94.31,45.5,14.149829861744488,12.872033461231405,3,3,-1.2777964005130826,89.0,2.0,5704.537759,12808.21,183.0,False,67.9,18.2
54732,36.0,1.0,200.0,59.0,116.66666666666667,48.28,118.28639991589417,0.0,0.0,1.0,0.0,2.0,3.47,4.56,0.34353826417286365,0.35786762359178687,0,0,0.014329359418923215,83.0,2.0,23007.095535,55795.9,119.0,False,7.6,4.7
54733,56.0,0.0,230.0,80.0,130.66666666666666,21.01,103.8675723320331,0.0,1.0,0.0,0.0,,5.0,2.22,3.2655722014736503,2.8996869095702955,1,0,-0.36588529190335484,75.0,1.0,14779.061563,,,False,1.1,0.8
54734,65.0,0.0,190.0,34.0,130.66666666666666,24.5,93.5328551241116,0.0,0.0,0.0,0.0,,4.57,3.76,6.252440609434526,6.081966127418049,2,2,-0.17047448201647697,80.0,1.0,52696.446317,,,False,3.7,3.8
54740,51.0,1.0,138.0,65.0,97.33333333333333,19.68,107.75060076297935,0.0,0.0,0.0,0.0,,6.5,5.87,0.6761865476714343,0.6659850096198824,0,0,-0.010201538051551884,79.0,2.0,108048.508847,250892.455,65.0,False,1.3,8.8
54746,40.0,0.0,178.0,26.0,122.66666666666667,29.41,93.0891457489064,0.0,0.0,0.0,0.0,,3.33,4.62,1.0926278936971718,1.147373278592077,0,0,0.0547453848949051,76.0,2.0,84551.439388,186042.917,110.0,False,7.0,9.0
54750,49.0,1.0,198.0,61.0,102.0,26.63,106.32257392199661,0.0,0.0,0.0,0.0,,6.15,3.54,0.7380859404000567,0.6797545152840488,0,0,-0.05833142511600786,88.0,1.0,69026.344877,,,False,2.4,2.3
54752,66.0,1.0,201.0,69.0,108.0,26.64,89.17475816818774,0.0,0.0,0.0,1.0,,7.5,2.75,2.7685167997313513,2.3906680601613597,0,0,-0.37784873956999165,76.0,1.0,58200.832529,126772.415,120.0,False,2.4,1.9
54757,63.0,1.0,181.0,61.0,134.66666666666666,30.94,99.61687963349655,1.0,0.0,1.0,1.0,,17.27,11.6,7.043404851242354,6.662144906481275,2,2,-0.3812599447610783,75.0,1.0,8780.848777,,,False,1.9,2.9
54758,71.0,1.0,163.0,71.0,108.0,20.74,83.7218189385857,0.0,0.0,0.0,1.0,,7.66,5.0,3.8263323400483618,3.597521106510768,1,1,-0.22881123353759358,88.0,2.0,34310.671701,74735.128,82.0,False,3.6,1.4
54759,34.0,1.0,192.0,49.0,121.33333333333333,28.2,105.3843050851688,0.0,1.0,0.0,0.0,2.0,2.41,3.19,0.5949787853230639,0.6203992611499557,0,0,0.025420475826891775,84.0,2.0,32176.069511,,,False,3.8,8.2
54761,43.0,1.0,194.0,31.0,137.33333333333334,28.53,119.27306705594444,0.0,0.0,0.0,0.0,2.0,14.26,10.28,1.6194544426749344,1.543013722434574,0,0,-0.07644072024036053,86.0,3.0,14401.4831,,,False,13.4,14.8
54771,65.0,1.0,295.0,44.0,90.66666666666667,32.83,94.29984807642703,1.0,0.0,1.0,1.0,,212.09,490.38,16.278413818487735,18.0667829860685,3,3,1.7883691675807647,82.0,2.0,7445.892557,,,False,324.5,127.5
54773,40.0,1.0,202.0,37.0,112.66666666666667,30.9,114.93600787024052,0.0,0.0,0.0,0.0,2.0,12.44,4.1,0.6729522147776392,0.5702547136304401,0,0,-0.10269750114719911,81.0,1.0,19502.935565,41314.698,111.0,False,11.2,5.9
54779,54.0,0.0,183.0,41.0,106.66666666666667,27.81,102.53694126719333,0.0,0.0,0.0,0.0,,5.99,66.93,2.158547066020867,3.078531222196729,0,1,0.9199841561758619,79.0,2.0,102596.475739,212564.3,129.0,False,10.9,93.7
54780,72.0,0.0,180.0,90.0,109.33333333333333,22.72,69.79835414050893,0.0,0.0,1.0,1.0,,4.51,4.1,5.218615318728992,5.14788298390127,2,2,-0.07073233482772245,85.0,1.0,31112.378995,,,False,5.5,3.4
54784,65.0,1.0,199.0,77.0,115.33333333333333,27.32,75.98332613326322,1.0,0.0,0.0,1.0,,10.35,9.41,4.374217792995343,4.314817679718527,1,1,-0.0594001132768156,85.0,1.0,60234.151229,131943.285,100.0,False,14.9,12.7
54787,30.0,0.0,197.0,51.0,109.33333333333333,29.23,102.60380803210388,0.0,0.0,0.0,0.0,,1.7,4.32,0.23715251279332786,0.27291990602259114,0,0,0.03576739322926328,76.0,2.0,65732.423367,,,False,0.9,10.1
54790,54.0,0.0,200.0,63.0,126.0,30.08,101.83554461591875,0.0,0.0,0.0,0.0,,4.23,3.19,1.9826304727167936,1.9014951625149463,0,0,-0.08113531020184728,78.0,1.0,18163.356744,48003.871,123.0,False,8.5,6.1
54791,48.0,1.0,240.0,70.0,108.0,25.92,113.49643599580628,0.0,1.0,0.0,0.0,,5.06,5.28,1.0683016388841071,1.0750753847649899,0,0,0.006773745880882753,79.0,1.0,19571.059856,0.0,156.0,False,4.2,4.7
54794,59.0,0.0,139.0,40.0,112.66666666666667,29.72,98.71754636500404,0.0,0.0,0.0,1.0,,5.06,4.21,2.188495748222221,2.129832194500901,0,0,-0.05866355372132004,79.0,1.0,90382.442658,199959.152,72.0,False,4.4,8.5
54800,41.0,0.0,252.0,51.0,111.33333333333333,28.9,100.58007691145434,0.0,0.0,0.0,0.0,,3.04,3.87,0.8415049716046569,0.8724734881117557,0,0,0.030968516507098864,79.0,2.0,93833.198076,,,False,0.7,8.2
54802,60.0,0.0,183.0,76.0,144.0,24.85,70.64159418675817,0.0,0.0,0.0,0.0,,7.17,20.78,3.4614888534888584,4.04049700131911,1,1,0.579008147830252,81.0,2.0,19306.388893,46642.124,99.0,False,9.1,13.3
54803,63.0,0.0,135.0,33.0,142.66666666666666,33.2,74.61537104360292,1.0,0.0,1.0,0.0,,17.21,12.46,11.863255695047297,11.362726763582389,3,3,-0.500528931464908,88.0,1.0,56375.402097,130170.426,80.0,False,11.7,15.2
54808,77.0,0.0,176.0,51.0,154.66666666666666,32.69,78.45841633093849,0.0,0.0,0.0,0.0,,18.5,13.06,15.078472618396932,14.417441712123392,3,3,-0.66103090627354,77.0,1.0,31431.350966,72581.276,108.0,False,20.9,6.4
54810,63.0,1.0,202.0,60.0,127.33333333333333,28.1,110.48239924805628,1.0,0.0,1.0,0.0,,8.8,5.17,6.604675154569747,6.128883647635643,2,2,-0.47579150693410366,88.0,1.0,5302.202469,,,False,6.6,4.5
54812,63.0,1.0,280.0,46.0,112.66666666666667,37.46,47.5180446798706,0.0,0.0,0.0,0.0,,7.95,4.8,4.793984667990025,4.45987322436714,1,1,-0.33411144362288514,79.0,2.0,26351.123265,60250.896,179.0,False,7.0,2.4
54813,66.0,0.0,266.0,47.0,110.0,,81.05739616261003,0.0,0.0,1.0,0.0,,240.82,179.14,12.983454260842748,12.486960695215465,3,3,-0.49649356562728286,87.0,2.0,19243.44915,46490.068,185.0,False,236.0,62.7
54816,32.0,1.0,186.0,58.0,98.66666666666667,23.46,111.98679868928619,0.0,0.0,0.0,0.0,2.0,4.01,2.52,0.16470681543929322,0.15362915070652808,0,0,-0.011077664732765141,78.0,2.0,25247.94746,,,False,9.3,3.5
54818,34.0,1.0,182.0,62.0,112.0,23.51,117.54907040275397,0.0,0.0,0.0,0.0,2.0,17.11,9.27,0.21478945501545016,0.19594628099894668,0,0,-0.018843174016503483,85.0,2.0,22183.518983,43850.081,108.0,False,6.5,15.3
54820,43.0,0.0,154.0,30.0,122.0,34.09,113.92159500270472,0.0,1.0,0.0,0.0,,7.43,7.91,1.986579329959393,2.0050698668834586,0,0,0.018490536924065548,77.0,1.0,81895.402401,,,False,22.3,21.9
54821,58.0,1.0,225.0,42.0,149.33333333333334,33.97,103.56536832129218,0.0,1.0,0.0,1.0,,5.11,2.65,6.028359417349852,5.493546856248174,2,2,-0.5348125611016776,77.0,1.0,24911.53081,,,False,2.4,4.5
54822,73.0,0.0,143.0,35.0,132.0,,59.09542196426624,1.0,0.0,1.0,1.0,,1.74,3.36,10.894052752679489,11.896816540673637,3,3,1.002763787994148,83.0,2.0,12298.73433,,,False,0.4,3.9
54825,40.0,0.0,164.0,44.0,114.0,36.85,82.5090608178403,0.0,0.0,0.0,0.0,,6.76,2.91,0.6827398222884314,0.6016348208724088,0,0,-0.08110500141602262,75.0,2.0,27028.404053,62117.698,103.0,False,14.0,4.4
54826,65.0,0.0,194.0,48.0,141.33333333333334,30.41,96.431644546097,0.0,0.0,0.0,0.0,,13.33,8.94,7.062952691121855,6.677087353447221,2,2,-0.38586533767463393,85.0,1.0,6649.123831,,,False,8.4,8.4
54829,50.0,1.0,194.0,69.0,115.33333333333333,33.48,95.40251300571889,0.0,0.0,0.0,0.0,,1.36,3.36,0.6081852125818106,0.696016866345527,0,0,0.08783165376371638,76.0,2.0,106549.309737,,,False,0.3,4.0
54834,75.0,1.0,188.0,65.0,109.33333333333333,13.18,43.2815976288774,0.0,1.0,0.0,0.0,,43.45,4.07,12.719792110549824,9.267113986933381,3,2,-3.452678123616442,88.0,2.0,17688.99721,,,False,73.0,1.1
54846,45.0,0.0,217.0,55.0,118.0,35.01,120.12183292698573,0.0,0.0,0.0,0.0,,4.3,4.42,1.0554837471624847,1.059833325668049,0,0,0.004349578505564278,86.0,3.0,15845.945448,35808.787,143.0,False,4.3,7.3
54861,63.0,1.0,198.0,53.0,105.33333333333333,37.82,68.18197896789513,1.0,0.0,1.0,1.0,,7.03,2.5,6.268721301007061,5.416312569715357,2,2,-0.8524087312917041,76.0,2.0,54357.656009,117736.506,95.0,False,23.0,2.3
54866,67.0,0.0,154.0,47.0,114.0,31.6,88.85020267956338,1.0,0.0,1.0,0.0,,34.27,10.32,11.436997399135343,9.725553433034529,3,2,-1.7114439661008145,83.0,1.0,68602.369519,148545.038,76.0,False,42.5,3.2
54867,62.0,1.0,238.0,64.0,143.33333333333334,25.07,74.25827008444861,0.0,1.0,0.0,0.0,,5.43,3.62,5.4705790989504655,5.1642050080143305,2,2,-0.306374090936135,89.0,2.0,54030.555012,,,False,1.9,1.7
54869,53.0,1.0,188.0,58.0,118.66666666666667,41.49,99.91578547843089,0.0,0.0,0.0,0.0,,4.6,5.09,1.162745326342121,1.180338661333532,0,0,0.017593334991411025,79.0,2.0,104944.339751,238750.467,105.0,False,5.2,5.7
54870,38.0,0.0,197.0,39.0,126.66666666666667,23.35,92.12426352112466,0.0,0.0,0.0,0.0,,3.76,2.03,0.926399688862562,0.8447587783952274,0,0,-0.08164091046733457,84.0,2.0,26851.630694,56186.348,138.0,False,3.8,3.5
54874,73.0,0.0,167.0,63.0,146.0,22.02,95.28565563516416,1.0,1.0,1.0,1.0,,15.5,7.06,15.195137700323052,13.727274968221542,3,3,-1.4678627321015103,81.0,1.0,9611.003247,,,False,9.3,15.1
54875,60.0,0.0,205.0,72.0,138.66666666666666,26.96,84.13926117487384,0.0,0.0,0.0,0.0,,6.53,2.92,3.584613506013871,3.1874687396485846,1,1,-0.3971447663652863,84.0,2.0,9965.448553,28203.18,120.0,False,4.9,6.3
54881,78.0,0.0,197.0,43.0,114.0,,65.82864898206702,0.0,0.0,1.0,0.0,,19.04,7.55,18.03029578128366,16.057214480810305,3,3,-1.9730813004733534,79.0,2.0,32931.023461,74031.019,118.0,False,31.6,10.5
54887,39.0,0.0,157.0,28.0,118.66666666666667,24.24,117.25316687209838,0.0,1.0,0.0,0.0,,2.88,6.45,1.3181505920771526,1.4862855344240575,0,0,0.16813494234690496,82.0,2.0,21306.780287,,,False,2.3,13.6
54891,64.0,0.0,176.0,71.0,139.33333333333334,32.09,71.06855111296755,0.0,0.0,1.0,0.0,,12.39,7.36,5.684702962948634,5.277427269021697,2,2,-0.4072756939269375,81.0,1.0,10650.831373,34499.564,82.0,False,25.4,9.5
54892,61.0,0.0,190.0,62.0,145.33333333333334,21.06,99.57413337962339,0.0,0.0,0.0,0.0,,2.56,3.13,3.8199726414710207,3.93308035334865,1,1,0.11310771187762914,75.0,2.0,58644.199424,,,False,2.2,4.2
54895,39.0,0.0,245.0,50.0,104.66666666666667,27.05,114.59310911938168,0.0,0.0,0.0,0.0,,3.81,3.36,0.7567423962767454,0.742620647827543,0,0,-0.014121748449202443,87.0,1.0,33958.460784,76457.946,153.0,False,11.0,8.0
54901,44.0,1.0,246.0,35.0,118.0,34.07,87.82274910479485,0.0,0.0,0.0,0.0,2.0,2.78,16.75,1.099948225461948,1.4354461654459165,0,0,0.3354979399839686,79.0,2.0,18892.431453,,,False,4.2,32.0
54902,57.0,1.0,172.0,48.0,117.33333333333333,23.05,65.70963763906569,0.0,0.0,0.0,0.0,,8.97,5.36,2.0947138357733883,1.941916700390569,0,0,-0.15279713538281925,82.0,2.0,15819.069717,,,False,2.6,11.2
54903,55.0,1.0,147.0,46.0,122.0,38.55,102.07360173472713,1.0,1.0,0.0,0.0,,7.68,6.19,5.563675645481493,5.395980031854267,2,2,-0.16769561362722651,86.0,2.0,84925.255206,193206.651,89.0,False,4.3,2.6
54907,39.0,1.0,164.0,68.0,106.0,33.61,114.36367430575635,0.0,0.0,0.0,0.0,2.0,3.04,4.11,0.19783045241661049,0.20697339853780636,0,0,0.009142946121195872,83.0,2.0,23265.911378,56612.672,86.0,False,7.2,6.9
54910,47.0,1.0,180.0,71.0,120.66666666666667,21.97,86.19935276025228,0.0,0.0,0.0,0.0,,5.91,5.3,0.6110113776295709,0.6011596792647574,0,0,-0.009851698364813477,82.0,1.0,19602.337447,42241.855,95.0,False,1.3,8.0
54913,46.0,1.0,207.0,61.0,127.33333333333333,31.42,104.36170362805939,0.0,0.0,0.0,0.0,,3.97,3.28,0.7907074152910302,0.7685378462645804,0,0,-0.02216956902644973,86.0,2.0,13694.321614,0.0,121.0,False,2.7,2.2
54914,33.0,0.0,181.0,33.0,134.66666666666666,33.02,87.08839436784812,0.0,0.0,0.0,0.0,,24.89,10.82,1.104037906020988,0.9748034418098696,0,0,-0.1292344642111184,84.0,1.0,58442.291272,173307.974,118.0,False,56.0,11.9
54919,38.0,0.0,200.0,31.0,127.33333333333333,22.79,114.06352221847904,0.0,0.0,0.0,0.0,,14.46,3.09,1.3257329200259316,1.0530475439378935,0,0,-0.2726853760880381,77.0,2.0,33324.854365,74460.805,95.0,False,29.5,6.4
54920,50.0,0.0,188.0,71.0,147.33333333333334,28.41,71.5225257011306,0.0,0.0,0.0,0.0,,11.45,15.48,2.1357774264912273,2.2330620798864067,0,0,0.09728465339517944,84.0,1.0,17126.695224,,,False,16.6,80.5
54923,60.0,0.0,231.0,36.0,141.33333333333334,44.73,80.34370627388408,0.0,0.0,1.0,0.0,,8.45,5.22,7.577551008144842,7.08361663760769,2,2,-0.4939343705371515,85.0,1.0,6649.123831,16949.008,152.0,False,4.9,13.2
54925,38.0,0.0,218.0,43.0,116.0,28.58,112.87493852858447,0.0,0.0,0.0,0.0,,10.61,4.08,0.8624748082829277,0.7474354881863128,0,0,-0.11503932009661488,77.0,2.0,78224.972418,,,False,3.5,7.5
54926,62.0,0.0,226.0,34.0,138.66666666666666,27.8,68.37532283018858,0.0,0.0,0.0,1.0,,3.07,4.23,6.6130568396777925,6.91832266502911,2,2,0.3052658253513174,75.0,2.0,21573.134446,,,False,6.6,6.9
54927,71.0,1.0,248.0,52.0,120.0,34.17,72.17999115209085,0.0,0.0,1.0,0.0,,5.59,4.17,7.286188284998907,6.994515852509749,2,2,-0.2916724324891584,81.0,2.0,38087.107887,,,False,6.2,2.5
54932,55.0,0.0,301.0,55.0,170.66666666666666,33.9,103.36001908922017,1.0,0.0,0.0,0.0,,46.57,34.07,16.92532087211197,16.27203700284093,3,3,-0.6532838692710428,78.0,1.0,10760.07565,,,False,50.3,18.4
54933,51.0,0.0,237.0,29.0,131.33333333333334,28.06,85.94108052628269,0.0,0.0,0.0,0.0,,4.68,1.79,3.460583208552764,3.0071492688359855,1,1,-0.4534339397167786,78.0,1.0,17577.44201,39162.377,172.0,False,6.5,4.0
54935,60.0,0.0,179.0,34.0,144.0,25.1,72.85871239639745,0.0,0.0,1.0,0.0,,124.54,26.09,9.71278267000162,7.83060192287156,2,2,-1.8821807471300591,85.0,1.0,51085.435406,,,False,134.5,12.0
54936,47.0,0.0,168.0,62.0,100.66666666666667,24.21,75.81857982292614,0.0,0.0,0.0,0.0,,2.47,2.47,0.8186111489391953,0.8186111489391953,0,0,0.0,78.0,1.0,21063.174792,,,False,4.9,4.0
54939,30.0,1.0,202.0,72.0,106.0,20.65,120.51003965628063,0.0,0.0,0.0,0.0,2.0,5.98,5.93,0.10772337265902164,0.107587821565228,0,0,-0.00013555109379363717,79.0,1.0,54729.408706,126866.082,113.0,False,6.1,16.3
54941,31.0,1.0,198.0,49.0,96.66666666666667,26.89,121.55285861570307,0.0,0.0,0.0,0.0,2.0,3.8,2.55,0.2004325723348461,0.18880404936425246,0,0,-0.011628522970593635,87.0,1.0,72970.112301,176964.236,120.0,False,5.2,4.8
54943,65.0,0.0,159.0,70.0,128.0,25.3,57.246531938112206,1.0,0.0,1.0,1.0,,2.48,2.53,5.507972709675341,5.523681548024627,2,2,0.015708838349286047,82.0,2.0,8401.91118,,,False,4.1,2.4
54945,54.0,1.0,221.0,59.0,123.33333333333333,24.63,103.43045297389396,0.0,0.0,0.0,0.0,,3.57,1.7,1.4180286428098832,1.2704643726607225,0,0,-0.14756427014916063,81.0,2.0,107298.217979,,,False,0.5,0.8
54948,72.0,1.0,184.0,36.0,134.0,38.42,77.0782659638998,0.0,0.0,0.0,0.0,,6.8,4.63,7.793371989551655,7.388695426748081,2,2,-0.40467656280357467,76.0,2.0,38913.512966,,,False,3.4,3.7
54950,59.0,1.0,270.0,52.0,117.33333333333333,23.98,73.6437755565096,0.0,1.0,0.0,0.0,,5.22,3.08,4.033290996752861,3.73765772226384,1,1,-0.2956332744890209,80.0,2.0,112421.513631,244466.256,179.0,False,7.1,3.6
54959,40.0,1.0,140.0,71.0,90.66666666666667,34.1,113.65461952506065,0.0,0.0,0.0,0.0,2.0,10.62,12.33,0.23006613544972337,0.23526846890013464,0,0,0.005202333450411267,84.0,1.0,62258.351172,135383.927,61.0,False,20.5,15.9
54966,38.0,0.0,136.0,33.0,132.66666666666666,41.18,112.49041313696821,0.0,0.0,0.0,0.0,,4.3,2.4,0.8576471060583492,0.7859212310565558,0,0,-0.0717258750017934,85.0,2.0,67850.729512,,,False,4.3,3.1
54968,37.0,0.0,213.0,30.0,116.0,36.41,87.71108843036512,0.0,0.0,0.0,0.0,,1.29,2.13,0.7459003017911503,0.8041070751000211,0,0,0.05820677330887081,81.0,2.0,56718.456118,,,False,1.5,4.7
54980,60.0,1.0,174.0,66.0,116.66666666666667,26.94,102.69341062358453,0.0,0.0,0.0,0.0,,5.5,4.69,1.7471671383243983,1.7065810377178428,0,0,-0.04058610060655554,81.0,1.0,70094.328293,159732.821,100.0,False,2.2,2.3
54982,44.0,0.0,199.0,60.0,103.33333333333333,,102.51362652617065,0.0,0.0,0.0,0.0,,3.46,4.04,0.7558472964333269,0.7736061797646524,0,0,0.01775888333132547,77.0,1.0,81895.402401,181182.703,128.0,False,2.7,2.1
54987,37.0,1.0,175.0,65.0,116.0,28.98,108.55798958578825,0.0,1.0,0.0,0.0,2.0,6.89,3.59,0.4611733394497639,0.4183577201174302,0,0,-0.04281561933233369,81.0,2.0,22407.236696,57616.934,89.0,False,14.6,4.6
54990,69.0,1.0,260.0,62.0,144.66666666666666,27.54,66.53305155011657,0.0,0.0,1.0,0.0,,11.33,4.92,7.9099759388066415,7.044555563431928,2,2,-0.8654203753747138,85.0,2.0,63146.96853,,,False,6.8,6.2
55004,51.0,0.0,284.0,31.0,127.33333333333333,28.62,65.90257951737627,0.0,0.0,0.0,0.0,,13.92,1.79,4.591886398397351,3.410518739863177,1,1,-1.1813676585341741,78.0,2.0,14654.521299,,,False,18.1,6.1
55006,47.0,0.0,237.0,46.0,130.66666666666666,30.14,103.24917879855684,0.0,0.0,0.0,0.0,,6.38,5.89,2.121120854044058,2.096211776390799,0,0,-0.024909077653259004,82.0,1.0,81137.105672,,,False,7.4,12.2
55007,51.0,0.0,180.0,62.0,124.0,25.06,109.70090635637733,0.0,0.0,0.0,0.0,,6.29,4.28,1.5010522770505326,1.417472739293932,0,0,-0.08357953775660065,86.0,2.0,12062.264954,27258.397,97.0,False,5.6,8.9
55017,46.0,0.0,287.0,59.0,118.66666666666667,33.35,84.76590615392612,0.0,0.0,0.0,0.0,,6.52,4.7,1.6574522254271067,1.57878373382053,0,0,-0.07866849160657674,86.0,1.0,23942.905374,,,False,15.0,3.1
55019,65.0,0.0,162.0,33.0,117.33333333333333,36.18,77.01110041819436,1.0,0.0,1.0,0.0,,9.63,11.3,10.582378277682022,10.813073335128,3,3,0.23069505744597762,75.0,1.0,9357.580369,,,False,2.6,2.6
55020,47.0,0.0,215.0,47.0,140.66666666666666,27.42,78.99408819621465,0.0,0.0,0.0,0.0,,5.85,5.5,2.2954111043038945,2.274610099436916,0,0,-0.020801004866978445,81.0,2.0,89170.762796,193284.079,143.0,False,7.2,6.0
55021,35.0,0.0,185.0,48.0,118.0,25.24,89.77860808014712,0.0,0.0,0.0,0.0,,3.52,4.32,0.4765523089018127,0.4914465959559848,0,0,0.014894287054172062,84.0,1.0,23790.496586,,,False,3.2,8.2
55023,33.0,0.0,187.0,34.0,123.33333333333333,48.22,104.4178662775441,0.0,0.0,1.0,0.0,,6.5,4.29,0.8258423220051644,0.7760061011746873,0,0,-0.04983622083047712,75.0,2.0,65701.278468,197780.588,99.0,False,18.4,8.5
55026,42.0,0.0,224.0,50.0,116.0,26.49,112.06388632665438,0.0,0.0,0.0,0.0,,4.07,2.27,0.912708636652731,0.8363269765959648,0,0,-0.07638166005676628,77.0,2.0,23620.047773,,,False,7.0,3.2
55033,78.0,1.0,213.0,37.0,133.33333333333334,32.24,80.15518154767507,1.0,0.0,1.0,0.0,,15.56,38.57,17.385175212286143,19.430203116174027,3,3,2.0450279038878847,84.0,2.0,36908.458093,,,False,33.3,2.7
55035,52.0,1.0,239.0,33.0,122.66666666666667,33.39,104.35720982662576,0.0,0.0,0.0,0.0,,3.41,3.33,1.9694144544675665,1.9625456770320906,0,0,-0.00686877743547587,75.0,1.0,18008.917501,,,False,5.6,1.2
55038,53.0,1.0,195.0,58.0,129.33333333333334,26.66,89.3882825421137,0.0,0.0,1.0,1.0,,4.94,4.0,1.744697429936245,1.6912013377220458,0,0,-0.053496092214199154,84.0,1.0,21842.228822,,,False,3.9,4.2
55044,79.0,1.0,241.0,62.0,142.66666666666666,26.46,47.46613511698927,0.0,0.0,0.0,0.0,,10.93,20.29,11.906781383874192,12.915850139224172,3,3,1.0090687553499809,81.0,2.0,38826.202591,,,False,18.8,7.1
55045,31.0,0.0,214.0,46.0,117.33333333333333,24.6,115.55758301252014,0.0,0.0,0.0,0.0,,4.43,3.22,0.43053969502276573,0.4103735974658757,0,0,-0.020166097556890028,87.0,2.0,68643.200606,207765.028,138.0,False,6.2,7.8
55047,64.0,1.0,290.0,46.0,119.33333333333333,40.76,82.2269222087342,1.0,1.0,0.0,0.0,,12.19,3.88,11.133520530434502,9.543307941770488,3,2,-1.5902125886640146,82.0,2.0,83381.248558,,,False,3.9,1.9
55054,32.0,0.0,215.0,28.0,114.66666666666667,27.82,125.0136162199124,0.0,1.0,0.0,0.0,,4.25,3.47,1.1319219986738214,1.0981638489362735,0,0,-0.03375814973754787,79.0,1.0,69862.627307,198025.221,139.0,False,3.4,3.5
55055,39.0,0.0,182.0,48.0,108.66666666666667,25.72,92.60040812740436,0.0,1.0,0.0,0.0,,6.62,2.38,1.016216344803599,0.8720244915666119,0,0,-0.14419185323698713,83.0,1.0,83194.20108,251807.104,95.0,False,4.9,3.1
55057,71.0,1.0,196.0,67.0,148.0,30.8,61.708313204888555,1.0,0.0,1.0,1.0,,8.29,5.35,10.71373717103824,10.100865609972795,3,3,-0.6128715610654449,77.0,1.0,14320.924466,34480.755,117.0,False,9.7,8.3
55058,58.0,0.0,204.0,35.0,133.33333333333334,29.86,85.19237179030196,0.0,0.0,0.0,0.0,,6.19,4.22,4.573447985643542,4.3275022469838325,1,1,-0.24594573865970926,87.0,2.0,10549.18737,23666.549,127.0,False,16.9,7.9
55059,52.0,0.0,220.0,55.0,101.33333333333333,24.94,107.720159681458,0.0,0.0,0.0,0.0,,4.65,4.36,1.8217031172761189,1.8043925624538721,0,0,-0.01731055482224675,77.0,2.0,24026.871545,53156.263,152.0,False,13.3,8.9
55063,55.0,0.0,170.0,43.0,106.0,22.28,80.15158975107062,0.0,1.0,0.0,1.0,,6.43,3.28,2.9340547413246187,2.658009365377452,0,0,-0.2760453759471666,83.0,1.0,24836.709619,,,False,0.9,1.9
55072,60.0,1.0,208.0,31.0,110.66666666666667,34.09,97.27831312332631,1.0,0.0,0.0,1.0,,7.79,5.0,5.62897687792317,5.285645722045161,2,2,-0.3433311558780092,75.0,1.0,8567.6299,,,False,20.1,2.3
55073,52.0,1.0,184.0,56.0,100.66666666666667,37.39,102.24076532276526,1.0,1.0,1.0,1.0,,7.76,6.63,4.634793459652208,4.531480072359942,1,1,-0.1033133872922658,76.0,1.0,21900.528534,,,False,9.7,10.6
55079,50.0,0.0,191.0,45.0,131.33333333333334,35.4,55.47747299013163,0.0,0.0,0.0,0.0,,6.26,4.46,2.453641853872032,2.3340442230980405,0,0,-0.11959763077399144,79.0,2.0,14786.890848,32598.877,129.0,False,13.9,8.6
55086,32.0,1.0,228.0,55.0,136.0,23.81,120.34162398399917,0.0,0.0,0.0,0.0,2.0,11.8,8.53,0.532831673818863,0.5076249726505269,0,0,-0.02520670116833612,82.0,2.0,77701.102278,180115.858,145.0,False,11.8,6.4
55092,47.0,0.0,237.0,48.0,120.0,21.87,117.50487188929733,0.0,1.0,0.0,0.0,,6.71,5.08,2.6413497589679436,2.535406970725256,0,0,-0.10594278824268777,84.0,2.0,72766.266019,161044.89,161.0,False,5.1,6.7
55100,36.0,0.0,230.0,60.0,113.33333333333333,24.14,82.85525311060549,0.0,0.0,0.0,0.0,,4.43,6.8,0.4877837409127197,0.5202223052874537,0,0,0.032438564374734025,85.0,2.0,68177.151381,0.0,131.0,False,10.9,15.1
55104,39.0,1.0,173.0,50.0,107.33333333333333,28.83,113.14504972452636,0.0,1.0,0.0,0.0,2.0,3.75,7.34,0.5851920312581318,0.646865683871201,0,0,0.06167365261306923,77.0,1.0,20095.542159,,,False,3.0,4.7
55108,63.0,1.0,203.0,65.0,121.33333333333333,29.34,89.40246856708235,0.0,0.0,0.0,0.0,,5.47,5.0,2.639820929787638,2.6053779526897944,0,0,-0.034442977097843386,86.0,2.0,6249.638458,13930.521,117.0,False,5.2,2.8
55112,30.0,1.0,204.0,35.0,100.66666666666667,30.93,94.46122347763875,0.0,1.0,0.0,0.0,2.0,6.46,5.02,0.6266953417618236,0.6035523533008558,0,0,-0.02314298846096785,76.0,1.0,68102.336097,,,False,9.3,13.3
55115,36.0,1.0,223.0,39.0,133.33333333333334,35.88,86.11567769830677,0.0,0.0,0.0,0.0,2.0,2.23,2.6,0.7786049921033558,0.7966118211136537,0,0,0.01800682901029793,78.0,2.0,36795.950229,87800.795,157.0,False,4.3,4.7
55120,55.0,0.0,160.0,51.0,154.0,27.02,88.88407112743099,0.0,0.0,1.0,1.0,,4.74,2.76,3.262796216388979,3.014641160052581,1,1,-0.2481550563363979,82.0,2.0,24653.356286,54927.449,82.0,False,6.5,3.4
55123,31.0,1.0,207.0,69.0,109.33333333333333,35.09,121.55285861570307,0.0,0.0,0.0,0.0,2.0,1.94,2.92,0.10922607025899209,0.11613284331899391,0,0,0.006906773060001828,89.0,1.0,14506.552361,28675.049,106.0,False,0.7,1.9
55126,63.0,0.0,212.0,57.0,117.33333333333333,21.22,92.2648625813928,0.0,0.0,0.0,0.0,,4.21,3.39,3.925076446448342,3.8035572356232117,1,1,-0.1215192108251304,82.0,2.0,12941.542227,,,False,5.6,2.0
55127,35.0,1.0,221.0,29.0,114.66666666666667,39.6,118.11711889319605,0.0,0.0,0.0,0.0,2.0,3.21,5.22,0.5408533304087738,0.5815702714887797,0,0,0.0407169410800059,82.0,1.0,62773.469744,,,False,4.3,4.8
55134,61.0,1.0,207.0,53.0,118.0,30.78,99.37839857417701,0.0,0.0,1.0,0.0,,6.12,9.38,3.1796281174895054,3.3830106479601234,1,1,0.20338253047061805,82.0,1.0,64090.944933,,,False,3.0,18.1
55138,44.0,1.0,222.0,66.0,125.33333333333333,27.84,79.7797186017523,0.0,0.0,0.0,0.0,2.0,31.64,36.29,0.9136946318979497,0.9325204688029481,0,0,0.018825836904998394,78.0,1.0,27466.731558,57983.466,140.0,False,21.2,61.7
55139,41.0,1.0,222.0,95.0,114.66666666666667,29.43,105.89068592955353,0.0,0.0,0.0,0.0,2.0,5.05,3.91,0.21404149900725947,0.205992921086434,0,0,-0.008048577920825473,84.0,2.0,27555.629653,0.0,112.0,False,10.2,3.6
55143,36.0,0.0,206.0,66.0,123.33333333333333,35.02,100.0329513800521,0.0,0.0,0.0,0.0,,2.92,3.08,0.44644690566450507,0.45004159181809555,0,0,0.0035946861535904873,83.0,2.0,33287.030545,86585.272,128.0,False,3.5,3.2
55146,43.0,1.0,215.0,41.0,92.66666666666667,22.79,114.60902642795718,0.0,1.0,0.0,0.0,2.0,4.59,4.12,1.2452760698683387,1.2254895688534926,0,0,-0.019786501014846136,77.0,2.0,21594.166094,45591.926,132.0,False,6.1,2.1
55147,42.0,1.0,180.0,38.0,140.0,26.34,108.80132082585563,0.0,1.0,0.0,0.0,2.0,2.02,4.68,1.7959801203598753,2.0325105963050443,0,0,0.23653047594516896,83.0,1.0,90557.0515,0.0,,False,2.6,2.9
55150,37.0,0.0,146.0,31.0,122.66666666666667,30.28,116.8958586309369,1.0,0.0,0.0,0.0,,12.5,5.28,2.2226314563419614,1.9567192823857753,0,0,-0.26591217395618605,81.0,1.0,30464.274139,,,False,12.5,1.9
55157,36.0,0.0,200.0,34.0,116.66666666666667,23.7,112.01944372066578,0.0,0.0,0.0,0.0,,11.15,4.19,0.822062698844912,0.7099184251446208,0,0,-0.11214427370029123,86.0,2.0,26792.411843,,,False,25.3,9.9
55158,61.0,1.0,185.0,41.0,126.66666666666667,36.35,89.09405611064034,0.0,0.0,1.0,1.0,,2.96,5.25,3.468654167196021,3.768515051519428,1,1,0.2998608843234072,75.0,2.0,75906.644182,,,False,2.1,3.1
55163,30.0,1.0,224.0,81.0,106.66666666666667,22.08,89.38986249414431,0.0,0.0,0.0,0.0,2.0,3.43,2.46,0.09747834639475127,0.09273791763011253,0,0,-0.004740428764638732,78.0,2.0,75013.62029,173886.112,127.0,False,6.1,3.3
55165,71.0,0.0,170.0,25.0,138.0,30.37,70.99377049143222,0.0,0.0,0.0,0.0,,18.83,12.3,12.034248319417115,11.369943348656353,3,3,-0.664304970760762,87.0,1.0,13215.497789,,,False,14.5,9.1
55167,43.0,1.0,275.0,62.0,124.66666666666667,25.39,101.2440856233302,0.0,0.0,0.0,0.0,2.0,14.46,14.97,0.9711489646901572,0.9761660659909284,0,0,0.005017101300771154,83.0,2.0,21270.615657,,,False,21.4,25.3
55168,68.0,1.0,267.0,59.0,151.33333333333334,31.71,92.55672308639149,0.0,0.0,1.0,0.0,,6.47,5.88,7.098209622523522,7.004131552214199,2,2,-0.09407807030932336,85.0,1.0,5483.250493,,,False,2.2,6.7
55170,55.0,1.0,163.0,64.0,120.66666666666667,38.5,68.16474220847095,0.0,0.0,1.0,1.0,,11.18,2.34,1.6405158345921047,1.3016893442802036,0,0,-0.33882649031190115,84.0,2.0,24216.969057,53651.101,86.0,False,3.8,1.5
55172,37.0,0.0,169.0,60.0,132.66666666666666,22.67,92.69899730441202,0.0,1.0,0.0,0.0,,1.82,2.65,0.9021081144217974,0.9542682555137659,0,0,0.05216014109196854,83.0,2.0,21637.39508,0.0,83.0,False,0.4,4.5
55173,36.0,0.0,221.0,43.0,102.66666666666667,27.23,121.94199268584735,0.0,0.0,0.0,0.0,,17.04,6.24,0.7718346338746219,0.6639174897181146,0,0,-0.10791714415650733,78.0,1.0,24614.504514,,,False,32.2,7.3
55174,70.0,1.0,203.0,50.0,135.33333333333334,36.13,28.780639557317258,1.0,0.0,1.0,1.0,,111.15,117.22,21.328489135555284,21.46273340760744,3,3,0.1342442720521575,86.0,3.0,12306.410044,35703.856,125.0,False,135.6,42.2
55177,47.0,0.0,155.0,22.0,118.66666666666667,27.96,86.1333752069656,0.0,0.0,0.0,0.0,,9.29,5.85,1.8278217509895702,1.7066259832746598,0,0,-0.12119576771491047,85.0,2.0,15989.393546,36132.952,102.0,False,27.6,10.3
55180,62.0,0.0,174.0,42.0,159.33333333333334,34.99,54.484790135146376,1.0,0.0,1.0,0.0,,2.48,8.04,11.282740378302927,13.186483960124454,3,3,1.9037435818215265,83.0,1.0,13047.249117,36924.972,109.0,False,2.7,4.5
55182,31.0,1.0,175.0,64.0,91.33333333333333,21.91,119.33603422198213,0.0,0.0,0.0,0.0,2.0,15.15,10.11,0.14871438865907832,0.13996532025166344,0,0,-0.008749068407414878,85.0,1.0,56333.431437,130584.304,93.0,False,14.7,9.4
55187,33.0,0.0,175.0,60.0,116.66666666666667,28.08,74.38991842310591,0.0,0.0,0.0,0.0,,2.81,2.23,0.28853114718850176,0.27865981352794056,0,0,-0.009871333660561199,86.0,1.0,27801.829851,,,False,2.7,3.1
55189,64.0,0.0,279.0,40.0,114.66666666666667,24.93,76.63133003059869,0.0,1.0,0.0,0.0,,4.5,3.57,8.35519719841521,8.091372947444313,2,2,-0.263824250970897,85.0,2.0,60349.521987,,,False,0.9,4.6
55190,41.0,1.0,214.0,69.0,93.33333333333333,26.22,112.54135658238424,0.0,0.0,0.0,0.0,2.0,21.6,10.34,0.4186880947755786,0.37501799437406175,0,0,-0.043670100401516865,77.0,2.0,17644.519615,37353.068,128.0,False,16.2,15.1
55191,45.0,1.0,185.0,60.0,113.33333333333333,21.99,112.73472028679367,0.0,0.0,0.0,0.0,,41.0,4.33,0.6936538503309166,0.49595619545331043,0,0,-0.1976976548776062,86.0,2.0,68673.980843,,,False,4.1,2.9
55192,48.0,1.0,143.0,31.0,110.0,25.77,107.74697662863548,0.0,0.0,0.0,0.0,,6.76,5.16,0.9402794558639822,0.9032550823429968,0,0,-0.03702437352098542,85.0,2.0,18820.44423,37980.935,88.0,False,16.5,11.0
55193,71.0,0.0,271.0,49.0,120.0,22.81,96.09312972122198,0.0,0.0,0.0,0.0,,7.01,6.04,9.671658543595727,9.476953814423718,2,2,-0.19470472917200965,86.0,3.0,8604.441675,23429.419,181.0,False,9.4,5.8
55194,75.0,1.0,142.0,52.0,101.33333333333333,42.75,22.084156119712002,0.0,0.0,1.0,0.0,,1.64,4.77,9.812774312858002,11.325401854462102,2,3,1.5126275416041004,76.0,2.0,38913.512966,90018.185,71.0,False,0.9,4.1
55196,60.0,0.0,200.0,46.0,116.0,33.14,99.12668769504945,0.0,1.0,0.0,0.0,,3.31,2.53,4.491272331625656,4.320381375883099,1,1,-0.17089095574255708,86.0,2.0,6660.118587,18135.135,131.0,False,4.4,2.1
55198,53.0,0.0,231.0,73.0,139.33333333333334,31.06,72.31168110662146,0.0,0.0,0.0,0.0,,218.2,15.84,4.119646665571639,2.8102091303689987,1,0,-1.3094375352026404,87.0,2.0,13828.874902,,,False,899.0,23.6
55202,69.0,1.0,189.0,47.0,140.0,32.17,91.98287140325584,1.0,0.0,1.0,0.0,,12.95,9.12,11.70731899267873,11.174100891150044,3,3,-0.5332181015286857,76.0,1.0,61415.309874,142071.335,119.0,False,5.7,6.2
55211,36.0,0.0,164.0,29.0,117.33333333333333,30.06,98.84562093034215,0.0,0.0,0.0,0.0,,7.14,2.94,0.7151229177737629,0.6260074997643821,0,0,-0.08911541800938083,75.0,2.0,90136.964446,,,False,8.0,2.5
55212,72.0,0.0,170.0,40.0,130.0,28.4,66.23442571205698,0.0,0.0,1.0,1.0,,10.18,4.2,10.605497470327894,9.403108572249577,3,2,-1.2023888980783166,80.0,1.0,30233.187542,73040.074,92.0,False,5.8,10.5
55214,38.0,0.0,169.0,25.0,115.33333333333333,32.26,115.7360931760583,0.0,0.0,0.0,0.0,,3.77,2.85,0.7802071901150649,0.7481751442503,0,0,-0.032032045864764935,86.0,3.0,18447.49218,40519.706,101.0,False,4.9,6.1
55228,72.0,0.0,199.0,51.0,136.0,19.58,97.06946182328043,0.0,1.0,0.0,0.0,,8.18,5.43,11.649045008666901,11.027173074881235,3,3,-0.6218719337856662,81.0,1.0,12635.930248,,,False,12.6,4.4
55234,48.0,1.0,205.0,61.0,114.0,36.41,114.00886853853515,1.0,0.0,0.0,1.0,,66.13,29.86,2.4924376494800806,2.218224962570489,0,0,-0.2742126869095918,86.0,1.0,18154.046598,42799.567,106.0,False,82.0,22.1
55236,39.0,1.0,234.0,73.0,105.33333333333333,21.91,91.90803861162823,0.0,0.0,0.0,0.0,2.0,15.67,4.0,0.3442356823167782,0.28061413069568664,0,0,-0.06362155162109157,88.0,2.0,21014.207331,,,False,9.4,2.0
55239,62.0,1.0,220.0,58.0,175.33333333333334,26.65,105.47525924105814,0.0,0.0,0.0,0.0,,14.72,15.35,6.186136608340191,6.222748993099934,2,2,0.036612384759743044,81.0,2.0,17268.089923,,,False,7.8,15.5
55244,72.0,0.0,230.0,73.0,130.0,31.09,93.67734209614,0.0,0.0,0.0,0.0,,14.44,8.88,8.96420377222377,8.38282839150763,2,2,-0.5813753807161408,83.0,1.0,16067.601956,,,False,11.7,12.7
55254,65.0,0.0,148.0,42.0,142.0,33.26,77.88374461139381,1.0,0.0,0.0,0.0,,39.74,25.26,11.745033812479045,11.05410576662112,3,3,-0.690928045857925,88.0,1.0,57944.956916,,,False,60.8,19.7
55256,57.0,0.0,166.0,45.0,138.66666666666666,33.55,74.23086385212079,0.0,0.0,1.0,1.0,,3.53,3.86,3.403582193609712,3.4482316960122836,1,1,0.044649502402571706,84.0,1.0,75607.764027,163885.298,98.0,False,4.2,3.4
55258,49.0,1.0,200.0,70.0,117.33333333333333,23.02,72.52899393661075,0.0,0.0,0.0,0.0,,7.44,4.08,0.7982187029492304,0.7298814071610801,0,0,-0.06833729578815029,84.0,2.0,23298.133702,,,False,5.8,4.2
55259,77.0,1.0,195.0,60.0,106.0,34.51,49.58189243400108,0.0,0.0,1.0,0.0,,10.9,4.64,11.681196503788128,10.422065107885098,3,3,-1.2591313959030295,82.0,1.0,21126.316524,45147.263,113.0,False,7.3,2.6
55265,47.0,1.0,279.0,54.0,123.33333333333333,33.8,110.46475422089334,0.0,1.0,0.0,0.0,,6.05,2.95,2.1275952332672037,1.914284780536715,0,0,-0.21331045273048876,88.0,1.0,17216.777874,37385.411,189.0,False,4.6,1.8
55270,39.0,1.0,177.0,62.0,134.0,31.08,79.15781258014536,0.0,0.0,0.0,0.0,2.0,3.57,3.12,0.4892749149226608,0.4795250891364776,0,0,-0.009749825786183164,84.0,1.0,53978.982896,,,False,0.5,3.4
55273,53.0,0.0,170.0,57.0,114.0,18.32,104.27587326191404,0.0,1.0,0.0,0.0,,6.72,4.4,2.326517703352142,2.1855461212529868,0,0,-0.14097158209915506,83.0,1.0,104970.129118,0.0,100.0,False,3.9,3.3
55289,70.0,1.0,209.0,45.0,152.66666666666666,31.71,86.98370655224116,1.0,0.0,0.0,1.0,,9.0,10.0,11.334001306396543,11.493926474906722,3,3,0.15992516851017946,75.0,1.0,15940.170425,,,False,0.9,3.9
55292,71.0,0.0,249.0,46.0,176.0,39.17,90.10692019576665,1.0,0.0,1.0,0.0,,43.31,3.86,24.75172103956322,18.588236690385266,3,3,-6.163484349177953,80.0,2.0,38461.241347,82637.506,170.0,False,55.0,2.7
55294,68.0,0.0,226.0,63.0,118.0,29.67,66.53566255361868,0.0,0.0,1.0,0.0,,2.07,2.25,6.338047563603573,6.413205578269528,2,2,0.07515801466595473,85.0,2.0,60505.945283,,,False,0.6,0.9
55297,68.0,1.0,203.0,68.0,137.33333333333334,26.58,81.42644591374943,0.0,0.0,0.0,0.0,,6.89,3.08,4.690109147980876,4.178451189584532,1,1,-0.5116579583963441,83.0,2.0,26822.499799,,,False,5.1,2.0
55298,63.0,1.0,190.0,29.0,136.0,32.68,87.9927145903853,0.0,1.0,1.0,0.0,,4.97,3.86,8.368735077219291,8.082327348086249,2,2,-0.28640772913304247,76.0,1.0,21922.568874,50713.228,125.0,False,8.7,3.2
55303,71.0,1.0,156.0,46.0,123.33333333333333,44.14,39.87971360640675,1.0,0.0,1.0,0.0,,50.36,45.56,17.129223930499176,16.91682221158335,3,3,-0.2124017189158245,80.0,2.0,45346.4178,98218.525,92.0,False,28.2,56.5
55310,36.0,1.0,177.0,69.0,107.33333333333333,19.91,122.84308845271384,0.0,0.0,0.0,0.0,2.0,42.45,6.67,0.22747011833634148,0.17238658322262596,0,0,-0.055083535113715526,79.0,1.0,62673.30807,145280.522,95.0,False,20.8,10.2
55313,73.0,1.0,183.0,47.0,193.33333333333334,31.48,74.39080185046181,0.0,0.0,1.0,1.0,,5.03,8.1,11.458240122540968,12.204124272216566,3,3,0.7458841496755984,76.0,2.0,38913.512966,,,False,7.3,3.4
55316,49.0,0.0,186.0,44.0,114.66666666666667,31.13,98.12093035908951,0.0,0.0,0.0,0.0,,2.91,2.89,1.3340671957924888,1.3326970824399846,0,0,-0.0013701133525041431,82.0,1.0,66479.511871,147077.092,127.0,False,4.3,4.6
55317,49.0,1.0,150.0,45.0,130.0,45.12,78.36932779069296,0.0,0.0,0.0,0.0,,25.7,50.34,1.588533085491717,1.7542714040367255,0,0,0.16573831854500853,78.0,1.0,16511.412773,,,False,38.8,29.7
55319,73.0,1.0,261.0,53.0,124.0,27.22,93.97179730560603,0.0,0.0,1.0,0.0,,3.38,1.93,7.466877584460444,6.906050418574285,2,2,-0.5608271658861588,80.0,2.0,46452.563179,101182.463,171.0,False,2.6,1.1
55322,33.0,1.0,196.0,61.0,113.33333333333333,24.96,83.22881593887489,0.0,1.0,0.0,0.0,2.0,3.52,4.37,0.37889636435203505,0.39135274102126305,0,0,0.012456376669227998,82.0,2.0,27777.919682,,,False,3.7,8.0
55323,56.0,0.0,204.0,59.0,123.33333333333333,31.36,103.8675723320331,0.0,1.0,0.0,0.0,,17.27,33.96,4.193994640912782,4.624035932425961,1,1,0.43004129151317816,80.0,1.0,69168.638724,,,False,3.8,18.0
55324,46.0,0.0,154.0,44.0,114.0,37.14,119.96474160143883,1.0,0.0,1.0,1.0,,5.9,9.85,2.3790622410238913,2.565588713068385,0,0,0.1865264720444939,79.0,2.0,85741.118073,197975.667,96.0,False,13.4,26.1
55325,30.0,0.0,148.0,38.0,120.0,29.51,69.3418597370546,0.0,0.0,0.0,0.0,,2.98,2.67,0.33849202481936547,0.3329421816359828,0,0,-0.005549843183382641,84.0,1.0,57272.360077,,,False,4.5,2.7
55326,51.0,1.0,247.0,56.0,154.0,28.29,110.42636666590217,0.0,0.0,1.0,1.0,,6.45,2.73,3.046159294242664,2.6872154622667592,1,0,-0.3589438319759046,88.0,2.0,11266.983257,24288.596,170.0,False,2.0,1.2
55328,51.0,1.0,187.0,60.0,112.0,23.01,86.5482906610168,0.0,0.0,0.0,0.0,,4.92,4.14,0.8792780996384418,0.8569788646553179,0,0,-0.022299234983123917,81.0,2.0,107298.217979,,,False,5.9,6.5
55330,52.0,0.0,163.0,48.0,126.66666666666667,26.96,91.65680776065304,0.0,0.0,0.0,0.0,,4.19,2.81,1.8494794101378862,1.7430870597545642,0,0,-0.10639235038332195,78.0,1.0,17639.746152,,,False,7.0,4.5
55331,56.0,0.0,164.0,37.0,124.0,26.84,97.62870706731145,0.0,0.0,0.0,0.0,,2.12,2.22,2.485000093397058,2.501922019291766,0,0,0.01692192589470798,77.0,1.0,92447.874289,212467.193,103.0,False,2.1,2.2
55332,74.0,1.0,134.0,35.0,116.66666666666667,41.41,71.84709820828168,1.0,0.0,1.0,1.0,,22.5,6.58,13.513453486435191,11.497768037159226,3,3,-2.0156854492759653,80.0,1.0,18529.200927,,,False,7.2,5.2
55336,48.0,0.0,196.0,42.0,104.0,24.51,88.57088500812246,0.0,1.0,0.0,0.0,,3.46,7.89,2.157526179813372,2.436556682453719,0,0,0.2790305026403468,76.0,1.0,20202.943323,,,False,4.7,1.5
55340,57.0,1.0,198.0,80.0,102.66666666666667,21.78,84.61493975968628,0.0,0.0,0.0,0.0,,1.67,3.84,0.9484069359036043,1.0733290228071402,0,0,0.1249220869035359,83.0,2.0,111410.02634,,,False,0.4,2.8
55342,61.0,1.0,221.0,94.0,137.33333333333334,24.76,98.33483510581422,0.0,0.0,1.0,0.0,,2.5,3.8,2.115875327462853,2.2500543371581783,0,0,0.13417900969532548,85.0,2.0,65753.130715,143222.748,113.0,False,0.9,2.7
55345,35.0,1.0,183.0,64.0,98.66666666666667,18.12,120.95284063066093,0.0,1.0,0.0,0.0,2.0,75.0,15.15,0.5180901619477616,0.407947317442945,0,0,-0.1101428445048166,80.0,2.0,19099.110994,,,False,15.0,15.0
55349,36.0,1.0,183.0,38.0,116.66666666666667,27.25,102.46165380886283,0.0,1.0,0.0,1.0,2.0,15.64,12.37,0.9454659695571259,0.9130520574179356,0,0,-0.032413912139190315,80.0,1.0,50009.068493,,,False,6.1,4.7
55353,45.0,0.0,280.0,64.0,116.0,35.81,88.19967316881073,0.0,0.0,0.0,0.0,,2.46,1.94,1.1246967749313004,1.0855095452985037,0,0,-0.03918722963279664,75.0,2.0,32299.780843,71963.612,200.0,False,2.8,2.7
55367,72.0,0.0,171.0,56.0,126.66666666666667,29.12,78.08841414719208,0.0,0.0,1.0,0.0,,3.65,2.38,8.650045066927383,8.15322601921243,2,2,-0.49681904771495233,78.0,2.0,34048.168813,,,False,5.4,2.4
55368,51.0,0.0,232.0,70.0,121.33333333333333,25.32,98.14643840148005,0.0,0.0,0.0,0.0,,8.8,2.59,1.7002952296415264,1.4176170820855756,0,0,-0.2826781475559508,79.0,2.0,23240.186953,,,False,6.6,4.5
55369,40.0,1.0,173.0,50.0,126.0,28.99,87.52821257867093,0.0,0.0,0.0,0.0,2.0,12.07,8.3,0.6493480443637434,0.6140695392991077,0,0,-0.0352785050646357,83.0,2.0,88689.181428,202445.886,109.0,False,33.2,15.1
55376,68.0,1.0,243.0,38.0,116.0,25.34,91.01626153692136,0.0,1.0,0.0,0.0,,5.11,3.08,7.005382283267931,6.526147467010923,2,2,-0.4792348162570077,75.0,1.0,7085.366775,,,False,6.9,2.0
55382,44.0,1.0,189.0,74.0,122.0,31.13,114.36865246094389,0.0,0.0,0.0,0.0,2.0,7.59,5.19,0.4598168473251347,0.4344245897157233,0,0,-0.02539225760941144,82.0,2.0,30844.653658,59132.075,98.0,False,2.2,4.2
55384,60.0,1.0,229.0,91.0,150.66666666666666,21.15,80.65519371782192,0.0,0.0,0.0,0.0,,6.96,4.05,2.5173033778135485,2.3253489915200274,0,0,-0.19195438629352113,85.0,1.0,60234.151229,,,False,1.6,3.0
55389,32.0,1.0,141.0,50.0,110.0,22.16,106.70332463484186,0.0,0.0,0.0,0.0,2.0,12.65,5.64,0.17726020476394175,0.15704885102488525,0,0,-0.020211353739056498,81.0,2.0,71929.361138,,,False,6.2,5.3
55397,42.0,1.0,185.0,37.0,96.0,53.49,88.9219632893135,0.0,0.0,0.0,0.0,2.0,4.44,6.61,0.6510404594087029,0.6908404646579575,0,0,0.03980000524925453,78.0,1.0,26935.675201,,,False,10.3,16.4
55398,47.0,1.0,194.0,49.0,94.66666666666667,25.08,77.28474091086058,0.0,0.0,1.0,0.0,,9.45,6.33,1.176582440979878,1.1086523838818756,0,0,-0.06793005709800237,84.0,2.0,73240.231093,169142.774,114.0,False,15.6,3.1
55405,51.0,0.0,212.0,68.0,124.66666666666667,21.99,88.98314729327959,0.0,0.0,0.0,0.0,,5.53,3.55,1.5991967948099308,1.4972122447762009,0,0,-0.10198455003372997,78.0,1.0,17577.44201,0.0,132.0,False,6.3,5.9
55406,61.0,0.0,169.0,72.0,120.0,23.88,63.08269521490697,0.0,0.0,0.0,0.0,,3.21,2.68,2.475514653656631,2.410572113700322,0,0,-0.06494253995630883,88.0,2.0,57944.956916,,,False,1.7,3.0
55413,71.0,0.0,137.0,45.0,138.66666666666666,29.53,51.948477792391614,1.0,0.0,0.0,1.0,,19.11,12.3,11.078053318397815,10.439396909742426,3,3,-0.6386564086553896,79.0,1.0,27796.135095,64186.835,69.0,False,23.7,7.5
55417,52.0,1.0,167.0,54.0,116.0,24.47,70.30853181505444,0.0,0.0,0.0,0.0,,5.17,5.34,1.1207812365360275,1.1261765268700055,0,0,0.005395290333978009,86.0,2.0,84925.255206,,,False,4.5,3.9
55420,31.0,0.0,239.0,57.0,107.33333333333333,25.03,117.1000577029324,0.0,1.0,0.0,0.0,,4.06,3.95,0.6220023769444585,0.6194437409138241,0,0,-0.0025586360306343314,80.0,1.0,15455.722014,46780.431,168.0,False,2.8,4.5
55423,67.0,0.0,205.0,45.0,123.33333333333333,45.95,96.99936643043588,0.0,0.0,1.0,1.0,,9.56,4.42,8.09987093134605,7.2739593312922,2,2,-0.8259116000538498,86.0,3.0,5268.900286,14346.924,133.0,False,30.6,9.2
55424,47.0,1.0,189.0,76.0,113.33333333333333,25.9,92.78689431000524,0.0,1.0,0.0,0.0,,21.97,5.52,1.009256381013856,0.8218006542997266,0,0,-0.18745572671412936,77.0,1.0,18372.138824,,,False,29.0,4.8
55427,74.0,1.0,238.0,64.0,142.66666666666666,32.51,65.33810739316206,0.0,0.0,1.0,0.0,,13.41,3.71,10.31362254488349,8.660942055528109,3,2,-1.6526804893553813,82.0,2.0,13964.702261,,,False,5.9,2.6
55429,31.0,1.0,201.0,62.0,105.33333333333333,26.01,100.95952188413142,0.0,0.0,0.0,0.0,2.0,4.7,3.55,0.15416055002881243,0.147810611280404,0,0,-0.006349938748408446,84.0,1.0,53978.982896,,,False,8.6,4.3
55435,46.0,1.0,159.0,59.0,112.0,27.27,104.36170362805939,0.0,0.0,0.0,0.0,,4.93,5.71,0.49990836279243217,0.5109967553698451,0,0,0.011088392577412953,81.0,1.0,79071.733525,,,False,16.8,15.3
55438,50.0,0.0,270.0,31.0,124.66666666666667,31.81,98.75874260563498,0.0,0.0,0.0,0.0,,9.65,5.63,3.582910613464865,3.312189066065634,1,1,-0.27072154739923127,80.0,1.0,72579.314382,,,False,22.0,11.1
55441,56.0,1.0,208.0,79.0,100.0,20.92,89.0874558563461,0.0,0.0,0.0,0.0,,10.5,3.13,1.1843640830874451,0.9895322562718977,0,0,-0.19483182681554745,77.0,1.0,22906.313201,49810.934,121.0,False,4.2,3.5
55446,53.0,1.0,254.0,49.0,152.66666666666666,30.86,80.73000160467343,0.0,0.0,0.0,0.0,,17.65,17.93,3.877916142746658,3.8867333177316197,1,1,0.008817174984961706,86.0,1.0,21678.824091,,,False,18.0,29.4
55447,65.0,1.0,236.0,41.0,139.33333333333334,27.45,97.64721745683356,0.0,0.0,1.0,0.0,,26.67,27.97,7.649195099654913,7.699819369992354,2,2,0.050624270337440436,85.0,1.0,60011.176768,,,False,7.2,19.3
55451,55.0,0.0,220.0,50.0,140.66666666666666,27.9,105.31775544273104,0.0,0.0,0.0,0.0,,5.16,4.51,3.5236677239349667,3.4551998924371263,1,1,-0.06846783149784041,83.0,1.0,24730.94803,54734.055,150.0,False,3.2,5.1
55453,37.0,0.0,239.0,47.0,126.66666666666667,25.06,89.64586814075305,0.0,0.0,0.0,0.0,,4.89,2.82,0.9735931888360833,0.8966338788405245,0,0,-0.07695930999555878,75.0,1.0,44803.365457,94876.95,163.0,False,8.9,2.9
55455,39.0,0.0,222.0,83.0,114.0,26.71,113.35632838072446,0.0,0.0,0.0,0.0,,3.74,4.23,0.3719042454958174,0.378856726080987,0,0,0.006952480585169618,86.0,1.0,66692.699479,197774.186,122.0,False,4.0,3.3
55459,36.0,0.0,182.0,42.0,110.0,23.91,90.20514000880766,0.0,0.0,0.0,0.0,,8.65,3.73,0.53648496169476,0.4727935017184573,0,0,-0.06369145997630271,85.0,2.0,24697.250831,55606.203,127.0,False,17.3,5.7
55460,32.0,0.0,229.0,45.0,126.0,34.68,106.37045861360633,0.0,1.0,0.0,0.0,,4.57,2.54,1.1971325242876372,1.0966408172311928,0,0,-0.10049170705644439,76.0,1.0,73733.448629,,,False,10.1,5.2
55464,42.0,0.0,232.0,29.0,122.66666666666667,35.0,99.95648043460334,1.0,1.0,0.0,0.0,,7.72,4.74,6.968831413263891,6.5061671607576175,2,2,-0.46266425250627385,80.0,1.0,16822.524734,,,False,24.4,3.6
55471,38.0,0.0,238.0,50.0,120.66666666666667,32.68,92.12426352112466,0.0,0.0,0.0,0.0,,5.52,5.77,0.8679775741402519,0.8737518221036319,0,0,0.005774247963379997,83.0,2.0,80133.964096,227139.267,169.0,False,10.0,6.4
55473,54.0,0.0,169.0,26.0,136.0,40.12,98.85065537476594,0.0,0.0,1.0,0.0,,8.62,7.22,4.4675443740365015,4.35470272114001,1,1,-0.11284165289649195,77.0,1.0,101172.924903,,,False,8.1,10.9
55476,42.0,1.0,235.0,47.0,102.66666666666667,24.23,101.87571505668161,0.0,0.0,0.0,0.0,2.0,3.77,3.28,0.6141343806975744,0.601507572196773,0,0,-0.012626808500801445,85.0,2.0,18820.44423,40556.922,169.0,False,2.6,3.8
55477,33.0,0.0,163.0,42.0,122.0,30.94,115.65251831363415,0.0,1.0,0.0,1.0,,5.08,3.66,0.7418933758653434,0.7063115923971653,0,0,-0.035581783468178085,81.0,1.0,24660.400133,51601.254,99.0,False,3.0,5.3
55483,56.0,1.0,218.0,57.0,136.66666666666666,33.01,98.06885034418413,0.0,0.0,1.0,0.0,,15.91,4.47,3.1886655123820686,2.6500079630811175,1,0,-0.5386575493009511,87.0,1.0,31353.938018,69462.586,137.0,False,14.8,6.8
55484,59.0,1.0,204.0,66.0,154.0,35.78,101.35984032990763,0.0,0.0,1.0,0.0,,15.74,4.48,4.069223770934194,3.3933995045841403,1,1,-0.6758242663500535,88.0,1.0,76515.325955,,,False,9.6,1.3
55492,44.0,1.0,263.0,47.0,116.0,21.72,79.7797186017523,0.0,1.0,0.0,0.0,2.0,8.89,1.9,1.88503850030937,1.5011100823658605,0,0,-0.3839284179435094,80.0,2.0,20013.359204,,,False,4.8,1.9
55493,36.0,0.0,164.0,39.0,112.66666666666667,28.38,119.9402107001822,1.0,0.0,0.0,1.0,,14.38,3.09,1.4339477075070026,1.140204946172117,0,0,-0.2937427613348855,86.0,2.0,22238.736217,52429.538,90.0,False,20.7,6.4
55495,47.0,0.0,199.0,49.0,118.66666666666667,26.91,107.85436094809224,0.0,0.0,1.0,1.0,,5.49,5.9,1.545257135077998,1.5618914010955283,0,0,0.016634266017530264,76.0,2.0,84551.439388,177283.71,130.0,False,9.0,2.3
55498,78.0,0.0,244.0,59.0,128.0,30.14,84.04680825122445,0.0,1.0,0.0,0.0,,10.24,12.52,16.561522466912837,16.985276148689103,3,3,0.42375368177626527,81.0,1.0,13165.163911,,,False,12.9,13.9
55502,56.0,0.0,246.0,81.0,133.33333333333334,23.08,77.93550540250891,0.0,0.0,0.0,0.0,,11.29,2.5,2.8554128130871472,2.2873285987830827,0,0,-0.5680842143040645,78.0,2.0,23716.595191,,,False,32.4,3.8
55503,35.0,0.0,235.0,39.0,124.0,31.79,120.20668254684914,0.0,0.0,0.0,0.0,,4.43,4.18,0.8703312032443208,0.8627958305164478,0,0,-0.007535372727872969,86.0,2.0,26792.411843,58849.227,165.0,False,4.3,7.1
55504,46.0,1.0,208.0,57.0,146.66666666666666,31.55,112.4904879347848,0.0,0.0,0.0,0.0,,8.81,3.54,1.4314172610268217,1.2505991246606236,0,0,-0.18081813636619803,82.0,2.0,27433.931898,,,False,14.8,5.2
55506,30.0,0.0,192.0,32.0,113.33333333333333,32.91,107.70182113770939,0.0,0.0,0.0,0.0,,4.48,2.78,0.4268035407655265,0.3972493253411522,0,0,-0.029554215424374308,78.0,2.0,33906.530295,74475.307,113.0,False,6.4,6.7
55508,48.0,0.0,234.0,90.0,104.0,21.46,108.3551192593596,0.0,1.0,0.0,0.0,,4.25,5.66,1.2238781397135219,1.2772993615540864,0,0,0.053421221840564526,87.0,2.0,20583.299791,42645.468,126.0,False,4.5,8.1
55511,73.0,1.0,154.0,51.0,143.33333333333334,28.6,81.39993921676408,1.0,0.0,1.0,1.0,,23.5,11.0,13.125903797013263,11.880134199090495,3,3,-1.2457695979227683,82.0,1.0,12482.610156,,,False,9.4,1.1
55515,36.0,0.0,267.0,45.0,119.33333333333333,32.95,117.18467861179877,0.0,1.0,1.0,1.0,,6.77,3.03,2.3588335324329877,2.0948185437814013,0,0,-0.26401498865158635,83.0,1.0,83194.20108,251899.685,194.0,False,13.0,6.4
55520,61.0,1.0,290.0,59.0,123.33333333333333,38.83,54.19854571401825,1.0,0.0,1.0,0.0,,7.64,3.99,8.518375480683297,7.78852927420075,2,2,-0.7298462064825468,81.0,1.0,6912.351852,,,False,13.6,6.3
55522,39.0,0.0,181.0,55.0,132.66666666666666,26.41,111.79297257551902,0.0,1.0,0.0,0.0,,5.91,6.17,1.398261701139948,1.4072535161306374,0,0,0.00899181499068935,80.0,1.0,58510.98972,177097.474,103.0,False,1.3,10.0
55526,69.0,0.0,227.0,41.0,136.0,25.6,86.64460089883947,0.0,0.0,1.0,0.0,,7.88,6.83,11.039204303532285,10.828911274880472,3,3,-0.21029302865181343,83.0,1.0,21807.213567,,,False,2.6,4.1
55527,78.0,0.0,141.0,28.0,125.33333333333333,32.09,88.94191472207395,0.0,0.0,1.0,0.0,,7.78,5.16,15.877693957038613,15.066906221596597,3,3,-0.8107877354420161,76.0,2.0,10399.3983,,,False,9.1,6.4
55529,39.0,0.0,205.0,40.0,120.66666666666667,27.81,115.45084346071906,0.0,0.0,0.0,0.0,,5.66,3.86,0.9223285920958387,0.8709813907453178,0,0,-0.051347201350520955,77.0,1.0,20657.463731,,,False,19.4,7.1
55532,36.0,0.0,238.0,37.0,122.0,30.86,119.9402107001822,0.0,1.0,0.0,0.0,,7.52,8.06,1.7846669044243144,1.8031153196367895,0,0,0.01844841521247509,86.0,2.0,20193.628772,,,False,9.4,25.8
55533,49.0,0.0,167.0,41.0,112.66666666666667,33.87,78.01759803533186,0.0,0.0,0.0,0.0,,3.82,1.68,1.3148566856499364,1.1632488545566786,0,0,-0.15160783109325782,79.0,2.0,21729.182169,,,False,5.8,4.1
55536,53.0,1.0,219.0,77.0,107.33333333333333,27.96,106.83648525208741,0.0,0.0,0.0,0.0,,5.29,2.71,0.812629384544454,0.7355657633976918,0,0,-0.07706362114676224,87.0,1.0,14770.594178,29584.981,120.0,False,10.8,1.6
55547,31.0,0.0,208.0,43.0,116.66666666666667,40.14,131.69483325748777,1.0,0.0,0.0,0.0,,33.28,6.93,1.78993268011351,1.4176721910477825,0,0,-0.3722604890657275,78.0,2.0,33211.444479,72948.559,117.0,False,60.9,12.2
55557,56.0,1.0,226.0,48.0,103.33333333333333,33.43,90.47762866917799,0.0,0.0,0.0,1.0,,4.74,1.89,1.7791063139692684,1.553292122755243,0,0,-0.22581419121402546,89.0,2.0,14807.743545,,,False,2.7,0.7
55559,62.0,0.0,183.0,63.0,131.33333333333334,26.02,102.86878441383074,0.0,0.0,0.0,0.0,,5.41,5.17,3.7119394722394805,3.6875262915689997,1,1,-0.024413180670480816,75.0,1.0,9282.841024,23222.247,98.0,False,9.3,3.0
55560,65.0,0.0,246.0,75.0,100.0,24.42,93.5328551241116,0.0,0.0,0.0,0.0,,2.95,3.14,4.20513460384395,4.24326776120876,1,1,0.038133157364810266,80.0,2.0,74313.517349,,,False,4.4,3.7
55562,55.0,1.0,265.0,86.0,125.33333333333333,35.98,103.53137420718461,0.0,0.0,1.0,1.0,,5.67,16.15,1.60515559419974,1.8731662440736572,0,0,0.2680106498739172,75.0,1.0,19760.138354,,,False,1.7,10.5
55563,61.0,0.0,200.0,40.0,107.33333333333333,31.93,63.674556554809556,0.0,0.0,1.0,0.0,,3.2,2.43,4.614627853881631,4.435079757533553,1,1,-0.17954809634807756,84.0,2.0,9387.789425,,,False,5.8,5.2
55564,32.0,1.0,197.0,29.0,106.0,21.09,89.49011278537513,0.0,1.0,0.0,0.0,2.0,3.33,2.48,0.7157044650755837,0.6849420178992724,0,0,-0.03076244717631127,78.0,2.0,36084.51781,,,False,4.1,2.9
55567,40.0,0.0,201.0,49.0,114.0,27.9,102.47397251795175,0.0,0.0,0.0,0.0,,3.68,3.31,0.6765111598769146,0.6658436725803846,0,0,-0.010667487296529998,85.0,2.0,20708.126413,45652.712,103.0,False,5.0,4.8
55580,60.0,1.0,208.0,71.0,136.0,66.96,65.2775454707136,0.0,0.0,1.0,0.0,,10.3,4.04,3.3997890621763016,2.96738428135208,1,0,-0.43240478082422174,76.0,2.0,23251.55708,,,False,17.3,1.9
55593,53.0,0.0,223.0,97.0,125.33333333333333,24.81,104.65370210703844,0.0,0.0,0.0,0.0,,10.0,9.55,1.3990010997105902,1.3894423093957178,0,0,-0.00955879031487239,79.0,1.0,90382.442658,,,False,5.4,4.2
55598,50.0,1.0,205.0,65.0,120.66666666666667,26.97,91.07173614677602,0.0,0.0,0.0,0.0,,5.0,4.51,0.9257518862099872,0.9116579251608427,0,0,-0.01409396104914451,80.0,1.0,79719.201422,173353.428,127.0,False,1.2,6.0
55600,71.0,0.0,221.0,88.0,133.33333333333334,23.81,69.48861962463256,0.0,0.0,1.0,0.0,,59.53,100.28,10.742478346224816,11.521225097716762,3,3,0.7787467514919459,86.0,3.0,24958.603453,,,False,75.6,143.4
55605,72.0,1.0,236.0,75.0,139.33333333333334,18.9,94.92933701489198,0.0,0.0,0.0,0.0,,14.31,7.88,6.488993274872528,5.966228728812145,2,2,-0.5227645460603831,80.0,1.0,34966.865728,,,False,19.6,2.6
55606,32.0,1.0,185.0,34.0,132.66666666666666,31.64,82.68007038905716,0.0,0.0,1.0,0.0,2.0,4.67,5.71,0.7484342972290451,0.7711921479382914,0,0,0.022757850709246297,86.0,1.0,62158.373253,,,False,2.1,4.8
55616,44.0,0.0,230.0,42.0,109.33333333333333,22.11,110.67860187199427,0.0,1.0,0.0,0.0,,8.8,5.45,2.040407088510224,1.9006985187686285,0,0,-0.13970856974159562,75.0,2.0,19863.690695,,,False,11.0,0.6
55617,33.0,0.0,189.0,42.0,122.0,35.62,99.52355921793799,0.0,0.0,0.0,0.0,,3.72,3.52,0.5216535078235061,0.5173408148236772,0,0,-0.004312692999828838,75.0,2.0,69355.104673,196586.651,119.0,False,5.4,8.3
55620,40.0,0.0,229.0,32.0,121.33333333333333,32.38,105.09586469420975,0.0,0.0,0.0,0.0,,4.28,2.7,1.272405091564295,1.18790958534831,0,0,-0.08449550621598512,81.0,1.0,17582.443631,39430.794,168.0,False,5.9,5.0
55626,40.0,0.0,205.0,45.0,125.33333333333333,30.22,111.0998561455508,0.0,0.0,0.0,0.0,,2.58,5.0,0.8950113552663139,0.9881259452108713,0,0,0.09311458994455735,75.0,1.0,31944.033487,,,False,0.8,6.5
55628,57.0,1.0,224.0,61.0,128.66666666666666,29.13,84.61493975968628,0.0,0.0,0.0,0.0,,5.25,3.32,2.0885757172040433,1.952433591782003,0,0,-0.1361421254220403,76.0,2.0,98244.250886,,,False,6.4,6.1
55629,62.0,0.0,181.0,51.0,114.66666666666667,28.84,103.73542493745721,0.0,0.0,0.0,0.0,,5.08,4.49,3.452024262967018,3.39042562072514,1,1,-0.06159864224187794,82.0,1.0,6764.385438,,,False,3.2,2.2
55633,39.0,1.0,163.0,72.0,117.33333333333333,19.49,118.4765361160405,0.0,0.0,0.0,0.0,2.0,11.18,9.14,0.25632228448534616,0.24870501395158454,0,0,-0.0076172705337616275,82.0,1.0,52365.581372,121386.587,80.0,False,1.9,10.6
55638,37.0,1.0,135.0,54.0,99.33333333333333,30.4,115.37618543682674,0.0,0.0,0.0,0.0,2.0,17.98,6.18,0.25980661667747357,0.2214066963894085,0,0,-0.038399920288065076,89.0,2.0,13078.496384,,,False,38.3,7.6
55639,33.0,0.0,280.0,72.0,122.66666666666667,26.81,119.39162301222716,0.0,1.0,0.0,0.0,,2.67,5.89,0.8297493747406441,0.9340639008148498,0,0,0.10431452607420566,76.0,2.0,71459.137381,215113.473,184.0,False,3.1,6.3
55647,37.0,0.0,244.0,41.0,114.0,35.05,116.8958586309369,0.0,0.0,0.0,0.0,,3.53,5.35,0.7725935763524093,0.8222473354185837,0,0,0.04965375906617442,76.0,2.0,27237.056687,56992.842,163.0,False,5.4,7.7
55662,65.0,0.0,207.0,58.0,118.66666666666667,35.37,84.53793376559683,1.0,0.0,1.0,1.0,,8.68,3.02,8.921474675467946,7.708069304681027,2,2,-1.2134053707869192,77.0,1.0,54784.845182,132354.193,128.0,False,7.9,3.9
55664,62.0,0.0,187.0,62.0,148.0,26.71,99.31968379188227,0.0,0.0,1.0,1.0,,2.03,2.61,4.14613194671675,4.299607451562871,1,1,0.1534755048461207,76.0,2.0,58644.199424,150218.589,109.0,False,1.3,3.0
55665,53.0,1.0,223.0,46.0,106.66666666666667,31.42,113.76495476495441,1.0,0.0,0.0,0.0,,5.14,6.18,3.0175682060881255,3.0995826111147506,1,1,0.08201440502662516,78.0,2.0,14378.292026,34145.128,104.0,False,5.7,2.1
55666,41.0,0.0,203.0,54.0,103.33333333333333,23.86,112.35591131463279,1.0,1.0,0.0,0.0,,7.08,7.0,3.126689840932979,3.121496347402178,1,1,-0.005193493530800897,75.0,2.0,19858.077122,,,False,3.4,1.4
55667,44.0,1.0,201.0,68.0,108.0,32.08,87.82274910479485,0.0,0.0,0.0,0.0,2.0,11.2,4.43,0.4781421396265738,0.4162515354812755,0,0,-0.06189060414529829,78.0,2.0,37483.453805,,,False,56.2,6.2
55670,31.0,1.0,191.0,51.0,120.66666666666667,25.42,105.69790986592301,0.0,0.0,0.0,0.0,2.0,4.52,3.47,0.253399305303453,0.243563902930972,0,0,-0.009835402372481011,83.0,1.0,36963.347796,,,False,1.9,6.0
55671,62.0,1.0,231.0,70.0,158.66666666666666,29.71,109.90289085266065,0.0,1.0,0.0,0.0,,6.0,4.71,5.681366321725596,5.489741522705879,2,2,-0.19162479901971707,85.0,2.0,4987.78618,11198.911,128.0,False,3.9,1.6
55672,39.0,1.0,189.0,58.0,120.66666666666667,20.1,113.94995579797829,0.0,1.0,0.0,0.0,2.0,9.69,4.7,0.7895312454009672,0.7088433360824148,0,0,-0.08068790931855241,75.0,1.0,33742.986272,70720.419,114.0,False,18.9,8.5
55678,57.0,0.0,272.0,51.0,160.0,31.95,76.62320184642616,1.0,0.0,0.0,0.0,,6.91,3.93,11.75130329833609,10.89595846427493,3,3,-0.8553448340611602,87.0,1.0,12741.448063,,,False,19.5,4.2
55679,52.0,0.0,217.0,64.0,122.0,23.03,71.33376787166164,0.0,0.0,0.0,1.0,,10.14,2.7,1.9118948744126434,1.5710518205278623,0,0,-0.3408430538847811,85.0,2.0,12553.070826,,,False,7.2,4.0
55685,60.0,0.0,154.0,48.0,114.66666666666667,38.66,98.78120337095567,0.0,0.0,1.0,1.0,,5.51,2.86,2.9653701654385283,2.6933330350610927,0,0,-0.2720371303774356,81.0,2.0,57398.774363,140766.21,87.0,False,9.8,2.0
55686,59.0,0.0,188.0,51.0,111.33333333333333,22.04,86.700161782722,0.0,0.0,0.0,0.0,,3.65,2.25,2.612132436797911,2.4325790643752354,0,0,-0.17955337242267566,77.0,2.0,103447.755736,,,False,3.5,3.9
55687,60.0,1.0,185.0,65.0,144.66666666666666,29.37,79.50435272972467,1.0,0.0,1.0,1.0,,5.56,3.18,5.886696418668529,5.438845310139909,2,2,-0.44785110852861987,86.0,1.0,65573.061923,,,False,2.0,2.8
55690,32.0,0.0,213.0,44.0,134.0,25.7,90.4814472002287,0.0,0.0,0.0,0.0,,3.66,2.95,0.7330606139189717,0.70973905392954,0,0,-0.02332155998943175,78.0,2.0,33061.224604,,,False,9.7,3.6
55691,64.0,0.0,165.0,59.0,155.33333333333334,26.08,54.71565782733128,0.0,1.0,0.0,1.0,,1.37,1.65,5.555008805960357,5.704191155651342,2,2,0.1491823496909852,78.0,2.0,11286.80413,,,False,2.5,3.3
55697,50.0,1.0,215.0,44.0,124.66666666666667,35.97,113.648234269975,0.0,0.0,0.0,0.0,,16.67,10.58,1.6947333789839312,1.5846951202427877,0,0,-0.11003825874114348,88.0,1.0,11266.983257,24288.596,133.0,False,3.0,7.3
55703,50.0,0.0,201.0,66.0,92.66666666666667,24.12,110.38529518653382,0.0,0.0,0.0,0.0,,9.86,4.68,1.519163828722405,1.3596799818773722,0,0,-0.1594838468450328,86.0,3.0,9605.662605,,,False,7.3,7.4
55704,79.0,1.0,235.0,70.0,156.66666666666666,23.79,92.38299648169587,0.0,0.0,0.0,0.0,,13.0,8.42,11.290232460946736,10.653478771252802,3,3,-0.6367536896939345,87.0,2.0,40169.574676,,,False,3.9,4.8
55709,59.0,0.0,178.0,45.0,116.66666666666667,24.11,93.38271223437872,0.0,1.0,0.0,1.0,,3.36,5.63,3.648578102198584,3.9327126928150573,1,1,0.2841345906164734,83.0,2.0,23878.577942,58780.418,122.0,False,3.9,1.8
55721,60.0,0.0,168.0,41.0,136.0,28.0,74.40888008573589,0.0,0.0,0.0,1.0,,5.88,3.04,3.933959302464181,3.574281060392416,1,1,-0.359678242071765,77.0,2.0,61687.7486,152110.711,110.0,False,10.7,6.8
55725,75.0,1.0,190.0,84.0,119.33333333333333,28.47,60.1921207066717,0.0,0.0,1.0,0.0,,8.14,2.74,8.089139707849094,6.95414751954999,2,2,-1.1349921882991039,81.0,2.0,15296.174061,,,False,7.9,1.7
55732,39.0,0.0,273.0,81.0,133.33333333333334,25.27,98.18385044368304,0.0,0.0,0.0,0.0,,4.14,4.0,0.8037106984204211,0.7995796518021359,0,0,-0.004131046618285228,79.0,1.0,25016.252625,,,False,8.7,1.0
55737,72.0,1.0,157.0,59.0,138.0,35.02,71.7324752069479,0.0,0.0,1.0,0.0,,6.17,3.68,7.882270593551257,7.337047541674647,2,2,-0.5452230518766106,82.0,2.0,15007.097166,0.0,78.0,False,5.8,3.9
55740,39.0,1.0,201.0,47.0,106.0,28.88,86.86085615638515,0.0,0.0,0.0,0.0,2.0,4.08,3.67,0.43042420799982967,0.42366390244353264,0,0,-0.0067603055562970304,84.0,1.0,18635.311995,,,False,7.5,5.1
55747,36.0,0.0,211.0,52.0,115.33333333333333,24.51,98.84562093034215,0.0,0.0,0.0,0.0,,3.58,2.18,0.5120831895342493,0.4753024679092127,0,0,-0.03678072162503654,83.0,1.0,66800.422833,,,False,5.7,2.2
55750,54.0,1.0,196.0,44.0,118.0,27.87,55.450958928462335,0.0,0.0,1.0,0.0,,4.71,3.33,2.526444111852911,2.4013845729312897,0,0,-0.12505953892162136,84.0,1.0,79625.602161,181149.834,119.0,False,1.6,3.5
55753,67.0,0.0,181.0,38.0,123.33333333333333,30.52,93.92610037439826,0.0,0.0,0.0,0.0,,4.0,3.41,6.068027804004283,5.932118670838848,2,2,-0.13590913316543585,76.0,2.0,58644.199424,,,False,3.8,7.3
55755,44.0,1.0,209.0,62.0,142.0,33.3,95.99058704884304,0.0,0.0,0.0,0.0,2.0,4.5,38.56,0.975772163583939,1.3421187938307746,0,0,0.36634663024683556,78.0,1.0,26935.675201,,,False,3.6,126.1
55757,30.0,1.0,153.0,67.0,123.33333333333333,71.3,115.28087958949364,0.0,0.0,1.0,0.0,2.0,2.61,1.75,0.14781345921790864,0.1392162321297626,0,0,-0.008597227088146031,82.0,2.0,21861.562424,43213.67,74.0,False,3.6,1.0
55760,62.0,1.0,275.0,56.0,134.0,27.15,77.41432358209563,0.0,0.0,0.0,0.0,,2.73,3.27,3.456937836929899,3.5485156216524625,1,1,0.0915777847225634,82.0,2.0,21465.938863,46744.484,188.0,False,3.6,3.4
55761,30.0,1.0,136.0,26.0,109.33333333333333,27.6,109.76977174070818,0.0,0.0,0.0,0.0,2.0,8.65,5.13,0.2538818494857625,0.23477530336720565,0,0,-0.019106546118556833,77.0,1.0,63360.142345,,,False,3.2,4.1
55768,48.0,0.0,181.0,35.0,126.66666666666667,33.9,60.44045796849744,1.0,0.0,1.0,0.0,,2.95,4.14,4.721774254740575,4.957409831006901,1,1,0.23563557626632559,78.0,1.0,18504.106473,,,False,9.6,11.5
55770,56.0,1.0,195.0,71.0,116.0,50.65,110.54619637965278,0.0,0.0,0.0,0.0,,8.07,7.23,1.2499975729532589,1.2297927400226485,0,0,-0.020204832930610372,81.0,1.0,12763.087848,27513.797,111.0,False,9.2,3.4
55774,43.0,1.0,255.0,55.0,105.33333333333333,26.82,93.69905139296438,0.0,0.0,0.0,0.0,2.0,2.98,2.51,0.5993713661688614,0.584213729404721,0,0,-0.015157636764140392,78.0,1.0,28382.289276,59916.248,187.0,False,4.5,4.3
55776,43.0,0.0,195.0,49.0,107.33333333333333,26.28,111.77752069424889,0.0,1.0,0.0,0.0,,4.26,3.45,1.3164842798821228,1.2757456371935145,0,0,-0.04073864268860827,78.0,2.0,23670.603677,51307.746,131.0,False,5.5,9.8
55779,59.0,1.0,193.0,61.0,120.66666666666667,27.91,90.20918233057064,0.0,0.0,1.0,0.0,,80.98,5.0,3.6653644201493782,2.443610978750614,1,0,-1.2217534413987643,88.0,2.0,8600.01821,0.0,103.0,False,132.0,3.7
55783,52.0,1.0,227.0,74.0,108.66666666666667,28.99,71.18830140728049,0.0,0.0,0.0,0.0,,11.69,2.04,0.9881008883450872,0.76202961538098,0,0,-0.22607127296410723,79.0,1.0,87766.123009,190851.865,130.0,False,6.9,1.0
55784,62.0,0.0,291.0,45.0,138.66666666666666,29.17,87.18576735000006,0.0,0.0,0.0,0.0,,17.89,8.87,8.611982059563365,7.813925416523424,2,2,-0.7980566430399412,86.0,3.0,5268.900286,,,False,19.5,10.2
55789,56.0,0.0,181.0,37.0,116.0,25.08,90.50063778359142,1.0,0.0,0.0,0.0,,3.78,2.82,4.812310884377854,4.613649012925121,1,1,-0.19866187145273262,78.0,2.0,15143.499508,35962.319,116.0,False,8.5,2.9
55796,72.0,1.0,184.0,65.0,161.33333333333334,29.26,94.19413571969443,0.0,0.0,1.0,1.0,,5.85,5.22,7.55222181938692,7.4336573267647,2,2,-0.11856449262222046,87.0,1.0,18803.571105,,,False,2.4,3.5
55797,43.0,0.0,178.0,37.0,131.33333333333334,32.51,108.67884593806437,0.0,0.0,0.0,0.0,,14.48,9.23,1.623198164002486,1.5181098382243512,0,0,-0.10508832577813476,77.0,1.0,81895.402401,,,False,15.2,14.3
55800,78.0,0.0,222.0,73.0,109.33333333333333,19.35,73.49550129996777,0.0,0.0,0.0,0.0,,12.3,6.97,12.118787800801037,11.234598149831376,3,3,-0.8841896509696614,83.0,2.0,14932.548383,0.0,133.0,False,37.5,16.1
55802,55.0,1.0,221.0,58.0,114.66666666666667,26.45,103.53137420718461,0.0,0.0,1.0,1.0,,5.38,3.9,1.8005388554619255,1.7171043273109203,0,0,-0.08343452815100516,75.0,2.0,35053.704179,,,False,7.1,5.7
55808,49.0,0.0,173.0,47.0,116.0,31.83,69.25729395323054,0.0,0.0,0.0,0.0,,6.17,1.62,1.4158078772265872,1.1599241225728019,0,0,-0.2558837546537853,78.0,2.0,28419.766067,,,False,5.0,2.5
55813,45.0,0.0,208.0,52.0,114.0,23.81,76.76754645447593,0.0,1.0,0.0,0.0,,101.61,53.89,2.6423252852715193,2.406821442128482,0,0,-0.23550384314303718,75.0,2.0,27028.404053,62117.698,122.0,False,284.5,38.8
55814,73.0,1.0,207.0,56.0,137.33333333333334,31.63,93.61013207823231,0.0,0.0,0.0,0.0,,6.64,4.72,7.035175749218659,6.70736163906871,2,2,-0.32781411014994966,81.0,2.0,15485.11086,,,False,7.7,1.7
55830,67.0,1.0,200.0,81.0,149.33333333333334,21.45,56.300271574887816,0.0,0.0,1.0,1.0,,30.25,4.23,6.364002427211832,4.814978759691376,2,1,-1.5490236675204567,80.0,2.0,20803.887002,,,False,12.1,4.7
55831,74.0,1.0,193.0,81.0,116.66666666666667,27.64,67.08430609360083,0.0,0.0,0.0,1.0,,11.73,8.97,5.612743628165483,5.40316741465429,2,2,-0.20957621351119293,80.0,2.0,19441.950168,,,False,8.8,8.7
55839,35.0,1.0,151.0,51.0,103.33333333333333,22.41,117.24440592004692,0.0,0.0,0.0,0.0,2.0,12.05,3.86,0.23587005205787986,0.1988903096779667,0,0,-0.036979742379913166,76.0,1.0,62794.052912,,,False,5.3,8.0
55847,40.0,1.0,179.0,77.0,109.33333333333333,21.42,115.38006618419608,0.0,0.0,0.0,0.0,2.0,25.6,4.42,0.2599780615039777,0.19984026128685575,0,0,-0.06013780021712192,82.0,1.0,18929.8553,,,False,12.8,6.1
55848,55.0,1.0,157.0,50.0,132.0,29.08,88.28330392417243,1.0,0.0,0.0,1.0,,5.79,2.89,3.5964256637559195,3.251750623164383,1,1,-0.3446750405915364,75.0,2.0,35454.377793,,,False,5.5,3.5
55849,57.0,0.0,201.0,39.0,124.66666666666667,38.57,105.25522113966255,1.0,0.0,1.0,1.0,,16.56,11.55,8.598233481098832,8.180160087063147,2,2,-0.41807339403568555,80.0,2.0,106748.822533,246482.316,110.0,False,5.3,12.7
55855,58.0,1.0,154.0,45.0,132.66666666666666,32.17,31.212028195999807,1.0,0.0,1.0,1.0,,15.18,24.0,12.123795279502485,12.875722896600255,3,3,0.7519276170977705,75.0,1.0,13041.111143,,,False,16.7,13.2
55859,49.0,0.0,272.0,56.0,108.66666666666667,30.45,113.4456335687927,0.0,1.0,0.0,0.0,,11.79,11.49,2.8718029340591507,2.860966315773592,0,0,-0.010836618285558597,75.0,1.0,23310.601215,54305.961,186.0,False,4.6,13.1
55862,47.0,0.0,142.0,40.0,102.66666666666667,30.36,72.16489378748082,1.0,0.0,0.0,1.0,,2.44,2.89,1.8908103608826732,1.9388119266426396,0,0,0.04800156575996639,88.0,2.0,18943.613035,,,False,1.0,3.3
55864,46.0,1.0,167.0,44.0,114.66666666666667,29.19,115.4358355457845,1.0,0.0,0.0,0.0,,5.22,5.24,1.9177330337774012,1.9188131508665143,0,0,0.0010801170891130418,77.0,2.0,21293.182095,50566.398,105.0,False,2.4,5.5
55871,67.0,0.0,160.0,69.0,112.66666666666667,22.11,94.57302039155289,0.0,0.0,0.0,0.0,,11.28,4.4,4.369703892589208,3.812711004929373,1,1,-0.5569928876598351,78.0,2.0,62764.490846,151632.144,76.0,False,12.3,2.2
55877,54.0,0.0,176.0,35.0,124.66666666666667,33.61,81.54858678581037,0.0,0.0,0.0,1.0,,4.37,3.11,2.4779879160635376,2.356846888965825,0,0,-0.12114102709771268,83.0,2.0,25116.006657,,,False,3.8,3.8
55880,40.0,0.0,144.0,54.0,119.33333333333333,25.61,119.45646822701602,0.0,0.0,0.0,0.0,,4.6,4.53,0.525294240426024,0.5240856432919889,0,0,-0.0012085971340350943,88.0,1.0,16557.906564,0.0,82.0,False,5.2,6.8
55881,42.0,1.0,230.0,55.0,100.66666666666667,26.59,117.29182873442791,0.0,0.0,0.0,0.0,2.0,4.15,1.54,0.49712505355049647,0.4286795701711058,0,0,-0.06844548337939066,78.0,2.0,21971.086171,47709.164,154.0,False,5.9,1.0
55883,45.0,1.0,200.0,67.0,118.66666666666667,37.62,112.28652785867963,0.0,0.0,0.0,0.0,,6.0,3.13,0.5441506057260488,0.49375747449906726,0,0,-0.050393131226981525,88.0,1.0,15149.357206,32896.105,121.0,False,3.0,1.5
55884,55.0,1.0,274.0,55.0,117.33333333333333,30.34,89.6432439689536,0.0,0.0,0.0,0.0,,4.55,5.61,1.8360326599705972,1.8935622856556276,0,0,0.057529625685030394,79.0,1.0,92450.79523,201038.921,167.0,False,4.0,3.7
55885,54.0,1.0,204.0,37.0,111.33333333333333,27.81,107.92380148433976,0.0,0.0,0.0,0.0,,6.62,3.43,1.682175055615367,1.526472858675157,0,0,-0.15570219694020992,77.0,2.0,25541.92132,59331.05,130.0,False,4.3,3.5
55891,61.0,0.0,269.0,59.0,158.0,23.73,70.20361630280026,0.0,0.0,1.0,0.0,,3.85,2.8,7.4651910907425325,7.1397182927589515,2,2,-0.325472797983581,84.0,1.0,9165.436092,24637.985,184.0,False,3.7,7.6
55892,66.0,0.0,212.0,47.0,142.66666666666666,31.12,74.85159467666058,0.0,0.0,0.0,0.0,,8.51,6.39,7.775864827215273,7.471216493674239,2,2,-0.30464833354103327,77.0,1.0,54784.845182,135089.413,141.0,False,8.0,7.6
55901,54.0,1.0,225.0,44.0,115.33333333333333,25.66,100.97690996778198,0.0,0.0,0.0,0.0,,10.69,4.67,1.8775901031327726,1.6617367364052433,0,0,-0.2158533667275293,77.0,1.0,93463.959795,212632.374,111.0,False,3.1,2.1
55902,39.0,1.0,156.0,56.0,137.33333333333334,35.32,90.59663468220573,0.0,0.0,0.0,0.0,2.0,4.59,5.43,0.5505358684608206,0.5645228019453946,0,0,0.013986933484574027,83.0,2.0,36330.97264,,,False,10.6,10.8
55903,47.0,0.0,294.0,38.0,119.33333333333333,32.87,71.47266622013055,0.0,1.0,0.0,0.0,,17.83,13.14,4.76858534100324,4.563588773565924,1,1,-0.2049965674373153,78.0,2.0,28419.766067,64745.876,226.0,False,49.2,25.1
55907,57.0,1.0,228.0,54.0,144.0,26.59,100.81181278246719,0.0,0.0,0.0,0.0,,6.9,4.0,2.972631946758408,2.745426008260655,0,0,-0.22720593849775295,84.0,2.0,13053.566436,29221.469,150.0,False,2.0,1.2
55912,54.0,1.0,191.0,61.0,130.0,32.91,103.43045297389396,0.0,0.0,1.0,0.0,,8.68,10.19,1.9790406669774345,2.026291684262165,0,0,0.04725101728473069,79.0,2.0,110561.264867,240421.051,112.0,False,5.9,10.8
55913,55.0,1.0,314.0,36.0,143.33333333333334,26.25,104.69862897275345,0.0,0.0,0.0,0.0,,9.54,11.56,4.552754610188275,4.679697958371846,1,1,0.12694334818357067,86.0,2.0,8824.569908,,,False,10.3,15.6
55916,36.0,1.0,212.0,45.0,97.33333333333333,24.23,114.87686724967725,0.0,0.0,0.0,0.0,2.0,2.73,2.54,0.3425294268176154,0.33885255027753797,0,0,-0.003676876540077423,77.0,2.0,71930.983258,,,False,0.6,1.7
55922,30.0,0.0,184.0,42.0,132.0,26.19,119.0431856369515,0.0,0.0,0.0,0.0,,2.46,7.19,0.49017947435261483,0.5758631252206731,0,0,0.08568365086805824,84.0,2.0,25867.069216,72702.407,125.0,False,1.6,16.4
55924,60.0,1.0,229.0,54.0,110.0,23.85,79.50435272972467,0.0,0.0,0.0,0.0,,4.17,3.84,2.1459374905664688,2.1201014121141966,0,0,-0.025836078452272204,78.0,2.0,69974.023405,,,False,4.3,6.3
55926,66.0,1.0,159.0,46.0,118.0,38.05,54.23234413157523,1.0,0.0,1.0,1.0,,13.4,9.37,9.044378006937679,8.612192458104209,2,2,-0.4321855488334698,83.0,1.0,21641.273271,,,False,14.2,7.4
55927,43.0,1.0,248.0,45.0,110.0,27.86,95.12412369209073,0.0,0.0,0.0,0.0,2.0,2.41,2.62,0.6777214844973704,0.6862165054018109,0,0,0.008495020904440542,75.0,2.0,23925.794123,52653.324,171.0,False,2.8,3.7
55932,46.0,1.0,132.0,56.0,90.0,21.27,110.72611517141623,0.0,0.0,0.0,0.0,,31.55,2.06,0.6328285808219957,0.4210142584099017,0,0,-0.21181432241209397,78.0,2.0,86908.80185,201805.308,67.0,False,22.4,1.4
55936,39.0,0.0,320.0,40.0,146.0,26.67,83.02380843010697,0.0,0.0,0.0,0.0,,3.18,3.57,2.7962602072127676,2.8441362498575655,0,0,0.047876042644797945,84.0,2.0,19292.646206,50183.48,232.0,False,6.9,6.1
55940,32.0,0.0,277.0,30.0,116.0,35.45,120.13646912077596,0.0,0.0,0.0,0.0,,2.52,1.95,0.815313503126009,0.7845887538212701,0,0,-0.030724749304738896,86.0,1.0,23502.59786,,,False,2.6,3.0
55941,70.0,1.0,259.0,96.0,155.33333333333334,28.16,75.7918072167958,1.0,0.0,1.0,1.0,,13.23,4.61,9.664378240635322,8.368102682469026,2,2,-1.2962755581662968,88.0,1.0,16144.881595,38872.33,116.0,False,20.5,5.9
55947,75.0,0.0,178.0,60.0,165.33333333333334,21.35,55.24309835882166,0.0,1.0,1.0,0.0,,897.96,431.62,28.323763468037622,26.132696199168446,3,3,-2.191067268869176,75.0,2.0,39207.596253,96153.703,96.0,False,440.0,293.5
55948,58.0,1.0,158.0,35.0,96.66666666666667,25.68,71.24403796295566,0.0,0.0,0.0,1.0,,6.59,24.48,2.1404840554423488,2.594482535195822,0,0,0.4539984797534733,80.0,1.0,77428.916401,,,False,10.8,42.1
55949,78.0,1.0,211.0,41.0,163.33333333333334,26.88,81.4393683859347,0.0,0.0,1.0,0.0,,7.55,3.52,13.982240685599807,12.660436778303383,3,3,-1.3218039072964238,77.0,1.0,36352.628295,,,False,4.0,1.9
55951,33.0,1.0,158.0,35.0,105.33333333333333,26.04,120.51409308392347,0.0,1.0,0.0,0.0,2.0,6.86,6.38,0.5361872063917733,0.5304107520773469,0,0,-0.005776454314426416,87.0,1.0,75128.509487,,,False,2.4,14.1
55953,57.0,0.0,234.0,47.0,135.33333333333334,32.07,100.29479212866424,0.0,0.0,0.0,0.0,,4.77,4.54,4.034358652565915,4.0055650809873296,1,1,-0.02879357157858564,77.0,1.0,89543.78448,185521.108,148.0,False,6.3,8.9
55954,52.0,0.0,225.0,54.0,112.0,24.51,90.55802889550912,0.0,0.0,0.0,0.0,,3.29,1.26,1.679401783447767,1.4561164235782658,0,0,-0.22328535986950127,76.0,2.0,91372.94023,,,False,2.4,1.1
55964,30.0,1.0,211.0,71.0,108.66666666666667,24.25,111.55221895065435,0.0,0.0,0.0,0.0,2.0,3.0,4.93,0.10709028154619749,0.11537166445875258,0,0,0.00828138291255509,79.0,1.0,59497.522458,,,False,0.3,3.5
55965,63.0,1.0,223.0,41.0,124.0,25.63,100.79513131538381,1.0,0.0,1.0,0.0,,90.63,24.23,11.562966776710743,9.686769809029665,3,2,-1.8761969676810786,82.0,1.0,17147.257573,43465.987,159.0,False,43.5,6.3
55967,41.0,0.0,197.0,66.0,122.66666666666667,28.34,94.69299184319358,0.0,0.0,0.0,0.0,,3.41,4.63,0.6354012583723178,0.6652355379570363,0,0,0.029834279584718515,82.0,2.0,20517.18759,46029.236,119.0,False,3.1,5.7
55969,42.0,0.0,230.0,53.0,118.66666666666667,22.02,78.21331316040836,0.0,1.0,0.0,0.0,,3.19,2.83,1.5656000856212933,1.5379764111365926,0,0,-0.02762367448470071,82.0,2.0,25040.876065,52196.817,151.0,False,10.3,8.0
55970,33.0,1.0,173.0,64.0,103.33333333333333,24.37,104.39131881124081,0.0,0.0,0.0,0.0,2.0,4.56,4.1,0.14605721191218726,0.1437474944386019,0,0,-0.0023097174735853543,76.0,2.0,54009.255077,,,False,3.1,8.6
55972,63.0,1.0,253.0,89.0,115.33333333333333,20.95,93.89101435166032,0.0,0.0,0.0,0.0,,4.86,3.17,1.9382941626763885,1.8200524518893204,0,0,-0.11824171078706813,77.0,2.0,68773.599629,149801.9,147.0,False,1.7,2.0
55973,35.0,0.0,236.0,46.0,142.0,41.31,74.15431674509976,0.0,0.0,0.0,0.0,,10.31,8.06,1.402276247535748,1.3517912931407106,0,0,-0.05048495439503742,80.0,1.0,23902.887883,,,False,26.9,19.9
55974,62.0,0.0,193.0,41.0,124.66666666666667,36.56,103.73542493745721,0.0,0.0,0.0,0.0,,5.0,5.23,4.526826915200962,4.556269109695091,1,1,0.02944219449412877,80.0,2.0,5606.604384,15853.196,122.0,False,6.7,5.8
55985,44.0,1.0,267.0,36.0,170.66666666666666,32.05,102.2501861304978,0.0,0.0,1.0,0.0,2.0,8.55,7.69,4.821557822868402,4.749047830744256,1,1,-0.07250999212414655,86.0,2.0,17361.209897,,,False,21.3,11.3
55996,43.0,1.0,207.0,36.0,127.33333333333333,26.65,121.69409930614512,0.0,0.0,0.0,0.0,2.0,10.36,8.12,1.168909024841386,1.1274041355241378,0,0,-0.04150488931724827,88.0,2.0,15149.357206,32896.105,137.0,False,11.5,6.9
55997,45.0,1.0,187.0,54.0,95.33333333333333,28.67,114.13696043719831,0.0,0.0,0.0,0.0,,3.08,2.66,0.5228983394267281,0.5115741462916112,0,0,-0.0113241931351169,84.0,2.0,20721.886535,48332.283,123.0,False,2.0,1.7
56005,60.0,0.0,154.0,34.0,128.0,36.88,85.13992274000184,1.0,0.0,1.0,0.0,,9.51,6.56,8.783531485841129,8.344502895095586,2,2,-0.43902859074554357,78.0,1.0,5156.301912,,,False,11.7,8.4
56010,40.0,0.0,144.0,41.0,112.0,25.52,110.72559960355491,0.0,0.0,0.0,1.0,,6.57,3.2,0.5040339352389955,0.4523849611768513,0,0,-0.05164897406214425,79.0,2.0,93833.198076,,,False,2.3,1.6
56015,39.0,1.0,189.0,55.0,118.66666666666667,22.84,84.5238364292932,0.0,1.0,1.0,0.0,2.0,4.12,3.0,0.9674747403090788,0.9228942315682365,0,0,-0.044580508740842295,81.0,2.0,22157.972966,54549.284,123.0,False,2.1,5.1
56021,43.0,0.0,181.0,65.0,107.33333333333333,36.09,80.98388756730253,0.0,1.0,0.0,0.0,,7.69,5.6,1.0519712781948336,1.0032706145857557,0,0,-0.04870066360907788,75.0,2.0,32185.696993,,,False,13.0,11.7
56028,52.0,0.0,187.0,30.0,156.66666666666666,32.16,106.48391533721266,1.0,1.0,1.0,0.0,,24.62,21.38,17.089616592975315,16.78982120153811,3,3,-0.299795391437204,75.0,1.0,19364.17167,,,False,32.5,20.1
56032,66.0,0.0,196.0,82.0,120.66666666666667,19.31,89.40451064556588,0.0,0.0,0.0,0.0,,5.34,5.87,3.8464413144741485,3.89964146741314,1,1,0.05320015293899161,87.0,2.0,60762.062662,140311.755,98.0,False,3.9,9.1
56033,30.0,1.0,218.0,55.0,104.66666666666667,35.34,111.55221895065435,0.0,0.0,0.0,0.0,2.0,5.27,6.84,0.18815246544681866,0.19564911972843854,0,0,0.0074966542816198856,82.0,1.0,18281.683005,36137.336,123.0,False,2.9,5.4
56035,55.0,0.0,283.0,75.0,151.33333333333334,22.78,85.78656304449378,0.0,0.0,0.0,0.0,,5.61,3.33,3.907950276870809,3.622683840136239,1,1,-0.28526643673456986,80.0,2.0,20666.658529,,,False,3.7,4.1
56039,38.0,1.0,152.0,52.0,108.0,28.02,109.68550036217519,0.0,0.0,0.0,0.0,2.0,9.03,3.66,0.28888222469290004,0.25234876405205836,0,0,-0.036533460640841675,78.0,1.0,18926.031583,,,False,13.1,4.8
56040,38.0,1.0,178.0,59.0,105.33333333333333,24.87,102.7949798467782,0.0,0.0,0.0,0.0,2.0,6.26,2.54,0.2747497586211781,0.2400378306967864,0,0,-0.03471192792439173,85.0,1.0,19933.667798,,,False,5.7,3.1
56041,62.0,1.0,200.0,44.0,133.33333333333334,31.45,71.33035139760756,0.0,0.0,0.0,0.0,,3.44,7.1,3.6220445502722445,4.021546649440003,1,1,0.3995020991677585,81.0,2.0,21589.08157,,,False,5.2,4.9
56042,71.0,1.0,181.0,89.0,175.33333333333334,17.77,66.56862295163037,0.0,1.0,1.0,0.0,,6.4,3.4,10.223084697984808,9.383913428621423,3,2,-0.8391712693633853,82.0,1.0,41432.419968,,,False,1.6,1.7
56053,32.0,0.0,226.0,55.0,129.33333333333334,24.75,114.84112599784251,0.0,0.0,0.0,0.0,,55.32,19.38,0.8227110717315251,0.7030446830458993,0,0,-0.11966638868562585,78.0,1.0,60193.00099,178499.624,141.0,False,61.4,28.1
56054,48.0,0.0,171.0,50.0,110.66666666666667,38.63,84.6491272461845,0.0,0.0,1.0,0.0,,5.62,2.99,1.3648581537756106,1.2423409400030638,0,0,-0.12251721377254676,78.0,2.0,28520.501382,,,False,7.3,6.7
56057,60.0,1.0,262.0,49.0,130.0,35.28,88.25456511874229,0.0,1.0,0.0,0.0,,52.76,21.53,6.9638943785434275,6.141013156618821,2,2,-0.8228812219246064,87.0,2.0,6347.437545,,,False,86.0,21.1
56058,48.0,1.0,176.0,44.0,144.0,46.05,88.17825856896944,0.0,0.0,0.0,0.0,,18.97,13.36,2.0579789365521046,1.9545273293442291,0,0,-0.1034516072078755,84.0,1.0,25343.501721,59111.862,118.0,False,29.6,15.1
56062,55.0,1.0,156.0,48.0,97.33333333333333,29.91,106.36695635004453,0.0,1.0,0.0,0.0,,5.74,8.31,2.126269838925429,2.244988875841658,0,0,0.1187190369162292,88.0,2.0,10456.85874,22542.185,86.0,False,6.2,5.4
56066,60.0,0.0,180.0,40.0,158.0,23.2,83.15995212456842,0.0,0.0,0.0,0.0,,7.0,3.9,6.171994025790945,5.679846590493488,2,2,-0.49214743529745686,85.0,1.0,9679.797799,25353.324,115.0,False,3.5,4.6
56078,43.0,1.0,184.0,44.0,133.33333333333334,33.57,115.56553067861383,0.0,1.0,0.0,0.0,2.0,6.3,6.39,1.7034825360844112,1.7070518452356989,0,0,0.003569309151287614,89.0,1.0,13949.293547,27939.945,108.0,False,9.7,7.6
56079,71.0,1.0,193.0,41.0,121.33333333333333,29.94,79.92128471129446,1.0,0.0,1.0,1.0,,6.12,4.29,10.733943363440897,10.233503188507099,3,3,-0.5004401749337983,76.0,1.0,36689.33505,85996.553,111.0,False,5.2,3.6
56084,39.0,1.0,207.0,58.0,113.33333333333333,37.28,113.14504972452636,0.0,1.0,0.0,0.0,2.0,2.58,2.53,0.5928138525318534,0.5910850622554683,0,0,-0.0017287902763850616,86.0,1.0,62857.617176,,,False,2.3,4.1
56088,40.0,1.0,179.0,47.0,136.66666666666666,39.02,115.83310301534061,1.0,0.0,1.0,0.0,2.0,4.7,3.43,2.790206328107042,2.6647665200776003,0,0,-0.12543980802944166,75.0,2.0,24882.496233,0.0,108.0,False,11.6,8.7
56089,34.0,0.0,194.0,38.0,124.0,40.68,120.01146965916602,0.0,0.0,0.0,0.0,,6.56,4.1,0.6993078524157683,0.6517078132264896,0,0,-0.04760003918927869,76.0,1.0,67374.750669,,,False,2.1,9.1
56090,61.0,1.0,171.0,36.0,143.33333333333334,25.78,66.48121696247952,1.0,0.0,1.0,1.0,,203.64,21.84,14.41241965532642,10.749256443136357,3,3,-3.6631632121900637,75.0,1.0,6912.351852,,,False,224.0,10.7
56091,44.0,1.0,221.0,61.0,126.66666666666667,29.23,109.68077731874413,0.0,0.0,0.0,0.0,2.0,5.1,5.42,0.7311665370335433,0.7378273477740394,0,0,0.00666081074049607,83.0,2.0,21270.615657,,,False,5.2,9.7
56096,40.0,0.0,208.0,43.0,132.66666666666666,34.32,76.86121675141463,0.0,0.0,0.0,0.0,,6.85,3.26,1.3247186373775155,1.185873963862182,0,0,-0.13884467351533347,81.0,2.0,91316.255685,0.0,132.0,False,11.1,7.1
56099,59.0,0.0,179.0,73.0,126.66666666666667,30.82,66.97517941419434,1.0,0.0,1.0,1.0,,29.56,10.69,5.785410351803448,5.002906270467099,2,2,-0.7825040813363495,88.0,1.0,10326.372769,,,False,94.0,3.1
56106,48.0,1.0,185.0,52.0,128.0,30.53,108.13817395799143,0.0,0.0,0.0,0.0,,8.05,6.31,1.11017429491982,1.0707459500882976,0,0,-0.039428344831522244,79.0,2.0,16538.27432,,,False,7.0,7.0
56107,61.0,0.0,201.0,65.0,125.33333333333333,19.81,101.07057527797411,0.0,0.0,1.0,0.0,,4.71,3.48,3.9663641384851567,3.795894776312341,1,1,-0.1704693621728155,86.0,2.0,10167.570645,,,False,1.6,4.0
56109,36.0,1.0,211.0,48.0,110.66666666666667,38.06,118.7508483909006,1.0,0.0,0.0,0.0,2.0,8.1,5.41,1.225349138807529,1.1541395858913004,0,0,-0.07120955291622866,77.0,1.0,25879.036132,58400.938,142.0,False,5.1,8.0
56114,50.0,0.0,145.0,37.0,118.0,49.46,107.01568095132788,0.0,0.0,1.0,0.0,,15.5,3.91,2.2073263247014645,1.8002989403112142,0,0,-0.4070273843902503,84.0,1.0,72494.098147,157136.202,91.0,False,20.3,5.9
56116,40.0,1.0,214.0,45.0,134.66666666666666,37.33,94.05116481788573,0.0,0.0,1.0,0.0,2.0,10.86,5.46,1.2970304372425194,1.171307907278523,0,0,-0.12572252996399635,76.0,1.0,62130.73418,143486.231,114.0,False,3.8,10.6
56123,39.0,0.0,246.0,58.0,121.33333333333333,20.73,112.17511390970725,0.0,0.0,0.0,0.0,,5.39,3.39,0.8324746540398437,0.7766124962000409,0,0,-0.05586215783980275,88.0,1.0,56330.12625,,,False,11.1,11.5
56126,44.0,1.0,230.0,72.0,127.33333333333333,27.66,112.54514197858055,0.0,0.0,1.0,1.0,2.0,16.0,20.74,0.8881801257309427,0.9231343026755846,0,0,0.03495417694464187,79.0,1.0,16643.301733,37863.844,134.0,False,21.6,5.6
56128,61.0,1.0,240.0,38.0,136.0,26.2,98.67642132440872,1.0,1.0,1.0,0.0,,5.97,5.5,13.262319673627095,13.121353992360275,3,3,-0.1409656812668203,80.0,1.0,55139.141581,,,False,7.4,4.4
56129,44.0,0.0,175.0,34.0,129.33333333333334,28.61,82.19414639036681,0.0,0.0,0.0,0.0,,3.48,5.0,1.434972941869305,1.514469216488397,0,0,0.07949627461909214,86.0,2.0,19102.531525,,,False,4.8,6.7
56131,59.0,1.0,153.0,49.0,136.66666666666666,42.57,109.04327798382737,0.0,0.0,0.0,0.0,,15.63,11.69,2.9815423141572315,2.8579642351527967,0,0,-0.12357807900443474,87.0,1.0,14770.594178,,,False,5.0,24.2
56140,52.0,0.0,162.0,37.0,138.0,36.8,93.92925546336984,0.0,0.0,1.0,1.0,,3.38,4.75,2.641385647285095,2.77678838914664,0,0,0.1354027418615451,87.0,1.0,14984.141601,,,False,4.5,11.5
56146,48.0,1.0,207.0,76.0,138.0,30.59,93.63206839188908,0.0,0.0,0.0,0.0,,5.2,5.0,0.9247462770846636,0.9193673901827395,0,0,-0.005378886901924118,80.0,2.0,21081.607689,45843.02,118.0,False,1.3,2.4
56147,65.0,1.0,190.0,57.0,117.33333333333333,35.27,79.3312666714415,0.0,0.0,0.0,0.0,,11.18,1.36,3.5927740278109606,2.6444434352037764,1,0,-0.9483305926071841,76.0,2.0,65138.423846,157387.37,112.0,False,20.8,0.9
56149,44.0,1.0,262.0,52.0,102.0,20.02,85.37761710130829,0.0,0.0,0.0,0.0,2.0,5.4,6.13,0.7994769600301301,0.8147154325598575,0,0,0.01523847252972732,86.0,1.0,73812.908056,,,False,19.6,6.8
56150,52.0,1.0,235.0,62.0,127.0,40.46,89.94594741609347,0.0,1.0,1.0,0.0,,2.86,3.35,2.648031948725106,2.709924550881844,0,0,0.061892602156738086,87.0,2.0,26694.913266,59140.823,155.0,False,1.8,6.7
56155,41.0,0.0,281.0,39.0,112.0,27.16,105.79338330762911,0.0,0.0,0.0,0.0,,5.65,3.45,1.3356573636272386,1.2409704880588213,0,0,-0.09468687556841737,76.0,1.0,18583.885455,,,False,3.9,3.8
56159,49.0,1.0,239.0,54.0,116.66666666666667,32.27,99.11949239568213,0.0,0.0,0.0,0.0,,4.96,3.86,1.0701011666496125,1.0309774009064367,0,0,-0.039123765743175776,76.0,1.0,74567.776013,,,False,6.1,5.9
56161,42.0,1.0,222.0,77.0,126.0,27.95,116.78359796470373,0.0,0.0,0.0,0.0,2.0,6.32,11.72,0.4517983611797853,0.49547107013657,0,0,0.04367270895678471,86.0,3.0,14913.095055,31591.656,127.0,False,2.4,15.0
56163,61.0,0.0,191.0,43.0,168.66666666666666,27.69,81.69169092087093,1.0,0.0,0.0,0.0,,803.0,481.94,21.925837846761876,20.634686487991033,3,3,-1.2911513587708434,88.0,1.0,6162.897031,14635.459,116.0,False,803.0,347.0
56167,76.0,1.0,159.0,56.0,135.33333333333334,39.93,90.20409624879971,0.0,0.0,1.0,1.0,,4.53,2.33,8.604036519167101,7.850906659980136,2,2,-0.7531298591869655,75.0,2.0,46891.216111,,,False,4.3,1.0
56171,48.0,1.0,204.0,34.0,113.33333333333333,40.45,115.62116716318796,0.0,0.0,0.0,0.0,,6.55,5.0,1.1752500937363197,1.129088906664163,0,0,-0.04616118707215677,80.0,1.0,12521.170471,,,False,3.8,2.5
56173,56.0,0.0,196.0,50.0,129.33333333333334,29.95,100.92049922385212,0.0,0.0,0.0,0.0,,3.91,5.88,2.794679897610832,2.967016759566821,0,0,0.1723368619559893,86.0,1.0,88043.968813,,,False,2.5,5.0
56176,61.0,0.0,249.0,94.0,158.66666666666666,22.43,93.41967550533249,0.0,0.0,0.0,0.0,,14.79,1.3,4.918265731393144,3.4590666591463015,1,1,-1.4591990722468426,84.0,2.0,10492.23524,27481.26,143.0,False,10.5,1.5
56179,41.0,0.0,202.0,30.0,102.66666666666667,25.59,104.44427033310565,0.0,0.0,0.0,0.0,,5.67,2.18,1.108760401113062,0.9611657001938696,0,0,-0.14759470091919247,85.0,1.0,72486.78935,,,False,1.7,4.9
56180,61.0,0.0,212.0,36.0,146.66666666666666,25.3,94.63951366707937,0.0,0.0,0.0,0.0,,3.85,5.12,6.055704857705098,6.30529532261468,2,2,0.24959046490958237,78.0,2.0,62997.695381,,,False,5.2,8.3
56187,56.0,0.0,176.0,49.0,131.33333333333334,40.46,80.54051903734238,0.0,0.0,1.0,1.0,,9.58,6.67,3.3567258005830465,3.183815239368405,1,1,-0.17291056121464132,81.0,2.0,23200.619065,54246.861,111.0,False,11.3,6.0
56188,55.0,0.0,272.0,90.0,123.33333333333333,28.58,106.14717977631172,0.0,0.0,0.0,0.0,,21.07,12.77,2.3978961860125843,2.2271494868415935,0,0,-0.17074669917099072,78.0,2.0,24446.253808,,,False,55.0,24.0
56190,47.0,1.0,188.0,46.0,114.0,24.77,100.36009979085276,0.0,1.0,1.0,0.0,,5.77,5.46,1.8493377942408167,1.834349831815842,0,0,-0.014987962424974688,84.0,2.0,28434.973166,,,False,8.2,13.1
56191,52.0,1.0,174.0,58.0,136.66666666666666,25.09,88.5984503448326,0.0,0.0,1.0,0.0,,3.33,5.07,1.7027934472721886,1.8117042090568305,0,0,0.10891076178464187,76.0,2.0,98244.250886,,,False,0.8,6.9
56193,31.0,1.0,155.0,48.0,105.33333333333333,30.4,105.69790986592301,0.0,0.0,0.0,0.0,2.0,4.63,3.74,0.1636397114401078,0.15848692103053794,0,0,-0.0051527904095698684,85.0,2.0,22971.587367,45407.853,94.0,False,3.1,9.5
56195,58.0,1.0,223.0,44.0,119.33333333333333,31.28,102.37399952783213,0.0,0.0,0.0,0.0,,25.19,3.66,2.9643936596134033,2.235737765626256,0,0,-0.7286558939871473,85.0,1.0,82726.284588,188834.711,162.0,False,19.9,4.1
56196,71.0,0.0,165.0,43.0,128.66666666666666,34.17,65.9704441521665,0.0,0.0,1.0,0.0,,18.3,10.32,11.307174675075913,10.468299698424781,3,3,-0.8388749766511321,86.0,1.0,31906.735861,78676.178,106.0,False,28.0,6.5
56198,47.0,1.0,215.0,69.0,140.0,21.28,108.8128134010781,0.0,0.0,1.0,0.0,,3.75,5.71,1.1648342081641823,1.2397884378091726,0,0,0.07495422964499032,81.0,1.0,18753.071105,0.0,134.0,False,0.3,0.8
56200,57.0,0.0,168.0,55.0,126.66666666666667,22.13,89.93953382933316,0.0,1.0,0.0,0.0,,3.55,6.37,3.4556997242338356,3.762663499051573,1,1,0.3069637748177372,84.0,1.0,17066.203194,0.0,94.0,False,2.7,8.6
56201,55.0,1.0,241.0,45.0,125.33333333333333,32.92,84.42177217074423,0.0,0.0,0.0,0.0,,5.08,2.59,2.2974391723043817,2.0810599026200434,0,0,-0.2163792696843383,85.0,1.0,11755.17247,,,False,3.0,2.2
56204,37.0,0.0,241.0,36.0,114.66666666666667,28.24,95.94832669968798,0.0,1.0,0.0,0.0,,2.35,2.63,1.422471708518998,1.4465057606121028,0,0,0.02403405209310483,86.0,1.0,21937.76209,45560.659,155.0,False,1.6,4.2
56211,62.0,1.0,187.0,53.0,99.33333333333333,26.72,63.69774153736978,1.0,0.0,0.0,1.0,,5.45,4.63,4.4426608738884426,4.339893099134982,1,1,-0.10276777475346055,75.0,1.0,22635.586307,,,False,0.6,2.5
56212,63.0,0.0,201.0,42.0,130.0,25.07,89.93889576461594,1.0,0.0,1.0,1.0,,7.29,8.96,10.273601535068448,10.56429941397859,3,3,0.29069787891014265,87.0,2.0,57239.917128,,,False,3.5,16.3
56215,36.0,0.0,222.0,73.0,116.66666666666667,22.33,116.32464212141966,0.0,1.0,0.0,0.0,,90.7,64.79,1.0576275135284277,1.0057689981069484,0,0,-0.051858515421479234,77.0,1.0,17888.196218,53046.638,130.0,False,117.0,77.1
56219,74.0,0.0,199.0,76.0,146.0,30.23,92.51934401117803,0.0,0.0,0.0,0.0,,12.56,8.52,10.025796954722821,9.50937941820786,3,2,-0.516417536514961,81.0,2.0,32931.023461,,,False,9.8,10.4
56220,45.0,1.0,193.0,46.0,120.0,33.72,113.65956681568603,0.0,0.0,1.0,0.0,,4.56,3.81,0.9972687713225257,0.9709839035809499,0,0,-0.02628486774157579,83.0,1.0,88626.466787,205869.451,95.0,False,5.7,4.0
56221,72.0,0.0,158.0,57.0,162.66666666666666,20.65,88.38150982912829,0.0,0.0,0.0,0.0,,4.52,1.83,9.07990108133735,8.013914415082924,2,2,-1.0659866662544264,86.0,1.0,10341.056904,25066.592,86.0,False,5.2,1.1
56222,50.0,0.0,211.0,60.0,108.0,23.58,106.2397055420496,0.0,0.0,0.0,0.0,,11.69,5.16,1.4585223449710758,1.291270119682383,0,0,-0.16725222528869277,85.0,2.0,12815.795366,0.0,137.0,False,28.3,6.6
56225,32.0,0.0,225.0,75.0,116.66666666666667,24.34,87.63171097589868,0.0,0.0,0.0,0.0,,3.85,4.22,0.2711934776948743,0.27496708384415974,0,0,0.003773606149285458,79.0,1.0,69862.627307,,,False,1.5,6.8
56228,39.0,0.0,195.0,48.0,116.66666666666667,23.33,113.35632838072446,0.0,0.0,0.0,0.0,,6.6,10.82,0.7086989332822718,0.7632064816072516,0,0,0.05450754832497973,79.0,1.0,56323.413154,,,False,17.3,17.2
56231,45.0,1.0,172.0,90.0,102.66666666666667,23.3,103.28891875590945,0.0,0.0,0.0,0.0,,5.76,4.4,0.26323495251705686,0.25283031868086514,0,0,-0.010404633836191723,86.0,2.0,17268.46456,36459.04,74.0,False,9.1,4.0
56232,38.0,1.0,264.0,48.0,99.33333333333333,31.09,93.83645525481496,0.0,1.0,0.0,0.0,2.0,3.21,3.65,0.9687784880161029,0.9874555072801713,0,0,0.018677019264068395,80.0,2.0,62794.052912,137412.555,198.0,False,0.9,6.1
56233,38.0,1.0,238.0,47.0,102.66666666666667,32.37,116.37457921366499,0.0,0.0,0.0,0.0,2.0,3.48,3.48,0.4424719925298066,0.4424719925298066,0,0,0.0,85.0,2.0,21627.405372,,,False,3.1,7.9
56234,44.0,0.0,197.0,56.0,104.0,23.53,106.58236455643373,0.0,0.0,0.0,0.0,,2.93,2.49,0.7709894854543458,0.7524164999183001,0,0,-0.018572985536045694,77.0,2.0,92556.868952,204769.782,120.0,False,5.5,5.4
56235,55.0,1.0,225.0,76.0,114.66666666666667,28.67,100.35085312598174,0.0,1.0,0.0,0.0,,5.77,3.38,1.7660406821373096,1.6320207346425308,0,0,-0.13401994749477875,78.0,2.0,30952.198201,72193.736,132.0,False,4.1,2.2
56240,53.0,0.0,240.0,63.0,145.33333333333334,29.18,69.52162763358469,0.0,0.0,0.0,0.0,,3.92,2.28,3.0166166353528245,2.786191706945895,1,0,-0.23042492840692974,89.0,2.0,71543.096157,,,False,6.7,6.6
56242,56.0,1.0,155.0,31.0,138.66666666666666,29.79,83.89835718328561,0.0,0.0,0.0,0.0,,2.46,2.58,2.6702701128811945,2.688915753126533,0,0,0.018645640245338324,81.0,2.0,25086.627681,,,False,1.4,4.8
56243,33.0,0.0,214.0,71.0,119.33333333333333,26.55,118.51538941537396,0.0,0.0,0.0,0.0,,4.75,3.08,0.32028975703650464,0.30006835220857925,0,0,-0.020221404827925393,85.0,2.0,29044.352085,64896.483,134.0,False,5.7,4.0
56244,30.0,1.0,186.0,58.0,103.33333333333333,23.11,123.26584766497518,0.0,0.0,0.0,0.0,2.0,1.6,3.68,0.11555271484091331,0.1309231710541568,0,0,0.015370456213243483,82.0,2.0,26824.964193,50683.126,116.0,False,0.4,3.5
56245,34.0,0.0,196.0,36.0,136.66666666666666,28.66,128.0072236378041,1.0,0.0,1.0,1.0,,4.26,3.05,3.132633100851197,2.9830932440614464,1,0,-0.14953985678975057,81.0,2.0,20386.220301,0.0,134.0,False,2.3,3.9
56253,33.0,0.0,153.0,35.0,113.33333333333333,25.57,124.23853179934895,0.0,0.0,0.0,0.0,,4.4,2.5,0.3927842264496137,0.360760878207376,0,0,-0.03202334824223768,83.0,1.0,28457.847841,63586.002,106.0,False,2.2,5.6
56258,69.0,0.0,163.0,47.0,126.66666666666667,39.39,74.28503381446077,0.0,0.0,1.0,1.0,,139.44,60.07,10.842043701775333,9.672589315997882,3,2,-1.1694543857774509,76.0,1.0,55292.275546,,,False,99.0,82.3
56260,45.0,1.0,171.0,42.0,108.66666666666667,32.47,82.53952338250114,0.0,0.0,0.0,0.0,,53.45,3.95,0.981106609662159,0.6656673166445113,0,0,-0.3154392930176477,84.0,2.0,29327.016939,68403.12,103.0,False,29.4,1.7
56264,56.0,0.0,150.0,40.0,182.0,25.88,98.91752920163769,0.0,1.0,0.0,0.0,,8.44,7.78,8.938496006923835,8.838917061327967,2,2,-0.09957894559586755,82.0,2.0,25838.904871,57568.84,93.0,False,13.5,9.1
56265,50.0,1.0,275.0,57.0,112.66666666666667,29.63,105.66337396368023,0.0,0.0,0.0,1.0,,6.88,3.59,1.3031109182885032,1.1833132564534998,0,0,-0.1197976618350034,76.0,1.0,75805.437378,175066.924,198.0,False,5.5,3.7
56267,50.0,1.0,186.0,65.0,102.66666666666667,29.54,87.08823773497362,0.0,0.0,0.0,0.0,,6.84,6.88,0.7632136283342335,0.7638768925683707,0,0,0.0006632642341372064,86.0,3.0,9424.601406,,,False,13.0,8.6
56275,75.0,0.0,182.0,67.0,163.33333333333334,28.58,72.36744724548797,0.0,0.0,0.0,1.0,,10.31,12.8,10.507736892725575,10.818916663033,3,3,0.31117977030742594,78.0,2.0,36143.255804,83462.006,103.0,False,13.5,27.4
56276,65.0,1.0,186.0,47.0,143.33333333333334,27.92,41.75104679388652,1.0,0.0,0.0,0.0,,99.54,58.96,16.00002294562673,14.971410229165476,3,3,-1.028612716461252,75.0,1.0,6792.427299,14151.911,109.0,False,108.5,39.5
56278,38.0,0.0,260.0,45.0,138.66666666666666,28.47,112.11147229501812,0.0,1.0,0.0,0.0,,8.61,6.15,2.8996292310576686,2.7599446855500784,0,0,-0.13968454550759013,77.0,1.0,18656.505193,,,False,23.6,11.0
56280,71.0,1.0,229.0,73.0,126.66666666666667,31.09,94.07058107064435,0.0,0.0,0.0,0.0,,7.48,5.92,5.035305207935622,4.870030003761152,2,1,-0.16527520417446961,77.0,1.0,36352.628295,79182.896,141.0,False,8.9,10.0
56283,66.0,1.0,275.0,58.0,135.33333333333334,28.04,95.65514903430172,0.0,0.0,0.0,0.0,,9.59,3.09,4.94785384955282,4.206789544777798,1,1,-0.7410643047750227,82.0,2.0,8266.853321,18047.184,186.0,False,4.7,1.7
56292,41.0,1.0,190.0,76.0,98.0,22.77,100.89482303978211,0.0,0.0,0.0,0.0,2.0,5.56,3.97,0.26505707627529124,0.2520204147172088,0,0,-0.013036661558082419,83.0,1.0,73932.132112,168760.786,106.0,False,1.5,5.6
56293,38.0,1.0,178.0,100.0,101.33333333333333,24.1,96.65854024893135,0.0,0.0,0.0,0.0,2.0,5.38,42.86,0.10833332145875914,0.14787347739740803,0,0,0.03954015593864889,85.0,1.0,57097.484011,,,False,0.7,6.0
56294,38.0,1.0,222.0,71.0,116.0,27.79,96.65854024893135,0.0,0.0,0.0,0.0,2.0,5.14,3.36,0.2978750313307157,0.27951044611566955,0,0,-0.018364585215046136,79.0,2.0,60973.74887,,,False,15.1,4.6
56299,60.0,1.0,197.0,51.0,132.66666666666666,43.03,63.72948382446315,1.0,0.0,1.0,1.0,,2.22,1.61,6.019339426690866,5.752219208238556,2,2,-0.2671202184523098,89.0,2.0,15534.684571,,,False,0.4,0.5
56302,60.0,0.0,169.0,63.0,92.0,28.6,98.10549757754102,0.0,1.0,0.0,0.0,,8.22,5.71,4.382387159888835,4.157536460128514,1,1,-0.2248506997603208,88.0,1.0,18419.451973,45767.032,95.0,False,17.5,3.6
56304,32.0,0.0,225.0,66.0,110.0,29.03,125.0136162199124,0.0,0.0,0.0,0.0,,5.06,5.0,0.27531365746615116,0.27481954267406716,0,0,-0.0004941147920839994,87.0,1.0,33958.460784,71057.207,138.0,False,7.9,9.1
56307,43.0,0.0,283.0,50.0,123.33333333333333,23.59,99.3367502559088,0.0,0.0,0.0,0.0,,4.88,6.05,1.5923124773225186,1.6439726965782206,0,0,0.05166021925570208,89.0,2.0,17000.069364,,,False,11.7,11.5
56308,43.0,1.0,173.0,50.0,117.33333333333333,32.5,117.08122615673184,0.0,0.0,0.0,0.0,2.0,32.72,5.47,0.7157985158710627,0.5481571036572771,0,0,-0.1676414122137856,86.0,2.0,13694.321614,0.0,98.0,False,26.5,11.6
56314,44.0,1.0,215.0,72.0,113.33333333333333,22.08,102.2501861304978,0.0,0.0,0.0,0.0,2.0,4.72,3.59,0.42490433864105986,0.40787195951434163,0,0,-0.017032379126718233,77.0,1.0,76603.798386,,,False,2.5,2.3
56317,47.0,0.0,187.0,41.0,142.0,33.18,72.86951269184044,0.0,1.0,0.0,0.0,,9.31,2.53,3.847403655223564,3.182130069555858,1,1,-0.6652735856677063,84.0,2.0,22235.596677,,,False,17.5,4.1
56319,72.0,0.0,185.0,52.0,131.33333333333334,29.07,85.04298252766228,0.0,0.0,1.0,0.0,,3.29,1.56,9.306697822671595,8.3982187926658,2,2,-0.908479030005795,76.0,2.0,33645.553037,82513.208,110.0,False,5.0,0.5
56323,53.0,1.0,193.0,58.0,121.33333333333333,28.42,85.47841877311319,0.0,0.0,0.0,0.0,,3.77,21.43,1.2492290717177599,1.6155559068610192,0,0,0.36632683514325937,77.0,1.0,98244.250886,226887.667,116.0,False,2.3,15.0
56326,60.0,1.0,264.0,52.0,116.66666666666667,31.13,62.24742345550428,0.0,0.0,1.0,0.0,,5.36,2.78,3.593853715346113,3.2675712534436356,1,1,-0.32628246190247756,78.0,1.0,13610.328052,,,False,3.0,2.7
56328,47.0,0.0,175.0,38.0,141.33333333333334,28.7,101.91836798194,0.0,0.0,1.0,0.0,,5.62,2.46,2.5381912383343646,2.2471785117642145,0,0,-0.2910127265701501,83.0,1.0,98607.65508,218236.552,121.0,False,5.0,7.0
56329,39.0,1.0,178.0,34.0,109.33333333333333,27.46,110.85038106649752,0.0,1.0,0.0,0.0,2.0,5.44,3.72,0.9062122512248849,0.8563864020437513,0,0,-0.04982584918113364,75.0,2.0,25418.306514,,,False,8.1,4.2
56330,44.0,0.0,200.0,42.0,143.33333333333334,29.27,108.74053897532865,0.0,1.0,0.0,0.0,,5.52,3.64,3.1671407800906124,2.9798788872237103,1,0,-0.1872618928669021,75.0,1.0,25429.74678,,,False,9.6,10.7
56331,59.0,0.0,199.0,98.0,120.0,20.53,89.9277705591563,0.0,0.0,1.0,0.0,,8.1,4.76,2.3221955394125002,2.146906755692507,0,0,-0.175288783719993,80.0,2.0,24180.777895,56538.634,88.0,False,11.9,10.1
56332,36.0,0.0,200.0,32.0,144.0,35.95,112.01944372066578,0.0,1.0,1.0,0.0,,4.57,3.55,2.919465125545257,2.8132890158502626,0,0,-0.10617610969499447,81.0,2.0,14796.340278,41159.811,98.0,False,10.6,8.9
56335,34.0,1.0,141.0,45.0,117.33333333333333,33.14,117.13011737580138,0.0,0.0,0.0,0.0,2.0,12.51,7.75,0.28419003069677573,0.2645305315902108,0,0,-0.019659499106564948,86.0,2.0,20178.305263,40725.639,77.0,False,26.9,5.5
56336,36.0,0.0,133.0,27.0,102.66666666666667,22.46,113.5146909581791,0.0,0.0,0.0,0.0,,2.73,4.09,0.49569865198862784,0.5267362313303579,0,0,0.031037579341730015,83.0,2.0,80133.964096,227139.267,88.0,False,3.5,3.8
56337,36.0,0.0,154.0,40.0,109.33333333333333,32.4,75.08939709238084,0.0,0.0,0.0,0.0,,2.89,2.67,0.4152906646037496,0.4103750800286982,0,0,-0.004915584575051368,75.0,2.0,90136.964446,,,False,2.2,4.7
56349,34.0,0.0,238.0,78.0,109.33333333333333,36.06,121.44141605118388,0.0,1.0,0.0,0.0,,8.86,2.84,0.5468659057267059,0.4609362838553999,0,0,-0.08592962187130598,82.0,1.0,21317.822373,47997.373,142.0,False,14.7,3.1
56352,71.0,1.0,198.0,62.0,161.33333333333334,37.11,64.05405666310824,1.0,0.0,1.0,0.0,,47.83,32.19,16.074521320903052,15.288615583458288,3,3,-0.7859057374447644,80.0,1.0,35645.410956,,,False,39.7,23.5
56355,67.0,0.0,248.0,61.0,129.33333333333334,27.92,63.72441025824611,0.0,0.0,1.0,0.0,,1.93,0.9,6.931634751738099,6.224332651949046,2,2,-0.7073020997890529,82.0,2.0,13193.366177,37338.498,170.0,False,3.5,1.2
56357,70.0,1.0,198.0,84.0,134.0,21.12,86.98370655224116,0.0,0.0,1.0,0.0,,3.19,9.81,4.829318880691048,5.666190871751462,1,2,0.8368719910604145,89.0,2.0,13553.34411,26802.356,98.0,False,5.9,5.1
56358,40.0,0.0,236.0,44.0,119.33333333333333,24.13,119.45646822701602,0.0,1.0,0.0,0.0,,18.82,6.49,2.1162840149821203,1.8076697126486865,0,0,-0.3086143023334338,76.0,1.0,22585.941768,,,False,6.4,9.8
56359,46.0,1.0,206.0,61.0,132.66666666666666,44.5,93.36576203461988,0.0,1.0,0.0,0.0,,7.94,5.14,1.7317549866109174,1.6240911987347912,0,0,-0.10766378787612618,84.0,2.0,28995.589268,,,False,31.9,11.0
56365,58.0,1.0,208.0,71.0,111.33333333333333,24.35,93.72382425083185,0.0,1.0,0.0,0.0,,102.88,12.54,3.3542058036599713,2.4679582688296278,1,0,-0.8862475348303436,88.0,1.0,10257.596301,21656.941,119.0,False,53.5,7.4
56368,43.0,1.0,167.0,91.0,103.33333333333333,23.75,70.83657098801189,0.0,0.0,0.0,0.0,2.0,4.57,2.31,0.2163148194652107,0.19529721346497253,0,0,-0.021017606000238165,76.0,2.0,64135.851222,135774.217,64.0,False,2.1,0.9
56369,51.0,0.0,237.0,60.0,104.0,26.47,80.39710193197172,0.0,1.0,0.0,0.0,,3.68,3.48,2.452659981451873,2.4325519703739364,0,0,-0.02010801107793636,84.0,2.0,19140.868791,44754.498,135.0,False,3.5,4.0
56374,32.0,1.0,219.0,39.0,102.0,39.29,117.77052579331631,0.0,1.0,0.0,0.0,2.0,10.58,3.13,0.7113282132120179,0.5931724550165282,0,0,-0.11815575819548974,86.0,1.0,16432.42479,30815.09,135.0,False,14.6,6.7
56377,67.0,1.0,208.0,68.0,138.66666666666666,29.94,59.595617859317855,0.0,0.0,1.0,1.0,,35.71,145.53,6.82453791916979,8.2940713609742,2,2,1.4695334418044101,87.0,2.0,67490.818023,147007.759,100.0,False,25.0,110.6
56380,62.0,0.0,211.0,27.0,127.33333333333333,35.96,100.06309588894229,1.0,0.0,1.0,1.0,,5.91,5.29,11.93045702733075,11.755729894059813,3,3,-0.17472713327093636,75.0,1.0,7737.568458,19350.689,118.0,False,2.6,1.8
56382,69.0,0.0,179.0,32.0,122.0,23.96,76.8391714193786,1.0,0.0,0.0,1.0,,7.99,5.1,10.80254237943659,10.166446753325983,3,3,-0.6360956261106061,76.0,1.0,61916.952446,142965.828,99.0,False,11.9,2.6
56390,44.0,1.0,226.0,68.0,100.66666666666667,33.83,110.06734800595726,0.0,0.0,0.0,0.0,2.0,4.17,2.3,0.4465344767180508,0.4085338607644316,0,0,-0.0380006159536192,78.0,2.0,21363.982592,49607.922,145.0,False,6.5,1.7
56396,38.0,0.0,207.0,28.0,120.66666666666667,29.9,86.23418040672956,0.0,0.0,0.0,0.0,,10.19,3.31,1.2195915091589427,1.0310945747949134,0,0,-0.18849693436402926,87.0,2.0,24272.731935,,,False,15.8,6.0
56399,69.0,1.0,190.0,95.0,108.0,21.34,94.89817757649139,0.0,0.0,0.0,1.0,,7.21,6.51,2.5177324448712035,2.4803755096471147,0,0,-0.03735693522408878,78.0,2.0,69974.023405,152416.65,84.0,False,7.5,7.1
56401,31.0,1.0,190.0,55.0,97.33333333333333,30.23,112.68544846979894,0.0,0.0,0.0,0.0,2.0,4.93,2.47,0.1733822597670382,0.15632190912688668,0,0,-0.017060350640151517,85.0,1.0,19827.180131,,,False,6.8,1.8
56402,45.0,1.0,159.0,67.0,90.66666666666667,20.71,109.00075649936791,0.0,0.0,0.0,0.0,,3.74,9.3,0.37974470572261954,0.43515097887425225,0,0,0.05540627315163271,82.0,2.0,16685.203751,35227.597,83.0,False,3.7,14.6
56403,45.0,0.0,175.0,46.0,110.0,25.9,98.10879305741537,0.0,0.0,0.0,0.0,,4.22,3.18,0.8717829775017647,0.8356226384236305,0,0,-0.03616033907813421,85.0,1.0,18607.909455,,,False,7.9,6.2
56408,44.0,1.0,212.0,60.0,106.66666666666667,23.1,90.39940001702745,0.0,0.0,0.0,0.0,2.0,1.88,10.48,0.4515622046103879,0.5836630774979615,0,0,0.13210087288757366,76.0,2.0,85773.925002,,,False,0.6,6.5
56411,50.0,0.0,262.0,39.0,119.33333333333333,24.74,113.74822078851547,1.0,0.0,0.0,0.0,,8.41,4.02,5.620948979578114,5.058057351408311,2,2,-0.5628916281698029,86.0,1.0,12536.751266,28330.645,161.0,False,5.3,4.9
56416,46.0,1.0,237.0,38.0,110.0,23.26,109.0955680386797,0.0,1.0,0.0,0.0,,5.45,4.17,1.7160140847862435,1.6495340805424763,0,0,-0.06648000424376721,77.0,2.0,14635.730871,,,False,1.8,4.0
56420,61.0,1.0,226.0,33.0,119.33333333333333,33.06,99.02420707990402,0.0,0.0,0.0,0.0,,3.73,4.13,3.2137714785934017,3.261681327182189,1,1,0.04790984858878744,77.0,2.0,18400.081764,,,False,5.0,3.3
56426,36.0,1.0,167.0,59.0,103.33333333333333,27.52,102.46165380886283,0.0,1.0,0.0,0.0,2.0,3.59,5.62,0.37865862979664106,0.4049052343728998,0,0,0.02624660457625877,83.0,2.0,60104.196641,145762.325,97.0,False,10.6,15.4
56430,43.0,0.0,171.0,66.0,112.0,25.96,120.46472781679812,0.0,0.0,0.0,0.0,,6.26,6.34,0.5586026194772523,0.5596688109613847,0,0,0.0010661914841323394,77.0,2.0,23760.051347,49900.435,95.0,False,12.2,4.5
56432,64.0,1.0,219.0,37.0,130.0,28.45,97.19375269953703,0.0,0.0,1.0,0.0,,4.91,6.52,5.327205460750524,5.546056020108935,2,2,0.2188505593584109,86.0,2.0,6249.638458,14032.107,140.0,False,8.1,7.3
56435,40.0,1.0,195.0,72.0,97.33333333333333,22.38,85.1465380320185,0.0,0.0,0.0,0.0,2.0,2.83,2.83,0.25562230382621143,0.25562230382621143,0,0,0.0,79.0,2.0,80201.026305,174401.18,111.0,False,2.6,1.3
56436,37.0,1.0,193.0,75.0,138.0,23.54,117.55302423641562,0.0,0.0,0.0,0.0,2.0,6.39,5.18,0.3710363733354558,0.3595669116594494,0,0,-0.011469461676006432,81.0,1.0,23804.612833,,,False,7.6,11.7
56438,52.0,1.0,214.0,38.0,132.66666666666666,35.3,107.93210283621393,0.0,0.0,0.0,0.0,,9.4,7.95,2.304409233977577,2.248460616797215,0,0,-0.055948617180361815,87.0,2.0,12719.508666,,,False,18.9,9.3
56439,52.0,1.0,172.0,55.0,118.0,38.01,81.23365023613746,0.0,0.0,1.0,1.0,,2.24,3.42,1.1524455303411905,1.2271039253863625,0,0,0.07465839504517202,83.0,2.0,29615.973733,65612.241,99.0,False,3.8,3.8
56441,66.0,1.0,165.0,21.0,115.33333333333333,35.53,70.50647339516557,0.0,0.0,1.0,0.0,,2.19,3.47,5.523078485530544,5.894891436902306,2,2,0.37181295137176207,78.0,2.0,69974.023405,,,False,1.6,2.5
56442,46.0,1.0,174.0,45.0,125.33333333333333,55.04,102.64852745962281,0.0,0.0,0.0,0.0,,5.43,1.25,0.9484540827344976,0.7622037132634748,0,0,-0.1862503694710228,76.0,2.0,19980.435015,,,False,3.8,0.7
56443,52.0,1.0,223.0,51.0,93.33333333333333,29.11,86.01169125891848,0.0,0.0,0.0,0.0,,6.01,8.2,1.324011245182319,1.3863552350465669,0,0,0.06234398986424794,82.0,1.0,22290.186406,51777.63,144.0,False,8.6,14.6
56449,51.0,0.0,211.0,46.0,117.33333333333333,26.87,76.25676570893545,0.0,0.0,0.0,0.0,,7.38,3.83,2.060795732133904,1.8700971517107292,0,0,-0.19069858042317467,78.0,2.0,23716.595191,55453.298,150.0,False,22.5,10.6
56450,56.0,1.0,245.0,52.0,131.33333333333334,30.98,103.65534124798963,0.0,1.0,1.0,1.0,,6.67,5.74,4.894126191763095,4.790260927173463,1,1,-0.10386526458963186,76.0,1.0,14495.000318,31247.336,164.0,False,10.4,9.7
56455,74.0,0.0,250.0,82.0,118.0,27.38,92.51934401117803,0.0,0.0,1.0,0.0,,5.31,8.65,9.885827695137655,10.561946949299491,2,3,0.6761192541618364,77.0,1.0,29609.395167,73011.356,157.0,False,4.3,6.4
56462,42.0,0.0,264.0,50.0,112.0,28.09,87.8675526574244,0.0,0.0,0.0,0.0,,2.96,3.61,1.002770126129715,1.0329708048525594,0,0,0.030200678722844376,79.0,2.0,78869.850375,,,False,8.2,3.9
56466,74.0,0.0,211.0,52.0,129.33333333333334,33.26,93.57987279799293,0.0,0.0,1.0,0.0,,6.36,2.86,12.12683794417325,10.898417695188224,3,3,-1.2284202489850262,85.0,2.0,10178.546598,,,False,4.2,1.4
56469,77.0,1.0,145.0,56.0,114.66666666666667,39.53,33.26077552664452,1.0,0.0,1.0,1.0,,9.07,6.19,13.625517561327134,12.964513471896794,3,3,-0.6610040894303406,89.0,2.0,14565.033195,,,False,6.8,7.0
56470,60.0,1.0,225.0,53.0,125.33333333333333,29.82,102.28513880686644,0.0,0.0,0.0,0.0,,8.71,4.67,2.8213286149885044,2.5757958998261907,0,0,-0.24553271516231367,85.0,2.0,6774.929441,15101.401,146.0,False,12.2,4.2
56475,66.0,0.0,187.0,28.0,130.0,35.29,70.92952200375034,1.0,0.0,1.0,1.0,,3.19,4.79,11.676870643495105,12.325010595472168,3,3,0.648139951977063,82.0,1.0,57701.152929,,,False,2.9,5.7
56479,56.0,0.0,164.0,34.0,118.0,32.66,100.5766984210164,0.0,1.0,0.0,0.0,,3.48,3.07,3.671565854321589,3.605200777566323,1,1,-0.06636507675526637,85.0,1.0,8891.878614,18674.565,71.0,False,3.1,4.2
56481,41.0,0.0,232.0,42.0,128.0,27.11,98.14672466577782,0.0,0.0,0.0,0.0,,6.19,5.17,1.4197513717637207,1.382193792545176,0,0,-0.037557579218544745,85.0,1.0,74096.101449,,,False,13.0,12.1
56489,46.0,1.0,159.0,35.0,104.0,33.82,108.32495180907185,0.0,0.0,0.0,0.0,,4.08,2.95,0.7510427085568295,0.7156106386409694,0,0,-0.03543206991586012,78.0,1.0,30213.404713,66935.81,104.0,False,7.1,5.6
56494,58.0,0.0,238.0,91.0,142.0,24.68,70.80510347319591,0.0,1.0,0.0,0.0,,4.66,1.51,3.9627700119937126,3.3635349949459337,1,1,-0.5992350170477789,80.0,2.0,20088.350472,,,False,8.9,2.4
56496,35.0,1.0,177.0,50.0,100.0,37.38,109.91673186170055,0.0,1.0,0.0,0.0,2.0,3.15,223.06,0.4474497698013756,0.8447909713803249,0,0,0.3973412015789493,78.0,2.0,25897.157431,,,False,1.7,109.3
56506,50.0,1.0,147.0,46.0,112.0,34.15,108.00553999344656,0.0,0.0,0.0,0.0,,6.89,3.92,0.892296393364794,0.8204536662875825,0,0,-0.07184272707721151,86.0,3.0,71724.177475,166546.074,89.0,False,3.1,5.1
56508,36.0,1.0,182.0,37.0,106.66666666666667,40.84,119.2248431977211,0.0,0.0,0.0,0.0,2.0,9.37,5.43,0.40296244558782257,0.37139189001661455,0,0,-0.031570555571208025,85.0,2.0,18499.4128,37609.424,79.0,False,5.9,1.9
56510,66.0,0.0,225.0,48.0,132.66666666666666,32.11,95.16303118489925,0.0,0.0,0.0,0.0,,5.51,4.76,6.725973144592174,6.588677035454709,2,2,-0.13729610913746537,89.0,2.0,6230.506123,,,False,5.4,4.0
56511,38.0,1.0,164.0,48.0,112.0,47.99,116.82419548614985,0.0,0.0,0.0,0.0,2.0,5.67,4.23,0.32256814451795074,0.3087307388569842,0,0,-0.013837405660966529,81.0,1.0,53950.890966,133543.49,90.0,False,5.9,3.0
56514,39.0,0.0,164.0,25.0,120.66666666666667,33.58,99.37515662693103,0.0,1.0,0.0,0.0,,1.85,2.16,1.438946085589711,1.4725047429667975,0,0,0.03355865737708652,81.0,2.0,78752.983185,,,False,1.0,2.5
56522,39.0,0.0,276.0,61.0,124.66666666666667,22.63,83.89850807898857,0.0,0.0,0.0,0.0,,2.25,3.21,0.8974892424088285,0.9464948790804727,0,0,0.04900563667164415,89.0,2.0,22591.314467,,,False,4.6,7.7
56525,30.0,0.0,167.0,66.0,120.0,23.44,111.83962537807189,0.0,0.0,0.0,0.0,,4.03,4.18,0.21159932257971314,0.21276777896934557,0,0,0.0011684563896324218,78.0,1.0,57714.14322,,,False,5.2,8.9
56526,35.0,0.0,290.0,32.0,124.66666666666667,26.53,104.40420937362191,0.0,1.0,0.0,0.0,,7.01,6.18,2.6422639648979147,2.5937493315437723,0,0,-0.04851463335414241,88.0,2.0,23998.324651,,,False,14.8,6.8
56527,49.0,1.0,264.0,54.0,134.66666666666666,26.19,100.75107781304223,0.0,0.0,0.0,0.0,,11.21,5.48,1.8870071509010509,1.698038836773423,0,0,-0.18896831412762793,85.0,1.0,27974.327374,,,False,3.7,9.1
56529,70.0,1.0,259.0,68.0,118.0,22.24,74.71036020406885,0.0,0.0,1.0,0.0,,5.56,3.39,5.853832605828194,5.457661315213995,2,2,-0.3961712906141992,88.0,2.0,38449.528758,89430.553,168.0,False,3.0,2.0
56531,38.0,0.0,230.0,42.0,120.0,27.18,113.66133730581124,0.0,0.0,0.0,0.0,,14.24,6.24,1.0714688492562792,0.9471423301633365,0,0,-0.12432651909294268,83.0,1.0,34020.301436,76597.181,161.0,False,22.5,13.6
56532,56.0,0.0,210.0,31.0,123.33333333333333,34.08,79.65464989461398,0.0,1.0,0.0,1.0,,8.6,6.13,5.8862296903754014,5.6093093140901304,2,2,-0.276920376285271,80.0,1.0,16287.454934,,,False,11.7,7.6
56536,67.0,1.0,271.0,56.0,118.66666666666667,29.69,64.04613334433898,0.0,0.0,0.0,0.0,,11.31,3.47,4.939190996402709,4.169883418484279,1,1,-0.76930757791843,87.0,1.0,78374.05594,182291.835,186.0,False,11.2,3.4
56537,44.0,0.0,191.0,47.0,121.33333333333333,29.58,110.27902147031381,0.0,0.0,0.0,0.0,,5.65,4.36,1.1098693651845268,1.0677245634948187,0,0,-0.04214480168970813,86.0,2.0,19102.531525,42113.05,129.0,False,10.0,10.3
56542,76.0,0.0,188.0,62.0,135.33333333333334,28.74,60.84384413268728,0.0,0.0,1.0,0.0,,62.8,9.02,17.080353127874403,13.319792851182457,3,3,-3.7605602766919457,82.0,1.0,11412.729249,,,False,105.5,12.9
56543,51.0,0.0,211.0,31.0,114.0,35.28,51.07518532624309,1.0,1.0,0.0,0.0,,2.45,3.43,7.560454198938263,7.923302183538496,2,2,0.3628479846002328,87.0,1.0,14984.141601,,,False,4.7,7.3
56546,39.0,0.0,194.0,38.0,124.66666666666667,34.39,85.69952848820785,0.0,0.0,0.0,0.0,,7.97,3.31,1.070728261065336,0.9389199072323603,0,0,-0.13180835383297562,76.0,2.0,57949.119795,174444.261,128.0,False,14.1,8.8
56562,42.0,0.0,172.0,28.0,118.0,29.7,84.11537970335522,0.0,0.0,0.0,1.0,,2.5,3.54,0.9629165553987546,1.0143196471821294,0,0,0.051403091783374766,75.0,1.0,29520.027261,,,False,1.6,2.8
56564,40.0,1.0,232.0,46.0,106.0,34.06,113.65461952506065,0.0,0.0,0.0,0.0,2.0,5.1,18.58,0.535242070956863,0.6491458414397374,0,0,0.11390377048287437,87.0,1.0,21396.703193,0.0,152.0,False,5.1,35.3
56567,74.0,0.0,175.0,48.0,110.66666666666667,35.4,92.17714171258639,0.0,0.0,0.0,0.0,,8.01,13.35,8.94513560044752,9.593642463800249,2,2,0.6485068633527291,76.0,2.0,33645.553037,73345.31,113.0,False,14.5,20.7
56570,52.0,1.0,173.0,52.0,118.0,30.38,60.45926845655638,0.0,0.0,1.0,0.0,,13.09,4.73,1.8298962660345455,1.5746663250467878,0,0,-0.25522994098775764,86.0,3.0,8061.512183,17378.46,99.0,False,14.4,6.9
56573,74.0,0.0,244.0,79.0,139.33333333333334,27.3,74.48651152060778,0.0,0.0,1.0,1.0,,30.58,5.56,13.837616980033507,11.043825385101233,3,3,-2.7937915949322747,80.0,2.0,12768.79408,30848.01,138.0,False,41.9,4.5
56575,30.0,0.0,211.0,58.0,134.66666666666666,23.74,70.54954615984308,0.0,0.0,0.0,0.0,,0.89,2.19,0.3986160161170752,0.45640952334968693,0,0,0.05779350723261173,82.0,2.0,34401.297181,,,False,1.3,6.5
56580,79.0,1.0,175.0,65.0,119.33333333333333,28.3,80.93444430194191,0.0,0.0,0.0,0.0,,13.51,10.0,10.270312545040381,9.861513297563024,3,2,-0.40879924747735785,81.0,2.0,38087.107887,83958.274,93.0,False,17.7,3.9
56583,63.0,0.0,144.0,34.0,143.33333333333334,22.4,63.48211863669866,0.0,1.0,1.0,0.0,,14.32,5.1,10.11942510836298,8.786973061974217,3,2,-1.332452046388763,78.0,2.0,11505.828824,,,False,57.7,10.5
56586,40.0,0.0,179.0,77.0,117.33333333333333,19.25,95.28375110001366,0.0,1.0,0.0,0.0,,13.33,11.48,0.8133714639208399,0.7953698868744833,0,0,-0.01800157704635663,82.0,1.0,24513.286055,,,False,13.6,9.3
56594,62.0,1.0,184.0,37.0,141.33333333333334,36.26,91.42100066267957,0.0,0.0,1.0,0.0,,6.81,8.61,5.328622242174906,5.509056459227126,2,2,0.18043421705221974,85.0,2.0,5153.07283,,,False,4.9,11.8
56597,48.0,0.0,147.0,43.0,108.66666666666667,21.14,109.58165022341532,1.0,0.0,0.0,1.0,,4.26,3.82,1.9027980335361099,1.8723111208923218,0,0,-0.03048691264378811,77.0,2.0,94447.574489,208448.015,83.0,False,2.9,7.8
56598,44.0,0.0,180.0,40.0,122.0,30.05,117.54591923787689,0.0,0.0,0.0,0.0,,3.91,2.81,1.1270300737602121,1.0727750603515684,0,0,-0.05425501340864369,88.0,2.0,16557.906564,37417.682,111.0,False,7.2,5.2
56599,70.0,0.0,150.0,42.0,136.66666666666666,31.91,68.46544195692064,1.0,0.0,1.0,1.0,,1635.8,1185.71,22.354464509978474,21.522371447649167,3,3,-0.8320930623293066,75.0,1.0,15281.510397,33099.139,54.0,False,2650.0,830.0
56602,51.0,1.0,182.0,80.0,128.0,28.62,113.48391933118842,0.0,1.0,1.0,0.0,,145.38,37.59,2.6012510002272857,2.133422835994465,0,0,-0.4678281642328206,84.0,2.0,27375.396445,60648.389,88.0,False,37.8,10.9
56609,64.0,1.0,213.0,46.0,111.33333333333333,29.34,82.2269222087342,0.0,0.0,0.0,0.0,,3.29,2.04,3.029080569098062,2.8252862846308453,1,0,-0.2037942844672167,76.0,2.0,66402.459548,,,False,2.4,1.1
56610,54.0,1.0,141.0,54.0,146.0,31.94,99.29630760846462,0.0,0.0,1.0,1.0,,8.93,4.69,2.1166590226286504,1.9253646357039125,0,0,-0.19129438692473788,75.0,1.0,18999.168205,,,False,10.0,6.9
56613,41.0,0.0,192.0,43.0,99.33333333333333,21.8,99.34974429573082,0.0,1.0,1.0,0.0,,2.92,6.63,1.6739753218517144,1.8904713132980329,0,0,0.21649599144631848,83.0,2.0,17679.560516,,,False,0.7,12.8
56615,45.0,1.0,151.0,49.0,117.33333333333333,25.61,99.99255078425227,0.0,1.0,0.0,0.0,,13.17,26.03,1.2349163966912091,1.3660910153485966,0,0,0.13117461865738744,78.0,1.0,27466.731558,,,False,13.7,16.4
56617,41.0,0.0,235.0,41.0,101.33333333333333,36.18,110.41103703744838,0.0,0.0,0.0,0.0,,4.86,9.62,1.0682944187823495,1.1829513004154206,0,0,0.11465688163307108,75.0,2.0,19708.285303,,,False,7.2,7.6
56618,42.0,0.0,278.0,36.0,146.0,29.55,105.1374643311218,0.0,1.0,1.0,0.0,,5.02,4.48,5.608524053724829,5.51823468906662,2,2,-0.0902893646582088,77.0,1.0,24714.75305,,,False,13.7,8.1
56623,56.0,1.0,253.0,60.0,131.33333333333334,40.71,94.89689794863783,0.0,0.0,0.0,0.0,,8.93,5.0,2.3529488068572384,2.1609888599861216,0,0,-0.19195994687111684,85.0,1.0,11755.17247,24818.785,162.0,False,5.0,2.8
56624,34.0,0.0,220.0,68.0,120.0,28.59,121.44141605118388,1.0,1.0,0.0,0.0,,64.0,21.83,2.9669188275627265,2.533391020910015,0,0,-0.4335278066527115,75.0,2.0,38399.517701,,,False,64.0,43.0
56625,41.0,1.0,230.0,53.0,105.33333333333333,29.57,117.51217344003192,0.0,1.0,0.0,0.0,2.0,4.59,4.22,0.861510969402538,0.8508014993832593,0,0,-0.010709470019278688,77.0,2.0,21594.166094,,,False,1.7,4.3
56628,57.0,1.0,196.0,68.0,136.0,24.86,108.2987006484483,0.0,0.0,0.0,0.0,,10.33,6.38,2.0454939865522634,1.9054659011479924,0,0,-0.14002808540427103,85.0,1.0,20502.782804,46644.24,108.0,False,6.3,4.4
56632,79.0,0.0,200.0,54.0,115.33333333333333,26.24,66.82487096900527,0.0,0.0,1.0,1.0,,41.04,21.03,18.950927293168775,17.44855262058077,3,3,-1.5023746725880045,75.0,1.0,15661.814696,,,False,19.7,18.3
56633,66.0,1.0,181.0,44.0,116.0,19.16,107.20254255291245,1.0,0.0,0.0,0.0,,15.4,7.22,6.882165417389187,6.188170600904509,2,2,-0.6939948164846781,87.0,2.0,22769.495307,52574.612,119.0,False,9.7,2.6
56634,77.0,1.0,180.0,67.0,154.66666666666666,28.44,58.72819957477249,0.0,0.0,1.0,0.0,,24.82,18.37,13.872277400847834,13.341273971396166,3,3,-0.5310034294516672,76.0,2.0,20884.924641,44286.915,99.0,False,20.6,9.0
56635,62.0,0.0,198.0,29.0,119.33333333333333,28.83,100.44393771125067,0.0,0.0,0.0,0.0,,22.64,16.54,6.181770717625545,5.912473903480799,2,2,-0.26929681414474604,75.0,1.0,7931.238404,,,False,27.4,17.7
56638,33.0,0.0,178.0,32.0,115.33333333333333,22.47,97.23130127154721,0.0,1.0,0.0,0.0,,2.98,4.11,0.8915381636181188,0.9354742677675513,0,0,0.0439361041494325,78.0,1.0,24590.022505,65646.462,129.0,False,11.4,15.2
56639,31.0,0.0,163.0,37.0,123.33333333333333,33.36,131.04970772692127,1.0,0.0,0.0,0.0,,7.3,2.69,1.4785031726992153,1.274234752380973,0,0,-0.20426842031824233,86.0,2.0,22238.736217,52429.538,99.0,False,2.7,2.1
56640,40.0,0.0,220.0,34.0,112.66666666666667,38.33,114.7350482312626,0.0,0.0,0.0,0.0,,6.26,5.54,1.016026088804302,0.9976366582337997,0,0,-0.018389430570502352,84.0,1.0,69149.727092,,,False,6.2,5.6
56641,44.0,1.0,198.0,52.0,115.33333333333333,29.92,112.11199431587151,0.0,0.0,0.0,0.0,2.0,8.3,3.3,0.6561147794350575,0.5717616902332936,0,0,-0.08435308920176388,80.0,2.0,90501.144518,,,False,3.9,3.5
56642,59.0,1.0,182.0,42.0,102.66666666666667,37.49,84.82406333577323,1.0,0.0,1.0,0.0,,88.38,12.24,8.099736050933291,6.147646679528867,2,2,-1.9520893714044245,78.0,2.0,30353.751983,,,False,98.1,12.0
56646,37.0,0.0,146.0,34.0,117.33333333333333,28.31,79.87752128190608,0.0,0.0,0.0,0.0,,2.58,2.11,0.5551566163279031,0.5386405938643097,0,0,-0.016516022463593405,82.0,2.0,28059.136418,,,False,6.4,6.0
56648,62.0,1.0,223.0,85.0,108.0,24.73,96.07580141895353,0.0,0.0,0.0,0.0,,6.44,11.21,1.717755094356353,1.8640247626357,0,0,0.14626966827934695,86.0,3.0,51293.622038,111727.204,124.0,False,6.7,7.4
56650,60.0,1.0,237.0,65.0,164.0,30.2,108.36720966032765,0.0,0.0,0.0,0.0,,5.07,5.12,3.892118941623232,3.8976335275697194,1,1,0.005514585946487571,85.0,2.0,6774.929441,15211.525,147.0,False,3.7,6.5
56651,61.0,0.0,191.0,52.0,127.33333333333333,28.7,76.37419935789183,0.0,0.0,0.0,0.0,,2.56,1.43,3.550349649736475,3.261224634762616,1,1,-0.2891250149738589,82.0,2.0,12428.596949,,,False,2.1,1.1
56652,62.0,0.0,174.0,50.0,145.33333333333334,27.47,38.658777322170344,1.0,0.0,1.0,0.0,,54.66,47.26,16.150631172488954,15.855360842371883,3,3,-0.29527033011707005,75.0,1.0,9357.580369,20268.144,84.0,False,48.1,39.7
56658,38.0,0.0,255.0,34.0,126.66666666666667,26.87,112.49041313696821,0.0,0.0,0.0,0.0,,4.74,4.19,1.403008776627354,1.3774766088176593,0,0,-0.025532167809694695,87.0,2.0,67160.811695,,,False,13.8,4.9
56659,53.0,0.0,256.0,41.0,131.33333333333334,33.08,69.52162763358469,1.0,1.0,0.0,0.0,,6.12,2.36,10.583898820009479,9.297310624217479,3,2,-1.2865881957919996,82.0,2.0,15686.03941,36340.347,173.0,False,12.3,6.2
56660,45.0,1.0,243.0,48.0,110.66666666666667,44.2,112.28652785867963,0.0,0.0,1.0,0.0,,12.48,4.4,1.1515635648522105,0.9863786617780332,0,0,-0.16518490307417721,80.0,1.0,59173.068083,134619.911,170.0,False,14.6,5.9
56673,50.0,1.0,229.0,43.0,108.66666666666667,16.56,84.60596476455257,0.0,1.0,0.0,0.0,,26.67,6.21,2.6267923397006903,2.121565950991086,0,0,-0.5052263887096045,84.0,2.0,15221.770678,,,False,69.6,9.0
56675,50.0,1.0,225.0,84.0,130.0,24.95,98.50495154282892,0.0,0.0,1.0,0.0,,4.09,3.98,1.0009587333187482,0.996911148097105,0,0,-0.0040475852216431685,77.0,1.0,95158.077948,206926.044,123.0,False,0.9,3.5
56681,30.0,1.0,219.0,69.0,112.66666666666667,32.76,113.38845690259502,0.0,0.0,0.0,0.0,2.0,3.21,3.95,0.12861026126990946,0.13267305410395866,0,0,0.0040627928340492,81.0,2.0,72738.522735,,,False,1.8,5.8
56682,31.0,1.0,178.0,70.0,96.66666666666667,19.32,92.56720018039833,0.0,0.0,0.0,0.0,2.0,14.77,3.54,0.13603029200780803,0.10980385448423914,0,0,-0.026226437523568888,81.0,2.0,71929.361138,162322.202,98.0,False,9.6,5.2
56689,59.0,0.0,161.0,36.0,131.33333333333334,22.09,89.9277705591563,0.0,1.0,0.0,0.0,,6.83,3.45,5.627638177981075,5.104329858061296,2,2,-0.5233083199197797,81.0,2.0,23591.325205,,,False,8.6,1.9
56690,62.0,0.0,212.0,47.0,132.0,23.69,100.06309588894229,0.0,1.0,0.0,0.0,,3.38,3.75,6.309690840070495,6.4030616056187055,2,2,0.09337076554821078,75.0,2.0,21309.916507,49800.447,144.0,False,2.7,2.4
56694,43.0,1.0,240.0,47.0,121.33333333333333,31.39,22.261177360230516,0.0,0.0,1.0,1.0,2.0,590.16,374.0,9.931331785193672,9.335394829909061,2,2,-0.5959369552846105,77.0,2.0,21052.826838,,,False,360.0,280.5
56696,46.0,0.0,227.0,41.0,123.33333333333333,26.9,110.11861928173762,0.0,0.0,0.0,0.0,,11.47,10.3,1.9375621689815559,1.9069323258439328,0,0,-0.03062984313762307,86.0,3.0,15521.102658,35074.705,130.0,False,11.7,13.6
56703,40.0,1.0,248.0,51.0,120.0,47.92,95.46368990413177,1.0,0.0,1.0,0.0,2.0,2.65,2.21,2.4162974221825357,2.3528541960148104,0,0,-0.06344322616772535,83.0,2.0,29981.196622,,,False,4.8,5.2
56705,31.0,1.0,227.0,51.0,122.0,40.23,85.37090332295682,0.0,0.0,0.0,0.0,3.0,9.38,4.11,0.38786048125424594,0.34282624774665027,0,0,-0.04503423350759567,84.0,1.0,25966.025398,61958.929,163.0,True,45.1,4.4
56706,45.0,1.0,184.0,52.0,98.0,30.68,118.96330051883258,1.0,0.0,0.0,1.0,,24.18,9.02,1.8298966837127668,1.5820924839958073,0,0,-0.24780419971695955,78.0,1.0,16283.76628,37599.107,91.0,False,16.2,11.0
56710,71.0,1.0,230.0,70.0,148.66666666666666,26.54,60.23029162812202,0.0,0.0,1.0,1.0,,7.58,2.26,7.866754740371797,6.646768056464072,2,2,-1.2199866839077247,86.0,3.0,31237.299447,72655.48,149.0,False,5.0,2.6
56716,44.0,0.0,222.0,48.0,124.0,36.22,98.72086240432216,0.0,0.0,1.0,0.0,,6.86,4.46,1.6958108331801025,1.590759469696149,0,0,-0.10505136348395361,86.0,2.0,18451.210124,,,False,5.9,3.7
56717,75.0,0.0,166.0,85.0,156.66666666666666,21.6,90.94140688448358,0.0,0.0,1.0,0.0,,23.03,27.22,11.942730024812976,12.2107413240561,3,3,0.26801129924312406,77.0,2.0,12711.35088,,,False,7.6,26.4
56727,76.0,1.0,238.0,82.0,131.33333333333334,21.41,64.53042645833504,0.0,0.0,1.0,0.0,,9.88,8.27,9.502488186631227,9.275322446115835,2,2,-0.2271657405153924,82.0,1.0,16322.933104,,,False,8.5,8.1
56734,73.0,1.0,151.0,39.0,138.66666666666666,30.79,89.72282356945743,0.0,0.0,0.0,0.0,,34.41,7.71,9.994859573339614,8.148402833889454,2,2,-1.8464567394501596,78.0,1.0,8570.219254,19103.124,87.0,False,23.4,2.7
56736,38.0,0.0,190.0,43.0,112.66666666666667,34.27,120.4345994267417,0.0,0.0,0.0,0.0,,2.99,5.39,0.5648055130410539,0.6170439976652404,0,0,0.052238484624186565,76.0,1.0,67052.170574,185027.118,120.0,False,7.0,11.0
56739,76.0,0.0,189.0,89.0,132.66666666666666,23.89,47.1944004549266,0.0,0.0,1.0,0.0,,5.0,1.51,10.3451051666718,8.784310940158115,3,2,-1.5607942265136856,81.0,2.0,12868.360204,,,False,6.5,3.0
56740,56.0,1.0,194.0,51.0,149.33333333333334,35.97,104.0494974731224,0.0,0.0,0.0,0.0,,10.76,3.24,3.0825584222450275,2.587442999261202,1,0,-0.4951154229838255,85.0,2.0,12457.066775,,,False,8.5,2.4
56747,33.0,0.0,181.0,50.0,113.33333333333333,27.87,116.84268207294753,0.0,0.0,0.0,0.0,,1.31,2.79,0.28652281650451594,0.3210623772188105,0,0,0.03453956071429454,82.0,2.0,84125.898782,,,False,0.21,1.2
56748,34.0,0.0,138.0,54.0,119.33333333333333,19.58,102.51392552827187,0.0,1.0,0.0,0.0,,6.85,3.59,0.611692640827082,0.5551472684659676,0,0,-0.05654537236111434,75.0,1.0,17236.479268,,,False,15.2,8.4
56753,61.0,0.0,193.0,41.0,139.33333333333334,38.97,101.85630565937318,0.0,0.0,0.0,0.0,,8.41,7.34,5.442572386724301,5.337780679094037,2,2,-0.10479170763026335,89.0,2.0,48643.772078,,,False,17.4,9.1
56755,40.0,1.0,168.0,34.0,122.66666666666667,32.22,112.05430679879757,0.0,0.0,0.0,0.0,2.0,38.33,4.53,0.9237289717678061,0.6720743431329513,0,0,-0.25165462863485477,84.0,1.0,15810.153943,,,False,11.5,3.4
56756,64.0,1.0,209.0,43.0,118.66666666666667,39.85,71.38895221126222,0.0,0.0,1.0,0.0,,4.54,2.83,4.6174624386071565,4.3148304596373706,1,1,-0.302631978969786,81.0,2.0,52724.982158,,,False,9.4,2.6
56757,51.0,1.0,246.0,50.0,111.33333333333333,32.68,107.75060076297935,0.0,0.0,0.0,0.0,,7.27,3.36,1.2690630240463283,1.1317917717653068,0,0,-0.13727125228102155,77.0,2.0,14417.566562,30439.917,159.0,False,8.8,3.7
56761,73.0,1.0,165.0,41.0,94.66666666666667,24.73,43.02168301097819,1.0,0.0,1.0,1.0,,22.04,8.65,15.231072860789654,13.505308432287165,3,3,-1.7257644285024885,75.0,2.0,18085.577777,,,False,82.0,8.3
56762,36.0,0.0,222.0,39.0,129.33333333333334,24.79,116.75124637328403,0.0,0.0,0.0,0.0,,19.19,13.17,1.228471771638637,1.1613738567953065,0,0,-0.06709791484333061,86.0,3.0,13780.597684,,,False,23.6,27.4
56763,61.0,0.0,235.0,48.0,140.66666666666666,33.83,99.57413337962339,0.0,0.0,0.0,0.0,,1.33,5.59,4.5448378760376125,5.583773003676711,1,2,1.0389351276390988,87.0,1.0,8050.612715,,,False,2.0,3.8
56764,78.0,1.0,208.0,70.0,136.0,25.91,40.22605014508334,0.0,0.0,1.0,0.0,,5.46,4.92,11.784903482247124,11.62334292834566,3,3,-0.16156055390146307,84.0,1.0,13632.860954,37541.116,108.0,False,6.5,2.9
56767,67.0,1.0,216.0,80.0,168.66666666666666,25.28,93.1341548464394,0.0,0.0,0.0,1.0,,13.4,7.97,5.533426725450695,5.139568566234353,2,2,-0.39385815921634126,86.0,2.0,5629.002315,12547.115,110.0,False,7.1,6.3
56769,55.0,0.0,240.0,45.0,126.66666666666667,29.31,96.97156395755158,0.0,1.0,0.0,0.0,,4.19,4.33,4.716350716412369,4.738704766582799,1,1,0.02235405017043046,81.0,1.0,13008.286545,,,False,5.2,4.2
56772,30.0,0.0,212.0,45.0,114.0,32.17,126.04480206316572,0.0,0.0,0.0,0.0,,7.1,7.93,0.3923468881190784,0.39892579407825196,0,0,0.006578905959173542,88.0,1.0,22053.726896,,,False,9.3,4.6
56780,56.0,1.0,259.0,83.0,95.33333333333333,19.56,101.79312063902118,0.0,0.0,0.0,0.0,,8.33,13.91,1.2199806051622484,1.3163113123823575,0,0,0.09633070722010917,77.0,2.0,107546.131922,0.0,160.0,False,7.5,6.4
56785,49.0,0.0,246.0,76.0,124.0,25.42,109.74885836492489,0.0,0.0,0.0,0.0,,5.67,2.91,1.3761158813575138,1.2458986934055523,0,0,-0.13021718795196158,88.0,2.0,17110.395133,38666.2,156.0,False,11.5,4.4
56792,52.0,0.0,204.0,60.0,112.66666666666667,32.63,75.00736809042279,0.0,0.0,1.0,0.0,,5.23,1.65,1.9237248111997818,1.6211506861606155,0,0,-0.30257412503916625,82.0,2.0,24653.356286,69459.096,127.0,False,3.4,3.2
56794,71.0,1.0,192.0,66.0,100.66666666666667,41.72,89.33383337589149,0.0,0.0,1.0,0.0,,5.08,6.07,5.701199646664264,5.846610956055122,2,2,0.145411309390858,80.0,2.0,49128.3912,111955.085,114.0,False,3.0,6.8
56798,70.0,0.0,210.0,43.0,138.66666666666666,45.65,78.14553247040998,0.0,0.0,0.0,0.0,,5.74,3.93,9.232061486084515,8.76375075530604,2,2,-0.46831073077847485,80.0,2.0,9873.315888,24213.57,146.0,False,6.2,5.7
56805,56.0,0.0,240.0,59.0,113.33333333333333,25.71,93.94087570324906,0.0,0.0,0.0,0.0,,18.96,2.73,2.9740195242753904,2.2363209836775066,0,0,-0.7376985405978838,85.0,2.0,12815.795366,0.0,162.0,False,34.5,3.9
56809,52.0,1.0,283.0,56.0,117.33333333333333,36.59,89.94594741609347,0.0,0.0,0.0,0.0,,4.51,2.78,1.5180838102356802,1.4132290811767225,0,0,-0.10485472905895765,84.0,2.0,23748.745332,,,False,9.7,5.2
56814,65.0,0.0,293.0,52.0,120.66666666666667,28.27,80.61376271449062,0.0,0.0,0.0,0.0,,1.85,3.3,5.800695312951607,6.297090596035707,2,2,0.49639528308409986,82.0,2.0,13193.366177,39736.016,166.0,False,4.0,6.1
56824,66.0,0.0,133.0,42.0,132.0,33.76,43.91108306427053,1.0,0.0,1.0,1.0,,7.6,4.24,9.62162985144514,8.882094885167652,2,2,-0.739534966277489,75.0,2.0,12159.018408,29275.494,70.0,False,23.1,8.6
56827,53.0,0.0,208.0,50.0,129.33333333333334,40.4,65.68919362137045,1.0,0.0,1.0,1.0,,4796.61,5724.14,14.926094255084687,15.268262924812595,3,3,0.3421686697279078,75.0,1.0,19601.897646,45945.113,108.0,False,2830.0,1660.0
56829,53.0,0.0,166.0,39.0,118.0,35.36,107.05229469143296,1.0,0.0,0.0,1.0,,13.07,7.0,4.1073529635542725,3.7516325958944705,1,1,-0.355720367659802,75.0,1.0,19184.005021,,,False,17.9,6.3
56830,71.0,1.0,225.0,68.0,127.33333333333333,35.21,79.92128471129446,0.0,0.0,0.0,1.0,,5.26,5.81,5.101870246438695,5.17463919905045,2,2,0.07276895261175476,80.0,1.0,34966.865728,,,False,1.0,2.5
56831,50.0,0.0,160.0,53.0,110.0,33.3,105.48741997642325,1.0,0.0,0.0,1.0,,12.5,18.0,2.2790332020422337,2.4049420494020683,0,0,0.12590884735983465,82.0,2.0,12437.325513,28717.701,96.0,False,16.0,39.6
56834,49.0,1.0,178.0,90.0,117.33333333333333,20.43,85.13379428914527,0.0,0.0,0.0,0.0,,28.46,6.4,0.6038222765900892,0.4832241580062084,0,0,-0.12059811858388086,87.0,1.0,22786.453748,45984.612,80.0,False,11.1,20.8
56835,60.0,1.0,175.0,57.0,126.66666666666667,28.76,66.89597198881015,0.0,1.0,1.0,0.0,,42.25,17.74,6.277979529315652,5.553747767652577,2,2,-0.7242317616630753,83.0,1.0,22061.230347,50416.405,96.0,False,37.6,16.5
56837,76.0,0.0,136.0,58.0,100.0,27.85,90.05513669767039,1.0,0.0,0.0,1.0,,98.91,57.85,13.75240184671395,12.819619667062417,3,3,-0.9327821796515323,76.0,1.0,31722.475671,70853.934,60.0,False,91.0,45.7
56839,56.0,0.0,264.0,31.0,126.0,29.46,86.25866343385943,0.0,0.0,0.0,0.0,,3.28,2.47,4.421423044431973,4.243920663666597,1,1,-0.17750238076537528,75.0,1.0,19952.378405,,,False,2.2,4.3
56840,41.0,1.0,219.0,54.0,100.66666666666667,23.74,102.51128502382936,0.0,1.0,0.0,0.0,2.0,2.31,1.72,0.7633482594365568,0.7305302455375755,0,0,-0.03281801389898131,80.0,2.0,90501.144518,0.0,132.0,False,0.3,2.9
56844,70.0,1.0,186.0,65.0,124.0,26.51,96.89282500943602,0.0,1.0,1.0,1.0,,6.67,8.29,7.337117837508791,7.562150553961375,2,2,0.22503271645258405,86.0,2.0,8352.460062,,,False,1.4,3.4
56847,58.0,1.0,218.0,49.0,132.0,28.94,85.35325350751985,0.0,0.0,1.0,0.0,,19.83,9.4,4.075805398223802,3.659530357635775,1,1,-0.41627504058802733,81.0,1.0,95401.863692,,,False,34.9,9.4
56850,53.0,0.0,255.0,38.0,121.33333333333333,29.5,96.93319531439386,0.0,0.0,0.0,0.0,,4.64,4.4,3.1241888883446314,3.1000068171954442,1,1,-0.024182071149187134,81.0,1.0,13666.884857,30884.529,190.0,False,8.3,7.0
56852,44.0,1.0,216.0,33.0,124.0,36.67,109.30109753836736,0.0,1.0,0.0,0.0,2.0,3.85,2.64,1.9887816840894341,1.8813280193734896,0,0,-0.10745366471594453,81.0,2.0,85415.930989,,,False,3.0,3.4
56854,49.0,1.0,200.0,45.0,139.0,33.15,109.52761285439362,0.0,0.0,0.0,0.0,,52.95,9.29,2.3435762644855833,1.8144964468986606,0,0,-0.5290798175869227,75.0,1.0,19014.020892,,,False,73.6,9.2
56862,45.0,0.0,246.0,36.0,118.66666666666667,28.28,103.19400688974802,0.0,0.0,0.0,0.0,,4.67,3.24,1.7326469716031778,1.64111387164371,0,0,-0.0915330999594679,86.0,2.0,19102.531525,,,False,7.8,7.9
56866,46.0,0.0,217.0,46.0,128.66666666666666,31.97,95.14167061519963,1.0,0.0,0.0,0.0,,18.73,6.32,4.646972812134439,3.9717885247084306,1,1,-0.6751842874260081,75.0,1.0,32203.666103,69751.851,152.0,False,35.4,4.3
56867,30.0,0.0,184.0,35.0,112.66666666666667,27.37,101.39789095079487,0.0,0.0,0.0,0.0,,8.1,5.83,0.4131970603273817,0.39325824630984224,0,0,-0.01993881401753944,85.0,1.0,20151.605562,44262.772,133.0,False,12.4,7.4
56870,53.0,0.0,233.0,42.0,126.0,23.53,105.03750482912729,0.0,0.0,0.0,0.0,,10.28,6.48,3.2322236802337945,3.021222795210967,1,1,-0.21100088502282732,76.0,1.0,11948.020306,26340.361,142.0,False,11.1,12.9
56872,31.0,1.0,182.0,53.0,108.66666666666667,32.63,122.99056536408828,0.0,0.0,0.0,0.0,2.0,3.32,4.39,0.1529019716978582,0.1594404003557278,0,0,0.006538428657869577,83.0,2.0,36330.97264,91269.279,118.0,False,8.7,8.2
56874,39.0,1.0,217.0,40.0,127.33333333333333,40.15,118.98298879500065,0.0,0.0,0.0,0.0,2.0,7.55,3.48,0.8375978802891411,0.7463438397021028,0,0,-0.09125404058703823,80.0,2.0,31444.075415,,,False,7.4,2.4
56877,72.0,1.0,241.0,46.0,129.33333333333334,45.93,51.14793879129853,1.0,0.0,1.0,0.0,,36.78,20.11,16.73956074122899,15.514134717647602,3,3,-1.2254260235813863,75.0,2.0,21736.812302,0.0,151.0,False,21.7,18.7
56878,73.0,1.0,219.0,82.0,106.66666666666667,27.59,50.83082157079248,0.0,0.0,1.0,0.0,,30.0,4.67,8.676368990603581,6.704214522122278,2,2,-1.9721544684813033,76.0,1.0,36689.33505,77800.494,120.0,False,21.0,1.4
56881,42.0,1.0,150.0,54.0,120.66666666666667,34.44,113.95378857325616,1.0,0.0,1.0,1.0,2.0,4.27,4.81,1.4279398375033943,1.4533223024648556,0,0,0.02538246496146135,82.0,2.0,16306.175177,,,False,3.2,5.0
56882,60.0,1.0,176.0,63.0,102.0,20.88,91.08618933780032,0.0,0.0,0.0,0.0,,11.27,11.38,1.955995275560328,1.9587935769102576,0,0,0.002798301349929533,86.0,2.0,5815.537765,,,False,12.4,26.4
56900,31.0,0.0,151.0,51.0,111.33333333333333,26.09,92.04006108219069,0.0,0.0,0.0,0.0,,0.78,2.35,0.1807965555204564,0.21348941497533191,0,0,0.03269285945487552,79.0,2.0,57949.119795,,,False,0.21,2.8
56906,53.0,1.0,240.0,76.0,144.0,29.61,85.47841877311319,0.0,0.0,1.0,0.0,,60.0,41.02,2.8992585702640032,2.74279131733326,0,0,-0.15646725293074315,78.0,2.0,25871.281028,,,False,117.6,20.1
56908,59.0,1.0,246.0,57.0,109.33333333333333,34.2,81.15837564683227,0.0,0.0,1.0,0.0,,22.18,19.85,3.256958979106926,3.2048673057056596,1,1,-0.052091673401266636,80.0,1.0,77428.916401,179858.783,167.0,False,19.3,12.9
56909,48.0,1.0,215.0,41.0,144.0,39.68,85.66491677313871,0.0,0.0,1.0,0.0,,5.69,3.09,2.5371601069804144,2.320110318375083,0,0,-0.21704978860533153,79.0,1.0,70653.154593,,,False,9.1,8.3
56911,43.0,0.0,197.0,57.0,120.0,28.44,95.77144262118296,0.0,0.0,0.0,0.0,,6.76,2.86,0.9077230953832549,0.7980322774739653,0,0,-0.10969081790928958,76.0,1.0,73330.100722,,,False,5.0,2.6
56913,40.0,1.0,260.0,63.0,150.0,30.45,117.74198159212105,0.0,0.0,0.0,0.0,2.0,10.93,8.02,1.2323997887081117,1.17709495638765,0,0,-0.05530483232046168,76.0,2.0,32228.450566,71400.011,172.0,False,8.2,6.9
56916,53.0,0.0,186.0,48.0,115.33333333333333,36.49,84.87871470289221,1.0,0.0,0.0,0.0,,3.03,1.81,3.473656946255514,3.222015608926664,1,1,-0.25164133732884997,77.0,1.0,21948.739149,50443.42,109.0,False,5.9,2.8
56921,63.0,1.0,167.0,37.0,119.0,37.33,89.40246856708235,0.0,0.0,1.0,0.0,,20.74,9.08,5.130490621614707,4.559456284974875,2,1,-0.5710343366398325,82.0,2.0,7692.636623,16793.624,100.0,False,19.5,6.9
56925,66.0,1.0,143.0,52.0,180.66666666666666,26.4,76.59225581350421,0.0,1.0,1.0,1.0,,8.57,1.82,10.167332484349926,8.230962070719226,3,2,-1.9363704136306996,77.0,2.0,64787.055786,,,False,1.2,0.8
56926,69.0,1.0,274.0,89.0,146.66666666666666,23.36,71.09478981102292,0.0,0.0,0.0,0.0,,4.9,4.77,4.720249280151459,4.7021280194862625,1,1,-0.018121260665196814,86.0,1.0,21780.871124,,,False,4.9,4.2
56930,71.0,0.0,212.0,70.0,111.33333333333333,26.29,81.44146611609162,0.0,0.0,0.0,0.0,,3.8,2.73,5.9736147386778775,5.699214068807656,2,2,-0.2744006698702215,76.0,1.0,31722.475671,74134.193,119.0,False,1.9,1.2
56931,39.0,1.0,165.0,67.0,118.66666666666667,21.45,107.21604348404415,0.0,0.0,0.0,0.0,2.0,8.7,3.47,0.29719922261585496,0.25899239629647514,0,0,-0.03820682631937983,84.0,2.0,58690.581834,,,False,6.7,3.4
56936,42.0,0.0,220.0,43.0,130.66666666666666,25.65,80.64685760770217,0.0,1.0,0.0,0.0,,6.55,3.39,2.5206408849619164,2.287463784630406,0,0,-0.23317710033151062,85.0,1.0,18226.446244,,,False,11.2,6.5
56941,41.0,0.0,205.0,41.0,121.33333333333333,24.5,101.83863388834045,0.0,0.0,0.0,0.0,,3.63,3.0,1.004388035150548,0.9761670034660138,0,0,-0.02822103168453427,81.0,2.0,91316.255685,,,False,5.7,4.5
56943,60.0,1.0,201.0,61.0,115.33333333333333,27.53,51.30782503678909,0.0,1.0,1.0,0.0,,16.94,6.2,5.846752213922127,5.069374142035421,2,2,-0.777378071886706,78.0,2.0,18363.914422,,,False,14.4,4.4
56946,41.0,0.0,131.0,39.0,119.33333333333333,23.87,101.83863388834045,0.0,1.0,0.0,0.0,,6.6,3.99,1.2545595760585957,1.1638161633709365,0,0,-0.09074341268765918,78.0,1.0,21063.174792,47986.099,73.0,False,3.1,6.3
56949,44.0,1.0,207.0,96.0,121.33333333333333,31.89,74.8198255522872,0.0,0.0,0.0,0.0,2.0,1.52,4.15,0.2734440530366854,0.31780375337361505,0,0,0.04435970033692965,76.0,2.0,17671.587506,38889.737,91.0,False,0.5,4.4
56956,59.0,0.0,220.0,48.0,116.0,29.94,117.4954890026704,1.0,0.0,0.0,1.0,,10.88,12.82,6.480500216016767,6.632292886824401,2,2,0.1517926708076338,76.0,2.0,23031.021983,49884.271,126.0,False,8.7,9.1
56957,61.0,0.0,177.0,36.0,126.0,29.14,73.94754502920432,0.0,1.0,0.0,0.0,,3.32,2.82,5.720849993436525,5.589347948820728,2,2,-0.1315020446157975,76.0,2.0,59396.048135,138806.256,117.0,False,6.3,4.2
56959,32.0,1.0,190.0,52.0,104.66666666666667,21.57,117.77052579331631,0.0,0.0,0.0,0.0,2.0,11.15,4.97,0.22080109059856923,0.1956276736546057,0,0,-0.025173416943963522,80.0,2.0,70271.285873,,,False,8.7,7.1
56963,74.0,0.0,203.0,40.0,123.33333333333333,25.87,62.82931858952449,0.0,0.0,1.0,0.0,,3.09,2.74,11.877057033189127,11.688370541845627,3,3,-0.1886864913434998,77.0,1.0,34298.457694,,,False,5.1,2.3
56967,42.0,1.0,182.0,58.0,105.33333333333333,23.27,111.053572721151,0.0,0.0,0.0,0.0,2.0,9.17,2.68,0.4186872825365522,0.34833433712728973,0,0,-0.07035294540926246,77.0,1.0,18840.45707,,,False,1.1,1.5
56969,68.0,0.0,190.0,26.0,140.66666666666666,31.29,90.60777101764879,0.0,0.0,0.0,0.0,,4.59,7.22,8.874407613197826,9.44335211059488,2,2,0.5689444973970534,87.0,1.0,6580.447866,18048.861,126.0,False,7.9,14.3
56971,65.0,0.0,229.0,46.0,131.33333333333334,36.38,70.62792609606716,0.0,0.0,0.0,0.0,,2.47,4.14,5.891672559497495,6.339273897915581,2,2,0.44760133841808614,81.0,2.0,18245.83232,,,False,4.6,6.5
56973,46.0,0.0,220.0,50.0,110.66666666666667,31.31,108.91580072966724,0.0,0.0,0.0,0.0,,9.37,3.65,1.2356687656600107,1.0734586567400115,0,0,-0.1622101089199992,79.0,2.0,78869.850375,,,False,13.4,7.3
56974,50.0,1.0,202.0,68.0,101.33333333333333,25.43,88.38002146930783,0.0,0.0,0.0,0.0,,4.69,9.45,0.7256347709865104,0.8054611580460782,0,0,0.0798263870595678,77.0,1.0,23649.212232,57045.743,127.0,False,9.1,13.7
56978,55.0,0.0,187.0,54.0,146.66666666666666,27.04,73.6208630172731,0.0,0.0,1.0,0.0,,2.55,2.42,3.445244328234453,3.4190558192112,1,1,-0.026188509023253204,75.0,2.0,89543.78448,,,False,4.2,3.7
56980,46.0,1.0,217.0,62.0,98.0,30.41,109.8952740615666,0.0,0.0,0.0,0.0,,6.15,5.32,0.611504280463342,0.5984177901572125,0,0,-0.013086490306129517,77.0,2.0,17565.443509,,,False,5.6,3.3
56984,43.0,0.0,164.0,60.0,110.66666666666667,29.96,94.63469369527397,0.0,0.0,0.0,0.0,,2.08,2.61,0.5061652367151729,0.5237228719223715,0,0,0.017557635207198663,88.0,1.0,16685.646624,,,False,1.0,1.8
56985,78.0,1.0,200.0,38.0,110.66666666666667,34.38,49.79821554632225,1.0,0.0,1.0,0.0,,3.96,6.27,14.729807320996258,15.617525375366252,3,3,0.8877180543699943,83.0,2.0,19444.889193,,,False,5.7,8.4
56987,30.0,1.0,153.0,39.0,102.66666666666667,25.5,125.83282369612573,0.0,0.0,0.0,0.0,2.0,7.93,35.37,0.19507487703998047,0.2440458931396192,0,0,0.04897101609963872,85.0,1.0,19433.955197,39509.354,89.0,False,7.3,43.5
56989,49.0,1.0,233.0,47.0,116.66666666666667,35.49,100.75107781304223,0.0,0.0,0.0,0.0,,5.57,5.16,1.2034646788410428,1.18989361889187,0,0,-0.013571059949172737,75.0,2.0,17646.68998,,,False,3.4,9.6
56990,36.0,0.0,169.0,60.0,112.0,31.62,116.75124637328403,0.0,1.0,0.0,0.0,,6.04,3.94,0.604801131669017,0.5672293917163457,0,0,-0.03757173995267127,78.0,1.0,25362.195537,,,False,8.1,8.5
57009,49.0,0.0,213.0,40.0,130.66666666666666,34.18,75.64349298204237,1.0,0.0,1.0,0.0,,5.39,2.81,6.020926520550919,5.487853156214529,2,2,-0.5330733643363903,83.0,1.0,24063.682199,,,False,5.5,3.9
57011,33.0,1.0,150.0,49.0,116.66666666666667,47.87,83.22881593887489,0.0,1.0,0.0,0.0,2.0,0.95,2.07,0.35081354700624917,0.3941536964085141,0,0,0.04334014940226494,75.0,2.0,29104.51615,60095.67,85.0,False,0.21,1.8
57014,64.0,0.0,215.0,37.0,143.33333333333334,26.42,78.36963635680601,0.0,1.0,1.0,0.0,,3.03,2.72,10.283743480253987,10.134342393971917,3,3,-0.1494010862820705,77.0,2.0,7591.775942,19207.055,151.0,False,1.0,6.6
57021,48.0,1.0,203.0,96.0,100.0,20.86,84.45695700861891,0.0,0.0,0.0,0.0,,4.17,3.63,0.3624671727503146,0.3550253560671681,0,0,-0.007441816683146474,85.0,2.0,76304.674546,165928.367,98.0,False,1.0,3.3
57022,61.0,0.0,200.0,42.0,141.33333333333334,23.14,79.84557529498599,0.0,0.0,0.0,0.0,,4.03,3.84,5.190793912150748,5.155020802069799,2,2,-0.035773110080948634,75.0,2.0,68338.840828,175051.656,119.0,False,2.7,3.8
57023,55.0,0.0,285.0,57.0,188.66666666666666,29.84,81.95272616847748,1.0,1.0,1.0,0.0,,1302.04,1015.44,39.37741594376076,38.48489310616507,3,3,-0.892522837595692,75.0,1.0,19952.378405,,,False,1276.0,690.5
57024,34.0,0.0,236.0,36.0,124.0,31.06,116.11825744409524,0.0,0.0,0.0,0.0,,2.56,2.94,0.8032401678409131,0.8200652342744449,0,0,0.016825066433531766,82.0,2.0,21506.882987,,,False,3.3,8.4
57026,41.0,1.0,199.0,32.0,123.33333333333333,45.45,113.36632135685505,0.0,1.0,0.0,0.0,2.0,5.98,5.97,1.6539164473839023,1.6535078236869682,0,0,-0.00040862369693406286,80.0,2.0,81961.347896,,,False,5.5,4.6
57028,55.0,0.0,170.0,66.0,156.66666666666666,34.92,107.44610113576555,1.0,0.0,0.0,0.0,,20.74,8.85,6.737823467781803,5.973281388992179,2,2,-0.7645420787896242,88.0,1.0,11532.548251,27188.873,85.0,False,25.3,4.6
57034,64.0,1.0,242.0,59.0,153.33333333333334,27.66,83.47751447557206,0.0,0.0,0.0,1.0,,12.81,3.9,5.678030733217071,4.794164308703491,2,1,-0.8838664245135801,85.0,2.0,22614.903074,51535.443,143.0,False,4.1,1.6
57050,78.0,0.0,177.0,53.0,146.66666666666666,31.74,54.221934197473175,1.0,0.0,1.0,1.0,,3.36,3.58,15.153503469657224,15.277050445792028,3,3,0.12354697613480425,77.0,2.0,12397.842008,28626.534,100.0,False,4.5,1.9
57054,49.0,1.0,210.0,75.0,109.33333333333333,22.31,95.99769873789384,0.0,0.0,0.0,0.0,,8.24,3.4,0.6253116130301268,0.5479242665057998,0,0,-0.077387346524327,77.0,2.0,85417.857252,198343.282,116.0,False,4.2,3.5
57055,33.0,1.0,146.0,63.0,118.0,24.09,106.04176402210587,0.0,0.0,0.0,0.0,2.0,2.14,4.45,0.13852392619395748,0.15459147435088602,0,0,0.01606754815692854,84.0,2.0,28789.114826,,,False,2.4,8.9
57058,40.0,0.0,204.0,40.0,116.0,25.01,101.20756380705811,0.0,0.0,0.0,0.0,,4.22,2.41,0.8630241433491082,0.7935744885047646,0,0,-0.06944965484434351,78.0,1.0,71221.191038,,,False,2.7,1.9
57060,39.0,0.0,184.0,41.0,112.66666666666667,25.14,118.20131464881989,0.0,1.0,0.0,0.0,,5.32,30.48,1.147559693930286,1.4885172908541198,0,0,0.34095759692383387,78.0,2.0,33706.739675,75891.192,114.0,False,11.6,38.1
57061,34.0,1.0,160.0,59.0,92.66666666666667,25.85,116.7187413338814,0.0,0.0,0.0,0.0,2.0,8.09,3.51,0.1835896450387424,0.16199506495480698,0,0,-0.021594580083935416,82.0,2.0,30625.012229,,,False,3.8,2.6
57063,78.0,1.0,209.0,79.0,158.0,30.17,44.11800821633197,0.0,0.0,1.0,1.0,,7.16,2.89,11.52911613034749,10.211005860911154,3,3,-1.3181102694363354,80.0,2.0,18655.826903,51372.971,106.0,False,14.6,3.7
57064,32.0,0.0,275.0,43.0,117.33333333333333,32.45,111.883894368309,0.0,1.0,0.0,0.0,,5.88,8.46,1.3440507263973336,1.4188753716978988,0,0,0.0748246453005652,77.0,2.0,33128.491208,74049.268,197.0,False,10.4,23.1
57069,48.0,0.0,189.0,48.0,120.66666666666667,26.5,114.657779347345,0.0,0.0,0.0,0.0,,11.39,27.58,1.58341554770142,1.8055560970407338,0,0,0.22214054933931382,78.0,1.0,18364.946313,,,False,13.1,17.1
57070,30.0,1.0,184.0,43.0,111.33333333333333,27.9,129.31695975066629,0.0,0.0,0.0,0.0,2.0,61.3,29.65,0.29183640492813684,0.26176806293310473,0,0,-0.03006834199503211,76.0,1.0,18011.429607,,,False,14.1,25.2
57079,73.0,1.0,214.0,51.0,166.0,22.6,80.14924350192531,0.0,0.0,0.0,0.0,,9.08,9.48,9.797963615836625,9.855309836159204,2,2,0.057346220322578745,81.0,1.0,11583.362083,25287.38,125.0,False,19.7,27.5
57082,53.0,0.0,223.0,48.0,106.66666666666667,24.65,113.74055262470671,0.0,1.0,0.0,0.0,,6.1,3.57,3.158540933842847,2.9202513006491393,1,0,-0.23828963319370766,88.0,1.0,11723.777579,26493.481,123.0,False,2.5,5.5
57086,45.0,1.0,180.0,72.0,109.33333333333333,26.61,103.28891875590945,0.0,0.0,0.0,0.0,,3.71,5.45,0.35652411791429167,0.37763358766929395,0,0,0.021109469755002275,80.0,1.0,59173.068083,,,False,1.3,6.7
57089,35.0,1.0,154.0,37.0,101.33333333333333,30.35,120.45556916715888,0.0,0.0,0.0,0.0,2.0,73.67,91.41,0.44036645716805817,0.45479756987539904,0,0,0.014431112707340876,78.0,2.0,25536.197439,,,False,152.5,90.5
57095,61.0,0.0,201.0,69.0,130.0,22.6,97.16880939309705,1.0,0.0,0.0,0.0,,40.5,22.5,7.554112129173521,6.957141877970199,2,2,-0.5969702512033219,81.0,1.0,7200.115955,,,False,16.2,9.9
57100,69.0,0.0,188.0,43.0,145.33333333333334,34.94,77.72662757254427,1.0,1.0,1.0,0.0,,25.95,10.18,20.689093542972426,18.466231361879046,3,3,-2.2228621810933795,78.0,1.0,8365.161334,22486.734,92.0,False,10.9,5.7
57102,58.0,1.0,289.0,70.0,104.0,18.19,90.77196853549066,0.0,1.0,0.0,0.0,,12.06,4.17,3.0616735962202313,2.6223158259121813,1,0,-0.43935777030805,87.0,1.0,107639.840916,,,False,4.1,4.8
57108,38.0,1.0,143.0,78.0,101.33333333333333,21.89,117.75103814504187,0.0,0.0,0.0,0.0,2.0,6.78,5.52,0.14600487546796637,0.14157356613459351,0,0,-0.0044313093333728515,79.0,2.0,19493.542121,36831.126,54.0,False,12.2,6.4
57109,41.0,1.0,254.0,68.0,110.66666666666667,20.02,116.52256251235403,0.0,0.0,0.0,0.0,2.0,21.13,7.5,0.4901625868160967,0.41987144994825065,0,0,-0.07029113686784605,88.0,2.0,15384.834197,,,False,15.0,2.4
57111,57.0,0.0,151.0,46.0,103.33333333333333,28.86,101.35090569700348,1.0,0.0,0.0,1.0,,98.31,23.7,5.427347834012594,4.424545809959945,2,1,-1.0028020240526496,80.0,2.0,14173.048393,,,False,116.0,17.3
57113,56.0,0.0,137.0,40.0,123.33333333333333,29.8,100.92049922385212,0.0,0.0,0.0,0.0,,5.82,1.49,2.4568572578256345,2.0091490038000472,0,0,-0.4477082540255872,77.0,2.0,14507.466366,29661.662,75.0,False,11.3,1.1
57119,60.0,0.0,159.0,66.0,100.66666666666667,30.3,91.6327190932268,0.0,0.0,1.0,1.0,,5.25,2.93,2.5206087798967665,2.313025404674155,0,0,-0.20758337522261128,76.0,2.0,52391.133413,120981.605,84.0,False,15.5,1.2
57120,65.0,1.0,229.0,82.0,139.33333333333334,31.13,98.3854595988943,1.0,0.0,1.0,0.0,,28.09,11.28,8.04382548752845,7.087169445792889,2,2,-0.9566560417355605,77.0,2.0,6260.61572,14759.885,133.0,False,32.3,4.4
57122,65.0,0.0,210.0,39.0,150.66666666666666,19.56,100.55324940318538,0.0,0.0,0.0,0.0,,23.59,9.92,9.623897988328235,8.544665114137574,2,2,-1.0792328741906605,85.0,1.0,55281.20886,133553.353,131.0,False,9.2,12.9
57129,79.0,0.0,191.0,65.0,129.33333333333334,41.63,77.4885479099586,0.0,0.0,1.0,0.0,,15.07,2.88,16.46141922186759,13.305724363308627,3,3,-3.155694858558963,80.0,2.0,9873.315888,,,False,11.3,1.9
57131,47.0,1.0,191.0,61.0,115.33333333333333,20.05,102.01210658937315,0.0,0.0,0.0,0.0,,6.29,4.8,0.6687837259596409,0.6423556224458459,0,0,-0.026428103513794987,86.0,1.0,73812.908056,160509.895,112.0,False,2.2,5.9
57134,31.0,1.0,162.0,64.0,104.66666666666667,26.7,122.99056536408828,0.0,0.0,0.0,0.0,2.0,5.44,5.0,0.11097562684191017,0.10958090394387289,0,0,-0.0013947228980372844,78.0,2.0,25897.157431,48930.126,89.0,False,14.8,6.7
57142,39.0,1.0,189.0,44.0,128.0,43.48,102.15765097172819,0.0,0.0,0.0,0.0,2.0,16.82,19.76,0.7947544241499847,0.8140500946916154,0,0,0.019295670541630727,79.0,1.0,58438.276253,141722.201,125.0,False,11.1,40.7
57145,55.0,0.0,258.0,33.0,172.0,32.61,79.27800559870124,0.0,0.0,0.0,0.0,,8.75,6.16,8.869424321067576,8.450272844771924,2,2,-0.41915147629565297,85.0,2.0,12815.795366,,,False,3.5,12.5
57154,60.0,0.0,221.0,49.0,116.0,35.09,68.54510655730316,0.0,0.0,0.0,0.0,,6.03,4.76,3.791378908597618,3.663238771637445,1,1,-0.12814013696017312,84.0,1.0,8634.150642,24435.478,141.0,False,12.0,7.8
57159,39.0,1.0,203.0,71.0,120.66666666666667,21.81,89.31913283408254,0.0,0.0,0.0,0.0,2.0,5.58,6.12,0.3404413614150793,0.3451788194151574,0,0,0.004737458000078076,84.0,1.0,26477.964406,60203.447,121.0,False,7.7,16.1
57160,49.0,0.0,277.0,56.0,122.66666666666667,30.94,87.0167432185838,0.0,0.0,0.0,0.0,,1.48,3.92,1.761696258091926,2.0351674248483977,0,0,0.27347116675647176,78.0,2.0,24174.776339,,,False,2.1,4.0
57165,48.0,0.0,145.0,47.0,124.66666666666667,27.36,89.60377807020258,0.0,0.0,1.0,0.0,,3.11,1.4,1.4515104797704768,1.2888207748345155,0,0,-0.16268970493596124,80.0,2.0,27067.934054,63289.279,79.0,False,7.1,2.7
57170,56.0,1.0,200.0,87.0,143.33333333333334,28.85,102.517269872571,0.0,0.0,1.0,0.0,,3.92,4.38,1.709672134061684,1.7378896924543958,0,0,0.028217558392711783,79.0,2.0,99626.593895,216643.057,103.0,False,2.9,2.1
57171,38.0,1.0,141.0,40.0,112.0,42.75,120.24631827128792,0.0,1.0,0.0,0.0,2.0,7.4,4.79,0.6526965204307168,0.6116924067389732,0,0,-0.041004113691743616,81.0,1.0,22865.162453,46485.02,78.0,False,13.4,3.4
57175,49.0,0.0,253.0,43.0,128.66666666666666,25.82,85.06863232134218,0.0,0.0,0.0,0.0,,3.08,3.59,2.3966241836393167,2.4513479497096977,0,0,0.054723766070380986,79.0,2.0,75648.543242,167362.357,178.0,False,1.2,4.6
57177,53.0,1.0,271.0,72.0,152.0,32.88,105.60748702038678,1.0,0.0,1.0,0.0,,163.0,98.33,9.148853200549848,8.537439742464548,2,2,-0.6114134580853001,85.0,1.0,11193.671799,0.0,170.0,False,65.2,29.5
57178,46.0,0.0,233.0,54.0,120.0,25.35,102.55420404703159,0.0,0.0,0.0,0.0,,3.3,2.43,1.268236400908796,1.2116550622594864,0,0,-0.0565813386493097,79.0,2.0,143399.727954,,,False,3.1,1.8
57179,53.0,1.0,262.0,59.0,170.66666666666666,30.54,101.60687257776412,1.0,0.0,0.0,0.0,,7.32,6.81,8.43017341786063,8.34685865462321,2,2,-0.0833147632374196,78.0,1.0,10656.402922,,,False,4.1,7.7
57181,62.0,0.0,166.0,56.0,115.33333333333333,27.01,94.05274868234349,1.0,1.0,1.0,1.0,,9.3,5.23,8.027711103739625,7.408919834408726,2,2,-0.6187912693308988,81.0,2.0,57398.774363,,,False,5.3,14.6
57184,34.0,0.0,175.0,46.0,123.33333333333333,31.23,102.51392552827187,0.0,0.0,0.0,0.0,,3.86,2.68,0.49609182559662357,0.46962379323582004,0,0,-0.02646803236080353,79.0,1.0,69862.627307,,,False,4.9,4.9
57185,53.0,0.0,203.0,41.0,121.33333333333333,24.75,104.65370210703844,0.0,0.0,0.0,0.0,,7.35,5.84,2.560122938656843,2.474905917865461,0,0,-0.08521702079138205,87.0,1.0,11569.725441,26145.353,126.0,False,11.9,5.9
57187,43.0,1.0,184.0,43.0,103.33333333333333,26.86,111.55372316553999,0.0,0.0,0.0,0.0,2.0,6.41,2.0,0.5988590907347309,0.5032760854544941,0,0,-0.09558300528023678,79.0,2.0,16538.27432,,,False,5.9,0.8
57189,72.0,1.0,261.0,90.0,132.66666666666666,19.13,84.53575627811387,0.0,0.0,0.0,0.0,,4.49,1.4,4.796252561163557,4.0576896974397405,1,1,-0.7385628637238169,75.0,2.0,45032.656482,,,False,2.2,0.7
57198,51.0,0.0,177.0,45.0,106.66666666666667,52.73,92.22862523712321,0.0,0.0,1.0,1.0,,14.63,40.4,2.060900530353733,2.3943670096035032,0,0,0.33346647924977013,84.0,1.0,14106.78685,,,False,24.0,40.0
57203,51.0,0.0,182.0,39.0,107.33333333333333,,107.14823439043337,0.0,1.0,0.0,0.0,,5.0,4.91,2.567000865476326,2.5601495197653357,0,0,-0.00685134571099022,80.0,2.0,27553.096049,56023.696,109.0,False,5.0,2.7
57204,56.0,1.0,215.0,57.0,135.33333333333334,36.91,74.04238663056476,0.0,0.0,0.0,0.0,,6.54,4.62,2.3866930270139886,2.268115039894482,0,0,-0.11857798711950673,84.0,1.0,79625.602161,,,False,19.1,6.6
57208,46.0,0.0,215.0,75.0,117.33333333333333,19.46,114.58907449422529,0.0,0.0,0.0,0.0,,6.27,5.0,0.8541673244468126,0.8257032108112059,0,0,-0.028464113635606747,86.0,1.0,80523.693485,166832.851,128.0,False,7.9,3.2
57210,79.0,1.0,207.0,64.0,160.0,40.77,42.61425905724319,1.0,0.0,0.0,0.0,,2.54,1.73,12.795869533138767,12.166225294870202,3,3,-0.6296442382685647,84.0,1.0,12842.615886,,,False,4.3,1.4
57211,40.0,1.0,170.0,58.0,104.0,28.44,110.16310870388523,0.0,0.0,0.0,0.0,2.0,4.41,4.0,0.3000576386217988,0.2957070581752515,0,0,-0.004350580446547292,79.0,2.0,16970.739474,36903.73,99.0,False,3.0,5.4
57213,77.0,1.0,222.0,34.0,161.33333333333334,26.69,96.0805515844251,0.0,0.0,1.0,1.0,,16.67,3.45,15.349590453245089,12.521801801294252,3,3,-2.8277886519508364,75.0,2.0,21020.708228,,,False,3.0,1.0
57214,41.0,0.0,265.0,39.0,120.0,37.13,112.35591131463279,0.0,0.0,0.0,0.0,,5.47,3.04,1.4443569257987376,1.3233760694750343,0,0,-0.12098085632370337,79.0,2.0,77775.512186,178746.617,161.0,False,4.7,4.1
57215,40.0,1.0,170.0,72.0,124.66666666666667,24.91,75.75653809613844,0.0,0.0,0.0,0.0,2.0,10.51,5.0,0.38558410434436224,0.34503384978609675,0,0,-0.0405502545582655,86.0,2.0,69605.408779,,,False,24.8,9.6
57217,60.0,1.0,170.0,43.0,131.33333333333334,38.2,78.38326299054908,0.0,0.0,0.0,0.0,,4.87,6.0,3.0410014704297477,3.1347358331141235,1,1,0.09373436268437585,80.0,1.0,58315.346509,127021.848,96.0,False,1.9,3.0
57222,65.0,1.0,198.0,61.0,144.0,37.1,72.88561202675902,0.0,0.0,0.0,0.0,,8.31,3.39,4.624519021460033,4.065797187028044,1,1,-0.5587218344319895,77.0,2.0,68773.599629,,,False,5.9,1.9
57223,76.0,0.0,192.0,53.0,135.33333333333334,23.0,63.950562682937644,0.0,0.0,0.0,1.0,,7.23,10.0,11.096626094550782,11.589098970332259,3,3,0.4924728757814769,80.0,1.0,28480.684717,,,False,8.6,8.3
57224,30.0,0.0,186.0,48.0,123.33333333333333,28.41,96.82379252665463,0.0,1.0,0.0,0.0,,2.33,2.67,0.6604221485781157,0.6740543510131307,0,0,0.013632202435015062,82.0,1.0,28516.746202,72542.197,122.0,False,1.0,6.6
57225,31.0,0.0,209.0,58.0,103.33333333333333,29.24,114.05195330282343,0.0,0.0,0.0,0.0,,3.64,3.3,0.2868530124617138,0.2826485177077982,0,0,-0.0042044947539156,88.0,2.0,62367.862156,,,False,5.2,5.8
57229,60.0,1.0,256.0,50.0,144.66666666666666,22.36,94.08894899177962,0.0,0.0,0.0,0.0,,6.61,3.85,4.052011968802111,3.748044440316032,1,1,-0.303967528486079,86.0,2.0,61835.25213,143823.89,173.0,False,4.1,5.0
57230,64.0,1.0,215.0,75.0,100.66666666666667,20.93,82.2269222087342,0.0,0.0,0.0,0.0,,4.25,6.25,2.2831566495505355,2.415956645263496,0,0,0.13279999571296042,85.0,1.0,60234.151229,131201.367,128.0,False,3.4,1.5
57231,57.0,1.0,189.0,63.0,108.66666666666667,19.55,68.1558268823069,0.0,0.0,0.0,0.0,,15.5,5.81,1.6921770850724873,1.4637887088849504,0,0,-0.22838837618753693,79.0,1.0,87766.123009,,,False,23.4,2.5
57234,48.0,1.0,218.0,82.0,108.66666666666667,33.46,64.79941755203274,0.0,0.0,0.0,0.0,,11.52,12.93,0.5924765337344241,0.602773533844683,0,0,0.010297000110258914,76.0,2.0,18967.985218,40154.817,126.0,False,5.3,7.5
57249,68.0,1.0,175.0,57.0,146.66666666666666,33.62,79.01980726960552,0.0,0.0,0.0,0.0,,3.5,3.96,5.091877544520311,5.18220985286608,2,2,0.09033230834576944,83.0,2.0,21271.030737,,,False,5.5,7.4
57250,37.0,0.0,203.0,40.0,114.0,26.06,111.32492316959765,0.0,1.0,0.0,0.0,,4.13,5.31,1.1343908301854655,1.1777518681065928,0,0,0.04336103792112733,89.0,1.0,19395.917386,42602.911,129.0,False,7.6,9.3
57259,40.0,0.0,258.0,40.0,119.33333333333333,29.14,111.0998561455508,0.0,1.0,0.0,0.0,,2.88,3.23,1.9429263481582753,1.976198785760124,0,0,0.033272437601848726,75.0,2.0,19863.690695,,,False,1.5,6.5
57262,38.0,1.0,188.0,47.0,111.33333333333333,22.54,106.13781743931601,0.0,0.0,0.0,0.0,2.0,5.4,4.0,0.37585729364348186,0.35935936680904057,0,0,-0.01649792683444129,77.0,1.0,64508.601789,,,False,8.1,4.6
57267,56.0,0.0,191.0,60.0,128.0,19.55,81.44461926623293,0.0,1.0,0.0,0.0,,3.14,3.74,3.3544558389314516,3.4411233240838213,1,1,0.08666748515236966,78.0,1.0,18554.055335,45673.37,113.0,False,1.1,3.4
57268,48.0,0.0,246.0,43.0,109.33333333333333,25.36,108.75738136236926,0.0,0.0,0.0,0.0,,3.01,6.94,1.5247385084288794,1.7261970740582318,0,0,0.20145856562935238,82.0,2.0,20096.584068,44156.528,154.0,False,6.2,8.6
57270,73.0,1.0,227.0,76.0,123.33333333333333,27.08,78.93333295505872,1.0,0.0,1.0,1.0,,11.55,2.68,10.06548377012918,8.246795064912302,3,2,-1.8186887052168785,84.0,2.0,14822.816187,35689.169,138.0,False,12.7,4.1
57276,74.0,1.0,218.0,84.0,130.66666666666666,23.43,65.33810739316206,0.0,0.0,0.0,0.0,,12.31,18.67,6.8231876626078165,7.231601408248858,2,2,0.4084137456410417,82.0,2.0,47930.8449,104402.44,122.0,False,4.8,14.0
57281,62.0,1.0,178.0,41.0,106.0,29.5,71.33035139760756,0.0,0.0,0.0,0.0,,2.67,2.91,2.5864280265421695,2.6191848107918654,0,0,0.03275678424969586,78.0,2.0,23607.25865,,,False,3.6,3.9
57284,53.0,1.0,284.0,43.0,140.66666666666666,25.03,103.71019512570068,0.0,0.0,1.0,1.0,,8.23,8.82,4.396256591978293,4.440149259125819,1,1,0.043892667147526154,77.0,1.0,93463.959795,,,False,5.1,6.0
57287,33.0,1.0,148.0,50.0,128.0,42.83,117.44691218945603,1.0,0.0,0.0,0.0,2.0,7.54,5.63,1.104796564825418,1.0578968953878034,0,0,-0.0468996694376147,77.0,1.0,19518.20924,,,False,10.4,7.1
57288,30.0,1.0,162.0,42.0,105.33333333333333,54.55,117.23202281816458,0.0,0.0,0.0,0.0,2.0,9.64,3.0,0.1991857205341015,0.16722153706396456,0,0,-0.031964183470136937,80.0,1.0,15076.958957,36686.589,105.0,False,16.1,3.0
57290,34.0,0.0,203.0,45.0,124.0,27.28,125.64949103335965,0.0,0.0,0.0,0.0,,5.5,3.33,0.6206089521152782,0.5755823695854716,0,0,-0.045026582529806625,88.0,1.0,23709.472842,53382.207,129.0,False,2.2,5.8
57293,51.0,1.0,234.0,47.0,130.0,36.08,90.50709138266602,0.0,0.0,0.0,0.0,,17.8,3.43,2.175852604806,1.707450366919448,0,0,-0.4684022378865518,88.0,2.0,10312.68772,,,False,7.3,2.3
57294,60.0,0.0,262.0,42.0,153.33333333333334,28.6,91.6327190932268,0.0,0.0,0.0,0.0,,4.81,12.16,7.158696219781515,8.147212552632793,2,2,0.9885163328512778,79.0,1.0,62920.012242,,,False,2.6,6.2
57295,40.0,0.0,200.0,59.0,104.66666666666667,20.97,93.0891457489064,0.0,0.0,0.0,0.0,,3.9,2.74,0.5631216242592131,0.5340447387461583,0,0,-0.029076885513054762,77.0,2.0,23456.48286,48598.266,131.0,False,4.1,3.4
57297,33.0,0.0,198.0,65.0,124.66666666666667,30.15,97.23130127154721,0.0,0.0,0.0,0.0,,5.67,4.3,0.39571610221360587,0.3795909449671952,0,0,-0.01612515724641067,75.0,2.0,90136.964446,248728.455,111.0,False,11.4,6.8
57305,67.0,0.0,130.0,37.0,118.66666666666667,34.68,100.99095187272347,0.0,0.0,1.0,1.0,,12.07,13.71,5.8535950568024635,5.960523429634572,2,2,0.10692837283210821,85.0,1.0,54228.877032,131011.035,74.0,False,17.5,8.5
57308,57.0,0.0,178.0,65.0,132.0,24.59,87.78532534914498,0.0,1.0,0.0,0.0,,8.63,3.06,3.875382675242105,3.3324504258983416,1,1,-0.5429322493437634,85.0,2.0,21368.439802,47274.836,90.0,False,14.5,4.5
57309,66.0,1.0,174.0,60.0,132.66666666666666,25.38,82.44560217173141,0.0,0.0,1.0,1.0,,12.05,5.71,4.844561847224269,4.353109891380636,1,1,-0.4914519558436332,80.0,1.0,58532.020031,133384.325,95.0,False,10.6,2.8
57310,30.0,1.0,203.0,52.0,108.66666666666667,38.62,98.62332818482211,0.0,0.0,0.0,0.0,2.0,4.2,4.05,0.18230260822065444,0.18131182557394493,0,0,-0.0009907826467095149,83.0,2.0,36330.97264,,,False,11.0,8.5
57316,71.0,1.0,197.0,40.0,136.66666666666666,32.45,30.356174896822733,1.0,0.0,1.0,1.0,,120.73,125.83,23.279060797764622,23.390178268234262,3,3,0.11111747046964027,77.0,2.0,40933.068037,96502.87,121.0,False,49.5,30.2
57328,67.0,1.0,200.0,71.0,107.33333333333333,31.32,95.73835223595192,0.0,0.0,1.0,1.0,,6.67,4.64,3.65130848161641,3.46441398724971,1,1,-0.18689449436670014,85.0,1.0,60234.151229,,,False,1.0,1.3
57330,69.0,1.0,169.0,40.0,135.33333333333334,35.63,52.11121025687,1.0,0.0,1.0,1.0,,327.27,45.65,19.52603962403402,15.291851097174963,3,3,-4.234188526859057,75.0,1.0,8213.407304,17789.911,110.0,False,216.0,31.5
57334,57.0,1.0,142.0,41.0,155.33333333333334,39.62,59.9129309220677,1.0,0.0,1.0,1.0,,425.53,398.03,13.574220650921196,13.456989429755499,3,3,-0.11723122116569762,84.0,2.0,19267.498554,,,False,1817.0,708.5
57335,58.0,1.0,231.0,75.0,180.0,25.4,84.09032713317622,0.0,0.0,1.0,0.0,,8.77,5.58,4.822678058808066,4.520497478331191,1,1,-0.30218058047687446,76.0,1.0,11550.549181,24386.762,136.0,False,6.4,8.6
57336,39.0,1.0,191.0,34.0,101.33333333333333,37.36,121.69529171007626,0.0,0.0,0.0,0.0,2.0,8.54,5.0,0.567307271723465,0.5237296602576501,0,0,-0.04357761146581485,87.0,1.0,25936.820943,51269.219,130.0,False,3.5,7.8
57343,58.0,0.0,212.0,41.0,144.66666666666666,37.55,101.44941757797542,1.0,0.0,0.0,0.0,,6.49,6.16,8.81047550728047,8.747367486656074,2,2,-0.06310802062439613,82.0,1.0,20506.179986,49373.109,153.0,False,14.4,10.9
57348,62.0,1.0,130.0,49.0,110.66666666666667,42.07,67.74164021881768,1.0,0.0,1.0,0.0,,9.85,16.96,5.95111977515539,6.424431445648798,2,2,0.47331167049340817,80.0,1.0,15659.991046,37704.85,57.0,False,31.9,40.7
57357,63.0,1.0,293.0,38.0,109.33333333333333,27.4,101.2042315325947,0.0,1.0,0.0,0.0,,423.53,42.88,9.770690771616941,7.13073333648792,2,2,-2.6399574351290207,82.0,2.0,20615.124346,,,False,360.0,50.6
57360,31.0,1.0,133.0,51.0,105.33333333333333,24.61,124.52037187299477,0.0,0.0,0.0,0.0,2.0,7.82,6.47,0.1359117503552025,0.13210467126150235,0,0,-0.0038070790937001497,85.0,2.0,18499.4128,37609.424,73.0,False,15.1,5.5
57363,58.0,1.0,230.0,25.0,112.66666666666667,25.34,101.24999649000503,0.0,1.0,0.0,0.0,,3.53,3.93,4.144911132827348,4.209410180293043,1,1,0.06449904746569501,78.0,2.0,14748.006458,,,False,3.6,5.7
57367,43.0,1.0,204.0,67.0,116.66666666666667,26.29,110.75402294823633,0.0,0.0,0.0,0.0,2.0,5.3,35.27,0.44241944707993186,0.5871808427376534,0,0,0.1447613956577215,77.0,2.0,86576.383051,196962.999,119.0,False,6.2,46.2
57369,56.0,0.0,226.0,41.0,107.33333333333333,36.22,111.63806779885743,1.0,1.0,0.0,0.0,,10.98,2.37,8.388831215303492,6.772488997404622,2,2,-1.61634221789887,86.0,2.0,9812.82322,23303.192,160.0,False,6.7,2.2
57372,33.0,1.0,214.0,77.0,120.0,25.6,92.71511547649165,0.0,0.0,0.0,0.0,2.0,3.3,4.06,0.1712541102203985,0.1766567628282658,0,0,0.00540265260786732,77.0,1.0,64508.601789,,,False,3.4,2.8
57373,61.0,1.0,267.0,65.0,151.33333333333334,23.78,100.48162450764946,0.0,0.0,0.0,0.0,,3.13,3.26,3.4874664659785526,3.5080871986719426,1,1,0.020620732693390043,89.0,2.0,5308.299831,,,False,0.5,1.4
57377,36.0,1.0,188.0,65.0,116.66666666666667,28.68,119.70874463832251,0.0,0.0,0.0,0.0,2.0,8.93,3.86,0.25099607432733395,0.2213665308357249,0,0,-0.02962954349160904,83.0,2.0,61193.639148,141850.56,114.0,False,16.7,5.6
57380,39.0,1.0,138.0,39.0,110.66666666666667,21.42,117.4959382705357,0.0,1.0,0.0,0.0,2.0,26.5,16.59,0.8339112412064709,0.7777340402140851,0,0,-0.05617720099238577,78.0,2.0,22444.203247,,,False,5.3,15.1
57382,61.0,0.0,156.0,56.0,144.66666666666666,29.48,88.81612302772305,0.0,0.0,1.0,1.0,,5.06,7.3,3.904839605378975,4.117896461500049,1,1,0.21305685612107395,84.0,1.0,51157.204847,123590.211,82.0,False,4.2,7.3
57384,64.0,1.0,185.0,39.0,117.33333333333333,53.89,100.5767652970926,0.0,0.0,1.0,0.0,,6.09,4.59,4.449158083152165,4.2721452410943215,1,1,-0.1770128420578434,88.0,1.0,5697.985261,12439.145,104.0,False,3.9,2.8
57392,33.0,0.0,182.0,34.0,101.33333333333333,27.82,116.0434280195391,0.0,0.0,0.0,0.0,,3.97,2.96,0.4854744480206239,0.46452015831440086,0,0,-0.02095428970622304,85.0,1.0,60502.550662,179417.58,131.0,False,10.2,6.6
57393,67.0,0.0,196.0,36.0,114.66666666666667,26.89,95.92691763867045,0.0,1.0,0.0,0.0,,5.1,3.49,7.961282083242047,7.551523054684067,2,2,-0.4097590285579802,78.0,2.0,7225.124488,19332.766,120.0,False,4.9,4.4
57396,45.0,0.0,236.0,34.0,108.0,37.49,113.87181982163489,0.0,0.0,0.0,0.0,,4.83,2.8,1.4718493457599682,1.357100389588335,0,0,-0.11474895617163328,83.0,2.0,24028.911704,,,False,9.8,2.3
57400,30.0,0.0,156.0,27.0,120.0,28.44,93.6348093305535,0.0,1.0,0.0,0.0,,2.96,3.1,0.8149020257476652,0.820561862568339,0,0,0.005659836820673725,83.0,2.0,33287.030545,,,False,11.4,11.7
57403,55.0,1.0,243.0,82.0,112.66666666666667,23.09,97.06075278137192,0.0,0.0,0.0,0.0,,6.07,2.91,1.0421743938714212,0.9342872225564925,0,0,-0.10788717131492864,77.0,2.0,105631.466784,229700.957,146.0,False,3.4,1.6
57408,57.0,1.0,268.0,50.0,108.66666666666667,31.27,101.16200329105925,0.0,0.0,1.0,1.0,,9.49,3.39,3.041015420997109,2.6169742121729636,1,0,-0.4240412088241454,79.0,1.0,95185.415335,,,False,14.8,1.9
57411,52.0,0.0,214.0,26.0,118.0,27.44,108.57971214959564,0.0,1.0,0.0,0.0,,3.55,3.31,3.944438634284519,3.9045832583760696,1,1,-0.03985537590844945,76.0,1.0,78821.803811,,,False,6.5,4.2
57413,37.0,0.0,184.0,30.0,196.0,51.46,94.84229787924407,1.0,1.0,1.0,0.0,,399.16,442.63,33.7218258726194,34.07159222782807,3,3,0.34976635520867205,81.0,2.0,20133.290922,0.0,121.0,False,475.0,420.5
57414,57.0,1.0,233.0,44.0,125.33333333333333,32.01,63.419732022320524,0.0,0.0,0.0,1.0,,8.42,4.38,3.0620265611577024,2.783833575230985,1,0,-0.2781929859267174,82.0,2.0,32061.10982,,,False,3.2,2.8
57417,72.0,0.0,148.0,54.0,132.0,29.96,61.18074957644862,0.0,0.0,1.0,1.0,,5.79,5.14,7.640803071057063,7.5148682099173305,2,2,-0.12593486113973285,77.0,2.0,33464.063035,,,False,7.7,3.7
57422,35.0,0.0,160.0,45.0,129.33333333333334,30.44,107.04731131823684,0.0,0.0,0.0,0.0,,4.84,4.52,0.5967385953284012,0.5906426410501475,0,0,-0.006095954278253712,79.0,1.0,63837.745058,,,False,3.0,4.2
57424,30.0,1.0,204.0,51.0,118.66666666666667,41.28,126.94054562516726,0.0,0.0,0.0,0.0,2.0,13.82,12.22,0.2688739242344679,0.2639660226309335,0,0,-0.004907901603534381,82.0,2.0,19219.968571,,,False,18.1,18.7
57433,30.0,0.0,204.0,60.0,110.66666666666667,31.76,127.12171591498485,0.0,1.0,0.0,0.0,,4.34,1.3,0.43527678782666746,0.3630955435983929,0,0,-0.07218124422827454,88.0,2.0,23998.324651,49840.065,126.0,False,7.5,1.2
57435,56.0,1.0,238.0,54.0,144.66666666666666,25.63,55.91040927790378,0.0,0.0,0.0,0.0,,7.98,9.6,3.6342489736124386,3.732680891696632,1,1,0.09843191808419327,78.0,1.0,22940.074853,,,False,7.1,19.4
57439,47.0,0.0,220.0,51.0,150.66666666666666,29.47,82.42224212302202,0.0,0.0,1.0,0.0,,6.58,3.77,3.092136840284151,2.8498170384879016,1,0,-0.24231980179624957,76.0,2.0,84551.439388,,,False,9.6,6.3
57456,54.0,0.0,152.0,34.0,126.66666666666667,27.75,78.91096806895133,0.0,1.0,1.0,0.0,,3.16,5.35,4.272661896413906,4.60994744154506,1,1,0.33728554513115405,87.0,1.0,107001.979585,,,False,3.0,5.3
57457,77.0,1.0,243.0,55.0,152.0,28.55,72.56299665138742,0.0,0.0,0.0,0.0,,11.23,4.21,11.082692733965187,9.712279534871318,3,2,-1.3704131990938695,81.0,2.0,38087.107887,92026.018,165.0,False,6.4,1.6
57459,46.0,1.0,274.0,90.0,101.33333333333333,25.74,104.36170362805939,0.0,0.0,0.0,0.0,,8.65,4.34,0.4738823790030022,0.4274719491245597,0,0,-0.04641042987844246,77.0,2.0,21478.807878,46302.553,162.0,False,3.2,3.6
57460,60.0,1.0,202.0,57.0,123.33333333333333,33.11,103.11021544385689,1.0,0.0,0.0,1.0,,7.37,6.25,4.361489855148974,4.259427701151372,1,1,-0.10206215399760143,75.0,1.0,8780.848777,19018.967,106.0,False,2.8,5.5
57462,36.0,0.0,212.0,32.0,127.33333333333333,24.28,113.89837473009679,0.0,1.0,0.0,0.0,,11.92,10.47,2.080229460578642,2.040705465116767,0,0,-0.03952399546187513,77.0,2.0,77850.443105,,,False,31.0,22.3
57466,61.0,0.0,186.0,36.0,146.66666666666666,32.03,100.68735750547624,0.0,0.0,0.0,0.0,,13.92,9.55,6.598071158800855,6.255968681156201,2,2,-0.3421024776446542,77.0,1.0,51609.176198,,,False,10.3,10.6
57470,44.0,0.0,247.0,37.0,101.33333333333333,32.4,91.8608272408737,0.0,0.0,0.0,0.0,,4.2,3.1,1.50519607142087,1.4386998229537415,0,0,-0.06649624846712854,81.0,1.0,21459.071325,,,False,12.0,8.5
57471,57.0,0.0,201.0,34.0,127.33333333333333,30.4,75.01292518820475,0.0,0.0,0.0,0.0,,3.77,3.37,3.726121563643635,3.6658365544461136,1,1,-0.06028500919752133,77.0,1.0,23031.021983,50676.352,137.0,False,7.2,3.5
57472,57.0,0.0,292.0,43.0,134.66666666666666,32.1,70.53496055256451,0.0,0.0,0.0,0.0,,6.91,4.11,5.693941273618473,5.287010998664369,2,2,-0.40693027495410394,85.0,1.0,19200.925759,44894.921,213.0,False,15.9,7.4
57475,52.0,0.0,258.0,51.0,120.0,28.13,105.30660304592317,1.0,0.0,1.0,0.0,,116.96,29.12,9.138041389938657,7.537888051547086,2,2,-1.6001533383915705,75.0,1.0,17971.288694,38925.092,182.0,False,196.5,42.8
57478,68.0,1.0,142.0,45.0,112.0,28.25,80.20658108888541,0.0,1.0,1.0,1.0,,10.08,3.07,7.145599753495292,6.048252317633377,2,2,-1.0973474358619146,86.0,3.0,5184.204509,11317.522,74.0,False,12.2,3.5
57479,45.0,1.0,217.0,77.0,106.0,25.76,86.04753873445065,0.0,0.0,0.0,0.0,,2.1,2.11,0.36799292537839007,0.3682544931730184,0,0,0.0002615677946283257,77.0,2.0,21052.826838,,,False,0.21,1.2
57481,34.0,0.0,231.0,22.0,128.66666666666666,26.06,95.52519628520233,0.0,1.0,0.0,0.0,,5.75,5.23,2.375988723527958,2.343012785802902,0,0,-0.032975937725055804,80.0,1.0,58510.98972,,,False,10.3,9.1
57482,53.0,0.0,201.0,39.0,102.66666666666667,27.18,85.85902378541412,0.0,0.0,0.0,0.0,,23.83,8.84,2.9141461267453996,2.5190712231290746,0,0,-0.395074903616325,80.0,1.0,61026.808084,,,False,46.7,12.9
57483,54.0,1.0,254.0,40.0,108.66666666666667,33.6,111.38617835081007,0.0,1.0,0.0,1.0,,6.67,322.4,3.1737817214860664,5.5420200623565465,1,2,2.36823834087048,88.0,1.0,10054.161288,,,False,3.8,309.5
57492,61.0,0.0,239.0,72.0,130.0,26.84,91.06459623484878,0.0,0.0,0.0,0.0,,8.02,5.47,3.997815960803399,3.7818410410986165,1,1,-0.21597491970478266,80.0,2.0,74313.517349,,,False,15.8,10.5
57498,31.0,1.0,211.0,49.0,90.0,32.22,84.27053116611671,0.0,0.0,0.0,0.0,3.0,42.22,2.34,0.35210075418895853,0.2283535141511264,0,0,-0.12374724003783213,78.0,2.0,36084.51781,90650.144,142.0,True,72.2,1.1
57502,39.0,0.0,189.0,69.0,100.0,31.12,69.10576860789536,0.0,0.0,0.0,0.0,,3.61,2.11,0.43970258431580617,0.4055917839883587,0,0,-0.034110800327447455,82.0,1.0,23339.041345,60708.847,113.0,False,10.4,4.6
57506,63.0,1.0,257.0,59.0,114.0,24.48,98.1499265374984,0.0,0.0,0.0,0.0,,5.77,12.64,2.804044968791666,3.143354364612663,0,1,0.33930939582099695,82.0,2.0,7692.636623,,,False,9.0,15.3
57512,55.0,1.0,152.0,38.0,135.33333333333334,30.83,102.07360173472713,1.0,0.0,1.0,0.0,,86.28,105.36,8.526710944095257,8.763567646582912,2,2,0.2368567024876551,87.0,2.0,12542.221496,29569.256,87.0,False,37.1,29.5
57516,57.0,1.0,205.0,70.0,121.33333333333333,31.46,101.88166279936107,1.0,1.0,0.0,0.0,,12.83,11.52,5.337352781113127,5.256250023669463,2,2,-0.0811027574436638,87.0,1.0,14714.001115,,,False,21.3,15.9
57520,46.0,1.0,151.0,58.0,113.33333333333333,21.71,102.64852745962281,0.0,0.0,0.0,0.0,,37.69,11.53,0.6904958956216994,0.5786657109582789,0,0,-0.11183018466342054,81.0,1.0,15979.688031,,,False,14.7,6.8
57521,46.0,0.0,234.0,52.0,105.33333333333333,24.21,96.30785621911429,0.0,0.0,0.0,0.0,,4.76,4.42,1.2298351676932793,1.2163154629892121,0,0,-0.01351970470406716,77.0,1.0,20754.570941,45916.732,132.0,False,5.9,8.8
57524,42.0,0.0,162.0,61.0,93.0,24.03,105.1374643311218,0.0,0.0,0.0,0.0,,20.12,2.14,0.7812143559255227,0.5581910579690696,0,0,-0.22302329795645304,83.0,1.0,79039.183921,174863.699,93.0,False,33.2,3.0
57526,56.0,1.0,148.0,36.0,116.66666666666667,31.74,90.47762866917799,1.0,1.0,1.0,1.0,,9.09,7.87,7.433496074725043,7.285990927746025,2,2,-0.14750514697901806,77.0,2.0,30421.204657,,,False,3.0,7.0
57528,77.0,0.0,157.0,32.0,102.66666666666667,38.66,59.881924457268816,1.0,0.0,1.0,0.0,,5.84,1.43,18.65486807302586,15.642533181282571,3,3,-3.012334891743288,84.0,1.0,11112.872016,,,False,5.9,0.9
57530,56.0,1.0,161.0,44.0,111.33333333333333,32.21,103.65534124798963,1.0,1.0,0.0,0.0,,11.71,10.78,5.5551809485116,5.490363155646709,2,2,-0.06481779286489076,88.0,2.0,84218.741868,194460.51,107.0,False,9.6,9.7
57531,62.0,1.0,242.0,52.0,136.66666666666666,27.29,96.07580141895353,0.0,0.0,0.0,0.0,,6.0,3.06,3.7780815566281083,3.4272962476593527,1,1,-0.3507853089687556,76.0,1.0,62173.905587,,,False,2.4,1.9
57533,73.0,0.0,138.0,29.0,149.33333333333334,22.59,79.4704736778846,0.0,1.0,0.0,1.0,,6.44,3.57,11.609725129244126,10.726306894378968,3,3,-0.8834182348651574,82.0,1.0,11046.661885,,,False,8.5,3.0
57534,47.0,0.0,255.0,62.0,131.33333333333334,27.81,98.1084736956462,0.0,0.0,0.0,0.0,,8.46,2.92,1.8974105101118695,1.6204005946536926,0,0,-0.2770099154581769,85.0,2.0,20708.126413,,,False,1.1,1.9
57535,62.0,0.0,227.0,99.0,103.33333333333333,30.19,96.89276058290638,0.0,1.0,0.0,1.0,,4.01,6.55,2.8647558283746584,3.078300328399576,0,1,0.21354450002491765,77.0,1.0,51609.176198,119175.909,109.0,False,5.9,5.5
57536,72.0,0.0,190.0,55.0,142.0,25.51,91.36150997025644,0.0,0.0,0.0,0.0,,6.67,4.96,9.17459212104376,8.808603627535767,2,2,-0.36598849350799334,86.0,2.0,9751.593752,,,False,1.0,6.1
57537,40.0,0.0,206.0,31.0,108.66666666666667,32.62,94.17472971693599,0.0,1.0,0.0,1.0,,8.6,5.91,1.7687013542299144,1.6729269916785268,0,0,-0.0957743625513876,80.0,1.0,16822.524734,37231.286,120.0,False,10.4,9.7
57541,50.0,0.0,207.0,42.0,140.0,24.34,109.49984334088548,0.0,0.0,0.0,0.0,,10.0,2.86,2.984575010909664,2.483293409401572,0,0,-0.5012816015080919,76.0,1.0,10676.688351,24873.139,93.0,False,14.8,2.8
57542,47.0,1.0,175.0,56.0,116.66666666666667,22.6,122.77039972898312,1.0,0.0,0.0,0.0,,29.06,30.0,2.1968493241913047,2.2071410959826747,0,0,0.010291771791369975,88.0,2.0,12812.019149,,,False,15.4,9.9
57545,53.0,1.0,181.0,47.0,143.33333333333334,26.31,103.71019512570068,0.0,1.0,1.0,1.0,,7.27,7.48,4.050282571666265,4.066928667270682,1,1,0.016646095604417432,86.0,3.0,70447.257704,,,False,4.0,10.1
57549,43.0,0.0,171.0,49.0,110.66666666666667,26.31,104.48561205226885,1.0,0.0,0.0,0.0,,2.9,2.36,1.607174677376741,1.5587050031037446,0,0,-0.04846967427299642,77.0,2.0,91799.434449,211964.279,101.0,False,2.9,2.5
57550,45.0,0.0,205.0,48.0,124.66666666666667,18.51,95.73522903521797,0.0,0.0,0.0,0.0,,3.33,2.82,1.2577151024649027,1.2269185011166468,0,0,-0.030796601348255903,80.0,2.0,88104.450949,191612.813,141.0,False,0.7,4.8
57553,47.0,0.0,222.0,62.0,123.33333333333333,30.61,109.43588384219085,0.0,0.0,0.0,0.0,,6.37,3.19,1.3291015034391416,1.198880995939786,0,0,-0.13022050749935565,86.0,2.0,19335.257103,,,False,9.3,6.0
57554,60.0,1.0,194.0,89.0,141.33333333333334,28.98,103.53588084139965,0.0,0.0,0.0,1.0,,6.56,4.48,1.74373937379277,1.6483109147973698,0,0,-0.0954284589954002,84.0,1.0,14321.334085,,,False,6.1,1.3
57555,71.0,0.0,155.0,52.0,97.33333333333333,30.63,59.83507685693788,0.0,0.0,1.0,0.0,,4.53,6.73,8.96961736117672,9.469818210864807,2,2,0.5002008496880865,75.0,2.0,12378.492771,28052.578,67.0,False,4.3,10.7
57556,43.0,1.0,195.0,39.0,130.66666666666666,41.19,111.55372316553999,1.0,0.0,1.0,0.0,2.0,9.17,6.99,3.947884557634829,3.796220863739665,1,1,-0.1516636938951641,80.0,1.0,13939.012804,32185.087,138.0,False,4.4,10.9
57557,56.0,0.0,158.0,39.0,116.66666666666667,31.58,111.10837732708937,0.0,0.0,0.0,0.0,,6.94,7.2,2.4967435186593367,2.5102997844470214,0,0,0.013556265787684652,80.0,1.0,69149.091341,149885.658,95.0,False,11.1,17.2
57561,43.0,0.0,179.0,82.0,152.66666666666666,28.97,85.42103065275387,0.0,0.0,0.0,0.0,,3.75,3.3,0.9792905854574147,0.9607477519015343,0,0,-0.018542833555880378,80.0,1.0,20547.166359,53827.428,82.0,False,2.4,3.0
57562,45.0,1.0,218.0,81.0,96.0,23.07,93.94824112962354,0.0,1.0,0.0,0.0,,20.74,13.57,0.8491793533657507,0.7972054578648247,0,0,-0.051973895500926015,79.0,1.0,18377.416844,,,False,5.6,1.9
57569,60.0,0.0,141.0,65.0,132.0,22.0,79.44349957363035,1.0,0.0,0.0,1.0,,4.51,3.42,3.6407030577912627,3.4969473565359963,1,1,-0.14375570125526638,78.0,1.0,8365.161334,21204.557,67.0,False,2.3,5.4
57570,67.0,1.0,259.0,76.0,142.0,21.5,71.01514667323134,0.0,0.0,0.0,0.0,,12.84,23.33,5.084913504719696,5.535429169888052,2,2,0.45051566516835617,84.0,1.0,53528.54999,116595.3,161.0,False,21.7,16.1
57571,70.0,1.0,197.0,70.0,152.66666666666666,20.92,95.37309596788722,0.0,0.0,1.0,1.0,,23.23,5.74,7.50680611806468,6.173433318909553,2,2,-1.3333727991551267,86.0,1.0,19554.878853,,,False,7.2,2.7
57573,74.0,1.0,211.0,59.0,152.66666666666666,26.0,75.01279027367127,1.0,0.0,1.0,1.0,,123.06,29.18,18.530594140077223,15.487608944338428,3,3,-3.0429851957387957,85.0,2.0,21141.633727,48178.118,114.0,False,44.3,28.3
57577,52.0,0.0,214.0,48.0,116.0,26.9,72.04179357699718,0.0,0.0,1.0,0.0,,3.74,3.33,2.3911191809710717,2.3505357145283625,0,0,-0.04058346644270916,82.0,1.0,13047.341046,,,False,8.6,6.3
57586,37.0,0.0,199.0,40.0,126.66666666666667,31.96,121.70619734494883,0.0,1.0,0.0,0.0,,1.83,9.47,1.3058540771041047,1.6676451308771891,0,0,0.3617910537730844,79.0,2.0,60123.4098,181977.848,126.0,False,2.2,5.4
57587,47.0,0.0,208.0,42.0,123.33333333333333,31.94,112.00920736127244,0.0,0.0,0.0,0.0,,15.53,12.13,1.9504099293273078,1.8803190756163168,0,0,-0.070090853710991,75.0,1.0,31289.178968,72893.398,138.0,False,26.4,24.5
57588,67.0,1.0,182.0,97.0,118.0,34.6,102.24582029546441,0.0,0.0,0.0,0.0,,4.03,2.05,2.239934998025141,2.02818096529992,0,0,-0.2117540327252212,78.0,2.0,69714.993936,,,False,5.8,0.9
57589,49.0,0.0,230.0,53.0,140.0,21.3,104.69814147034143,0.0,0.0,0.0,0.0,,4.47,4.05,2.347952813286898,2.3140309386333424,0,0,-0.03392187465355567,79.0,1.0,75533.702614,156494.348,159.0,False,4.6,1.7
57592,48.0,1.0,162.0,78.0,106.66666666666667,21.67,109.77987274472379,0.0,1.0,0.0,0.0,,19.17,7.96,0.8423534716066652,0.7389992512194028,0,0,-0.10335422038726239,84.0,1.0,14931.623428,0.0,73.0,False,13.8,7.8
57596,77.0,0.0,225.0,79.0,127.33333333333333,22.81,78.45841633093849,0.0,0.0,0.0,0.0,,10.59,8.26,11.402865355735468,11.02923869764049,3,3,-0.3736266580949774,88.0,2.0,33244.381206,81974.567,133.0,False,18.0,5.7
57598,42.0,1.0,202.0,90.0,125.33333333333333,42.9,21.240682302261966,1.0,0.0,0.0,1.0,2.0,36.14,16.27,5.160695956008461,4.60483433849936,2,1,-0.5558616175091009,81.0,1.0,19775.585933,,,False,15.9,8.3
57601,41.0,0.0,233.0,60.0,155.33333333333334,32.36,73.4841018370287,0.0,0.0,1.0,0.0,,42.94,38.12,2.8943100588932245,2.844203289113577,0,0,-0.050106769779647564,82.0,1.0,24485.910944,60275.452,159.0,False,68.7,64.8
57606,54.0,1.0,220.0,74.0,106.0,40.74,81.36345538746542,0.0,0.0,0.0,1.0,,3.56,4.49,0.9085956154291056,0.9405079442523642,0,0,0.03191232882325856,80.0,1.0,79719.201422,185110.802,121.0,False,3.1,4.0
57612,52.0,0.0,214.0,58.0,112.66666666666667,27.77,92.78027814981152,0.0,0.0,0.0,0.0,,4.16,2.11,1.5786502337955122,1.427038894297295,0,0,-0.15161133949821726,83.0,2.0,105788.374004,,,False,3.2,2.0
57613,36.0,1.0,182.0,40.0,114.0,27.56,118.7508483909006,0.0,0.0,0.0,0.0,3.0,4.22,5.96,0.3665023341176796,0.38592276946469223,0,0,0.019420435347012655,87.0,1.0,25575.308112,,,True,8.1,15.5
57623,60.0,1.0,226.0,50.0,148.0,36.58,88.25456511874229,1.0,0.0,1.0,0.0,,15.42,29.81,9.856681952078969,10.771524128541554,2,3,0.9148421764625851,80.0,1.0,19747.049961,,,False,35.0,31.3
57624,63.0,1.0,269.0,67.0,160.66666666666666,30.41,81.515651523506,0.0,0.0,1.0,0.0,,15.71,3.95,6.4580638587393,5.313425010573806,2,2,-1.1446388481654939,80.0,2.0,20803.887002,47543.005,185.0,False,4.4,1.7
57626,54.0,1.0,209.0,52.0,123.33333333333333,22.91,103.80040480458719,0.0,0.0,0.0,0.0,,3.06,2.71,1.4934601375001493,1.4668699426594736,0,0,-0.026590194840675707,75.0,2.0,125317.169771,,,False,1.1,1.6
57638,57.0,1.0,189.0,52.0,115.33333333333333,40.74,104.62744031263121,0.0,0.0,0.0,0.0,,8.31,10.34,1.789196043218328,1.8477716755470268,0,0,0.05857563232869878,88.0,2.0,23973.179657,,,False,6.9,6.1
57639,44.0,1.0,191.0,54.0,107.33333333333333,21.16,112.11199431587151,0.0,1.0,0.0,0.0,2.0,3.65,2.87,0.8484301205153547,0.8186011691571258,0,0,-0.02982895135822894,83.0,2.0,72667.288792,158018.688,124.0,False,4.6,3.1
57640,72.0,1.0,228.0,62.0,110.66666666666667,30.37,78.23588038036311,0.0,0.0,0.0,0.0,,4.52,4.08,5.031903925019993,4.958938622932735,2,1,-0.07296530208725827,77.0,2.0,41085.156853,,,False,3.3,5.3
57641,40.0,1.0,223.0,59.0,106.66666666666667,28.5,112.4435504162343,0.0,0.0,0.0,0.0,2.0,6.33,6.96,0.3974157088641218,0.4030937970567239,0,0,0.005678088192602071,77.0,1.0,76603.798386,166578.826,140.0,False,8.1,7.1
57647,34.0,0.0,159.0,63.0,116.0,30.48,115.32395876581796,0.0,0.0,0.0,0.0,,4.4,3.68,0.2719010851020923,0.2646814344303105,0,0,-0.007219650671781819,84.0,2.0,25958.756366,0.0,87.0,False,10.2,4.2
57649,30.0,0.0,214.0,50.0,130.66666666666666,26.22,116.27850977311344,0.0,1.0,0.0,0.0,,13.66,6.29,1.1597270532856252,1.0328885899545919,0,0,-0.12683846333103332,82.0,1.0,68573.493519,,,False,23.9,12.4
57658,68.0,1.0,206.0,33.0,130.0,,52.43631541242706,1.0,0.0,1.0,1.0,,11.0,3.48,14.042903848204421,12.083988918847254,3,3,-1.9589149293571673,79.0,1.0,24124.996937,56876.544,,False,1.1,3.2
57659,54.0,0.0,168.0,44.0,108.66666666666667,26.35,78.06625010376752,0.0,1.0,0.0,0.0,,10.0,6.15,3.086402765332978,2.8742264227842114,1,0,-0.2121763425487666,89.0,2.0,15865.344137,35099.967,108.0,False,1.2,8.3
57661,41.0,0.0,307.0,52.0,138.0,25.91,91.45572262631296,0.0,0.0,0.0,0.0,,4.62,4.92,2.077964065001269,2.097383696970238,0,0,0.01941963196896923,77.0,1.0,81895.402401,,,False,1.8,5.9
57665,47.0,0.0,169.0,36.0,124.0,30.3,112.46418648860056,0.0,0.0,0.0,0.0,,3.26,3.9,1.4371417160375914,1.4759914644851562,0,0,0.038849748447564725,83.0,1.0,24255.893217,,,False,9.4,5.5
57666,30.0,1.0,153.0,43.0,102.66666666666667,22.85,117.23202281816458,0.0,0.0,0.0,0.0,2.0,6.28,6.02,0.17347712237239768,0.17238134658733195,0,0,-0.001095775785065728,83.0,1.0,30285.838991,81685.156,101.0,False,8.1,13.0
57667,53.0,1.0,245.0,51.0,154.66666666666666,29.2,80.73000160467343,0.0,0.0,1.0,1.0,,5.57,5.29,3.903861474965986,3.874918123771875,1,1,-0.028943351194111067,87.0,2.0,22972.84107,52263.672,154.0,False,3.9,4.6
57668,31.0,1.0,208.0,79.0,102.0,17.4,120.19770091325961,0.0,1.0,0.0,0.0,2.0,6.39,3.59,0.20486610495118504,0.18791110830447444,0,0,-0.0169549966467106,75.0,2.0,25879.036132,58400.938,106.0,False,9.4,8.0
57674,44.0,1.0,237.0,36.0,128.66666666666666,29.27,111.68729605643915,0.0,0.0,0.0,0.0,2.0,6.1,5.59,1.389557869112765,1.3717119065402785,0,0,-0.017845962572486496,80.0,1.0,59173.068083,,,False,4.7,7.6
57677,42.0,0.0,186.0,33.0,146.0,27.7,91.93841868838255,0.0,0.0,0.0,0.0,,5.89,4.5,2.046111239131622,1.9662112328021588,0,0,-0.07990000632946304,82.0,2.0,24119.920015,54949.972,128.0,False,6.3,4.5
57681,51.0,1.0,212.0,49.0,150.66666666666666,32.53,84.08140778301235,0.0,0.0,0.0,0.0,,5.48,4.49,2.4576966185426503,2.386999155739432,0,0,-0.07069746280321842,78.0,1.0,22940.074853,,,False,6.3,6.1
57685,54.0,0.0,221.0,34.0,118.0,41.32,104.3862722991867,0.0,0.0,1.0,0.0,,4.31,14.7,3.5092774747054327,4.193622274475641,1,1,0.6843447997702081,76.0,2.0,97006.438984,,,False,7.2,39.7
57686,69.0,1.0,195.0,49.0,124.0,46.36,95.60455559128292,0.0,0.0,1.0,0.0,,22.42,7.5,7.400525518567017,6.349918743801976,2,2,-1.0506067747650407,80.0,2.0,75906.644182,175593.974,119.0,False,29.6,6.9
57688,79.0,0.0,180.0,37.0,138.0,22.06,94.5523420962267,0.0,0.0,0.0,0.0,,5.27,3.16,14.50899697866836,13.57700601884256,3,3,-0.9319909598258,80.0,1.0,30233.187542,,,False,4.8,5.6
57689,54.0,0.0,215.0,62.0,104.66666666666667,28.73,86.32175794374498,0.0,0.0,0.0,0.0,,3.02,4.09,1.7329006366371325,1.812638692018253,0,0,0.07973805538112044,77.0,1.0,89543.78448,185521.108,139.0,False,1.3,6.5
57698,59.0,1.0,223.0,69.0,124.66666666666667,30.23,72.6737191608886,0.0,0.0,0.0,1.0,,13.85,4.16,2.34776329376547,1.9675462467027114,0,0,-0.38021704706275883,85.0,2.0,22816.868232,,,False,5.4,5.2
57702,51.0,1.0,158.0,65.0,120.66666666666667,26.19,94.81101742508345,0.0,0.0,0.0,0.0,,5.54,3.2,0.856653225373741,0.789435087548801,0,0,-0.06721813782494002,80.0,2.0,31446.532741,0.0,80.0,False,4.1,4.1
57704,72.0,1.0,195.0,89.0,164.0,21.68,83.20274366116648,0.0,0.0,1.0,0.0,,5.89,2.78,7.117702187460857,6.407624794620997,2,2,-0.7100773928398603,80.0,1.0,9993.180213,,,False,8.6,1.0
57707,33.0,1.0,202.0,30.0,115.33333333333333,38.42,117.44691218945603,0.0,1.0,0.0,0.0,2.0,6.03,2.9,0.8898616897007896,0.7979915722747493,0,0,-0.09187011742604034,75.0,1.0,33362.098901,66944.031,115.0,False,4.7,3.8
57708,30.0,0.0,234.0,30.0,112.66666666666667,28.6,117.8306074692417,0.0,1.0,0.0,0.0,,3.75,3.61,1.0107810956941432,1.0050484688140957,0,0,-0.005732626880047498,78.0,2.0,21023.855466,,,False,0.9,4.8
57710,37.0,0.0,215.0,50.0,128.0,30.54,119.68075548863801,0.0,0.0,0.0,0.0,,3.35,4.8,0.7644089261564129,0.8067283235558642,0,0,0.04231939739945134,83.0,2.0,65657.589992,186106.067,148.0,False,6.4,6.0
57713,74.0,1.0,173.0,49.0,147.33333333333334,52.87,48.965355181933276,1.0,0.0,0.0,0.0,,3.91,7.97,12.078660861038404,13.260801448542418,3,3,1.1821405875040139,79.0,2.0,46488.224683,,,False,1.8,5.5
57715,48.0,0.0,170.0,40.0,116.66666666666667,44.48,91.73717092431419,0.0,0.0,0.0,0.0,,9.39,9.14,1.5209055613133466,1.5148142965130142,0,0,-0.006091264800332397,84.0,1.0,20450.553653,45563.643,110.0,False,18.6,19.2
57729,58.0,1.0,227.0,38.0,148.66666666666666,46.27,62.300001554729796,0.0,0.0,0.0,0.0,,2.44,1.07,4.007348861825341,3.55748609505878,1,1,-0.44986276676656134,76.0,2.0,18836.676039,45437.123,138.0,False,2.1,0.6
57734,69.0,0.0,178.0,43.0,131.33333333333334,28.52,75.97011671946372,0.0,0.0,1.0,1.0,,83.48,13.71,11.762313220045742,9.212792002957697,3,2,-2.5495212170880457,78.0,1.0,8365.161334,25194.343,119.0,False,93.5,18.1
57746,62.0,1.0,203.0,53.0,134.0,29.19,76.33538367974322,0.0,0.0,0.0,0.0,,5.05,4.95,3.430240763667531,3.4203085389954078,1,1,-0.00993222467212318,81.0,1.0,6912.351852,15090.202,125.0,False,5.2,4.5
57748,58.0,1.0,179.0,55.0,115.33333333333333,34.16,72.17431518597164,0.0,0.0,1.0,0.0,,3.17,3.8,2.1724958036313136,2.2310894327227926,0,0,0.05859362909147903,81.0,2.0,107546.131922,,,False,1.9,1.9
57751,36.0,1.0,223.0,63.0,131.33333333333334,31.09,100.88734856260477,0.0,0.0,0.0,0.0,2.0,21.78,15.93,0.566287462256527,0.5404517492651406,0,0,-0.025835712991386428,84.0,2.0,28232.49081,70924.583,142.0,False,15.9,9.4
57753,74.0,0.0,163.0,38.0,129.33333333333334,22.83,93.22054528466887,0.0,0.0,0.0,1.0,,12.16,5.59,9.98281890723621,8.976613428164933,2,2,-1.0062054790712764,81.0,2.0,10249.464781,23227.7,95.0,False,9.0,1.9
57754,44.0,1.0,227.0,62.0,110.66666666666667,28.4,113.43803611067987,0.0,0.0,0.0,0.0,2.0,6.18,3.0,0.5227646069582836,0.46926848048296016,0,0,-0.05349612647532348,82.0,2.0,18387.0062,38950.732,152.0,False,2.1,2.4
57756,65.0,0.0,272.0,50.0,116.66666666666667,25.5,77.01110041819436,0.0,1.0,0.0,0.0,,5.24,4.24,8.110267105692765,7.875127886400447,2,2,-0.23513921929231785,82.0,2.0,8809.825372,,,False,10.0,2.8
57762,67.0,1.0,220.0,63.0,170.0,31.13,85.83070615374714,0.0,0.0,0.0,0.0,,3.0,12.27,5.838679014206224,7.11569517971189,2,2,1.2770161655056667,80.0,1.0,20167.97853,48523.675,134.0,False,0.3,9.2
57763,31.0,1.0,190.0,36.0,122.66666666666667,31.71,110.8605951931603,0.0,1.0,0.0,0.0,2.0,3.5,3.28,0.7288294921559091,0.7218119639526538,0,0,-0.007017528203255297,75.0,2.0,61739.600243,151992.737,130.0,False,8.3,8.3
57765,43.0,0.0,229.0,56.0,124.66666666666667,24.74,88.30300764060775,0.0,0.0,0.0,0.0,,4.07,4.09,1.1126783640359443,1.1134931359937783,0,0,0.0008147719578339707,77.0,2.0,92556.868952,,,False,9.0,10.6
57773,30.0,1.0,151.0,54.0,110.66666666666667,20.26,121.39341747138397,0.0,0.0,0.0,0.0,2.0,7.12,6.34,0.1284635878769261,0.12624812542928418,0,0,-0.002215462447641925,79.0,2.0,59587.981851,,,False,5.2,4.5
57774,45.0,1.0,155.0,47.0,112.0,34.45,110.58087548960214,0.0,0.0,0.0,0.0,,37.2,39.39,0.7599333738242884,0.7664371276410937,0,0,0.006503753816805347,80.0,2.0,83446.970885,189843.524,91.0,False,53.2,19.3
57780,65.0,0.0,203.0,38.0,97.33333333333333,34.57,98.96725367677509,0.0,1.0,1.0,1.0,,7.35,9.9,10.150275423396852,10.567862585867003,3,3,0.4175871624701504,80.0,2.0,22253.348328,54892.864,134.0,False,13.3,20.4
57781,61.0,0.0,159.0,55.0,107.33333333333333,33.36,74.74054588331187,0.0,0.0,0.0,0.0,,2.59,2.06,2.5694764004196746,2.4843282260275825,0,0,-0.0851481743920921,81.0,2.0,10283.689262,,,False,3.7,4.2
57785,48.0,0.0,149.0,34.0,129.33333333333334,39.63,105.35131965218496,0.0,0.0,1.0,0.0,,3.59,2.83,1.9647424477001951,1.8967344562507011,0,0,-0.06800799144949399,83.0,1.0,100092.522328,0.0,83.0,False,3.7,3.4
57788,35.0,0.0,166.0,29.0,130.0,31.18,92.8076031708332,0.0,0.0,0.0,0.0,,6.39,3.78,0.9046587407609968,0.836283081244302,0,0,-0.06837565951669489,77.0,2.0,78224.972418,,,False,3.9,4.5
57789,61.0,1.0,162.0,49.0,124.0,38.49,99.02420707990402,0.0,1.0,0.0,0.0,,14.38,2.66,4.483331024384444,3.5152759107857072,1,1,-0.9680551135987372,76.0,1.0,62173.905587,150224.505,78.0,False,12.8,1.7
57790,36.0,0.0,168.0,48.0,104.0,20.79,97.68387435408253,0.0,1.0,0.0,0.0,,2.09,1.55,0.6804034365691443,0.6505699232394865,0,0,-0.02983351332965778,76.0,2.0,15307.30365,,,False,1.4,2.6
57791,42.0,1.0,235.0,70.0,99.33333333333333,24.7,105.23416367679029,0.0,0.0,0.0,0.0,2.0,2.86,2.05,0.3634489606691139,0.34578884262540227,0,0,-0.017660118043711648,78.0,2.0,88087.54939,,,False,2.8,2.6
57794,32.0,0.0,178.0,42.0,115.33333333333333,21.31,85.82178156112595,0.0,0.0,0.0,0.0,,3.2,3.13,0.3803890577484157,0.37912550528582595,0,0,-0.0012635524625897454,84.0,1.0,56035.530926,,,False,6.3,3.0
57806,50.0,1.0,189.0,39.0,120.66666666666667,26.09,106.80141743231928,0.0,1.0,0.0,0.0,,7.06,6.94,2.32245418669419,2.3166231414566556,0,0,-0.005831045237534305,86.0,1.0,22320.066258,,,False,2.4,10.0
57808,50.0,1.0,183.0,36.0,123.33333333333333,31.97,98.50495154282892,0.0,0.0,0.0,0.0,,6.93,3.8,1.5495078634074517,1.4177524456689903,0,0,-0.13175541773846144,78.0,2.0,14748.006458,31792.749,114.0,False,9.7,1.9
57814,56.0,1.0,242.0,78.0,106.0,19.54,93.38057929023518,0.0,0.0,0.0,0.0,,7.5,4.11,1.2163382106542973,1.1124896153536799,0,0,-0.10384859530061741,85.0,1.0,85173.261497,,,False,1.5,6.0
57815,53.0,0.0,186.0,45.0,121.33333333333333,25.13,92.2050404252827,0.0,0.0,1.0,1.0,,3.33,4.23,2.3043134822787517,2.387056268681261,0,0,0.08274278640250943,79.0,1.0,82587.952309,,,False,5.1,9.3
57816,30.0,0.0,164.0,57.0,108.0,25.52,114.7634869217382,0.0,0.0,0.0,0.0,,2.99,4.77,0.18826831504293554,0.20199884900586287,0,0,0.013730533962927338,86.0,1.0,68055.064666,,,False,5.5,5.3
57818,44.0,0.0,191.0,48.0,119.33333333333333,23.91,97.51327238651655,0.0,0.0,0.0,0.0,,2.73,3.88,0.9524259278727376,1.0038293916130119,0,0,0.05140346374027427,86.0,1.0,78911.724158,174581.711,125.0,False,4.1,5.7
57819,56.0,1.0,203.0,33.0,127.33333333333333,23.87,102.517269872571,0.0,1.0,1.0,0.0,,8.65,5.49,5.434879553330363,5.094590904935711,2,2,-0.3402886483946519,83.0,2.0,26047.980138,59259.675,139.0,False,7.7,5.0
57821,37.0,0.0,248.0,46.0,122.0,26.94,118.25298232084404,0.0,0.0,0.0,0.0,,5.1,2.93,0.9135681888735758,0.8408369510404086,0,0,-0.07273123783316726,79.0,1.0,60025.516642,,,False,7.9,4.3
57825,41.0,1.0,194.0,77.0,104.66666666666667,18.65,107.65797284621458,0.0,1.0,0.0,0.0,2.0,5.88,3.95,0.46064844724564485,0.4340577854970412,0,0,-0.02659066174860364,78.0,1.0,15963.089497,,,False,5.7,5.1
57829,48.0,1.0,179.0,62.0,92.66666666666667,26.05,76.80557551721324,0.0,0.0,0.0,0.0,,10.73,3.62,0.7508754582183789,0.6385837992579358,0,0,-0.11229165896044302,82.0,1.0,74543.333554,,,False,22.0,2.1
57831,70.0,0.0,204.0,46.0,108.0,34.17,74.65317640148112,0.0,0.0,0.0,0.0,,3.8,5.61,6.868553695698161,7.2545250368712475,2,2,0.38597134117308673,76.0,2.0,35466.889558,86979.899,143.0,False,5.7,3.2
57832,49.0,1.0,210.0,54.0,135.33333333333334,31.43,83.9333238751655,0.0,0.0,0.0,0.0,,7.19,4.29,1.5314563632547271,1.4188386440095853,0,0,-0.11261771924514186,85.0,2.0,18820.44423,0.0,131.0,False,2.3,2.4
57833,42.0,0.0,210.0,47.0,132.66666666666666,35.39,85.95394511245107,0.0,0.0,1.0,1.0,,26.53,8.62,2.0320353368282134,1.7202241336329098,0,0,-0.31181120319530353,84.0,2.0,22235.596677,,,False,13.0,10.0
57839,39.0,1.0,199.0,42.0,152.0,31.34,100.5676585064542,0.0,1.0,0.0,0.0,2.0,41.99,6.83,3.30034130375573,2.532724641131177,1,0,-0.7676166626245529,79.0,2.0,73247.152332,,,False,65.5,6.9
57841,31.0,0.0,247.0,40.0,100.66666666666667,27.12,114.05195330282343,0.0,1.0,0.0,0.0,,6.9,3.19,1.097305076713875,0.977812341168971,0,0,-0.11949273554490403,87.0,2.0,24272.731935,,,False,14.0,3.0
57844,57.0,0.0,310.0,26.0,114.0,36.84,88.8504618294754,0.0,0.0,0.0,0.0,,16.16,10.0,6.32808355395906,5.911826380231262,2,2,-0.41625717372779825,79.0,1.0,90382.442658,,,False,28.6,17.9
57848,65.0,0.0,191.0,46.0,139.33333333333334,33.37,100.55324940318538,0.0,0.0,0.0,0.0,,6.88,6.14,6.353652370127311,6.252173513200194,2,2,-0.101478856927117,85.0,1.0,6487.668059,17665.562,112.0,False,8.6,5.1
57849,31.0,0.0,179.0,58.0,103.33333333333333,23.23,120.88596208570735,0.0,0.0,0.0,0.0,,4.32,4.46,0.24511699295316683,0.24629744117603522,0,0,0.001180448222868391,85.0,1.0,61262.628714,,,False,1.6,7.0
57858,62.0,1.0,156.0,33.0,131.33333333333334,28.15,88.54167296275436,0.0,0.0,1.0,1.0,,13.09,5.65,4.868286646868756,4.31629119950899,1,1,-0.5519954473597659,77.0,1.0,20212.610371,,,False,7.2,6.5
57859,52.0,1.0,217.0,61.0,122.0,26.7,107.08254703824886,0.0,0.0,0.0,0.0,,8.67,6.32,1.2885207353530952,1.2295292439405223,0,0,-0.05899149141257287,79.0,2.0,87899.561678,191142.034,138.0,False,10.4,7.9
57867,32.0,1.0,240.0,66.0,113.33333333333333,22.0,122.22802385883092,0.0,0.0,0.0,0.0,2.0,7.85,3.9,0.21244204075261736,0.19130429471513588,0,0,-0.021137746037481475,79.0,2.0,62125.389482,,,False,7.3,3.9
57869,73.0,1.0,158.0,41.0,162.66666666666666,23.55,96.72450642876036,1.0,0.0,1.0,1.0,,4.04,3.91,12.23588360876483,12.183253373174995,3,3,-0.052630235589834484,88.0,1.0,11591.498545,25837.593,89.0,False,1.9,2.7
57870,38.0,1.0,206.0,54.0,125.33333333333333,42.72,117.75103814504187,0.0,0.0,0.0,0.0,2.0,6.14,3.01,0.49814194741503703,0.4478110208365557,0,0,-0.050330926578481316,85.0,2.0,62691.610913,145322.949,127.0,False,15.6,5.0
57875,55.0,0.0,191.0,40.0,119.33333333333333,23.49,82.88136593884091,0.0,1.0,0.0,0.0,,4.29,4.41,3.792946494015169,3.8081778051303314,1,1,0.015231311115162516,83.0,1.0,105475.128046,,,False,2.1,4.9
57876,45.0,0.0,207.0,38.0,114.0,29.71,110.3957761655357,0.0,1.0,0.0,0.0,,4.6,4.58,2.0265313981143076,2.0252254056295356,0,0,-0.0013059924847720339,87.0,1.0,23386.274409,,,False,2.9,5.5
57877,43.0,0.0,190.0,41.0,126.66666666666667,29.48,101.85156416378037,0.0,0.0,1.0,1.0,,1.67,2.7,1.2264331925356853,1.3174998287483135,0,0,0.09106663621262823,76.0,2.0,20754.570941,,,False,2.8,5.3
57878,49.0,0.0,246.0,64.0,130.66666666666666,18.83,106.145522214151,0.0,1.0,1.0,1.0,,10.37,4.18,3.9175595913719254,3.4325318594542567,1,1,-0.4850277319176688,84.0,2.0,18379.766094,,,False,2.8,7.6
57884,48.0,0.0,251.0,57.0,95.33333333333333,33.48,93.9655711453896,0.0,0.0,1.0,0.0,,3.49,4.19,1.9596979886165684,2.013442648170451,0,0,0.053744659553882634,80.0,2.0,89211.284608,197368.121,173.0,False,6.1,3.6
57885,47.0,1.0,205.0,43.0,109.33333333333333,41.37,107.65333710785559,0.0,0.0,1.0,1.0,,4.52,3.9,1.072008163540189,1.048772314178774,0,0,-0.023235849361415095,80.0,2.0,20013.359204,42697.413,115.0,False,8.4,3.0
57888,76.0,1.0,180.0,59.0,120.0,27.19,48.3600670059305,0.0,0.0,0.0,1.0,,5.63,4.49,7.739157099160841,7.500087017466295,2,2,-0.23907008169454613,82.0,1.0,41432.419968,,,False,10.7,2.2
57889,39.0,1.0,240.0,52.0,122.0,34.76,110.85038106649752,0.0,0.0,0.0,0.0,2.0,5.0,2.9,0.6056588630817243,0.558367422357025,0,0,-0.047291440724699374,77.0,1.0,63360.142345,153658.516,154.0,False,11.3,6.9
57890,77.0,0.0,186.0,41.0,141.33333333333334,22.77,91.15045097241463,0.0,0.0,0.0,0.0,,4.08,13.53,12.606705855257946,14.739752247720274,3,3,2.1330463924623277,78.0,1.0,7704.529661,18613.301,126.0,False,8.0,6.9
57894,33.0,0.0,218.0,53.0,111.33333333333333,32.93,114.1291110166559,0.0,0.0,0.0,0.0,,2.39,3.82,0.34798363037448193,0.37342457683837516,0,0,0.02544094646389322,87.0,1.0,82900.756723,,,False,4.4,3.4
57895,61.0,1.0,193.0,74.0,130.66666666666666,21.4,87.70738681500607,0.0,0.0,0.0,1.0,,6.25,5.34,2.0976114640504733,2.0496449835785087,0,0,-0.04796648047196461,86.0,2.0,61835.25213,,,False,1.0,3.1
57898,40.0,0.0,177.0,58.0,110.66666666666667,26.66,125.78590278126441,0.0,1.0,0.0,0.0,,7.66,12.98,0.873972757884212,0.945738276787852,0,0,0.07176551890364002,87.0,1.0,23816.877423,,,False,3.6,33.5
57907,48.0,0.0,219.0,50.0,108.66666666666667,25.57,93.9655711453896,0.0,0.0,0.0,0.0,,3.08,3.1,1.2400770722049692,1.2412746600654314,0,0,0.0011975878604622014,81.0,2.0,91316.255685,184184.437,117.0,False,3.7,4.4
57914,79.0,1.0,155.0,78.0,142.0,20.92,55.30981879058777,0.0,0.0,1.0,1.0,,17.85,4.23,11.965516926444883,9.869182510496476,3,2,-2.096334415948407,76.0,2.0,34245.404778,78039.34,61.0,False,23.2,2.2
57916,71.0,0.0,181.0,46.0,146.0,28.82,84.50498658380886,0.0,0.0,1.0,1.0,,4.83,1.97,9.5530074461562,8.445248157712848,2,2,-1.1077592884433507,81.0,2.0,12868.360204,,,False,5.8,4.3
57917,54.0,0.0,233.0,52.0,132.0,25.57,101.49249629792372,0.0,0.0,1.0,0.0,,1.69,3.33,3.0278135655630267,3.3434405984276294,1,1,0.3156270328646027,89.0,1.0,12664.205092,,,False,1.3,1.1
57918,49.0,1.0,210.0,34.0,111.33333333333333,33.49,85.13379428914527,0.0,0.0,1.0,0.0,,2.0,3.09,1.4477226113170267,1.5439154688405508,0,0,0.09619285752352402,76.0,2.0,85773.925002,,,False,0.5,1.7
57919,36.0,0.0,181.0,68.0,128.66666666666666,24.47,85.4785725106418,0.0,0.0,0.0,0.0,,1.55,2.54,0.3923310565830226,0.4225831129215224,0,0,0.03025205633849981,77.0,2.0,32609.226951,,,False,2.6,5.0
57920,66.0,1.0,147.0,64.0,127.33333333333333,39.12,69.57774242051342,1.0,0.0,0.0,0.0,,8.01,9.3,6.042361080925402,6.17088771753964,2,2,0.1285266366142377,78.0,1.0,4877.462322,,,False,12.5,4.0
57925,42.0,1.0,197.0,47.0,134.66666666666666,26.51,115.80012262477743,0.0,0.0,0.0,0.0,2.0,4.17,5.21,0.8745867100407769,0.9040465682042585,0,0,0.029459858163481623,75.0,1.0,26829.082247,,,False,0.5,5.0
57926,56.0,0.0,204.0,61.0,109.33333333333333,26.82,75.4809068104294,0.0,0.0,0.0,0.0,,1.56,1.72,1.699257878364315,1.7240624066892964,0,0,0.024804528324981368,77.0,2.0,103268.230044,213956.073,119.0,False,4.0,4.1
57930,61.0,1.0,279.0,64.0,168.0,40.34,95.06618064770778,0.0,0.0,1.0,0.0,,5.89,4.62,5.6656067319973475,5.473869161944212,2,2,-0.1917375700531352,88.0,1.0,6385.326701,,,False,3.3,7.8
57933,56.0,1.0,215.0,45.0,122.66666666666667,31.75,103.65534124798963,0.0,0.0,0.0,0.0,,18.64,6.81,2.5129046708503804,2.168012201832309,0,0,-0.34489246901807125,88.0,1.0,11395.6158,,,False,15.1,4.9
57934,74.0,1.0,195.0,71.0,138.66666666666666,25.83,78.44394629073736,0.0,0.0,1.0,1.0,,23.49,4.75,9.239459760418043,7.41446394368691,2,2,-1.8249958167311329,81.0,1.0,41874.156478,95423.942,96.0,False,29.6,2.8
57936,52.0,1.0,262.0,99.0,92.66666666666667,25.17,92.75668945378085,0.0,0.0,0.0,0.0,,6.87,3.66,0.6726537144164478,0.6123510959840746,0,0,-0.06030261843237328,75.0,1.0,92722.673705,201630.134,149.0,False,13.8,8.6
57939,71.0,1.0,235.0,48.0,152.0,44.95,42.39251748256169,0.0,0.0,1.0,0.0,,7.57,5.04,11.484792786940972,10.87844292488139,3,3,-0.6063498620595809,77.0,2.0,15296.174061,,,False,2.8,5.8
57940,66.0,1.0,201.0,42.0,138.0,35.02,78.83941281807857,1.0,0.0,1.0,0.0,,3.04,4.2,9.343974117877377,9.76319776060855,2,2,0.41922364273117374,84.0,2.0,15571.383249,37491.508,134.0,False,3.5,3.4
57945,67.0,1.0,192.0,38.0,126.66666666666667,28.97,67.36579790284041,0.0,0.0,1.0,0.0,,4.6,3.43,6.307434557284642,6.052015358518488,2,2,-0.2554191987661545,80.0,1.0,55139.141581,,,False,5.2,2.3
57948,75.0,1.0,311.0,61.0,132.0,23.1,75.65348051269324,0.0,0.0,0.0,0.0,,13.95,13.27,8.750768759122534,8.69104926198302,2,2,-0.05971949713951474,81.0,2.0,20182.640339,46688.272,232.0,False,26.5,6.9
57966,43.0,0.0,223.0,91.0,118.66666666666667,37.03,65.07004778115389,0.0,0.0,1.0,0.0,,5.36,3.71,0.6871125569716131,0.6502189188134041,0,0,-0.03689363815820901,83.0,2.0,28768.364972,,,False,7.5,2.3
57973,50.0,1.0,135.0,51.0,101.33333333333333,22.74,111.1152814106482,0.0,1.0,0.0,0.0,,8.47,4.47,1.322589459898414,1.2030418143060069,0,0,-0.11954764559240716,76.0,2.0,29299.509716,62527.824,63.0,False,9.4,3.8
57977,53.0,0.0,232.0,54.0,103.33333333333333,29.81,83.9187323843338,0.0,0.0,1.0,0.0,,1.85,2.58,2.2829962530329793,2.397769860784223,0,0,0.11477360775124357,76.0,2.0,101172.924903,212134.904,156.0,False,1.5,1.6
57978,32.0,0.0,263.0,43.0,146.66666666666666,30.07,105.06929591219973,0.0,1.0,0.0,0.0,,7.74,4.13,2.762700085461495,2.518995702015059,0,0,-0.24370438344643608,76.0,1.0,62271.42409,,,False,8.2,5.0
57986,50.0,0.0,185.0,51.0,106.66666666666667,25.74,104.75757480612519,0.0,0.0,0.0,1.0,,4.22,4.8,1.1899171096746644,1.213000266530137,0,0,0.023083156855472575,85.0,2.0,90003.659124,186473.898,120.0,False,6.8,7.2
57988,40.0,1.0,201.0,56.0,125.33333333333333,39.55,112.05430679879757,0.0,0.0,0.0,0.0,2.0,7.26,3.98,0.5596721460507763,0.5116272538390892,0,0,-0.04804489221168706,87.0,1.0,20781.988696,,,False,9.0,3.3
57993,30.0,0.0,155.0,50.0,115.33333333333333,23.25,88.72853407356106,0.0,0.0,0.0,0.0,,1.83,2.5,0.22097156916975988,0.23160606384151025,0,0,0.010634494671750372,79.0,2.0,79303.669349,240031.481,91.0,False,1.1,4.1
57997,37.0,1.0,178.0,64.0,90.66666666666667,22.77,116.22193042949988,0.0,0.0,0.0,0.0,2.0,9.2,5.58,0.2418968437513877,0.2244433316130508,0,0,-0.017453512138336902,86.0,3.0,16974.922049,34247.696,103.0,False,4.6,8.6
58000,60.0,1.0,197.0,55.0,130.0,29.58,99.29203192232717,0.0,0.0,1.0,1.0,,12.86,5.6,3.455734367193361,3.0626893893626006,1,1,-0.39304497783076053,77.0,2.0,6950.891576,15493.623,125.0,False,2.7,4.2
58003,32.0,1.0,153.0,40.0,101.33333333333333,31.8,122.72411439869488,0.0,0.0,0.0,0.0,2.0,5.0,8.13,0.2116964763610077,0.2276867751637665,0,0,0.015990298802758818,87.0,1.0,74292.761076,180171.871,94.0,False,2.2,6.5
58004,78.0,0.0,176.0,65.0,147.33333333333334,22.62,60.68326881963101,0.0,0.0,0.0,1.0,,11.62,3.93,11.750820940966326,10.15658061331871,3,3,-1.5942403276476167,81.0,2.0,27132.900048,,,False,17.9,5.9
58011,46.0,1.0,139.0,50.0,109.33333333333333,19.02,93.36576203461988,0.0,1.0,0.0,0.0,,6.26,10.15,0.9680001752334285,1.040084211897242,0,0,0.07208403666381347,87.0,1.0,21396.703193,49683.901,80.0,False,10.7,20.1
58027,57.0,1.0,268.0,59.0,136.66666666666666,28.46,102.6284885488131,1.0,0.0,0.0,0.0,,5.31,6.5,5.276668738668467,5.430472274242655,2,2,0.15380353557418847,85.0,2.0,12633.150263,,,False,6.0,7.6
58028,57.0,0.0,241.0,56.0,114.0,29.85,82.79321821454194,0.0,0.0,0.0,0.0,,2.15,2.11,2.4814587473019607,2.474605439978916,0,0,-0.006853307323044788,83.0,2.0,23963.216783,53389.824,168.0,False,4.1,4.3
58032,67.0,1.0,203.0,35.0,157.33333333333334,24.56,95.73835223595192,0.0,0.0,0.0,0.0,,11.34,20.41,7.810732280884948,8.470124833272495,2,2,0.6593925523875468,83.0,2.0,25361.584944,,,False,11.0,14.9
58033,37.0,0.0,258.0,49.0,126.66666666666667,42.37,98.23277808057402,0.0,0.0,1.0,0.0,,27.58,2.95,1.6126744937272597,1.1560166917244799,0,0,-0.45665780200277983,80.0,1.0,53465.061204,151546.413,,False,17.1,4.1
58035,58.0,1.0,201.0,34.0,132.0,28.37,103.16031203721438,1.0,0.0,0.0,0.0,,22.38,20.49,7.484145029571706,7.3929488526472165,2,2,-0.09119617692448934,85.0,2.0,93732.074167,,,False,9.4,12.5
58042,38.0,1.0,208.0,39.0,122.66666666666667,35.08,115.07715265219998,0.0,0.0,0.0,0.0,2.0,7.0,5.0,0.6798287736591475,0.6465587707189356,0,0,-0.033270002940211874,81.0,2.0,52862.262186,,,False,2.1,8.8
58048,40.0,0.0,234.0,22.0,115.33333333333333,28.42,98.75903065584406,0.0,1.0,0.0,0.0,,4.13,3.14,2.3165148025463025,2.2246934190660577,0,0,-0.09182138348024482,80.0,2.0,19947.3615,43382.258,140.0,False,1.9,5.9
58053,48.0,0.0,223.0,89.0,113.33333333333333,28.67,67.76398982890707,0.0,0.0,0.0,0.0,,2.53,9.54,0.7107069749974497,0.8670635783811885,0,0,0.1563566033837388,77.0,1.0,21023.171896,44152.49,118.0,False,4.0,22.7
58058,62.0,0.0,187.0,51.0,120.0,27.35,99.31968379188227,0.0,0.0,0.0,0.0,,2.54,3.26,3.40614276869832,3.53233482935316,1,1,0.1261920606548399,79.0,2.0,71422.848504,176115.688,109.0,False,5.3,4.4
58060,45.0,0.0,247.0,42.0,108.0,25.69,91.29129011198029,0.0,0.0,0.0,0.0,,5.63,3.4,1.4226197901067075,1.3196753158362655,0,0,-0.10294447427044195,79.0,1.0,75533.702614,,,False,9.0,3.4
58067,37.0,0.0,229.0,42.0,130.0,27.44,118.25298232084404,0.0,0.0,0.0,0.0,,25.03,8.0,1.3577244261457446,1.1453573389130414,0,0,-0.21236708723270326,88.0,1.0,22592.829185,,,False,36.8,20.4
58068,32.0,0.0,183.0,37.0,126.0,31.99,121.04697973929053,0.0,0.0,0.0,0.0,,0.47,2.91,0.4122654466114883,0.5422214365660274,0,0,0.1299559899545391,76.0,2.0,79205.918379,,,False,0.8,5.1
58072,65.0,0.0,205.0,72.0,109.33333333333333,21.48,75.31856980947936,0.0,0.0,0.0,0.0,,3.25,5.2,3.467823890106575,3.7134219284611008,1,1,0.24559803835452554,87.0,2.0,60762.062662,149828.139,117.0,False,3.9,6.5
58075,41.0,1.0,182.0,73.0,94.0,24.81,115.57441982189357,0.0,0.0,0.0,0.0,2.0,7.78,2.89,0.27929019830067814,0.24080121929172502,0,0,-0.03848897900895312,85.0,1.0,67803.115123,147441.296,89.0,False,0.7,1.3
58083,45.0,0.0,210.0,33.0,118.66666666666667,33.33,104.54147450817814,0.0,0.0,0.0,0.0,,3.1,2.67,1.439596981327847,1.4079507436770453,0,0,-0.03164623765080177,81.0,1.0,17433.429974,,,False,1.3,5.8
58088,49.0,1.0,207.0,40.0,126.66666666666667,31.19,112.29507367922099,1.0,0.0,1.0,1.0,,5.37,9.08,4.4382653781937895,4.7849702839994706,1,1,0.34670490580568103,81.0,1.0,26156.510064,56653.953,100.0,False,2.9,10.9
58089,32.0,1.0,170.0,84.0,110.0,22.97,95.99763881847846,0.0,0.0,0.0,0.0,2.0,9.13,5.66,0.0873450371355528,0.08130010103345792,0,0,-0.006044936102094889,76.0,2.0,54009.255077,126701.834,64.0,False,7.3,12.8
58092,34.0,0.0,195.0,39.0,118.0,28.77,107.71514521859211,0.0,0.0,0.0,0.0,,4.71,3.76,0.572707441515905,0.5536591908070886,0,0,-0.01904825070881644,76.0,1.0,61975.358191,171017.908,121.0,False,8.0,6.7
58094,50.0,0.0,182.0,59.0,116.0,24.17,105.48741997642325,0.0,0.0,0.0,0.0,,3.74,2.45,1.1873974022284646,1.1147421743350259,0,0,-0.0726552278934387,76.0,2.0,101172.924903,212134.904,105.0,False,6.8,1.2
58106,45.0,1.0,178.0,42.0,111.33333333333333,30.21,99.99255078425227,0.0,0.0,0.0,0.0,,6.09,5.29,0.7164923225685951,0.7016086829536426,0,0,-0.014883639614952426,82.0,2.0,23566.720348,50784.861,107.0,False,4.2,1.8
58108,61.0,0.0,197.0,27.0,120.0,29.51,95.88887467635615,0.0,0.0,1.0,0.0,,6.03,11.94,6.017929548291973,6.6285437634049105,2,2,0.6106142151129372,79.0,1.0,7178.894889,,,False,13.2,24.6
58115,79.0,1.0,230.0,63.0,151.33333333333334,26.91,86.43644302725696,0.0,0.0,0.0,0.0,,11.02,4.34,11.344186307666964,10.011519925041334,3,3,-1.3326663826256304,83.0,2.0,47495.638631,103454.479,144.0,False,13.0,2.3
58118,48.0,0.0,257.0,31.0,142.0,32.08,91.73717092431419,0.0,0.0,0.0,0.0,,5.13,4.91,3.7488793081799052,3.7250690217775295,1,1,-0.023810286402375702,82.0,2.0,24527.536669,,,False,8.1,5.3
58119,78.0,0.0,176.0,67.0,139.33333333333334,22.19,75.22818043390552,0.0,1.0,1.0,0.0,,4.09,3.02,14.758664233453333,14.191743438029697,3,3,-0.5669207954236359,88.0,1.0,11940.973058,,,False,4.5,4.5
58121,35.0,0.0,169.0,45.0,104.66666666666667,20.92,116.21168573810714,0.0,1.0,0.0,0.0,,6.22,3.89,0.7738650167556069,0.7212964423740154,0,0,-0.05256857438159157,89.0,1.0,23368.36266,51328.342,97.0,False,13.8,11.2
58122,43.0,0.0,184.0,26.0,127.33333333333333,20.38,110.18125721930724,0.0,1.0,0.0,0.0,,3.43,2.73,2.4575191722751697,2.376233429968368,0,0,-0.08128574230680163,80.0,2.0,23723.440024,,,False,3.4,5.3
58125,46.0,1.0,178.0,42.0,97.0,27.93,90.60624516720716,0.0,1.0,0.0,0.0,,6.94,11.6,1.4192736574982592,1.5313138153243575,0,0,0.11204015782609833,82.0,1.0,18202.025089,41409.97,113.0,False,7.5,18.8
58127,75.0,0.0,158.0,54.0,116.0,26.89,86.74778483823152,1.0,0.0,1.0,0.0,,9.14,5.67,14.142681224993492,13.289609644710408,3,3,-0.8530715802830837,80.0,1.0,9054.477513,,,False,5.3,1.7
58132,33.0,1.0,163.0,56.0,109.33333333333333,32.54,115.06499845094459,0.0,0.0,0.0,0.0,2.0,41.58,7.73,0.22265981928963344,0.17304660027376026,0,0,-0.04961321901587318,85.0,1.0,17353.617927,40226.737,94.0,False,31.6,17.0
58134,41.0,1.0,146.0,45.0,126.0,44.73,81.28221368320538,0.0,0.0,0.0,0.0,2.0,18.16,16.03,0.739005861267403,0.7253932259827184,0,0,-0.013612635284684593,82.0,1.0,18406.786809,,,False,20.7,21.0
58135,70.0,1.0,211.0,49.0,141.33333333333334,36.35,89.89115855895703,1.0,0.0,1.0,1.0,,159.67,25.51,16.843326387586654,13.32988128523955,3,3,-3.513445102347104,75.0,1.0,52908.792884,127838.152,96.0,False,97.4,12.5
58141,72.0,1.0,156.0,35.0,121.33333333333333,36.23,92.1514784180481,0.0,0.0,1.0,0.0,,16.58,16.53,9.43522551565341,9.431351901653901,2,2,-0.003873613999509473,87.0,1.0,47729.011075,,,False,12.1,11.9
58152,75.0,0.0,239.0,68.0,130.66666666666666,25.1,65.01008776226762,0.0,0.0,1.0,0.0,,31.3,18.67,15.53079966987328,14.534503875510644,3,3,-0.996295794362636,81.0,1.0,36205.396154,83605.501,160.0,False,84.5,14.0
58162,32.0,1.0,315.0,36.0,125.33333333333333,45.47,103.42862205919808,1.0,0.0,0.0,0.0,2.0,4.12,11.68,3.5525118060886904,4.129217863520578,1,1,0.5767060574318879,86.0,1.0,18807.106364,45610.252,221.0,False,7.0,32.0
58164,40.0,1.0,187.0,73.0,102.66666666666667,26.49,115.83310301534061,0.0,0.0,0.0,0.0,2.0,8.33,7.45,0.25559191755644234,0.2513543214358729,0,0,-0.0042375961205694535,85.0,2.0,75455.84218,,,False,7.5,7.3
58165,72.0,1.0,184.0,40.0,131.33333333333334,35.92,66.15589748933027,0.0,0.0,0.0,1.0,,2.7,1.14,6.401241070508517,5.668109386248554,2,2,-0.7331316842599627,76.0,2.0,23863.137941,55202.325,112.0,False,3.1,0.4
58167,62.0,0.0,261.0,57.0,149.33333333333334,27.12,83.09916864950496,0.0,0.0,0.0,0.0,,1.76,2.46,5.561891463193866,5.833529166784547,2,2,0.27163770359068096,76.0,2.0,58644.199424,,,False,1.8,2.8
58168,36.0,0.0,203.0,48.0,110.0,26.15,56.91137825174099,0.0,0.0,0.0,0.0,,4.89,3.24,0.5557978271659818,0.5224776178793598,0,0,-0.03332020928662205,84.0,2.0,25867.069216,,,False,20.9,6.7
58170,76.0,1.0,162.0,51.0,143.33333333333334,31.87,74.08551516593587,0.0,0.0,0.0,1.0,,8.31,17.09,8.900752649568703,9.81836785847091,2,2,0.9176152089022072,80.0,2.0,25631.474879,,,False,5.4,17.6
58171,43.0,0.0,222.0,75.0,118.66666666666667,26.43,101.85156416378037,0.0,0.0,0.0,0.0,,2.5,5.93,0.6284740655215807,0.715405580980749,0,0,0.08693151545916833,76.0,1.0,79718.736557,160792.298,134.0,False,1.7,3.2
58172,32.0,0.0,168.0,38.0,138.66666666666666,26.77,107.70147054890822,0.0,0.0,0.0,0.0,,10.63,5.15,0.8295892044928713,0.744236193310983,0,0,-0.08535301118188832,78.0,1.0,24590.022505,69113.119,115.0,False,18.6,15.8
58173,47.0,0.0,198.0,55.0,132.0,27.52,98.1084736956462,0.0,0.0,0.0,0.0,,3.27,3.22,1.431093422150739,1.42781489303949,0,0,-0.003278529111248929,75.0,1.0,29520.027261,,,False,3.6,2.9
58175,78.0,1.0,151.0,43.0,144.0,23.78,82.76178504634444,1.0,0.0,1.0,1.0,,44.76,21.55,18.163199534467715,16.588738098288243,3,3,-1.5744614361794724,76.0,1.0,38675.440785,,,False,28.2,22.2
58176,73.0,0.0,185.0,27.0,163.33333333333334,25.56,60.80142892907463,0.0,0.0,1.0,0.0,,79.88,73.11,21.15909717877287,20.936864606126296,3,3,-0.22223257264657548,82.0,2.0,12151.431033,,,False,194.1,54.1
58183,48.0,0.0,317.0,61.0,128.66666666666666,29.4,95.11734087599032,0.0,0.0,0.0,0.0,,4.17,4.1,2.353983184044314,2.34811424185655,0,0,-0.005868942187763793,75.0,1.0,23880.427736,,,False,6.3,7.5
58185,69.0,0.0,143.0,38.0,129.33333333333334,21.87,69.61839558246693,0.0,0.0,1.0,0.0,,17.91,4.52,9.764597533728907,8.079660505857245,2,2,-1.684937027871662,85.0,1.0,54028.132863,,,False,7.7,4.7
58187,72.0,1.0,229.0,43.0,142.0,30.12,72.74635666092712,0.0,0.0,1.0,0.0,,3.14,1.49,8.661283365531549,7.815957425941991,2,2,-0.845325939589558,80.0,2.0,44483.204428,,,False,1.1,1.3
58190,40.0,1.0,234.0,54.0,109.33333333333333,23.31,103.15082010850207,0.0,0.0,0.0,0.0,2.0,10.56,4.97,0.5133487144852689,0.45868556668634675,0,0,-0.05466314779892212,80.0,1.0,52207.814643,,,False,17.1,7.6
58192,75.0,1.0,212.0,46.0,142.0,24.13,96.82892480130226,0.0,0.0,0.0,0.0,,8.89,5.59,9.098781207786258,8.538899896809463,2,2,-0.5598813109767953,86.0,2.0,36940.207383,,,False,2.4,1.9
58195,50.0,0.0,272.0,28.0,127.0,44.42,89.53828465816017,0.0,0.0,0.0,0.0,,12.36,2.83,4.1103358106182855,3.3172248035310834,1,1,-0.7931110070872021,76.0,1.0,72625.916577,159802.57,206.0,False,29.3,4.7
58202,39.0,0.0,214.0,46.0,129.33333333333334,31.84,83.02380843010697,0.0,0.0,0.0,0.0,,7.37,5.75,1.1304793023605852,1.08934323105714,0,0,-0.04113607130344521,77.0,2.0,32781.284729,,,False,10.1,12.3
58206,63.0,1.0,236.0,45.0,167.33333333333334,32.38,44.957386604995506,1.0,0.0,1.0,1.0,,7351.35,3227.91,37.512140497526396,34.663463439350075,3,3,-2.848677058176321,86.0,2.0,6351.961557,,,False,5440.0,1388.0
58207,68.0,0.0,237.0,57.0,128.0,25.45,90.60777101764879,1.0,1.0,0.0,0.0,,5.71,1.3,12.757524093151686,10.470194689121351,3,3,-2.2873294040303342,80.0,2.0,23171.774599,,,False,2.4,1.4
58214,50.0,0.0,229.0,70.0,120.66666666666667,29.34,80.0326779581384,0.0,0.0,0.0,0.0,,2.6,2.59,1.3050984831866175,1.3043491481101521,0,0,-0.0007493350764653517,76.0,1.0,95390.188569,,,False,1.3,0.7
58215,54.0,1.0,288.0,62.0,126.0,24.15,103.06719191592134,0.0,0.0,0.0,0.0,,5.11,5.3,1.8301074545276939,1.8399799383782034,0,0,0.00987248385050954,77.0,1.0,96228.548493,218921.868,200.0,False,6.9,6.2
58219,46.0,0.0,176.0,56.0,110.66666666666667,25.12,73.32412224978913,0.0,0.0,0.0,0.0,,3.35,2.56,0.8079060463196247,0.7760007547088932,0,0,-0.03190529161073152,86.0,2.0,72806.577513,,,False,6.5,5.8
58221,68.0,0.0,215.0,83.0,172.0,20.69,58.75192788487624,0.0,0.0,1.0,0.0,,2.25,3.55,7.504205442588902,7.9963899250384705,2,2,0.49218448244956825,83.0,2.0,12080.674109,30944.364,118.0,False,3.9,2.2
58225,41.0,0.0,269.0,50.0,135.33333333333334,34.04,111.56031676866206,0.0,0.0,1.0,0.0,,10.94,4.06,2.2184674830293876,1.9159634986018401,0,0,-0.30250398442754745,85.0,2.0,83700.795178,,,False,25.7,5.4
58227,71.0,1.0,134.0,51.0,133.33333333333334,30.08,93.38603106700617,0.0,0.0,1.0,1.0,,14.67,8.93,6.937557563935281,6.471613346138046,2,2,-0.4659442177972348,81.0,1.0,11967.214768,0.0,45.0,False,17.6,2.5
58228,36.0,0.0,164.0,35.0,114.0,37.56,97.68387435408253,0.0,0.0,1.0,0.0,,4.74,3.94,0.6892442543325946,0.6703974890402791,0,0,-0.018846765292315548,83.0,1.0,33904.285463,90512.174,111.0,False,4.5,8.6
58229,39.0,0.0,197.0,33.0,121.33333333333333,30.19,100.59323358832692,0.0,0.0,0.0,0.0,,3.06,3.33,0.9443994119755872,0.9564194875447435,0,0,0.012020075569156297,81.0,1.0,24660.400133,,,False,6.3,4.1
58230,60.0,0.0,231.0,55.0,152.66666666666666,33.81,103.7292284191516,0.0,0.0,1.0,1.0,,6.74,2.11,6.588211970811263,5.587659910933789,2,2,-1.0005520598774735,84.0,2.0,7673.435685,19655.326,162.0,False,6.2,3.5
58234,53.0,0.0,146.0,68.0,126.0,21.55,102.12567548593653,1.0,0.0,0.0,1.0,,4.92,5.44,2.1788366712666734,2.2114089526912433,0,0,0.032572281424569915,78.0,2.0,101689.877671,,,False,6.1,5.6
58236,50.0,1.0,181.0,46.0,100.0,33.67,98.50495154282892,0.0,0.0,1.0,0.0,,4.65,2.97,1.2557721652265277,1.1749997881171663,0,0,-0.08077237710936136,81.0,2.0,106104.605651,245040.562,119.0,False,6.0,3.8
58237,42.0,1.0,261.0,39.0,181.33333333333334,40.35,111.053572721151,1.0,0.0,1.0,1.0,2.0,282.14,34.78,22.803483402868846,17.745298740617816,3,3,-5.05818466225103,83.0,2.0,35459.954056,,,False,158.0,32.0
58238,47.0,1.0,168.0,67.0,141.33333333333334,38.09,79.35022029994394,0.0,0.0,0.0,0.0,,19.57,30.85,1.1796849759860901,1.2620530602928195,0,0,0.08236808430672937,83.0,2.0,37739.463274,,,False,27.4,65.7
58243,48.0,0.0,213.0,73.0,135.33333333333334,22.24,107.56943152399941,0.0,1.0,0.0,0.0,,3.1,6.72,2.027353370717203,2.2728943403272432,0,0,0.24554096961004035,75.0,2.0,27580.526805,,,False,0.9,4.5
58251,37.0,0.0,202.0,62.0,112.66666666666667,26.73,120.67516115392809,0.0,0.0,0.0,0.0,,5.52,5.24,0.4273649163658703,0.42403280656765524,0,0,-0.003332109798215077,87.0,1.0,33958.460784,,,False,3.7,7.7
58257,38.0,0.0,187.0,80.0,129.33333333333334,20.19,121.47834552002392,0.0,0.0,0.0,0.0,,10.43,9.61,0.49283482897499997,0.48680803334385087,0,0,-0.006026795631149107,84.0,1.0,19492.691872,52038.434,91.0,False,7.2,9.9
58259,52.0,1.0,181.0,51.0,106.0,31.01,94.22318911704791,0.0,1.0,0.0,1.0,,4.85,5.44,1.5942456808131638,1.6215096954676187,0,0,0.027264014654454938,75.0,2.0,22498.50756,,,False,4.7,4.9
58260,46.0,1.0,148.0,60.0,128.0,35.01,102.64852745962281,0.0,0.0,0.0,0.0,,5.54,3.76,0.6758658776389,0.6379074722678192,0,0,-0.03795840537108086,78.0,1.0,26935.675201,,,False,9.3,4.7
58261,34.0,0.0,276.0,50.0,118.66666666666667,32.76,111.94371226087188,0.0,0.0,0.0,0.0,,3.33,3.58,0.6992240331552065,0.7068552011833251,0,0,0.0076311680281185845,79.0,2.0,66657.309609,,,False,0.8,2.9
58263,35.0,0.0,207.0,30.0,113.33333333333333,29.49,105.71061766200616,0.0,1.0,0.0,0.0,,11.3,8.41,1.4230242360231558,1.361790810737203,0,0,-0.06123342528595277,83.0,2.0,15574.203466,,,False,5.2,5.3
58267,32.0,0.0,185.0,34.0,119.33333333333333,31.34,88.56313482239625,0.0,0.0,0.0,0.0,,4.11,2.96,0.5346956747279098,0.5089708048384483,0,0,-0.025724869889461544,86.0,3.0,51042.814293,151872.457,86.0,False,6.0,4.2
58269,60.0,0.0,195.0,44.0,160.66666666666666,30.28,56.093902503857606,1.0,0.0,1.0,1.0,,11.0,5.66,12.994422649114782,11.901490032063048,3,3,-1.0929326170517335,82.0,2.0,8809.825372,,,False,3.3,9.0
58272,41.0,0.0,181.0,44.0,124.0,27.92,95.8191680907782,0.0,0.0,0.0,0.0,,31.49,3.9,1.2394441312166669,0.9072052791880237,0,0,-0.3322388520286431,80.0,1.0,16843.854657,37527.952,123.0,False,23.3,10.6
58274,47.0,1.0,189.0,59.0,130.66666666666666,31.51,77.28474091086058,0.0,0.0,0.0,0.0,,2.65,2.19,0.8919754465376069,0.8670255116512934,0,0,-0.024949934886313474,77.0,2.0,20763.896331,45152.141,116.0,False,2.7,2.5
58280,77.0,1.0,179.0,52.0,120.66666666666667,19.38,89.32998667260341,0.0,1.0,0.0,0.0,,5.58,4.13,10.851325688357784,10.421993028006973,3,3,-0.42933266035081097,75.0,2.0,14719.459819,29108.404,104.0,False,2.4,4.3
58282,35.0,0.0,231.0,27.0,124.0,32.43,107.04731131823684,0.0,0.0,0.0,1.0,,5.98,4.07,1.254376506759539,1.1844076145674036,0,0,-0.06996889219213531,81.0,2.0,14859.616641,44731.911,,False,5.2,10.3
58284,72.0,1.0,207.0,75.0,104.0,25.19,72.74635666092712,0.0,0.0,0.0,0.0,,8.61,2.28,5.040776962753031,4.167197124805478,2,1,-0.8735798379475535,80.0,2.0,49310.93014,107408.527,111.0,False,14.2,3.1
58285,32.0,1.0,212.0,51.0,120.0,22.87,120.7992308922857,0.0,0.0,0.0,0.0,2.0,5.73,3.79,0.3036652577494758,0.2854468820703648,0,0,-0.018218375679111,89.0,2.0,14823.350914,,,False,5.5,6.6
58287,33.0,1.0,149.0,61.0,113.33333333333333,17.48,117.04034853339776,0.0,0.0,0.0,0.0,2.0,14.47,12.58,0.16821507842578573,0.16472310942635957,0,0,-0.003491968999426165,84.0,1.0,26477.964406,63180.494,73.0,False,31.7,28.8
58288,79.0,1.0,242.0,56.0,137.33333333333334,38.09,65.90811598187526,0.0,0.0,0.0,0.0,,12.16,1.94,11.669232716166144,9.114981856986535,3,2,-2.554250859179609,86.0,3.0,28866.428142,65781.585,164.0,False,9.0,1.4
58290,53.0,0.0,243.0,49.0,112.0,26.63,104.27587326191404,0.0,0.0,0.0,0.0,,10.93,4.68,2.472835683278431,2.1820318714665206,0,0,-0.2908038118119105,77.0,1.0,87610.035587,,,False,8.2,2.9
58291,43.0,0.0,215.0,53.0,144.0,42.97,95.77144262118296,1.0,0.0,1.0,0.0,,3.62,3.99,4.431012798976458,4.493662324330907,1,1,0.06264952535444834,87.0,2.0,24510.801633,57310.283,145.0,False,8.4,5.7
58292,49.0,0.0,177.0,76.0,109.33333333333333,23.17,86.03257969536385,0.0,0.0,0.0,0.0,,7.32,5.0,0.8419162175313827,0.7951984618991643,0,0,-0.04671775563221836,85.0,2.0,20708.126413,,,False,5.2,6.6
58294,39.0,1.0,182.0,44.0,118.66666666666667,26.95,82.29956469009588,0.0,0.0,1.0,0.0,2.0,3.82,3.27,0.6500336520488865,0.6351340685556215,0,0,-0.014899583493265034,76.0,1.0,61676.117922,,,False,2.1,7.2
58304,60.0,1.0,266.0,65.0,134.0,37.77,103.9707528939343,0.0,1.0,0.0,0.0,,9.43,18.43,4.548629511227193,5.005903524065019,1,2,0.45727401283782587,79.0,1.0,18698.164623,47875.991,152.0,False,9.9,28.2
58306,49.0,0.0,201.0,55.0,110.66666666666667,21.86,90.09688534731352,0.0,1.0,0.0,0.0,,5.11,3.67,1.9090511361167262,1.8176654439080893,0,0,-0.0913856922086369,81.0,1.0,20727.40116,,,False,14.3,9.1
58307,47.0,1.0,240.0,38.0,124.66666666666667,28.72,115.78857665271583,1.0,0.0,1.0,0.0,,6.41,4.08,4.731646978743537,4.43514990672719,1,1,-0.2964970720163471,88.0,1.0,16785.174371,39572.345,,False,2.5,3.1
58310,32.0,1.0,172.0,59.0,111.33333333333333,17.59,123.23075099836379,0.0,0.0,0.0,0.0,2.0,8.24,2.22,0.15898416129158116,0.13060861360456083,0,0,-0.02837554768702033,86.0,3.0,49169.502888,119643.581,88.0,False,1.4,1.2
58314,31.0,1.0,161.0,41.0,98.0,32.79,126.15351424229122,0.0,0.0,0.0,0.0,2.0,5.09,2.81,0.20093372415677094,0.18382059981403426,0,0,-0.01711312434273668,85.0,1.0,19933.667798,40525.273,105.0,False,2.7,0.9
58315,37.0,1.0,205.0,29.0,113.33333333333333,31.91,100.26184700151661,0.0,1.0,0.0,0.0,2.0,2.84,3.5,1.0433759275256944,1.0762667889244366,0,0,0.0328908613987422,86.0,1.0,61051.755394,,,False,5.8,7.5
58316,73.0,0.0,164.0,35.0,110.0,36.45,68.6296318838255,1.0,0.0,1.0,1.0,,179.66,19.26,19.665082357591007,14.873408898323689,3,3,-4.791673459267319,82.0,1.0,11966.819162,,,False,106.0,10.4
58319,42.0,0.0,260.0,42.0,124.0,25.43,85.95394511245107,0.0,0.0,0.0,0.0,,4.23,2.93,1.5347489743584573,1.4531668531480875,0,0,-0.08158212121036978,77.0,2.0,92556.868952,190328.612,,False,8.3,4.4
58321,61.0,1.0,155.0,32.0,125.33333333333333,31.22,112.53291365864405,1.0,0.0,0.0,1.0,,278.85,257.27,9.15139847860395,9.051362047502241,2,2,-0.10003643110170835,75.0,2.0,6024.136659,13048.039,94.0,False,290.0,113.2
58322,47.0,0.0,254.0,34.0,120.0,34.33,96.89601532550854,1.0,0.0,0.0,0.0,,6.76,4.95,5.100445604466266,4.877418497208472,2,1,-0.22302710725779384,83.0,1.0,96465.970305,209797.754,148.0,False,9.6,4.5
58323,40.0,0.0,224.0,39.0,116.66666666666667,34.26,113.8826318428415,0.0,0.0,0.0,0.0,,3.27,2.97,0.9400144818359449,0.9265794198710483,0,0,-0.013435061964896633,75.0,1.0,17222.002528,37967.275,134.0,False,3.5,6.2
58325,68.0,1.0,160.0,36.0,124.0,42.08,71.5383274411581,0.0,0.0,1.0,1.0,,3.0,4.26,5.595511535694082,5.880172412127311,2,2,0.2846608764332288,81.0,1.0,6592.294836,,,False,1.5,2.6
58326,72.0,1.0,153.0,63.0,109.33333333333333,32.83,94.19413571969443,0.0,0.0,1.0,1.0,,13.41,7.5,5.953815808888013,5.483716706455262,2,2,-0.47009910243275144,85.0,2.0,39280.737137,,,False,5.5,1.8
58327,54.0,0.0,228.0,46.0,111.33333333333333,23.33,88.37700857622673,0.0,1.0,0.0,0.0,,3.71,3.44,3.2937767866744205,3.2576251637921234,1,1,-0.03615162288229712,80.0,1.0,72579.314382,,,False,1.3,1.1
58328,50.0,0.0,170.0,35.0,116.66666666666667,36.78,110.83979119133289,0.0,1.0,0.0,0.0,,8.24,4.95,2.807473269051548,2.6049442207425453,0,0,-0.20252904830900276,82.0,2.0,15686.03941,32696.992,94.0,False,7.5,9.7
58329,63.0,1.0,219.0,91.0,114.0,25.1,85.29223669906257,0.0,0.0,0.0,1.0,,3.97,4.03,1.6133963240955436,1.6169747595708872,0,0,0.0035784354753436443,82.0,2.0,6086.158846,13286.558,108.0,False,4.8,5.2
58331,45.0,1.0,211.0,77.0,132.66666666666666,25.61,96.88405178364057,0.0,0.0,0.0,0.0,,4.52,3.77,0.635426265084316,0.6184579369467353,0,0,-0.016968328137580646,88.0,2.0,17828.403033,38419.133,119.0,False,2.8,6.9
58332,42.0,1.0,215.0,47.0,102.66666666666667,21.79,111.44498183561716,0.0,0.0,0.0,0.0,2.0,16.11,3.33,0.6770880506031646,0.5351607731669583,0,0,-0.14192727743620626,80.0,2.0,15280.853623,,,False,2.9,2.1
58334,42.0,0.0,231.0,53.0,130.0,29.46,102.48698346124004,0.0,1.0,0.0,0.0,,21.9,23.27,2.5852354353653313,2.608411751022319,0,0,0.023176315656987523,80.0,1.0,16031.994042,35740.442,129.0,False,44.9,37.0
58335,68.0,1.0,179.0,50.0,134.66666666666666,21.43,95.4902169214041,0.0,0.0,1.0,0.0,,17.29,14.89,7.055701823238175,6.909992696269657,2,2,-0.14570912696851845,75.0,2.0,25703.907887,59460.557,102.0,False,23.0,14.0
58339,41.0,1.0,162.0,81.0,106.66666666666667,26.72,96.31472393084532,0.0,0.0,0.0,0.0,2.0,4.5,5.65,0.19728325478450542,0.2041257842300278,0,0,0.006842529445522383,79.0,2.0,20004.003655,,,False,10.0,16.0
58343,50.0,0.0,222.0,39.0,113.33333333333333,34.01,96.29494657209744,1.0,0.0,1.0,0.0,,6.61,3.66,5.192011463721225,4.769785218571768,2,1,-0.4222262451494565,77.0,1.0,89543.78448,185521.108,136.0,False,14.6,4.9
58344,32.0,0.0,189.0,30.0,118.0,32.82,98.97885901986604,0.0,0.0,0.0,0.0,,2.1,2.3,0.5130868299647623,0.520147031239824,0,0,0.007060201275061684,76.0,2.0,57949.119795,166231.138,134.0,False,4.5,3.1
58347,51.0,0.0,170.0,51.0,146.66666666666666,21.87,105.96357722471642,0.0,0.0,0.0,1.0,,4.87,7.57,2.0972959937885434,2.2385191546309677,0,0,0.14122316084242437,86.0,2.0,80353.75661,,,False,3.8,12.8
58348,62.0,1.0,227.0,76.0,125.33333333333333,31.21,94.476770327692,0.0,0.0,1.0,1.0,,5.97,10.2,2.833475693973539,3.063462121414447,0,1,0.2299864274409078,83.0,1.0,76199.355886,,,False,4.6,5.0
58350,59.0,1.0,240.0,43.0,136.0,35.73,86.11415561698738,0.0,0.0,0.0,0.0,,70.28,17.26,5.144684962801919,4.2080721070627005,2,1,-0.9366128557392184,82.0,1.0,95337.536404,207316.285,155.0,False,99.8,14.5
58351,36.0,1.0,228.0,61.0,115.33333333333333,23.25,117.83115611991063,0.0,0.0,0.0,0.0,2.0,6.76,5.34,0.32049762441989454,0.30938549454596287,0,0,-0.011112129873931675,79.0,2.0,108341.785183,,,False,7.1,6.3
58352,46.0,0.0,207.0,35.0,121.33333333333333,30.31,74.04593300160977,0.0,1.0,0.0,0.0,,3.93,3.7,2.634943011502086,2.611680053859008,0,0,-0.023262957643078064,82.0,1.0,24485.910944,57252.085,143.0,False,3.3,3.4
58355,61.0,1.0,273.0,69.0,114.66666666666667,25.81,99.37839857417701,0.0,0.0,0.0,0.0,,9.92,11.63,2.4010395416537276,2.457627439142038,0,0,0.05658789748831028,86.0,3.0,51293.622038,119304.895,182.0,False,11.9,5.0
58359,49.0,0.0,189.0,34.0,94.0,35.47,109.74885836492489,0.0,1.0,0.0,1.0,,4.94,4.31,2.8723808533081265,2.815459796875513,0,0,-0.05692105643261369,75.0,2.0,105778.527027,232749.978,122.0,False,3.9,9.1
58372,57.0,0.0,206.0,58.0,106.0,23.96,89.93953382933316,0.0,0.0,0.0,0.0,,7.87,3.38,2.5274606165187805,2.2313781068095,0,0,-0.2960825097092803,84.0,2.0,18719.899451,,,False,7.4,6.8
58377,38.0,1.0,202.0,73.0,108.0,21.95,116.82419548614985,0.0,0.0,0.0,0.0,2.0,11.67,6.78,0.23722003399687927,0.2186891065497488,0,0,-0.018530927447130474,76.0,1.0,57761.756191,,,False,2.1,6.1
58378,49.0,1.0,243.0,46.0,116.0,26.59,86.36612254006826,0.0,1.0,0.0,0.0,,11.25,47.35,2.4180975515932093,2.9830013627333125,0,0,0.5649038111401032,83.0,1.0,88626.466787,0.0,155.0,False,2.7,125.0
58380,73.0,0.0,199.0,58.0,184.0,25.15,57.47516766005108,0.0,0.0,1.0,0.0,,5.29,3.11,13.621313651969917,12.704755517564525,3,3,-0.9165581344053919,75.0,1.0,12637.696457,,,False,8.1,3.7
58384,36.0,0.0,177.0,39.0,133.33333333333334,33.1,94.34435583981103,0.0,0.0,0.0,0.0,,3.32,3.76,0.8309628503108056,0.8465937509694019,0,0,0.015630900658596292,82.0,1.0,68012.325768,,,False,6.3,5.9
58385,30.0,0.0,175.0,55.0,135.33333333333334,35.18,68.17154155135677,1.0,0.0,1.0,0.0,,567.5,908.45,3.419970835831462,3.6625723912707824,1,1,0.24260155543932038,79.0,1.0,18764.720918,43327.615,103.0,False,681.0,645.0
58388,76.0,1.0,272.0,92.0,138.66666666666666,39.16,59.094586008022226,0.0,0.0,1.0,0.0,,5.43,11.19,8.596257641320065,9.48838930580741,2,2,0.8921316644873443,84.0,1.0,13632.860954,,,False,12.7,6.6
58390,57.0,0.0,178.0,47.0,111.33333333333333,33.49,56.20569474226359,0.0,0.0,0.0,0.0,,17.4,4.75,3.0925657582773325,2.556056110511782,1,0,-0.5365096477655507,78.0,2.0,23716.595191,,,False,56.9,11.6
58394,48.0,0.0,239.0,44.0,112.0,26.51,102.60903389000578,1.0,0.0,0.0,0.0,,16.6,8.0,4.212450563726112,3.7894518734622396,1,1,-0.42299869026387205,84.0,2.0,22314.411887,,,False,7.8,1.6
58397,66.0,0.0,184.0,44.0,129.33333333333334,26.6,75.68404724654566,0.0,0.0,1.0,0.0,,9.63,10.12,7.828870044438083,7.883121673803558,2,2,0.05425162936547512,79.0,2.0,73052.830524,,,False,7.7,8.7
58398,65.0,0.0,221.0,96.0,137.33333333333334,27.02,93.5328551241116,0.0,0.0,1.0,0.0,,4.68,5.06,4.53197316870211,4.583253101755697,1,1,0.05127993305358736,77.0,1.0,54784.845182,,,False,3.6,9.0
58405,61.0,0.0,131.0,41.0,102.0,33.98,103.94263094895351,1.0,1.0,0.0,0.0,,189.27,70.21,11.854629032789402,10.376997228406694,3,3,-1.4776318043827086,84.0,1.0,5649.592847,13044.872,72.0,False,155.2,33.7
58407,45.0,0.0,251.0,42.0,132.66666666666666,31.35,100.59251994227594,0.0,0.0,0.0,0.0,,5.28,5.45,2.1560115623494096,2.1661295312402418,0,0,0.010117968890832163,80.0,2.0,22608.618809,50018.567,180.0,False,11.2,12.8
58408,51.0,1.0,134.0,44.0,110.0,32.49,115.18886887893349,0.0,0.0,1.0,1.0,,5.41,2.26,0.978879000295198,0.8596902192575853,0,0,-0.11918878103761277,75.0,1.0,18999.168205,,,False,6.6,2.4
58411,79.0,0.0,162.0,51.0,122.66666666666667,23.89,73.03982919190797,0.0,0.0,0.0,1.0,,4.18,2.86,10.39416610384325,9.872418015924557,3,2,-0.5217480879186933,76.0,2.0,34738.18151,,,False,4.6,2.2
58413,74.0,0.0,151.0,47.0,156.0,27.66,77.12311953040673,0.0,0.0,1.0,1.0,,88.24,18.18,14.897645403593213,12.119059795093907,3,3,-2.7785856084993057,81.0,1.0,12635.930248,33697.896,78.0,False,30.0,6.0
58415,46.0,0.0,231.0,30.0,114.0,35.43,99.96884631863384,0.0,0.0,0.0,0.0,,5.18,3.33,1.7731606257645318,1.6606162224099603,0,0,-0.1125444033545715,80.0,2.0,22608.618809,,,False,13.1,1.9
58416,49.0,1.0,233.0,62.0,133.33333333333334,30.65,107.46771727945188,0.0,0.0,0.0,0.0,,20.53,19.77,1.524419907833197,1.515942267907744,0,0,-0.00847763992545314,87.0,1.0,16662.798511,36182.471,143.0,False,11.7,8.5
58417,45.0,1.0,187.0,57.0,92.0,20.27,109.38493044832033,0.0,0.0,0.0,1.0,,7.99,4.21,0.5426452851792268,0.49312684114033806,0,0,-0.049518444038888776,78.0,2.0,88087.54939,191550.823,117.0,False,12.3,5.6
58418,62.0,0.0,212.0,42.0,133.33333333333334,33.0,50.29430918508156,0.0,0.0,0.0,0.0,,5.16,2.67,6.153669464203876,5.603553485418071,2,2,-0.5501159787858052,88.0,2.0,5734.821408,,,False,11.1,6.0
58419,75.0,1.0,164.0,96.0,116.0,40.74,63.27869459127227,1.0,0.0,1.0,1.0,,10.85,9.52,8.331158222801308,8.182452564227617,2,2,-0.14870565857369122,76.0,2.0,38913.512966,,,False,8.9,6.0
58421,49.0,1.0,176.0,54.0,172.0,41.43,85.13379428914527,0.0,0.0,1.0,0.0,,6.4,5.66,3.054371238504018,3.0002214174471695,1,1,-0.05414982105684851,81.0,2.0,35241.053632,,,False,15.1,19.4
58430,68.0,0.0,211.0,48.0,129.33333333333334,30.37,70.79730196937929,0.0,0.0,1.0,1.0,,18.0,11.04,10.020562594628878,9.374338929304583,3,2,-0.6462236653242943,81.0,2.0,10283.689262,,,False,13.5,13.8
58433,55.0,0.0,141.0,60.0,116.66666666666667,26.29,105.31775544273104,0.0,0.0,0.0,0.0,,4.47,3.92,1.5285321024522336,1.4989745114042123,0,0,-0.029557591048021248,85.0,1.0,81016.09058,0.0,64.0,False,7.1,8.5
58435,69.0,1.0,188.0,55.0,113.33333333333333,24.49,101.46498365429962,0.0,0.0,0.0,0.0,,8.85,3.0,4.379369357935979,3.7474989105400263,1,1,-0.6318704473959529,82.0,1.0,22598.518481,48855.457,115.0,False,2.3,1.2
58436,63.0,0.0,172.0,39.0,126.0,,101.39991769559944,0.0,0.0,0.0,0.0,,8.18,5.78,5.034303876739325,4.789411721369872,2,1,-0.2448921553694534,86.0,2.0,56750.654207,137103.372,116.0,False,14.8,10.0
58440,74.0,1.0,156.0,41.0,129.33333333333334,23.38,50.515670477053575,0.0,0.0,1.0,1.0,,13.93,9.09,11.00648343544711,10.394299124035213,3,3,-0.6121843114118981,82.0,1.0,41432.419968,90247.642,71.0,False,3.9,7.0
58444,54.0,1.0,185.0,44.0,115.33333333333333,46.11,54.33450830990054,1.0,0.0,1.0,0.0,,1.42,2.43,4.4084405701723455,4.7610853362849035,1,1,0.352644766112558,83.0,2.0,29615.973733,79061.109,128.0,False,1.9,5.2
58447,61.0,1.0,218.0,45.0,116.66666666666667,27.5,98.67642132440872,0.0,1.0,0.0,0.0,,5.27,5.8,4.142887156050061,4.200395158656515,1,1,0.057508002606454056,82.0,2.0,8066.115416,17608.957,122.0,False,5.9,4.0
58449,54.0,0.0,213.0,35.0,135.33333333333334,27.77,109.9721578941105,0.0,0.0,1.0,1.0,,5.54,3.77,4.456744085781685,4.21568736240641,1,1,-0.24105672337527562,88.0,1.0,10247.317308,,,False,5.1,5.7
58450,43.0,1.0,166.0,37.0,113.33333333333333,28.98,98.09667977649853,0.0,0.0,0.0,0.0,2.0,6.61,4.89,0.6850541485659241,0.6549478381771999,0,0,-0.030106310388724133,76.0,1.0,18598.939847,,,False,3.9,6.6
58452,34.0,1.0,182.0,52.0,120.0,47.94,96.200122257178,0.0,0.0,0.0,0.0,2.0,5.07,3.05,0.3018147078262424,0.27970717906639314,0,0,-0.022107528759849282,79.0,1.0,59497.522458,,,False,3.6,2.9
58454,68.0,1.0,166.0,64.0,149.33333333333334,27.84,53.56194775565213,1.0,0.0,1.0,1.0,,451.56,198.81,16.675962656536814,15.034185050850951,3,3,-1.6417776056858635,86.0,1.0,6466.48719,14931.076,74.0,False,722.5,133.2
58456,38.0,0.0,193.0,39.0,105.33333333333333,27.28,92.12426352112466,0.0,1.0,0.0,0.0,,5.0,2.86,1.19113936560166,1.0958378177275039,0,0,-0.09530154787415612,79.0,1.0,69862.627307,211455.914,129.0,False,5.1,3.6
58458,41.0,0.0,205.0,45.0,118.66666666666667,37.72,111.56031676866206,1.0,0.0,0.0,0.0,,10.97,4.9,2.603021787190366,2.311644109945645,0,0,-0.29137767724472097,88.0,1.0,17155.534685,38222.372,138.0,False,19.2,9.4
58459,63.0,0.0,204.0,45.0,150.66666666666666,25.64,102.230997950465,0.0,0.0,0.0,0.0,,14.14,42.26,7.4154509963675785,8.63350204775362,2,2,1.2180510513860412,77.0,1.0,6250.708337,,,False,4.1,13.1
58460,76.0,1.0,199.0,47.0,150.66666666666666,33.6,86.5986122184451,0.0,0.0,1.0,1.0,,4.47,6.25,10.609072694936682,11.095827969492236,3,3,0.4867552745555539,82.0,1.0,16322.933104,32279.345,132.0,False,2.1,11.5
58461,50.0,0.0,254.0,60.0,116.0,32.78,70.15149982236703,0.0,1.0,0.0,0.0,,4.08,4.13,2.591754686952192,2.5964022844882186,0,0,0.004647597536026726,84.0,1.0,17217.09175,,,False,9.5,8.8
58465,49.0,0.0,252.0,52.0,121.33333333333333,36.49,66.72743470512981,0.0,0.0,0.0,0.0,,8.8,4.93,2.1724952864881777,1.9941194349518887,0,0,-0.178375851536289,79.0,1.0,19171.77998,44826.773,178.0,False,24.2,10.9
58471,40.0,0.0,238.0,48.0,116.66666666666667,24.73,102.47397251795175,0.0,0.0,0.0,0.0,,8.77,4.31,1.0078264194012083,0.9062375927807599,0,0,-0.10158882662044844,79.0,1.0,75533.702614,,,False,23.6,15.5
58473,57.0,1.0,233.0,79.0,136.66666666666666,25.28,68.1558268823069,0.0,0.0,0.0,0.0,,4.25,1.07,1.8850743843918167,1.537937442269255,0,0,-0.34713694212256163,81.0,2.0,29433.149209,62134.659,138.0,False,8.5,0.9
58474,49.0,0.0,262.0,62.0,114.66666666666667,27.8,106.145522214151,0.0,1.0,0.0,0.0,,2.9,2.85,2.190005901578993,2.1843873503590325,0,0,-0.005618551219960466,78.0,2.0,23780.455805,52250.789,165.0,False,10.6,5.7
58488,77.0,0.0,148.0,32.0,110.0,40.17,73.95401620041032,0.0,0.0,1.0,1.0,,8.96,6.81,12.940436207387483,12.480779356858205,3,3,-0.45965685052927796,75.0,1.0,15661.814696,38865.914,78.0,False,6.0,6.2
58489,30.0,1.0,157.0,62.0,108.66666666666667,25.23,123.75786412164246,0.0,0.0,0.0,0.0,2.0,4.59,3.04,0.09918158911846972,0.0932382806905115,0,0,-0.005943308427958219,89.0,1.0,13593.335914,27435.272,84.0,False,2.8,4.2
58491,70.0,0.0,230.0,86.0,115.33333333333333,26.34,92.5050162792939,0.0,0.0,0.0,0.0,,3.15,4.07,4.989077217522798,5.1757216316795125,1,2,0.1866444141567145,88.0,2.0,29665.826508,68504.326,124.0,False,2.8,2.4
58492,40.0,0.0,176.0,28.0,139.33333333333334,36.32,112.65351914476398,0.0,0.0,0.0,0.0,,10.3,3.45,1.7416904821658317,1.480447180449955,0,0,-0.2612433017158766,82.0,1.0,20828.511365,,,False,13.8,4.8
58493,75.0,0.0,139.0,45.0,129.33333333333334,30.67,58.364910359929645,1.0,1.0,1.0,1.0,,4.55,5.83,14.10936823748892,14.56912995273849,3,3,0.4597617152495683,82.0,1.0,35141.525644,,,False,4.6,8.8
58495,38.0,1.0,195.0,70.0,108.66666666666667,23.87,89.87636630517463,0.0,0.0,0.0,0.0,2.0,4.55,28.58,0.22766483452897598,0.29976900643947335,0,0,0.07210417191049737,75.0,1.0,34219.951101,65432.508,109.0,False,6.1,70.6
58497,46.0,1.0,154.0,54.0,97.33333333333333,25.44,76.76453392968925,0.0,0.0,0.0,0.0,,2.53,2.83,0.5264702788658281,0.5353537905231225,0,0,0.008883511657294396,76.0,2.0,79088.217729,,,False,1.9,3.9
58498,45.0,1.0,187.0,86.0,102.66666666666667,24.24,113.65956681568603,0.0,1.0,0.0,0.0,,5.37,6.0,0.5102654738009664,0.518789741166712,0,0,0.00852426736574552,78.0,2.0,88087.54939,,,False,5.1,1.2
58505,48.0,1.0,211.0,69.0,92.66666666666667,18.88,103.07163016695893,0.0,0.0,0.0,0.0,,5.38,4.38,0.628628928914984,0.6096355306888472,0,0,-0.01899339822613677,77.0,2.0,87550.314744,190382.579,128.0,False,4.3,1.4
58507,42.0,1.0,197.0,53.0,118.0,21.84,81.85650066463332,1.0,0.0,0.0,0.0,2.0,3.21,9.23,1.611357711428181,1.8830053548970196,0,0,0.27164764346883863,88.0,1.0,13037.179493,,,False,4.2,4.8
58514,34.0,0.0,159.0,35.0,120.66666666666667,27.44,121.44141605118388,0.0,0.0,0.0,0.0,,4.42,4.58,0.5279218728639095,0.5307492009914816,0,0,0.0028273281275721374,86.0,1.0,66692.699479,,,False,2.3,2.7
58515,48.0,0.0,233.0,39.0,118.0,25.67,113.65841877365995,0.0,1.0,0.0,0.0,,6.07,9.71,3.0215310865386384,3.236484147595676,1,1,0.2149530610570376,81.0,1.0,21459.071325,47150.207,154.0,False,3.7,6.6
58517,32.0,0.0,179.0,92.0,111.33333333333333,20.11,89.51287076736732,0.0,1.0,0.0,0.0,,0.91,3.25,0.1893385554460054,0.22937600642061448,0,0,0.04003745097460909,86.0,1.0,17616.92681,,,False,1.6,5.1
58519,50.0,1.0,165.0,54.0,100.66666666666667,21.98,109.72656156782712,0.0,0.0,0.0,0.0,,4.44,1.3,0.7660059432680584,0.6378401141522668,0,0,-0.12816582911579155,78.0,1.0,10778.06461,,,False,3.6,0.6
58520,56.0,0.0,169.0,81.0,123.33333333333333,23.72,89.40477141223123,1.0,0.0,0.0,0.0,,11.0,14.3,3.342924025982046,3.473333151529833,1,1,0.13040912554778705,78.0,1.0,17577.44201,42321.532,79.0,False,26.4,17.3
58522,75.0,0.0,151.0,40.0,125.33333333333333,25.06,95.27514074933418,0.0,0.0,1.0,1.0,,5.85,4.13,10.358514983154626,9.880400055008012,3,2,-0.4781149281466135,80.0,1.0,30819.873958,,,False,2.4,1.9
58525,41.0,0.0,201.0,31.0,138.0,30.78,118.71583812400851,0.0,0.0,0.0,0.0,,11.21,10.22,1.949299784606644,1.9227922934049124,0,0,-0.02650749120173157,88.0,1.0,18943.613035,,,False,7.4,14.1
58530,36.0,1.0,204.0,41.0,128.0,33.81,105.74910868510132,0.0,0.0,0.0,0.0,2.0,3.79,2.72,0.5969554265858873,0.5681196245033446,0,0,-0.02883580208254266,79.0,2.0,16637.651093,,,False,2.2,2.2
58532,37.0,1.0,176.0,36.0,100.0,24.71,97.26156193291541,0.0,0.0,0.0,0.0,2.0,9.55,3.86,0.4690650437498492,0.4096678451505468,0,0,-0.05939719859930237,85.0,1.0,56333.431437,,,False,10.6,5.4
58537,32.0,1.0,157.0,52.0,109.33333333333333,23.99,85.96161995603993,0.0,0.0,0.0,0.0,2.0,8.76,2.97,0.18609169157100514,0.15824456902878342,0,0,-0.027847122542221714,80.0,1.0,49830.060206,123343.286,95.0,False,9.2,4.1
58552,41.0,1.0,205.0,50.0,94.0,32.52,118.54664765451194,0.0,1.0,0.0,0.0,2.0,4.02,5.44,0.8294878900617133,0.8676900855271437,0,0,0.038202195465430355,82.0,2.0,18179.455559,,,False,3.3,7.4
58558,34.0,0.0,166.0,40.0,125.33333333333333,24.15,107.71514521859211,0.0,0.0,0.0,0.0,,7.3,5.37,0.6105343276766884,0.5830336623948191,0,0,-0.02750066528186923,80.0,1.0,12460.439152,0.0,110.0,False,5.4,7.2
58559,53.0,1.0,234.0,70.0,134.0,25.36,105.21362000147177,0.0,0.0,0.0,0.0,,12.67,11.43,1.6663939988092735,1.641246237504258,0,0,-0.025147761305015504,88.0,1.0,10312.68772,,,False,1.9,6.4
58560,51.0,0.0,210.0,36.0,142.66666666666666,26.48,110.61239126740459,0.0,0.0,0.0,0.0,,138.89,61.2,5.351484808384216,4.758188964730827,2,1,-0.5932958436533884,77.0,2.0,14704.563313,32976.793,157.0,False,162.5,50.8
58561,66.0,0.0,243.0,43.0,127.33333333333333,22.26,84.01379857625014,0.0,0.0,0.0,0.0,,6.59,3.27,7.368329524910354,6.677855906360255,2,2,-0.690473618550099,75.0,2.0,6797.608313,,,False,9.1,5.0
58563,74.0,1.0,305.0,91.0,128.66666666666666,26.66,96.12481448890206,0.0,0.0,1.0,0.0,,30.0,8.23,8.40228435886094,7.023586682168218,2,2,-1.378697676692723,76.0,1.0,37142.518016,78761.478,189.0,False,30.9,6.5
58564,40.0,1.0,183.0,53.0,94.0,31.25,112.4435504162343,0.0,0.0,0.0,0.0,2.0,6.0,5.92,0.38578212717279353,0.38500851547093634,0,0,-0.0007736117018571909,88.0,1.0,17216.777874,,,False,5.7,4.5
58565,59.0,1.0,264.0,67.0,104.0,19.78,88.80515709271712,0.0,0.0,0.0,0.0,,10.34,7.92,2.055045110200759,1.9760061250452534,0,0,-0.07903898515550556,80.0,2.0,109191.710721,,,False,9.1,3.8
58570,50.0,1.0,163.0,82.0,104.66666666666667,21.14,72.99074543941663,0.0,0.0,0.0,0.0,,8.33,3.42,0.5507076131527435,0.48214813390294753,0,0,-0.068559479249796,86.0,1.0,92722.673705,215305.324,73.0,False,3.0,3.8
58571,54.0,1.0,243.0,59.0,94.0,32.64,72.10720646379148,0.0,0.0,0.0,0.0,,3.04,3.15,1.3474455341485598,1.3545571567456771,0,0,0.007111622597117284,80.0,1.0,18638.575391,42403.131,155.0,False,1.4,1.7
58572,50.0,1.0,231.0,57.0,112.0,33.82,119.78603660805145,1.0,0.0,0.0,1.0,,40.45,10.95,3.0568297487854643,2.526083620026334,1,0,-0.5307461287591302,86.0,2.0,20535.113756,,,False,17.8,2.3
58573,43.0,0.0,152.0,55.0,116.66666666666667,33.61,119.35042979990702,1.0,0.0,0.0,1.0,,26.67,18.25,1.689908602643098,1.5973204673174486,0,0,-0.09258813532564947,88.0,1.0,61758.398834,142599.729,78.0,False,23.2,18.8
58576,33.0,1.0,252.0,40.0,106.0,30.78,117.44691218945603,1.0,1.0,0.0,0.0,2.0,11.57,8.25,3.2471151022317812,3.0913385408317797,1,1,-0.1557765614000015,80.0,2.0,23477.141681,,,False,11.8,8.0
58577,46.0,0.0,229.0,76.0,110.0,30.18,86.67073375625436,0.0,0.0,0.0,0.0,,3.91,2.25,0.7473790059320821,0.6879548763943165,0,0,-0.059424129537765547,78.0,2.0,24174.776339,,,False,9.0,5.0
58581,47.0,1.0,210.0,78.0,110.0,23.4,90.04448644717048,0.0,1.0,0.0,0.0,,6.22,5.6,0.8226916061713909,0.809929179186907,0,0,-0.012762426984483932,83.0,1.0,91247.966335,,,False,2.3,5.1
58583,74.0,1.0,175.0,49.0,124.0,33.37,82.17422795323435,0.0,0.0,1.0,1.0,,8.84,8.11,8.710869271754863,8.60852679363798,2,2,-0.10234247811688313,83.0,1.0,25117.615493,,,False,7.6,4.3
58586,35.0,0.0,154.0,41.0,115.33333333333333,23.19,120.20668254684914,0.0,0.0,0.0,0.0,,9.11,5.2,0.48185621596044664,0.44290934936525117,0,0,-0.03894686659519547,87.0,1.0,33958.460784,75876.53,105.0,False,12.3,10.5
58590,71.0,0.0,151.0,40.0,100.66666666666667,29.03,68.04095621678773,1.0,0.0,1.0,1.0,,1063.87,575.14,22.058156743892074,20.50283340493624,3,3,-1.5553233389558336,76.0,2.0,10272.513252,0.0,79.0,False,2032.0,201.3
58591,53.0,0.0,144.0,31.0,122.0,32.65,84.87871470289221,0.0,0.0,0.0,1.0,,4.85,2.84,1.9274227307596288,1.7804496629430417,0,0,-0.14697306781658703,80.0,1.0,70704.283055,,,False,4.8,2.7
58596,33.0,0.0,212.0,35.0,104.0,29.63,118.95002792458327,0.0,1.0,0.0,0.0,,3.02,3.1,0.9474281283101269,0.951140441449542,0,0,0.003712313139415113,87.0,2.0,30963.06541,,,False,4.8,6.2
58598,33.0,0.0,208.0,33.0,111.33333333333333,38.74,97.23130127154721,0.0,0.0,0.0,0.0,,4.39,4.88,0.5467892545223964,0.5555476428789697,0,0,0.008758388356573388,75.0,1.0,57886.498141,172235.109,137.0,False,9.4,7.9
58601,45.0,0.0,233.0,39.0,115.33333333333333,34.72,105.92155389618384,0.0,0.0,0.0,0.0,,4.08,3.3,1.4189373760029842,1.3748104728174464,0,0,-0.0441269031855378,86.0,1.0,20257.239026,,,False,7.1,3.2
58610,53.0,0.0,180.0,32.0,112.0,27.46,84.87871470289221,0.0,0.0,0.0,0.0,,3.97,1.78,2.1219935327826622,1.8844741617528014,0,0,-0.23751937102986087,75.0,2.0,27459.086612,63107.509,125.0,False,5.6,3.4
58611,48.0,0.0,161.0,36.0,155.33333333333334,41.54,93.9655711453896,0.0,0.0,1.0,1.0,,35.22,13.52,3.84096894076651,3.341191791255754,1,1,-0.49977714951075614,77.0,1.0,81895.402401,,,False,55.3,34.6
58613,45.0,0.0,239.0,48.0,129.33333333333334,36.44,111.2220932895185,0.0,0.0,1.0,0.0,,3.37,4.18,1.9240201206988605,1.9863676077017591,0,0,0.062347487002898605,76.0,2.0,85635.432201,188428.082,164.0,False,6.3,7.6
58615,48.0,0.0,267.0,53.0,124.0,24.79,86.56930941372897,0.0,1.0,0.0,1.0,,5.75,8.54,3.635136307971182,3.850273584630756,1,1,0.21513727665957383,80.0,2.0,24742.376291,53630.891,202.0,False,7.7,4.1
58629,40.0,1.0,156.0,61.0,98.66666666666667,23.08,113.24346607203083,0.0,1.0,0.0,0.0,2.0,6.48,4.41,0.5093930722634432,0.48093505974300954,0,0,-0.028458012520433673,77.0,1.0,76603.798386,174275.17,81.0,False,7.9,4.1
58631,33.0,0.0,153.0,37.0,108.0,29.52,119.84037399022378,0.0,0.0,0.0,0.0,,3.15,4.05,0.34045934072646244,0.35358161707819513,0,0,0.013122276351732687,77.0,1.0,18283.028607,55337.949,106.0,False,6.9,6.6
58633,61.0,1.0,196.0,84.0,97.33333333333333,29.03,100.48162450764946,0.0,0.0,0.0,0.0,,4.79,0.94,1.4787039263709627,1.1617401106134124,0,0,-0.3169638157575503,89.0,2.0,5308.299831,11832.266,96.0,False,2.3,0.3
58638,60.0,0.0,247.0,43.0,140.66666666666666,30.75,88.27700889203955,0.0,1.0,0.0,0.0,,3.0,2.2,7.415061232601831,7.099867798438559,2,2,-0.3151934341632714,83.0,1.0,72823.681176,,,False,2.1,4.0
58640,65.0,0.0,190.0,28.0,134.0,35.68,89.96227676148709,0.0,0.0,0.0,0.0,,15.12,11.07,8.161640802732126,7.815624094726474,2,2,-0.346016708005652,83.0,2.0,22668.81211,,,False,25.4,13.4
58642,57.0,0.0,292.0,30.0,122.0,30.21,92.19268074278332,0.0,0.0,0.0,0.0,,5.77,5.43,5.395062981513557,5.3484446627139395,2,2,-0.04661831879961742,77.0,1.0,20995.496487,,,False,10.9,8.9
58647,51.0,0.0,217.0,66.0,135.33333333333334,25.53,104.46802416171006,1.0,1.0,0.0,0.0,,15.7,42.08,7.0745822178999855,8.118092442214484,2,2,1.043510224314499,84.0,1.0,17126.695224,45264.082,138.0,False,46.0,44.6
58650,65.0,1.0,239.0,85.0,110.66666666666667,24.55,98.76557443076275,0.0,0.0,0.0,0.0,,6.33,4.55,2.2831200255298234,2.1751148838061973,0,0,-0.10800514172362607,79.0,2.0,21718.587077,52254.402,137.0,False,9.3,5.5
58653,55.0,0.0,169.0,50.0,161.33333333333334,23.23,75.15995818481993,0.0,1.0,0.0,0.0,,6.36,6.12,5.983144032699892,5.950552625238257,2,2,-0.032591407461635136,75.0,2.0,27004.324803,76082.784,100.0,False,22.2,11.5
58656,68.0,0.0,182.0,35.0,130.0,26.35,56.18833447067497,1.0,0.0,1.0,1.0,,47.14,64.09,16.689456311011668,17.344390124698904,3,3,0.6549338136872365,76.0,1.0,5470.463343,,,False,33.0,14.1
58659,30.0,0.0,208.0,43.0,150.66666666666666,28.57,93.6348093305535,0.0,0.0,1.0,0.0,,3.6,2.99,1.1362666284465877,1.1051997702920708,0,0,-0.03106685815451682,83.0,1.0,83194.20108,,,False,3.6,7.2
58665,35.0,0.0,232.0,46.0,126.0,21.08,122.70274973419939,0.0,1.0,0.0,0.0,,5.05,5.77,1.4193772153979933,1.4478164122340105,0,0,0.028439196836017144,87.0,2.0,22579.355998,,,False,5.3,12.0
58671,61.0,1.0,215.0,44.0,127.33333333333333,28.47,107.6953329604336,1.0,0.0,1.0,0.0,,4.63,2.77,6.913374213466841,6.433271600978569,2,2,-0.48010261248827213,78.0,2.0,65917.895564,152203.979,143.0,False,2.5,1.8
58673,75.0,0.0,184.0,56.0,136.66666666666666,27.63,89.9827369408367,0.0,0.0,0.0,0.0,,7.41,4.14,10.60453038780529,9.799573576305102,3,2,-0.8049568115001886,88.0,2.0,10064.393928,,,False,12.3,2.9
58677,75.0,0.0,224.0,46.0,122.66666666666667,29.5,90.29744888998528,0.0,0.0,1.0,0.0,,26.08,12.2,16.301835794042745,14.796340299763006,3,3,-1.5054954942797387,82.0,2.0,42248.55886,,,False,19.3,5.0
58681,46.0,0.0,201.0,48.0,107.33333333333333,25.39,101.2463981810498,0.0,0.0,0.0,0.0,,5.05,3.52,1.097005056120312,1.0394203531013195,0,0,-0.057584703018992434,85.0,2.0,20708.126413,45652.712,129.0,False,9.5,7.0
58683,46.0,0.0,185.0,47.0,164.66666666666666,25.87,117.14424685264405,1.0,1.0,1.0,0.0,,10.65,6.69,11.814663461816867,11.102541444495708,3,3,-0.7121220173211587,86.0,3.0,15643.490933,36120.716,110.0,False,16.3,11.7
58686,38.0,0.0,245.0,36.0,115.33333333333333,29.43,86.23418040672956,0.0,0.0,0.0,0.0,,4.7,2.43,1.0155248251774958,0.92012449278888,0,0,-0.09540033238861578,78.0,1.0,24503.169767,,,False,7.9,4.4
58688,73.0,1.0,232.0,45.0,197.33333333333334,24.56,91.5801392518562,0.0,0.0,1.0,0.0,,20.81,5.12,14.733103326940357,12.279742058661423,3,3,-2.4533612682789343,78.0,2.0,12008.781111,26767.721,154.0,False,12.9,2.2
58689,52.0,1.0,201.0,82.0,113.33333333333333,25.04,80.11447795287263,0.0,0.0,0.0,0.0,,5.54,2.33,0.7325605115884694,0.6438174254516756,0,0,-0.08874308613679371,84.0,2.0,23748.745332,,,False,7.7,2.0
58690,66.0,0.0,162.0,90.0,110.0,36.22,79.19045669694431,0.0,0.0,1.0,0.0,,8.75,3.75,3.853424159500061,3.4063887978776677,1,1,-0.44703536162239343,76.0,2.0,59368.56666,,,False,6.3,1.2
58692,45.0,1.0,196.0,53.0,96.0,27.28,99.99255078425227,0.0,1.0,0.0,0.0,,3.23,2.45,1.0049012759625102,0.9644522671183152,0,0,-0.040449008844195,80.0,1.0,14191.669922,32394.539,104.0,False,5.0,1.3
58693,68.0,1.0,268.0,48.0,129.33333333333334,29.08,77.86483468616312,0.0,0.0,0.0,0.0,,3.69,4.55,5.2151417695397875,5.3728151790902405,2,2,0.15767340955045306,81.0,2.0,63755.08114,140540.117,187.0,False,2.4,7.1
58696,44.0,1.0,154.0,26.0,102.66666666666667,24.7,57.821029135276795,0.0,1.0,0.0,0.0,2.0,333.33,52.14,3.0950267093146,2.3604273840930072,1,0,-0.734599325221593,83.0,2.0,20891.930664,,,False,220.0,21.9
58699,53.0,0.0,196.0,42.0,134.66666666666666,25.95,107.90651793426815,0.0,0.0,1.0,1.0,,4.85,3.54,3.2435020447087624,3.0975635401214094,1,1,-0.1459385045873529,78.0,2.0,14961.227317,,,False,11.3,4.6
58700,54.0,1.0,222.0,43.0,136.66666666666666,26.53,106.5978936710779,0.0,1.0,0.0,0.0,,9.52,13.39,4.223879416953742,4.43596705684774,1,1,0.2120876398939977,78.0,2.0,26340.221216,,,False,13.8,16.2
58702,76.0,1.0,213.0,74.0,134.66666666666666,23.07,56.3514711321278,0.0,0.0,1.0,0.0,,5.52,2.92,9.618990422964254,8.819374423399697,2,2,-0.7996159995645566,81.0,2.0,35645.410956,77642.443,109.0,False,3.7,1.9
58704,47.0,1.0,202.0,48.0,124.66666666666667,35.91,109.62276551056073,0.0,0.0,0.0,0.0,,49.45,6.42,1.4486605148288823,1.0703552604840496,0,0,-0.37830525434483264,87.0,1.0,22004.736599,47782.234,128.0,False,27.2,4.3
58706,34.0,0.0,140.0,49.0,127.33333333333333,25.82,88.40635204460426,0.0,0.0,0.0,0.0,,6.7,3.19,0.4669285966192032,0.41763630306113114,0,0,-0.049292293558072076,81.0,1.0,30097.596014,,,False,6.3,7.4
58708,72.0,0.0,261.0,46.0,110.66666666666667,24.91,50.77891093652396,0.0,1.0,0.0,0.0,,6.79,2.2,12.602059392654187,10.843806444851229,3,3,-1.7582529478029585,75.0,1.0,15281.510397,38228.706,188.0,False,15.0,2.0
58710,43.0,1.0,253.0,51.0,114.0,28.36,95.12412369209073,0.0,0.0,0.0,0.0,2.0,5.97,8.69,0.7686751318848326,0.8128791507826127,0,0,0.04420401889778014,75.0,1.0,15756.9598,34215.485,164.0,False,17.5,16.6
58711,56.0,1.0,177.0,46.0,122.66666666666667,36.91,96.45897611412741,0.0,0.0,0.0,0.0,,7.5,1.97,1.988325848299769,1.6326785333627012,0,0,-0.3556473149370678,76.0,1.0,109191.710721,,,False,14.4,1.5
58715,34.0,1.0,157.0,44.0,108.66666666666667,46.42,103.74409263461112,0.0,0.0,0.0,0.0,2.0,6.47,3.51,0.24618867883882073,0.22464149409523265,0,0,-0.021547184743588077,80.0,1.0,43181.860913,,,False,3.3,6.8
58717,35.0,0.0,132.0,50.0,107.33333333333333,30.06,97.1492428946852,0.0,0.0,0.0,0.0,,2.81,1.64,0.279301631941058,0.25754508997130243,0,0,-0.021756541969755572,78.0,2.0,33906.530295,75760.497,66.0,False,6.3,2.3
58719,75.0,0.0,272.0,57.0,128.66666666666666,28.2,63.701173469395286,0.0,0.0,1.0,0.0,,224.26,200.49,22.753179986903515,22.457179341625324,3,3,-0.29600064527819114,77.0,1.0,31431.350966,0.0,183.0,False,152.5,122.3
58728,66.0,0.0,179.0,50.0,133.33333333333334,28.77,100.34126630276072,0.0,0.0,0.0,0.0,,11.35,7.58,6.330262999447303,5.978264311593697,2,2,-0.3519986878536061,88.0,2.0,5791.074815,14761.79,115.0,False,10.1,7.2
58730,38.0,0.0,293.0,51.0,117.33333333333333,25.47,96.47634928022208,0.0,1.0,0.0,0.0,,3.8,4.42,1.7201824066485014,1.7591950359350499,0,0,0.03901262928654847,78.0,1.0,61239.793623,185356.85,210.0,False,3.8,4.2
58735,59.0,0.0,239.0,76.0,105.33333333333333,23.27,99.74510736068571,0.0,0.0,0.0,0.0,,1.92,6.53,2.1714310710282585,2.6008353831437123,0,0,0.4294043121154538,89.0,1.0,10483.516539,23690.73,153.0,False,2.8,3.2
58738,53.0,1.0,221.0,63.0,113.33333333333333,32.84,88.04913995269463,0.0,0.0,1.0,0.0,,3.72,10.78,1.3840832151953675,1.6199067795033772,0,0,0.23582356430800977,86.0,2.0,24174.291319,53556.551,145.0,False,5.5,5.5
58740,55.0,0.0,147.0,45.0,112.66666666666667,26.03,100.86324282087661,1.0,1.0,0.0,0.0,,3.08,2.83,4.76245942627455,4.704813439106663,1,1,-0.057645987167886936,77.0,2.0,99945.359619,0.0,69.0,False,3.6,1.3
58741,60.0,0.0,222.0,53.0,123.33333333333333,30.26,100.93613039622149,0.0,0.0,0.0,0.0,,12.5,4.72,4.279720470070395,3.7161532945640636,1,1,-0.5635671755063316,84.0,2.0,6614.887669,18704.211,138.0,False,7.5,2.5
58743,40.0,1.0,161.0,27.0,120.0,43.01,91.33820877223613,0.0,1.0,0.0,0.0,2.0,21.59,26.85,1.7048981302270814,1.7606272103082523,0,0,0.055729080081170945,83.0,1.0,27130.100002,,,False,9.5,14.5
58748,42.0,1.0,165.0,61.0,100.66666666666667,23.29,112.66345016444254,0.0,0.0,0.0,0.0,2.0,3.35,3.5,0.3159162632204548,0.31799385885722353,0,0,0.0020775956367687365,77.0,2.0,85035.046516,193456.428,93.0,False,6.1,4.3
58749,63.0,0.0,278.0,42.0,146.0,29.24,85.5960342791,0.0,0.0,1.0,0.0,,27.5,14.23,11.819623186918971,10.82143322147936,3,3,-0.9981899654396109,84.0,1.0,9131.507529,24546.78,212.0,False,25.3,20.2
58756,64.0,1.0,193.0,49.0,134.0,35.45,58.004473070671104,0.0,0.0,0.0,0.0,,9.04,2.69,4.720216418207695,3.966061128952633,1,1,-0.754155289255062,75.0,2.0,75906.644182,,,False,12.2,1.4
58759,64.0,1.0,152.0,49.0,162.0,28.74,101.84968361057217,1.0,0.0,1.0,1.0,,10.83,73.61,9.456114813209664,12.223100763072186,2,3,2.766985949862521,75.0,1.0,8499.199919,,,False,2.6,44.9
58760,41.0,1.0,144.0,46.0,94.0,32.18,93.46804759601483,0.0,0.0,0.0,0.0,2.0,3.13,2.46,0.38480269157890223,0.3711874977750148,0,0,-0.013615193803887427,87.0,2.0,19622.263832,,,False,2.6,3.2
58763,44.0,1.0,237.0,44.0,109.33333333333333,29.64,113.43803611067987,0.0,0.0,0.0,0.0,2.0,3.43,5.88,0.7121255856486475,0.7716795400400721,0,0,0.059553954391424635,87.0,2.0,18684.981597,40279.812,168.0,False,1.2,5.7
58764,67.0,0.0,219.0,46.0,161.33333333333334,32.92,93.60969620657262,1.0,0.0,1.0,1.0,,14.82,8.17,17.163492048844144,15.922437319817568,3,3,-1.241054729026576,77.0,1.0,54784.845182,126509.164,127.0,False,20.9,8.5
58765,70.0,0.0,224.0,41.0,139.33333333333334,31.66,68.46544195692064,0.0,0.0,0.0,0.0,,4.66,6.6,9.626886472656267,10.09395706560341,2,3,0.4670705929471435,76.0,2.0,33645.553037,,,False,6.2,10.7
58767,59.0,1.0,266.0,58.0,135.33333333333334,28.27,99.56562151004796,0.0,0.0,0.0,0.0,,5.15,4.17,2.924866737626522,2.8362247115162975,0,0,-0.08864202611022431,76.0,2.0,94880.080398,215854.077,158.0,False,5.2,4.8
58769,32.0,0.0,179.0,37.0,117.33333333333333,34.24,80.78213295435144,0.0,0.0,0.0,1.0,,3.38,2.73,0.42086447347577977,0.40756205178153404,0,0,-0.013302421694245725,77.0,1.0,18056.193274,,,False,6.6,5.6
58772,74.0,0.0,185.0,32.0,98.66666666666667,23.81,82.94291880849843,0.0,0.0,1.0,0.0,,18.72,18.08,16.248787809891827,16.17742931823625,3,3,-0.07135849165557673,81.0,2.0,33570.062401,82328.072,122.0,False,20.4,13.2
58777,55.0,1.0,243.0,58.0,136.0,29.56,86.96071522622101,0.0,0.0,0.0,0.0,,11.47,6.09,2.530937451197578,2.3067669777153537,0,0,-0.22417047348222452,87.0,2.0,13946.154951,,,False,12.5,2.8
58779,69.0,1.0,160.0,80.0,154.0,42.17,74.1163921159566,1.0,0.0,1.0,1.0,,5.06,3.73,7.397420134362291,7.089864293155658,2,2,-0.30755584120663304,78.0,1.0,10683.933636,,,False,4.2,1.9
58780,37.0,0.0,304.0,37.0,127.33333333333333,36.77,93.75942083360421,0.0,1.0,0.0,0.0,,8.11,3.86,3.1460404491015947,2.821798255064055,1,0,-0.32424219403753973,82.0,2.0,25541.745017,,,False,18.0,6.1
58784,61.0,1.0,234.0,46.0,157.33333333333334,35.05,101.65097094626387,0.0,0.0,0.0,0.0,,9.79,4.83,5.293992415820568,4.78674741252035,2,1,-0.5072450033002172,87.0,1.0,7921.201859,,,False,4.6,2.8
58785,38.0,1.0,187.0,57.0,125.33333333333333,34.43,77.66453329654655,0.0,1.0,0.0,0.0,2.0,3.66,3.11,0.7975651701706225,0.7784543063653409,0,0,-0.019110863805281597,76.0,1.0,52320.731799,,,False,4.1,7.0
58791,49.0,1.0,164.0,60.0,104.66666666666667,34.33,107.07894537353795,0.0,0.0,0.0,0.0,,5.35,7.1,0.6408024751621579,0.668427117074282,0,0,0.027624641912124104,89.0,2.0,11532.553544,24861.094,89.0,False,4.6,2.2
58798,69.0,1.0,219.0,75.0,142.66666666666666,25.62,51.03491480134414,1.0,0.0,1.0,0.0,,12.95,5.68,11.34301793999705,10.15705661215219,3,3,-1.1859613278448613,78.0,1.0,13070.875072,31470.988,125.0,False,5.7,2.1
58800,62.0,1.0,191.0,40.0,122.66666666666667,38.69,84.52234248352268,0.0,0.0,0.0,0.0,,15.02,5.56,3.8910922823023086,3.3699862907342863,1,1,-0.5211059915680223,88.0,1.0,6385.326701,,,False,30.8,3.0
58801,71.0,1.0,196.0,54.0,114.0,30.23,82.41876370948471,0.0,0.0,1.0,0.0,,6.67,5.0,6.654375431962383,6.390635185006948,2,2,-0.2637402469554351,79.0,2.0,44645.637846,101739.668,120.0,False,1.4,1.0
58803,41.0,1.0,182.0,71.0,104.66666666666667,25.47,105.89068592955353,0.0,0.0,0.0,0.0,2.0,5.56,4.62,0.2736680910647717,0.26618405851304777,0,0,-0.007484032551723918,87.0,2.0,19622.263832,42284.795,98.0,False,1.5,5.4
58806,52.0,0.0,176.0,30.0,130.66666666666666,25.54,97.53793048339087,0.0,0.0,0.0,0.0,,8.49,7.26,2.985378877412146,2.917684069171293,0,0,-0.06769480824085283,86.0,1.0,12332.261331,,,False,12.9,6.1
58809,57.0,0.0,177.0,75.0,108.66666666666667,26.49,83.74944079721223,0.0,1.0,0.0,1.0,,3.05,2.75,1.8325865939183859,1.8046692862138434,0,0,-0.027917307704542482,84.0,2.0,19517.435829,40437.16,92.0,False,7.9,2.5
58812,32.0,1.0,163.0,49.0,101.33333333333333,23.95,90.7258736311395,0.0,0.0,0.0,0.0,2.0,8.21,6.51,0.2097344243567497,0.20256961887914995,0,0,-0.007164805477599734,79.0,1.0,54729.408706,126866.082,96.0,False,12.4,4.1
58819,79.0,1.0,234.0,77.0,118.66666666666667,32.15,69.64728548678421,0.0,0.0,1.0,1.0,,6.09,2.56,10.595818181785665,9.425024451889318,3,2,-1.1707937298963476,84.0,1.0,12842.615886,,,False,9.5,1.1
58822,61.0,1.0,174.0,50.0,116.0,28.95,104.21941074485083,0.0,0.0,0.0,0.0,,13.57,23.96,2.639597618189721,2.868029797416681,0,0,0.22843217922696013,75.0,1.0,8780.848777,19459.167,116.0,False,5.7,11.5
58826,60.0,1.0,292.0,27.0,141.33333333333334,24.42,100.7314093198622,0.0,0.0,0.0,0.0,,11.0,9.53,5.962638049885159,5.843027701239328,2,2,-0.11961034864583109,80.0,1.0,55139.141581,,,False,4.4,8.1
58830,46.0,0.0,269.0,27.0,114.0,32.47,110.11861928173762,0.0,0.0,0.0,0.0,,3.68,2.8,2.0944976062072254,2.0115218592073316,0,0,-0.08297574699989374,80.0,2.0,22500.372169,,,False,0.7,2.3
58838,62.0,0.0,278.0,56.0,146.0,29.59,82.13196538678343,0.0,0.0,0.0,0.0,,6.21,4.49,6.867837286936908,6.561138210099347,2,2,-0.30669907683756037,80.0,1.0,49641.833867,,,False,8.7,6.6
58839,37.0,1.0,150.0,38.0,112.66666666666667,40.87,115.79508216160191,0.0,0.0,0.0,0.0,2.0,3.02,2.52,0.32260527174916737,0.3139847038961053,0,0,-0.008620567853062089,88.0,1.0,20293.289262,,,False,1.6,2.9
58840,34.0,1.0,211.0,69.0,109.33333333333333,24.36,93.45813356340176,0.0,0.0,0.0,0.0,2.0,7.14,4.61,0.18983166420087608,0.17778632306325837,0,0,-0.01204534113761771,84.0,1.0,18635.311995,,,False,6.5,5.3
58842,60.0,0.0,212.0,42.0,128.0,25.21,94.00249094921764,0.0,1.0,0.0,0.0,,10.0,3.88,6.703395946907054,5.862746917727081,2,2,-0.8406490291799731,83.0,2.0,6675.344268,,,False,5.8,6.6
58847,70.0,1.0,155.0,57.0,149.33333333333334,24.28,66.98392327594121,0.0,0.0,1.0,1.0,,16.53,10.59,7.72901163678922,7.265570560722636,2,2,-0.4634410760665846,78.0,2.0,41802.286673,91053.282,85.0,False,16.2,5.4
58852,48.0,0.0,138.0,79.0,110.66666666666667,24.32,99.99483475515086,0.0,0.0,0.0,0.0,,10.48,2.62,0.6412808540359259,0.5207858571421248,0,0,-0.12049499689380117,83.0,1.0,96465.970305,199862.825,53.0,False,2.2,1.7
58853,35.0,1.0,199.0,62.0,100.0,32.32,101.51675242765624,0.0,0.0,0.0,0.0,2.0,7.88,6.09,0.2352150240322532,0.22631006189877748,0,0,-0.008904962133475719,75.0,2.0,64639.765926,149838.89,119.0,False,5.2,4.2
58854,44.0,0.0,232.0,73.0,102.66666666666667,19.25,97.51327238651655,0.0,1.0,0.0,0.0,,1.47,2.69,1.0394393241796753,1.137621116660065,0,0,0.0981817924803896,89.0,1.0,15175.607764,,,False,0.5,6.7
58855,37.0,0.0,255.0,53.0,116.66666666666667,27.21,117.7930674440931,0.0,0.0,0.0,0.0,,2.54,6.08,0.6617547106514055,0.7542835645483541,0,0,0.09252885389694865,76.0,1.0,33324.854365,75031.372,164.0,False,1.8,11.5
58856,40.0,0.0,164.0,43.0,122.66666666666667,33.85,112.65351914476398,0.0,1.0,0.0,1.0,,3.8,3.5,1.1180490747834921,1.1044027733135644,0,0,-0.013646301469927735,77.0,2.0,87242.435903,191964.056,99.0,False,4.1,6.3
58861,45.0,1.0,201.0,62.0,100.66666666666667,24.34,91.17150852003137,0.0,0.0,0.0,0.0,,15.43,37.5,0.6274547141611263,0.7162929782436896,0,0,0.08883826408256335,78.0,2.0,88087.54939,201072.573,127.0,False,7.1,51.0
58862,31.0,1.0,194.0,56.0,104.66666666666667,24.14,107.36901251241888,0.0,0.0,0.0,0.0,2.0,3.59,2.32,0.16311540076071926,0.15278329274004393,0,0,-0.010332108020675329,75.0,1.0,25452.884514,50312.624,124.0,False,6.0,4.4
58864,39.0,1.0,164.0,42.0,114.66666666666667,33.42,115.65305682254028,0.0,0.0,0.0,0.0,2.0,20.31,6.2,0.5202109789096019,0.4357002932265449,0,0,-0.08451068568305697,88.0,2.0,18108.840553,33958.807,98.0,False,19.7,8.0
58867,47.0,0.0,157.0,35.0,91.33333333333333,28.71,69.46723857619797,1.0,1.0,1.0,1.0,,9.55,12.75,6.378799974948289,6.644426140924653,2,2,0.26562616597636346,88.0,1.0,72878.957161,,,False,18.9,31.1
58869,51.0,0.0,142.0,37.0,150.0,25.79,107.97062742757883,0.0,0.0,1.0,1.0,,123.03,117.24,4.282029737835464,4.252293270428626,1,1,-0.02973646740683833,76.0,1.0,11662.920771,25625.952,61.0,False,109.5,123.1
58870,55.0,0.0,255.0,55.0,106.0,28.32,103.73907741093174,1.0,0.0,0.0,1.0,,13.72,4.79,5.995245740445228,5.159840780514788,2,2,-0.8354049599304405,85.0,1.0,77544.892734,,,False,18.8,7.0
58873,41.0,1.0,188.0,47.0,119.33333333333333,36.5,120.76592224979055,1.0,0.0,0.0,0.0,2.0,163.81,174.17,2.768547935715734,2.793438030671729,0,0,0.0248900949559947,87.0,2.0,17896.144335,,,False,391.5,313.5
58876,64.0,0.0,178.0,57.0,119.33333333333333,31.86,80.1816266861224,0.0,0.0,1.0,1.0,,5.78,3.59,4.405279008206311,4.112157179278123,1,1,-0.2931218289281885,77.0,2.0,61916.952446,,,False,7.4,6.6
58877,70.0,0.0,196.0,40.0,135.33333333333334,31.29,82.95403843463129,1.0,0.0,1.0,1.0,,7.67,5.89,14.347123924996316,13.864041848707439,3,3,-0.483082076288877,78.0,2.0,34048.168813,,,False,6.6,6.6
58879,58.0,1.0,192.0,78.0,117.33333333333333,41.5,100.53479887065467,0.0,0.0,1.0,0.0,,6.55,5.16,1.7154979373599342,1.6561550586872122,0,0,-0.05934287867272192,75.0,2.0,125317.169771,265293.752,105.0,False,5.5,9.4
58884,59.0,1.0,192.0,48.0,132.0,23.18,74.63783768716046,0.0,0.0,1.0,1.0,,5.13,5.49,3.360002562130475,3.3932208992290325,1,1,0.03321833709855726,76.0,2.0,97686.556803,226831.636,101.0,False,4.1,7.8
58887,60.0,1.0,263.0,50.0,129.33333333333334,34.66,63.72948382446315,0.0,0.0,0.0,1.0,,15.31,6.36,4.388957475029517,3.8676634426209895,1,1,-0.5212940324085271,75.0,2.0,74461.687039,157897.549,173.0,False,9.8,8.2
58890,32.0,1.0,172.0,62.0,116.66666666666667,26.78,118.59615080980583,0.0,0.0,0.0,0.0,2.0,8.14,4.55,0.17340473909624363,0.15892830193359558,0,0,-0.014476437162648043,85.0,2.0,22065.012384,43615.829,94.0,False,13.6,4.0
58894,63.0,0.0,182.0,87.0,148.0,24.48,84.56991177163052,0.0,1.0,0.0,0.0,,2.04,2.73,4.352278478416596,4.539151370628726,1,1,0.1868728922121301,89.0,2.0,9365.664257,24530.546,76.0,False,3.4,5.4
58897,46.0,1.0,237.0,66.0,129.33333333333334,27.35,111.59035138595583,0.0,0.0,0.0,0.0,,10.61,3.64,0.9635595052102267,0.8217717720547011,0,0,-0.14178773315552562,85.0,2.0,18820.44423,,,False,3.5,4.0
58898,66.0,1.0,224.0,65.0,146.66666666666666,33.33,56.028398178711,0.0,0.0,0.0,0.0,,6.11,12.34,5.272136614505967,5.824707682094566,2,2,0.5525710675885991,77.0,1.0,60851.686967,,,False,8.0,5.8
58905,57.0,1.0,208.0,66.0,122.66666666666667,23.32,106.3816537565299,0.0,0.0,0.0,0.0,,24.48,9.2,2.0071542504004367,1.7376734237807892,0,0,-0.26948082661964756,88.0,2.0,75491.432648,,,False,7.1,4.6
58909,75.0,1.0,196.0,67.0,113.33333333333333,30.8,47.68201301537922,0.0,0.0,0.0,0.0,,2.52,4.32,6.403898128780159,6.906336627497639,2,2,0.5024384987174804,78.0,2.0,41004.399554,95372.98,106.0,False,2.6,1.6
58916,54.0,0.0,170.0,39.0,112.66666666666667,37.97,98.85065537476594,0.0,0.0,1.0,1.0,,7.92,5.48,2.467172299948892,2.336827668859869,0,0,-0.13034463108902328,86.0,3.0,56484.240674,122433.678,105.0,False,17.9,12.5
58922,56.0,0.0,201.0,58.0,110.0,23.04,101.98320154659235,0.0,0.0,0.0,0.0,,8.0,3.53,2.149849780450082,1.9047560789172222,0,0,-0.2450937015328598,77.0,2.0,100716.412783,218310.111,127.0,False,6.8,1.2
58926,57.0,1.0,246.0,43.0,130.0,29.47,101.88166279936107,0.0,0.0,0.0,0.0,,13.45,5.58,3.2230024052280672,2.8355427628333802,1,0,-0.387459642394687,85.0,2.0,94786.503036,206118.036,156.0,False,3.9,9.6
58928,35.0,0.0,196.0,46.0,122.0,23.91,116.62777012572678,0.0,0.0,0.0,0.0,,3.09,3.95,0.5540675247200976,0.5748771110732643,0,0,0.020809586353166765,85.0,1.0,26416.635007,,,False,3.0,5.8
58933,62.0,1.0,217.0,60.0,116.0,29.48,101.42395986655644,0.0,0.0,0.0,0.0,,5.86,3.94,2.436182995824597,2.298482717018567,0,0,-0.13770027880602997,88.0,1.0,6323.300843,,,False,1.7,4.3
58935,61.0,1.0,188.0,29.0,106.66666666666667,35.06,36.46540678976619,1.0,0.0,1.0,0.0,,2.68,1.6,10.49393145498885,9.788540993844862,3,2,-0.7053904611439883,81.0,2.0,21589.08157,46761.086,106.0,False,1.1,2.1
58938,52.0,0.0,170.0,47.0,113.33333333333333,28.45,108.14625445743651,0.0,0.0,0.0,0.0,,4.43,2.46,1.5417551728016892,1.41256123070197,0,0,-0.12919394209971924,87.0,1.0,15166.692956,,,False,8.6,3.2
58942,39.0,1.0,232.0,80.0,119.33333333333333,24.29,113.54383026470859,0.0,0.0,0.0,0.0,2.0,6.67,4.91,0.30092255327562417,0.2874356561335726,0,0,-0.01348689714205159,86.0,1.0,62158.373253,144086.872,122.0,False,3.0,8.2
58944,59.0,0.0,153.0,38.0,149.33333333333334,22.36,64.47152518163384,0.0,1.0,0.0,0.0,,4.29,2.89,6.427938064307336,6.078333758935026,2,2,-0.3496043053723099,78.0,2.0,23800.659876,,,False,2.7,5.7
58947,57.0,0.0,186.0,41.0,128.66666666666666,30.93,110.94591177850452,1.0,0.0,1.0,0.0,,6.72,4.81,7.401053945915897,7.062350942009058,2,2,-0.33870300390683905,85.0,1.0,11656.317466,,,False,3.9,3.7
58954,61.0,0.0,137.0,31.0,103.0,43.44,79.84557529498599,0.0,1.0,1.0,1.0,,2.5,16.36,4.806492223520232,6.283956248015421,1,2,1.4774640244951893,76.0,1.0,18527.676335,,,False,5.0,5.4
58955,41.0,1.0,175.0,76.0,108.66666666666667,20.87,104.17586855243808,0.0,0.0,0.0,0.0,2.0,12.51,6.14,0.26539826493499996,0.23856895868445113,0,0,-0.02682930625054883,86.0,3.0,14200.752219,30082.64,84.0,False,24.4,7.0
58959,34.0,1.0,145.0,43.0,116.66666666666667,24.36,114.35159546054872,0.0,0.0,0.0,0.0,2.0,7.03,5.05,0.2771642915581811,0.2637718962467236,0,0,-0.013392395311457528,79.0,1.0,64527.134074,149577.803,89.0,False,2.6,10.2
58960,50.0,0.0,265.0,50.0,158.66666666666666,25.97,87.47601069884146,0.0,1.0,0.0,0.0,,12.5,8.71,7.432933472293774,7.0661954467183,2,2,-0.36673802557547397,87.0,1.0,12741.448063,,,False,22.0,17.6
58961,48.0,0.0,140.0,41.0,110.66666666666667,32.95,69.68936803504783,0.0,0.0,0.0,0.0,,37.14,3.61,1.4672922079135124,1.0364338784562714,0,0,-0.430858329457241,87.0,2.0,24510.801633,57310.283,84.0,False,104.0,9.2
58962,74.0,1.0,231.0,68.0,120.66666666666667,27.33,70.8457499107287,0.0,0.0,1.0,0.0,,5.19,2.19,7.790410060709844,6.9093352932949825,2,2,-0.8810747674148613,77.0,1.0,21020.708228,48626.964,139.0,False,6.8,2.3
58967,72.0,0.0,202.0,47.0,114.0,26.35,61.18074957644862,0.0,0.0,0.0,1.0,,6.7,2.23,8.321282845750991,7.138557066087492,2,2,-1.1827257796634987,76.0,1.0,31722.475671,,,False,17.5,3.7
58971,49.0,0.0,154.0,43.0,105.33333333333333,33.18,103.31902828697396,1.0,0.0,1.0,1.0,,2.53,3.4,2.583563742508591,2.6983011646585453,0,0,0.11473742214995442,89.0,1.0,67328.829565,,,False,4.6,4.9
58974,74.0,1.0,259.0,54.0,166.0,41.89,90.69728676056808,0.0,0.0,0.0,0.0,,14.32,19.13,10.542862402636684,10.959982859066539,3,3,0.4171204564298545,86.0,1.0,38425.45991,,,False,24.2,4.4
58978,41.0,1.0,130.0,28.0,141.33333333333334,39.06,117.51217344003192,1.0,1.0,0.0,0.0,2.0,79.72,28.22,8.266884573201752,7.158950227944759,2,2,-1.107934345256993,80.0,2.0,18409.494551,42022.334,56.0,False,86.9,33.3
58979,64.0,1.0,271.0,62.0,118.66666666666667,28.78,83.47751447557206,0.0,0.0,0.0,0.0,,4.78,5.25,3.1836625488655947,3.227347229863442,1,1,0.04368468099784728,77.0,2.0,68773.599629,,,False,3.2,2.1
58980,54.0,1.0,172.0,61.0,142.66666666666666,22.13,108.85682581951033,0.0,0.0,0.0,0.0,,10.87,9.33,1.9264485815935737,1.883592269561224,0,0,-0.04285631203234974,76.0,1.0,11550.549181,24386.762,96.0,False,15.0,15.4
58981,44.0,1.0,168.0,29.0,110.0,34.29,111.68729605643915,0.0,0.0,0.0,0.0,2.0,3.55,10.92,0.7164537822473481,0.8469842960352042,0,0,0.13053051378785607,88.0,2.0,15363.496835,,,False,2.2,16.6
58986,48.0,0.0,298.0,32.0,110.0,27.29,108.75738136236926,1.0,0.0,0.0,0.0,,6.97,6.04,5.557626943032007,5.445202595706742,2,2,-0.1124243473252653,77.0,2.0,23620.047773,52072.274,,False,6.2,5.8
58987,60.0,1.0,235.0,74.0,128.0,39.49,95.65926810998974,0.0,0.0,1.0,0.0,,11.0,4.64,2.9422097230373314,2.5938960727169476,0,0,-0.34831365032038386,81.0,1.0,6380.844626,,,False,11.0,3.2
58989,45.0,1.0,205.0,52.0,112.66666666666667,27.69,86.04753873445065,0.0,0.0,0.0,0.0,,5.35,4.7,0.6909033028221689,0.6776880419777034,0,0,-0.01321526084446556,85.0,1.0,66895.80466,,,False,11.4,3.1
58990,43.0,1.0,189.0,58.0,112.0,31.55,80.27743872182762,0.0,0.0,0.0,0.0,2.0,2.4,2.26,0.43008305856265167,0.4262363814471944,0,0,-0.0038466771154572754,84.0,1.0,20765.143267,,,False,3.6,2.1
58996,70.0,0.0,215.0,79.0,129.33333333333334,20.79,82.95403843463129,1.0,0.0,0.0,0.0,,6.05,9.07,8.799791091149102,9.303026276267483,2,2,0.5032351851183812,80.0,1.0,28480.684717,67120.736,116.0,False,5.2,7.8
58999,44.0,1.0,200.0,64.0,100.0,31.88,112.54514197858055,1.0,0.0,0.0,0.0,2.0,5.77,5.14,1.2693774140386476,1.24780758795313,0,0,-0.021569826085517496,86.0,3.0,58388.657969,135580.527,114.0,False,1.5,5.5
59000,53.0,0.0,161.0,42.0,132.66666666666666,26.91,102.12567548593653,1.0,0.0,0.0,1.0,,5.34,5.97,4.189291183614681,4.257409419820903,1,1,0.0681182362062227,83.0,1.0,15512.315894,,,False,5.5,4.0
59002,54.0,0.0,262.0,44.0,104.0,25.16,101.83554461591875,1.0,0.0,0.0,0.0,,5.13,3.13,5.572941383812279,5.1930907102917025,2,2,-0.37985067352057644,88.0,1.0,80686.340356,,,False,2.0,2.6
59006,58.0,1.0,220.0,96.0,130.66666666666666,27.86,104.83176499428237,0.0,0.0,0.0,0.0,,19.09,6.5,1.5935151653132036,1.3587829107151521,0,0,-0.23473225459805147,80.0,1.0,79719.201422,185110.802,111.0,False,4.2,2.6
59009,55.0,0.0,225.0,58.0,171.33333333333334,28.48,96.97156395755158,0.0,0.0,1.0,0.0,,19.0,8.52,6.751892102383136,6.028166095007867,2,2,-0.7237260073752694,86.0,2.0,19745.915356,,,False,3.8,2.3
59018,51.0,0.0,224.0,43.0,109.33333333333333,29.9,110.15258448594663,1.0,0.0,0.0,1.0,,5.64,5.65,4.015599211973153,4.016630401638698,1,1,0.0010311896655448294,77.0,2.0,14269.110522,31492.262,144.0,False,2.2,7.4
59024,44.0,1.0,170.0,57.0,124.0,47.85,75.76591014045789,0.0,1.0,0.0,0.0,2.0,1.95,2.73,0.9886719096924204,1.0393618820501047,0,0,0.050689972357684354,83.0,1.0,29559.749743,,,False,2.2,6.3
59026,73.0,1.0,219.0,83.0,137.33333333333334,24.99,91.26311809274307,0.0,0.0,0.0,0.0,,7.88,4.15,5.911489908042627,5.3982609243977935,2,2,-0.5132289836448338,79.0,1.0,41750.739821,90941.003,119.0,False,2.6,2.7
59030,52.0,0.0,147.0,27.0,112.0,33.16,103.46260775970478,1.0,0.0,0.0,0.0,,21.44,4.16,4.652475860259279,3.6694559095641055,1,1,-0.9830199506951733,76.0,2.0,101172.924903,,,False,34.3,5.7
59035,52.0,1.0,222.0,50.0,130.66666666666666,29.25,107.50300387611935,0.0,0.0,1.0,0.0,,166.67,2.08,3.4936641768342893,1.8401715588641536,1,0,-1.6534926179701357,88.0,1.0,10679.045427,,,False,60.0,2.0
59036,38.0,0.0,206.0,36.0,129.33333333333334,31.21,113.66133730581124,0.0,0.0,0.0,0.0,,10.99,6.12,1.2541096395588327,1.1492209370290605,0,0,-0.10488870252977223,88.0,1.0,24825.853087,55470.7,128.0,False,18.8,8.2
59038,62.0,1.0,171.0,55.0,144.66666666666666,30.54,105.47525924105814,0.0,0.0,0.0,0.0,,10.97,6.34,3.7665820659709834,3.479327255883102,1,1,-0.28725481008788156,75.0,1.0,8780.848777,17981.812,104.0,False,3.4,8.3
59039,74.0,0.0,183.0,49.0,164.0,23.78,69.68145644210134,0.0,0.0,1.0,1.0,,7.14,8.95,12.730081690992696,13.113968790045211,3,3,0.38388709905251517,86.0,1.0,9741.625189,,,False,3.0,9.4
59043,31.0,1.0,175.0,46.0,104.0,21.71,116.50518427669196,0.0,1.0,0.0,0.0,2.0,27.4,43.27,0.4867278924527602,0.5211056444998149,0,0,0.03437775204705468,82.0,2.0,30625.012229,,,False,60.0,115.1
59049,39.0,1.0,247.0,38.0,116.0,44.98,107.21604348404415,0.0,0.0,0.0,0.0,2.0,4.15,2.99,0.7254779336525894,0.6908785019553952,0,0,-0.03459943169719415,80.0,1.0,16169.588736,,,False,1.7,2.3
59052,38.0,1.0,196.0,50.0,112.66666666666667,27.42,106.13781743931601,0.0,0.0,0.0,0.0,2.0,3.85,5.19,0.36007325057505146,0.376522502597711,0,0,0.01644925202265951,83.0,1.0,75985.765771,176139.605,129.0,False,1.0,4.0
59056,42.0,1.0,221.0,44.0,102.0,33.81,101.87571505668161,0.0,0.0,0.0,0.0,2.0,3.64,3.3,0.610883819807702,0.6020105389161616,0,0,-0.00887328089154038,86.0,3.0,14040.455584,,,False,6.4,3.5
59059,58.0,0.0,196.0,53.0,119.33333333333333,29.79,97.69475422935989,0.0,0.0,0.0,1.0,,4.67,2.87,2.5973910647773524,2.417738929624292,0,0,-0.17965213515306022,78.0,2.0,105070.747861,217690.615,114.0,False,8.4,3.1
59060,40.0,0.0,159.0,53.0,108.66666666666667,25.41,75.37599010744154,0.0,0.0,0.0,0.0,,1.63,2.49,0.42883230872895256,0.457037228232725,0,0,0.028204919503772463,77.0,1.0,68566.199782,143766.568,95.0,False,4.2,5.0
59064,77.0,0.0,155.0,31.0,180.66666666666666,27.77,91.15045097241463,0.0,1.0,0.0,0.0,,68.67,61.43,24.43899445335664,24.129647870653805,3,3,-0.3093465827028332,79.0,2.0,14301.239911,,,False,113.3,73.1
59072,68.0,0.0,159.0,58.0,129.33333333333334,29.94,74.74847435546465,0.0,0.0,0.0,1.0,,3.7,2.73,4.459003671034427,4.267453624868055,1,1,-0.1915500461663724,79.0,1.0,59272.778583,,,False,1.7,2.1
59075,76.0,1.0,194.0,34.0,166.66666666666666,23.56,57.01507788354888,0.0,0.0,0.0,0.0,,11.67,2.5,13.713138106026744,11.19853577168665,3,3,-2.5146023343400934,76.0,2.0,39412.404158,,,False,2.8,1.1
59078,61.0,0.0,229.0,58.0,150.0,28.21,92.22835623413071,0.0,0.0,0.0,0.0,,7.28,4.56,5.68718715345352,5.319928200275528,2,2,-0.3672589531779922,79.0,2.0,74502.064579,,,False,5.9,5.7
59079,42.0,0.0,205.0,62.0,117.33333333333333,25.44,105.1374643311218,0.0,0.0,0.0,0.0,,3.27,3.16,0.673988061511138,0.6705377305189818,0,0,-0.003450330992156192,79.0,1.0,75533.702614,156494.348,130.0,False,3.3,4.2
59082,33.0,1.0,180.0,75.0,106.0,25.07,123.50681422712124,0.0,0.0,0.0,0.0,2.0,8.0,3.69,0.11854322222113989,0.10555595812223259,0,0,-0.012987264098907297,79.0,2.0,73247.152332,,,False,1.2,4.5
59089,39.0,0.0,198.0,50.0,112.66666666666667,33.92,57.14266313085417,0.0,0.0,0.0,0.0,,3.45,5.85,0.6564437891161122,0.7105464732885192,0,0,0.054102684172406934,76.0,2.0,78203.311818,,,False,5.1,7.9
59091,76.0,1.0,199.0,57.0,128.66666666666666,29.48,89.88728785731878,0.0,0.0,0.0,0.0,,8.15,3.91,8.297678504347504,7.496339465116747,2,2,-0.8013390392307569,79.0,1.0,11931.943523,24898.012,125.0,False,6.6,2.5
59095,68.0,0.0,181.0,38.0,176.0,22.32,94.98799521368966,1.0,1.0,0.0,0.0,,17.12,6.04,21.50516155609343,18.96838341702087,3,3,-2.5367781390725597,88.0,1.0,9660.441095,25302.625,123.0,False,8.9,11.3
59102,72.0,1.0,162.0,38.0,147.33333333333334,25.05,93.14399251451393,1.0,0.0,0.0,1.0,,30.79,18.1,12.838493395169188,11.972138634602842,3,3,-0.8663547605663453,75.0,1.0,12759.573149,26129.62,107.0,False,11.7,25.7
59106,72.0,0.0,193.0,59.0,159.33333333333334,24.25,72.91188103140776,0.0,0.0,1.0,1.0,,5.26,2.62,10.206710021229727,9.281733081828104,3,2,-0.9249769394016223,87.0,2.0,10026.5297,24222.999,110.0,False,2.0,1.1
59109,68.0,0.0,190.0,40.0,152.66666666666666,26.97,93.662835034341,1.0,0.0,0.0,0.0,,29.66,8.8,15.668076042307712,13.393373300938588,3,3,-2.274702741369124,87.0,1.0,8651.550531,0.0,105.0,False,34.7,8.1
59110,51.0,0.0,189.0,27.0,100.66666666666667,26.75,109.70090635637733,1.0,1.0,1.0,0.0,,12.92,25.98,9.749497760322509,10.717886751854989,2,3,0.9683889915324801,88.0,1.0,10291.139832,,,False,22.1,23.9
59113,46.0,0.0,253.0,32.0,141.33333333333334,29.52,108.52722977268286,0.0,0.0,0.0,0.0,,4.49,5.41,3.1009721279823697,3.1866748997379633,1,1,0.0857027717555936,82.0,2.0,25345.948319,,,False,3.5,13.2
59117,56.0,0.0,165.0,60.0,132.0,54.93,92.76784135921042,1.0,0.0,1.0,1.0,,84.67,13.21,6.596838569698422,5.064827919992281,2,2,-1.532010649706141,80.0,1.0,18035.587579,,,False,77.9,17.3
59122,63.0,0.0,276.0,29.0,154.66666666666666,34.43,71.5119250482668,1.0,0.0,1.0,0.0,,219.39,89.25,27.81298420474824,25.169838660378748,3,3,-2.6431455443694922,81.0,2.0,51690.620582,,,False,107.5,35.7
59124,54.0,0.0,222.0,55.0,113.33333333333333,23.25,101.83554461591875,0.0,1.0,0.0,0.0,,7.08,3.87,3.1748234712870813,2.906100618400008,1,0,-0.2687228528870733,86.0,3.0,67492.475976,139834.149,143.0,False,5.1,2.9
59125,73.0,0.0,269.0,43.0,178.0,26.98,90.18094673195955,1.0,0.0,0.0,0.0,,57.37,16.93,26.617269737354437,23.175589727486184,3,3,-3.4416800098682536,81.0,1.0,12635.930248,,,False,89.5,34.2
59128,70.0,0.0,191.0,53.0,112.66666666666667,26.72,77.24472248159451,0.0,0.0,1.0,1.0,,9.64,11.51,8.001687235156657,8.20100262908616,2,2,0.1993153939295027,86.0,3.0,9246.720042,0.0,114.0,False,13.2,8.4
59130,43.0,0.0,196.0,78.0,138.0,26.73,99.3367502559088,0.0,0.0,0.0,0.0,,3.73,4.31,0.8316154193512546,0.8498090305209002,0,0,0.018193611169645574,84.0,1.0,17524.4626,,,False,1.9,3.1
59133,60.0,0.0,299.0,42.0,131.33333333333334,23.62,94.00249094921764,0.0,0.0,0.0,0.0,,25.48,4.34,7.873774851567988,6.1404129565082926,2,2,-1.7333618950596952,87.0,1.0,8651.550531,21888.265,218.0,False,80.0,7.9
59137,35.0,0.0,224.0,49.0,106.66666666666667,42.86,100.6570249346469,0.0,0.0,0.0,0.0,,2.41,3.14,0.4673718949552093,0.48633161157405025,0,0,0.01895971661884094,83.0,1.0,33986.464261,88404.619,158.0,False,7.1,7.6
59140,58.0,0.0,245.0,79.0,109.33333333333333,27.87,99.67296441746652,0.0,0.0,0.0,0.0,,3.88,4.65,2.072259046007563,2.128467752944138,0,0,0.05620870693657487,76.0,1.0,87163.835282,175809.025,139.0,False,4.0,6.0
59146,51.0,1.0,237.0,56.0,120.66666666666667,32.05,105.00826104510543,0.0,0.0,0.0,0.0,,4.32,4.46,1.23416594531697,1.2400157108879977,0,0,0.005849765571027676,76.0,1.0,100459.275616,,,False,1.9,5.4
59148,64.0,0.0,165.0,49.0,98.66666666666667,26.39,91.69282043338816,0.0,0.0,0.0,1.0,,6.23,8.75,3.9030437810822396,4.1000465277541425,1,1,0.19700274667190287,85.0,1.0,54228.877032,,,False,3.8,6.3
59152,57.0,0.0,203.0,48.0,141.33333333333334,28.12,102.45670058117187,0.0,0.0,0.0,0.0,,7.75,8.33,4.112701825591375,4.155895449881052,1,1,0.043193624289676436,78.0,2.0,14873.069878,32788.866,135.0,False,6.9,9.0
59153,35.0,1.0,145.0,60.0,122.66666666666667,40.85,87.83589535937396,0.0,0.0,0.0,0.0,2.0,7.8,245.42,0.2555009772728735,0.4280506965031198,0,0,0.17254971923024626,82.0,1.0,25473.286702,60783.179,73.0,False,19.8,294.5
59156,40.0,0.0,189.0,47.0,134.66666666666666,24.67,87.02976882152447,0.0,0.0,0.0,0.0,,2.48,3.41,0.9930696100895551,1.041482539341251,0,0,0.048412929251695935,78.0,2.0,24174.776339,,,False,2.9,6.0
59161,33.0,1.0,223.0,55.0,99.33333333333333,23.58,119.59550591529838,0.0,0.0,0.0,0.0,2.0,4.11,4.5,0.2365472200302039,0.23978066893411454,0,0,0.0032334489039106407,78.0,2.0,74179.149936,,,False,6.9,5.8
59162,61.0,1.0,198.0,33.0,114.0,32.93,85.04965031547864,0.0,0.0,0.0,0.0,,9.15,4.0,3.3301352561869373,2.9526141970355204,1,0,-0.37752105915141687,81.0,1.0,70094.328293,,,False,12.9,6.6
59165,43.0,1.0,171.0,58.0,101.33333333333333,22.12,101.2440856233302,0.0,0.0,0.0,0.0,2.0,2806.67,3.51,1.0594029686217756,0.3910202367778097,0,0,-0.6683827318439659,89.0,1.0,13949.293547,29451.249,94.0,False,421.0,2.0
59171,74.0,1.0,143.0,57.0,124.0,32.03,79.65231819221339,0.0,0.0,1.0,1.0,,5.62,5.03,7.179307926513835,7.069140614843877,2,2,-0.11016731166995797,75.0,2.0,49310.93014,,,False,5.0,8.4
59178,31.0,1.0,167.0,63.0,99.33333333333333,30.29,126.15351424229122,0.0,0.0,0.0,0.0,2.0,7.71,8.33,0.12517560486285592,0.1266356637919365,0,0,0.0014600589290805766,85.0,2.0,22183.518983,0.0,89.0,False,16.2,14.5
59179,66.0,0.0,213.0,39.0,129.33333333333334,29.62,99.52554849853037,0.0,0.0,0.0,1.0,,15.89,8.74,8.060650153058512,7.416497793048381,2,2,-0.6441523600101311,86.0,2.0,7110.277146,,,False,25.1,15.3
59186,45.0,1.0,201.0,79.0,115.33333333333333,23.53,108.62343073362948,0.0,0.0,0.0,0.0,,5.0,61.49,0.3928323640400288,0.571525028558652,0,0,0.17869266451862315,86.0,1.0,73812.908056,,,False,2.1,70.1
59190,54.0,1.0,221.0,56.0,112.66666666666667,,61.726487120608155,0.0,1.0,1.0,0.0,,8.43,9.77,3.2074172789909636,3.276887231721627,1,1,0.06946995273066348,77.0,1.0,22498.50756,51184.554,138.0,False,15.6,16.8
59196,65.0,1.0,203.0,65.0,127.33333333333333,26.25,98.01275965987278,0.0,0.0,1.0,0.0,,7.91,6.34,4.217267622138288,4.085122990054244,1,1,-0.13214463208404403,78.0,2.0,65917.895564,,,False,3.4,11.6
59200,54.0,0.0,264.0,64.0,116.0,26.49,103.25965192949795,0.0,1.0,0.0,0.0,,4.0,7.52,3.1847526587059796,3.492161925431798,1,1,0.3074092667258186,88.0,2.0,80686.340356,175479.633,182.0,False,1.2,10.6
59201,33.0,0.0,184.0,35.0,116.0,,130.06687967448534,0.0,0.0,0.0,0.0,,11.08,34.08,0.5728003485241863,0.677998951597482,0,0,0.10519860307329576,77.0,2.0,20494.089252,,,False,10.3,57.6
59204,72.0,1.0,245.0,51.0,152.0,25.06,95.69507853951238,0.0,0.0,0.0,0.0,,5.83,6.82,7.7203801745549026,7.889804749208797,2,2,0.1694245746538945,85.0,2.0,11444.484233,,,False,4.2,3.0
59205,69.0,1.0,222.0,85.0,109.33333333333333,15.22,94.55487685048607,0.0,0.0,0.0,0.0,,20.59,35.61,3.7892283081233344,4.100707355733645,1,1,0.31147904761031064,79.0,2.0,74733.588906,,,False,17.5,23.5
59206,58.0,0.0,209.0,49.0,139.33333333333334,38.41,93.96529707625147,1.0,0.0,1.0,0.0,,10.54,4.17,9.276986902375784,8.163794798292965,2,2,-1.1131921040828185,81.0,2.0,103598.034594,242824.622,148.0,False,17.7,2.5
59210,53.0,1.0,226.0,65.0,96.0,20.12,92.1815979791674,0.0,0.0,0.0,0.0,,21.7,8.06,1.3511313077509894,1.1666429088511636,0,0,-0.18448839889982582,86.0,1.0,21678.824091,47141.697,146.0,False,20.4,14.5
59211,63.0,1.0,230.0,47.0,154.0,29.72,97.45662682162178,0.0,0.0,0.0,0.0,,154.84,26.7,8.14612670068307,6.37729055301837,2,2,-1.7688361476646994,87.0,2.0,15329.331216,35032.034,149.0,False,144.0,25.1
59213,62.0,0.0,213.0,74.0,143.33333333333334,31.72,87.18576735000006,0.0,0.0,0.0,0.0,,5.73,2.64,4.273677824040804,3.819747935766964,1,1,-0.45392988827383984,88.0,1.0,5734.821408,15609.863,110.0,False,11.8,1.4
59216,41.0,0.0,178.0,46.0,102.0,26.31,100.58007691145434,0.0,0.0,0.0,0.0,,8.9,3.5,0.8004994523723459,0.696003948711228,0,0,-0.10449550366111793,83.0,1.0,24255.893217,,,False,21.0,8.5
59217,73.0,1.0,214.0,50.0,166.0,19.6,85.37581984075626,0.0,0.0,1.0,0.0,,23.64,5.0,12.421939993308653,10.098927422046408,3,3,-2.323012571262245,77.0,2.0,11802.767141,24162.919,146.0,False,39.0,3.1
59218,31.0,1.0,186.0,43.0,101.33333333333333,26.0,125.596877107096,0.0,0.0,0.0,0.0,2.0,7.61,4.85,0.2343843179876345,0.2190911685020684,0,0,-0.015293149485566121,78.0,1.0,19833.340548,,,False,5.4,6.6
59223,71.0,0.0,166.0,51.0,143.33333333333334,23.96,90.10692019576665,1.0,0.0,1.0,1.0,,61.58,18.46,15.543339961074675,13.301850052691684,3,3,-2.2414899083829916,81.0,2.0,13399.455117,38875.043,103.0,False,89.9,12.0
59224,39.0,0.0,170.0,61.0,107.33333333333333,25.21,112.56295143600661,0.0,0.0,0.0,0.0,,4.27,5.94,0.40943136160231497,0.4302673829836858,0,0,0.020836021381370806,79.0,1.0,58721.807158,,,False,4.4,3.8
59226,64.0,0.0,230.0,37.0,145.33333333333334,29.25,98.45609819703205,1.0,1.0,0.0,0.0,,59.42,78.22,20.72831639859889,21.418703089156313,3,3,0.6903866905574247,80.0,2.0,22253.348328,,,False,30.9,35.2
59230,67.0,1.0,179.0,68.0,136.0,24.22,88.62187466754497,0.0,0.0,1.0,0.0,,47.78,37.45,6.535566632261137,6.315702306681203,2,2,-0.21986432557993396,76.0,2.0,65138.423846,143589.523,97.0,False,30.1,17.6
59237,55.0,0.0,173.0,48.0,144.66666666666666,37.59,98.23778131144239,0.0,0.0,0.0,0.0,,7.0,26.58,3.349760696176779,4.0670622560556815,1,1,0.7173015598789023,79.0,2.0,98371.365395,213941.678,105.0,False,6.3,20.2
59239,78.0,0.0,169.0,43.0,138.66666666666666,23.31,57.28603975870531,1.0,0.0,1.0,1.0,,12.09,23.24,18.35350055903542,19.878652428939468,3,3,1.5251518699040467,82.0,1.0,35823.460214,,,False,11.0,15.8
59245,40.0,1.0,218.0,33.0,113.33333333333333,29.77,113.65461952506065,0.0,0.0,0.0,0.0,2.0,8.1,6.07,0.7610723043703358,0.7290483687813182,0,0,-0.032023935589017616,75.0,1.0,21284.906566,43470.784,151.0,False,11.5,7.1
59246,47.0,0.0,149.0,41.0,120.0,26.22,55.21206125659183,0.0,0.0,0.0,0.0,,4.78,6.36,1.3876894499332308,1.4479584332461963,0,0,0.060268983312965485,79.0,2.0,22829.548546,,,False,17.5,11.7
59248,50.0,0.0,209.0,62.0,114.0,28.13,71.5225257011306,0.0,0.0,0.0,0.0,,3.23,2.38,1.2508315674914887,1.195133155115491,0,0,-0.05569841237599782,84.0,1.0,17066.203194,,,False,9.8,3.4
59250,66.0,1.0,164.0,40.0,147.33333333333334,31.29,52.539095947477556,1.0,0.0,0.0,0.0,,20.97,10.58,12.602139048298216,11.513735588690384,3,3,-1.0884034596078322,78.0,2.0,19084.542922,,,False,6.5,5.5
59253,37.0,1.0,136.0,46.0,106.66666666666667,34.9,115.79508216160191,0.0,0.0,0.0,0.0,2.0,3.5,5.02,0.23959644135589234,0.25289304627843756,0,0,0.013296604922545224,75.0,2.0,40866.112466,,,False,14.1,10.8
59264,35.0,1.0,243.0,54.0,114.66666666666667,28.38,117.24440592004692,0.0,1.0,0.0,0.0,2.0,3.93,3.27,0.6555004592526187,0.6377699714725218,0,0,-0.017730487780096893,77.0,2.0,71608.615622,174244.414,168.0,False,3.5,5.4
59271,43.0,1.0,209.0,47.0,123.33333333333333,32.42,104.5817118619942,0.0,0.0,0.0,0.0,2.0,2.38,2.42,0.7203709181224278,0.7221625723196405,0,0,0.001791654197212722,81.0,2.0,14787.213711,,,False,0.5,3.6
59273,48.0,1.0,245.0,53.0,124.66666666666667,28.97,93.63206839188908,0.0,0.0,0.0,0.0,,18.3,3.96,1.5045575347127327,1.199383398176027,0,0,-0.3051741365367058,76.0,1.0,78547.963093,181400.58,176.0,False,32.2,3.8
59274,68.0,1.0,237.0,52.0,139.33333333333334,26.56,77.86483468616312,1.0,1.0,0.0,1.0,,7.52,6.41,13.028973973396262,12.759697358333407,3,3,-0.2692766150628554,81.0,1.0,7084.376544,,,False,8.2,6.6
59282,42.0,1.0,245.0,57.0,121.33333333333333,32.76,106.99049341456805,0.0,1.0,0.0,0.0,2.0,6.33,3.47,1.2573272184622735,1.150076863154099,0,0,-0.1072503553081745,80.0,1.0,13939.012804,,,False,9.3,2.6
59290,45.0,1.0,184.0,27.0,128.0,29.57,83.67930417000305,0.0,0.0,0.0,0.0,,3.28,4.6,1.357575770800666,1.4272747383070046,0,0,0.06969896750633864,87.0,1.0,21698.029982,,,False,4.1,4.6
59293,35.0,0.0,264.0,26.0,130.66666666666666,34.25,118.80943620495869,0.0,1.0,0.0,0.0,,3.53,3.42,2.6427361163699667,2.630464229857422,0,0,-0.01227188651254485,81.0,1.0,30097.596014,,,False,6.0,6.3
59294,43.0,0.0,202.0,52.0,110.0,24.12,104.48561205226885,0.0,0.0,0.0,0.0,,2.71,4.74,0.7134041933708116,0.77576243706077,0,0,0.06235824368995835,76.0,2.0,23449.987728,0.0,122.0,False,4.8,10.9
59295,45.0,0.0,283.0,51.0,115.33333333333333,26.63,108.4399793910444,0.0,0.0,0.0,0.0,,2.86,2.53,1.3996956404853809,1.3743731744878485,0,0,-0.025322465997532406,82.0,2.0,18719.828589,41269.351,188.0,False,2.2,2.2
59296,72.0,1.0,169.0,45.0,126.0,26.45,68.84080662378484,0.0,0.0,1.0,1.0,,5.14,2.68,7.532782357256819,6.879461428087123,2,2,-0.6533209291696958,81.0,2.0,38557.556002,81762.096,105.0,False,1.9,1.1
59304,42.0,0.0,188.0,40.0,111.33333333333333,44.81,95.22508924861539,1.0,0.0,0.0,0.0,,13.95,1.78,2.4849195286583274,1.8330819867079962,0,0,-0.6518375419503313,81.0,2.0,27655.499497,64663.104,125.0,False,31.8,2.9
59308,33.0,0.0,194.0,26.0,112.0,29.11,121.71122313429714,0.0,0.0,0.0,0.0,,4.91,2.86,0.5858935158545229,0.5402246593653988,0,0,-0.04566885648912411,77.0,2.0,33324.854365,75031.372,129.0,False,5.7,2.2
59310,30.0,0.0,224.0,29.0,131.33333333333334,22.78,118.63302035564686,0.0,0.0,0.0,1.0,,5.28,3.78,0.9654424415613503,0.9183648777964197,0,0,-0.04707756376493055,83.0,2.0,21167.446985,64091.886,158.0,False,1.9,16.0
59314,47.0,1.0,180.0,57.0,113.33333333333333,38.31,108.8128134010781,0.0,0.0,0.0,0.0,,9.63,6.88,0.6930532101151413,0.6591607275915353,0,0,-0.03389248252360599,87.0,1.0,21698.029982,47116.236,104.0,False,7.7,6.4
59316,54.0,0.0,157.0,50.0,107.33333333333333,18.29,83.39843624355093,0.0,1.0,0.0,0.0,,2.93,2.31,2.2948577121698013,2.2157207517218858,0,0,-0.07913696044791552,80.0,2.0,24300.320276,54173.186,89.0,False,4.1,3.6
59320,72.0,0.0,201.0,41.0,132.0,28.47,82.94318880349778,0.0,0.0,1.0,0.0,,7.27,6.13,11.88399839864744,11.616925453026022,3,3,-0.26707294562141826,76.0,2.0,34497.820791,,,False,6.4,1.9
59324,65.0,0.0,192.0,36.0,112.66666666666667,33.99,88.82711070828788,0.0,0.0,0.0,0.0,,6.85,9.14,5.465959876451557,5.695417073954007,2,2,0.22945719750244997,76.0,2.0,59368.56666,,,False,17.4,6.4
59326,66.0,1.0,279.0,71.0,172.66666666666666,30.39,93.71518901835319,0.0,0.0,0.0,0.0,,14.52,8.57,6.96583374877708,6.470021626454778,2,2,-0.49581212232230243,85.0,2.0,6337.115735,,,False,6.1,7.2
59327,44.0,1.0,234.0,95.0,108.0,18.64,110.06734800595726,0.0,0.0,0.0,0.0,2.0,5.25,6.34,0.26923000825447524,0.27694233058594914,0,0,0.0077123223314738976,79.0,2.0,89003.614046,,,False,5.2,10.4
59328,31.0,0.0,220.0,45.0,114.0,25.38,108.37338553925159,0.0,0.0,0.0,0.0,,4.73,9.53,0.4244506624870094,0.47158805482117727,0,0,0.04713739233416786,79.0,1.0,56323.413154,,,False,7.9,6.1
59333,72.0,1.0,227.0,49.0,102.0,35.1,93.83731318939333,0.0,0.0,1.0,0.0,,5.52,3.97,7.216118088319351,6.891750520389241,2,2,-0.3243675679301097,77.0,2.0,11802.767141,25766.358,148.0,False,1.6,2.3
59334,52.0,0.0,153.0,45.0,103.33333333333333,32.9,91.65680776065304,0.0,0.0,0.0,0.0,,2.02,2.67,1.3815768497399716,1.4401674088466048,0,0,0.05859055910663313,75.0,2.0,116611.689747,244506.221,89.0,False,1.7,2.4
59340,64.0,1.0,170.0,60.0,134.0,34.24,72.35257817155274,0.0,0.0,1.0,1.0,,10.5,6.24,4.208400205005444,3.904491526321566,1,1,-0.30390867868387783,87.0,1.0,7728.857154,16872.696,88.0,False,6.3,7.3
59342,46.0,1.0,192.0,40.0,105.33333333333333,39.1,70.36232082280696,0.0,0.0,0.0,0.0,,2.53,2.15,0.7996707032454335,0.7805201269963442,0,0,-0.019150576249089335,82.0,2.0,22758.235199,,,False,2.3,2.6
59349,63.0,1.0,229.0,58.0,130.66666666666666,45.39,67.321642049461,1.0,0.0,1.0,0.0,,8.5,8.75,8.089117146826023,8.12152982830487,2,2,0.03241268147884746,77.0,2.0,67460.906625,,,False,6.8,2.8
59356,32.0,0.0,176.0,43.0,122.66666666666667,32.13,122.47054048530603,0.0,0.0,0.0,0.0,,4.83,3.77,0.45603414940076503,0.4393603343657233,0,0,-0.016673815035041728,88.0,2.0,24399.209353,53592.585,106.0,False,10.1,7.2
59360,48.0,1.0,185.0,57.0,124.66666666666667,20.09,81.01378703394356,0.0,1.0,0.0,0.0,,5.88,7.5,1.6375345714052234,1.6974281662502306,0,0,0.059893594845007225,75.0,1.0,117706.403288,,,False,1.0,13.5
59367,40.0,0.0,186.0,40.0,116.66666666666667,39.1,103.76973932002895,0.0,0.0,1.0,0.0,,3.29,5.76,0.9472828555105856,1.0300202321320444,0,0,0.08273737662145886,79.0,2.0,75648.543242,164523.245,124.0,False,5.6,6.8
59372,40.0,1.0,285.0,97.0,115.33333333333333,26.82,80.7236532975235,0.0,0.0,0.0,0.0,2.0,3.91,2.33,0.2671555407687516,0.24722959651806486,0,0,-0.019925944250686722,77.0,1.0,76603.798386,166578.826,171.0,False,2.5,5.4
59378,57.0,0.0,214.0,62.0,139.33333333333334,27.28,88.8504618294754,0.0,1.0,0.0,0.0,,3.6,6.0,4.502321465984775,4.845873720275473,1,1,0.3435522542906986,84.0,1.0,13983.156639,,,False,5.0,12.3
59379,53.0,0.0,240.0,71.0,122.0,20.93,86.86029175261116,0.0,0.0,0.0,0.0,,4.42,2.87,1.8630623723524213,1.7475053486281367,0,0,-0.11555702372428467,86.0,2.0,81363.220281,168572.223,145.0,False,1.9,3.1
59384,42.0,0.0,222.0,43.0,110.66666666666667,30.06,109.72648860781621,0.0,0.0,0.0,0.0,,3.52,3.05,0.8950453837352178,0.8760505502548307,0,0,-0.018994833480387108,80.0,1.0,69231.012046,,,False,4.4,4.3
59385,43.0,1.0,188.0,58.0,132.66666666666666,27.33,89.64982944285553,0.0,0.0,0.0,0.0,2.0,3.57,4.72,0.7137834824483141,0.7441142612314315,0,0,0.030330778783117407,82.0,1.0,24862.576212,55081.401,110.0,False,6.6,12.6
59388,61.0,1.0,197.0,48.0,154.0,31.64,109.97752111145955,1.0,0.0,0.0,0.0,,20.0,9.09,8.963430401352474,8.04322985772472,2,2,-0.9202005436277538,81.0,1.0,7084.376544,15791.162,104.0,False,1.4,4.0
59390,64.0,0.0,173.0,43.0,119.33333333333333,29.51,57.10313687787574,0.0,0.0,0.0,1.0,,3.98,6.07,4.212308610133005,4.477116406233369,1,1,0.26480779610036453,75.0,2.0,67037.944217,,,False,7.6,6.5
59397,65.0,0.0,150.0,32.0,122.66666666666667,37.32,69.18163604517318,0.0,0.0,0.0,1.0,,22.56,12.63,5.847062966858825,5.383053432944275,2,2,-0.4640095339145498,85.0,2.0,60126.120447,145258.13,85.0,False,27.3,12.0
59398,45.0,0.0,226.0,46.0,102.66666666666667,28.55,108.06634763368162,0.0,1.0,0.0,0.0,,4.4,5.08,1.9762708834251104,2.0187509557795296,0,0,0.042480072354419196,80.0,1.0,14077.146805,30513.234,148.0,False,4.0,3.3
59399,55.0,0.0,201.0,59.0,115.33333333333333,22.92,70.01516899852547,0.0,0.0,0.0,0.0,,1.95,2.53,1.7761118339729554,1.8460262442611124,0,0,0.06991441028815704,78.0,1.0,17597.093492,39206.161,124.0,False,1.7,2.5
59405,62.0,0.0,149.0,29.0,123.33333333333333,32.84,96.56636277485984,1.0,0.0,0.0,0.0,,33.26,25.82,9.383111994798607,9.063013845215039,2,2,-0.3200981495835684,79.0,1.0,62687.095274,,,False,28.6,14.2
59406,77.0,1.0,196.0,68.0,154.66666666666666,,36.84558816088419,1.0,0.0,1.0,1.0,,52.37,8.2,18.918543284328198,15.011908764617914,3,3,-3.906634519710284,79.0,1.0,16447.481776,,,False,92.7,11.4
59408,48.0,0.0,174.0,31.0,132.0,36.81,81.91122422185927,0.0,1.0,1.0,1.0,,6.61,3.68,3.9225049152363796,3.602454818964643,1,1,-0.32005009627173653,78.0,2.0,29998.785485,,,False,3.9,12.4
59418,48.0,0.0,202.0,53.0,108.66666666666667,26.33,97.50020115873319,0.0,0.0,1.0,0.0,,4.29,3.82,1.4335915286405996,1.4090413306351952,0,0,-0.024550198005404367,76.0,2.0,80126.824664,166010.599,137.0,False,4.5,5.5
59420,76.0,0.0,163.0,71.0,127.33333333333333,25.8,74.41539162850705,0.0,0.0,1.0,1.0,,9.38,6.85,9.480722055210846,9.081132306789675,2,2,-0.399589748421171,77.0,2.0,34845.170911,80464.469,76.0,False,6.0,8.9
59426,45.0,0.0,222.0,58.0,127.33333333333333,25.2,96.90869009772015,0.0,0.0,1.0,0.0,,5.78,8.57,1.5963552384278936,1.6925252131220159,0,0,0.09616997469412225,79.0,1.0,17836.160373,37459.185,145.0,False,18.9,7.2
59428,48.0,0.0,266.0,58.0,118.0,25.47,96.29526003049038,0.0,0.0,0.0,0.0,,7.68,3.81,1.7621132199931815,1.5879289767230753,0,0,-0.17418424327010618,79.0,1.0,66642.641207,138073.421,193.0,False,10.9,5.6
59432,44.0,0.0,256.0,51.0,115.33333333333333,26.44,78.03269619358716,0.0,0.0,0.0,0.0,,3.0,2.67,1.187352210880172,1.166882281863282,0,0,-0.02046992901688993,78.0,2.0,23458.877905,,,False,2.1,4.3
59433,63.0,0.0,199.0,67.0,136.0,24.15,99.07033426950296,0.0,0.0,1.0,0.0,,4.55,3.22,4.9019625910222935,4.664227733118948,1,1,-0.23773485790334536,86.0,1.0,59035.504595,,,False,5.0,4.8
59437,60.0,0.0,171.0,38.0,131.33333333333334,26.19,86.16262077966914,1.0,0.0,0.0,0.0,,5.32,10.29,7.162394236483079,7.853734002601824,2,2,0.6913397661187446,88.0,2.0,4687.555424,10823.534,108.0,False,3.3,10.7
59439,42.0,1.0,206.0,43.0,104.66666666666667,24.98,97.19203218623511,0.0,0.0,0.0,0.0,2.0,4.71,4.25,0.6057838253576386,0.596564937191587,0,0,-0.009218888166051653,82.0,2.0,27433.931898,,,False,6.6,10.7
59440,48.0,0.0,186.0,40.0,106.0,26.51,99.99483475515086,0.0,0.0,0.0,0.0,,5.07,4.01,1.3838134293618214,1.3363018843161552,0,0,-0.04751154504566624,86.0,1.0,78911.724158,,,False,3.6,6.7
59441,62.0,0.0,299.0,35.0,114.0,30.04,87.18576735000006,0.0,0.0,0.0,0.0,,6.4,2.98,6.497586202397734,5.830560035957237,2,2,-0.6670261664404968,85.0,2.0,7399.58979,,,False,3.2,3.6
59443,30.0,0.0,150.0,33.0,140.0,29.52,89.67161588242378,0.0,0.0,0.0,0.0,,2.17,1.6,0.6042686251657728,0.5772498321899495,0,0,-0.027018792975823325,89.0,2.0,19308.187017,,,False,3.4,4.9
59446,43.0,1.0,282.0,47.0,110.66666666666667,32.43,87.12453388757395,0.0,0.0,0.0,0.0,2.0,4.5,2.74,0.8640517343318342,0.8025343745407437,0,0,-0.06151735979109052,80.0,2.0,73624.439794,,,False,5.8,4.9
59447,37.0,0.0,229.0,43.0,124.0,30.07,116.02738864576968,0.0,0.0,0.0,0.0,,5.26,3.76,0.9202572980171235,0.8751657782952006,0,0,-0.045091519721922935,81.0,1.0,24660.400133,,,False,10.3,7.9
59448,46.0,0.0,190.0,38.0,118.66666666666667,23.13,110.53251631112349,0.0,0.0,0.0,0.0,,16.47,2.34,1.6487422649737435,1.2331298728537963,0,0,-0.41561239211994727,75.0,1.0,31289.178968,,,False,50.9,3.9
59460,46.0,0.0,184.0,59.0,91.33333333333333,18.19,110.11861928173762,0.0,1.0,0.0,0.0,,3.67,77.03,1.5853576020095894,2.48747454071778,0,0,0.9021169387081907,81.0,2.0,90183.305903,207262.676,89.0,False,6.6,28.5
59461,59.0,0.0,221.0,52.0,116.0,26.75,88.82774088552983,0.0,0.0,0.0,0.0,,4.41,3.69,3.183076286897116,3.101162502447937,1,1,-0.08191378444917907,86.0,3.0,8139.940051,18394.698,125.0,False,5.2,5.9
59462,39.0,1.0,152.0,71.0,117.33333333333333,28.05,114.7852460631798,0.0,0.0,0.0,0.0,2.0,4.84,5.39,0.22067668458011278,0.22426321246664893,0,0,0.003586527886536156,85.0,2.0,64256.707482,,,False,1.5,5.5
59463,54.0,1.0,222.0,61.0,139.33333333333334,38.4,80.22947559472446,0.0,0.0,0.0,0.0,,4.55,4.44,2.002151406921775,1.9949556588588913,0,0,-0.0071957480628837,75.0,2.0,91073.461981,210327.272,145.0,False,10.6,8.4
59464,36.0,1.0,230.0,49.0,110.0,35.07,112.93803135216743,0.0,0.0,0.0,0.0,2.0,5.19,4.59,0.3638334843320531,0.35720855151268305,0,0,-0.006624932819370044,77.0,2.0,24814.811919,49051.348,134.0,False,5.6,6.8
59468,72.0,1.0,204.0,82.0,139.33333333333334,26.06,67.92395210295867,0.0,0.0,0.0,0.0,,21.27,79.13,6.804197631719864,8.16652120841391,2,2,1.3623235766940454,76.0,1.0,36689.33505,,,False,16.8,18.2
59469,66.0,0.0,177.0,42.0,109.33333333333333,23.29,94.19369712877099,0.0,0.0,0.0,1.0,,4.39,5.24,4.426204473890995,4.5406552690445485,1,1,0.11445079515355339,85.0,1.0,53193.80154,,,False,6.5,9.7
59471,52.0,1.0,278.0,64.0,104.66666666666667,28.2,107.08254703824886,0.0,1.0,0.0,0.0,,4.18,4.04,1.7980793343381394,1.7890712943072715,0,0,-0.009008040030867859,76.0,1.0,26284.468736,59998.102,200.0,False,5.6,3.8
59478,32.0,1.0,212.0,40.0,128.66666666666666,59.2,122.72411439869488,0.0,0.0,0.0,0.0,2.0,10.47,4.41,0.5596184624590209,0.49183119736037584,0,0,-0.06778726509864508,83.0,2.0,35207.447574,,,False,24.3,10.1
59480,67.0,1.0,172.0,85.0,148.66666666666666,26.83,96.0859498102275,1.0,0.0,1.0,0.0,,7.24,4.55,7.205910631687237,6.753334223168689,2,2,-0.4525764085185484,88.0,2.0,5302.202469,12500.352,70.0,False,4.2,1.5
59484,37.0,0.0,237.0,47.0,118.0,33.28,118.72074042814532,0.0,0.0,0.0,0.0,,7.55,3.38,0.8157725707373449,0.7232160700140985,0,0,-0.0925565007232464,87.0,1.0,33958.460784,,,False,15.7,4.7
59486,79.0,0.0,167.0,44.0,141.33333333333334,23.19,69.0379613650615,0.0,0.0,1.0,0.0,,4.51,3.48,15.763501921274191,15.250572861470044,3,3,-0.5129290598041472,82.0,1.0,11046.661885,,,False,8.2,5.7
59493,52.0,1.0,202.0,55.0,125.33333333333333,25.26,103.9959585346828,0.0,0.0,0.0,0.0,,8.46,4.49,1.44875436488918,1.3190578441082934,0,0,-0.12969652078088667,81.0,2.0,14224.31646,30486.07,137.0,False,2.2,2.2
59495,79.0,0.0,227.0,73.0,110.0,21.95,90.71464650784597,0.0,0.0,0.0,0.0,,5.1,7.3,11.461870509048389,12.02303041561423,3,3,0.561159906565841,77.0,1.0,29609.395167,,,False,5.1,8.1
59497,46.0,0.0,192.0,41.0,125.33333333333333,43.17,107.03047456623212,0.0,0.0,0.0,0.0,,1.8,2.36,1.2998947098568652,1.3534336081914737,0,0,0.053538898334608565,83.0,2.0,77051.220886,167014.095,128.0,False,4.2,1.7
59499,67.0,0.0,191.0,67.0,114.0,24.73,63.72441025824611,0.0,0.0,0.0,1.0,,2.34,3.37,3.6374158913193053,3.8354914210104676,1,1,0.19807552969116227,86.0,1.0,55613.441061,128422.558,115.0,False,4.3,5.6
59501,30.0,1.0,220.0,44.0,97.33333333333333,31.63,121.39341747138397,0.0,1.0,0.0,0.0,2.0,7.83,4.74,0.5323623374104771,0.49391375717529384,0,0,-0.03844858023518327,89.0,2.0,17191.429295,,,False,7.2,9.0
59502,69.0,1.0,194.0,75.0,108.0,32.14,91.98287140325584,0.0,0.0,1.0,1.0,,10.0,3.5,4.343932700657083,3.7341978137407894,1,1,-0.6097348869162937,78.0,2.0,7072.217427,15764.06,93.0,False,2.9,0.7
59508,34.0,1.0,228.0,59.0,104.0,23.75,103.74409263461112,0.0,0.0,0.0,0.0,2.0,4.47,4.04,0.2478771929971799,0.2441510084723325,0,0,-0.0037261845248473813,84.0,1.0,52664.220216,128147.237,141.0,False,4.6,9.0
59509,67.0,1.0,223.0,65.0,126.66666666666667,23.09,85.83070615374714,0.0,0.0,1.0,1.0,,5.22,4.33,4.757495944681071,4.631943802698553,1,1,-0.12555214198251807,82.0,2.0,8266.853321,,,False,1.2,2.9
59510,32.0,1.0,193.0,53.0,117.33333333333333,25.69,119.4524751675974,0.0,0.0,0.0,0.0,2.0,50.4,17.84,0.33097546355606594,0.2833303595075381,0,0,-0.04764510404852784,79.0,1.0,54729.408706,135470.539,125.0,False,49.9,23.9
59514,41.0,1.0,233.0,50.0,138.0,51.3,93.46804759601483,1.0,0.0,0.0,1.0,2.0,102.55,31.56,5.108875077744015,4.316242374898327,2,1,-0.7926327028456877,81.0,2.0,15109.329324,32244.686,110.0,False,161.0,20.2
59516,62.0,1.0,151.0,52.0,165.33333333333334,32.35,76.33538367974322,1.0,0.0,1.0,1.0,,3.0,7.92,7.818826093973976,8.935902195384532,2,2,1.1170761014105564,86.0,1.0,17208.930385,39327.471,77.0,False,1.5,15.2
59521,53.0,0.0,230.0,43.0,133.33333333333334,24.19,92.2050404252827,0.0,0.0,0.0,0.0,,2.45,2.7,2.8993586542223007,2.9409526021627492,0,0,0.04159394794044857,81.0,1.0,13280.538343,29783.242,161.0,False,1.3,4.1
59522,37.0,0.0,153.0,53.0,96.66666666666667,63.91,113.97182093885148,1.0,0.0,1.0,0.0,,2.92,2.14,1.3795149444525099,1.3171033315508922,0,0,-0.062411612901617675,75.0,2.0,37644.36001,,,False,5.7,4.1
59530,42.0,1.0,222.0,61.0,106.0,22.62,97.19203218623511,0.0,0.0,0.0,0.0,2.0,4.64,2.84,0.443266749799445,0.41190404255727137,0,0,-0.03136270724217366,83.0,1.0,73932.132112,,,False,8.4,4.8
59531,37.0,1.0,194.0,45.0,97.33333333333333,24.19,89.17663540082094,0.0,1.0,0.0,0.0,2.0,9.52,4.52,0.8033772160023884,0.7189929816664938,0,0,-0.08438423433589459,81.0,2.0,43181.860913,104722.944,125.0,False,8.0,1.9
59533,42.0,1.0,156.0,44.0,127.33333333333333,30.4,97.19203218623511,0.0,0.0,0.0,0.0,2.0,5.72,3.19,0.7117955042616017,0.6524437970430962,0,0,-0.05935170721850547,78.0,1.0,26935.675201,59674.216,90.0,False,12.3,4.4
59534,39.0,1.0,183.0,38.0,118.66666666666667,26.98,110.85038106649752,0.0,1.0,0.0,0.0,2.0,4.11,2.15,1.0099242850386512,0.9171720288896078,0,0,-0.09275225614904337,75.0,2.0,19018.998244,,,False,5.1,1.4
59537,58.0,0.0,248.0,36.0,104.66666666666667,30.52,83.23019426426951,1.0,0.0,0.0,0.0,,3.0,1.68,6.670932924056411,6.146058890962578,2,2,-0.5248740330938322,76.0,1.0,87163.835282,,,False,3.3,2.4
59539,42.0,0.0,252.0,54.0,116.0,27.18,85.0255524385543,0.0,1.0,0.0,0.0,,4.42,5.85,1.6939176615339775,1.7658629844930267,0,0,0.07194532295904921,82.0,2.0,25225.930312,55809.021,149.0,False,17.1,13.1
59541,49.0,0.0,244.0,30.0,94.66666666666667,34.6,106.90250104855062,1.0,0.0,1.0,0.0,,4.48,4.94,6.719407721111318,6.81251379451683,2,2,0.09310607340551247,85.0,2.0,80281.921306,,,False,6.9,11.9
59542,58.0,0.0,144.0,38.0,131.33333333333334,32.46,83.23019426426951,0.0,0.0,0.0,1.0,,2.91,1.84,2.601909809087206,2.432130181261123,0,0,-0.16977962782608325,86.0,1.0,20010.297039,,,False,5.9,3.7
59546,49.0,0.0,286.0,52.0,144.0,34.23,110.18297780326571,0.0,0.0,0.0,0.0,,254.44,72.73,5.847491368486238,4.889211917478377,2,1,-0.9582794510078605,76.0,1.0,19305.950807,42419.337,187.0,False,160.3,80.0
59547,51.0,1.0,221.0,49.0,142.66666666666666,19.15,82.8957770560832,0.0,1.0,1.0,0.0,,264.14,18.13,7.395516171257736,5.070830695384757,2,2,-2.324685475872979,80.0,2.0,26284.468736,,,False,644.5,13.6
59556,45.0,0.0,225.0,45.0,109.0,31.19,83.45386204593456,0.0,0.0,1.0,0.0,,8.04,3.9,1.5980788528501444,1.435065954878139,0,0,-0.16301289797200536,77.0,2.0,23760.051347,,,False,17.2,7.6
59558,47.0,1.0,212.0,64.0,118.66666666666667,21.96,113.70059034885377,0.0,0.0,0.0,0.0,,5.25,3.51,0.6959967455432153,0.6554437384829075,0,0,-0.040553007060307844,75.0,2.0,23925.794123,,,False,0.21,1.3
59560,66.0,0.0,239.0,71.0,114.66666666666667,24.46,83.00664385952577,0.0,0.0,0.0,0.0,,2.39,3.73,4.181222948937668,4.458964429033727,1,1,0.2777414800960587,79.0,1.0,62920.012242,,,False,1.1,3.1
59561,67.0,0.0,192.0,47.0,116.66666666666667,28.04,101.43075268766957,0.0,0.0,0.0,0.0,,6.96,8.42,5.795411760040436,5.954418722289945,2,2,0.15900696224950917,81.0,1.0,7237.546495,19851.152,124.0,False,5.5,6.4
59562,45.0,1.0,188.0,55.0,126.66666666666667,26.11,108.62343073362948,0.0,0.0,0.0,0.0,,5.54,5.0,0.7806448772446735,0.7688098339703113,0,0,-0.011835043274362134,75.0,1.0,29032.124332,,,False,6.2,2.8
59565,42.0,1.0,181.0,25.0,163.33333333333334,34.72,112.24967112652445,0.0,1.0,1.0,1.0,2.0,2.89,2.63,4.699973478904808,4.6369887802725795,1,1,-0.06298469863222866,75.0,2.0,23499.838461,,,False,1.3,0.5
59566,55.0,0.0,239.0,85.0,184.66666666666666,18.11,103.36001908922017,0.0,0.0,0.0,0.0,,8.24,6.52,4.860657817218967,4.6997481778470895,1,1,-0.1609096393718774,86.0,3.0,68871.178599,,,False,4.2,3.0
59567,33.0,1.0,212.0,51.0,115.33333333333333,36.86,77.21310564819024,0.0,0.0,0.0,0.0,2.0,1.7,6.29,0.2678921174963423,0.3258418942046111,0,0,0.05794977670826884,88.0,2.0,17856.435749,,,False,2.6,4.4
59570,72.0,1.0,183.0,34.0,126.66666666666667,27.57,47.150050429987445,1.0,0.0,1.0,0.0,,47.35,8.78,18.59434582557803,15.064440368792264,3,3,-3.5299054567857677,87.0,2.0,41101.228745,,,False,55.4,7.9
59571,35.0,0.0,242.0,36.0,127.33333333333333,29.39,103.12709855848226,0.0,0.0,0.0,0.0,,2.44,2.94,0.9671634445633351,0.9945008226000271,0,0,0.027337378036692006,77.0,2.0,56137.422196,176508.298,140.0,False,1.9,4.0
59582,71.0,0.0,148.0,40.0,180.66666666666666,35.33,37.24804605747576,1.0,0.0,1.0,1.0,,709.62,254.59,28.617191578953864,25.562312638457403,3,3,-3.0548789404964616,75.0,1.0,15281.510397,,,False,738.0,94.2
59586,60.0,1.0,143.0,45.0,132.66666666666666,29.97,57.52476157193409,0.0,0.0,0.0,1.0,,5.51,4.75,2.8094742454269372,2.7492703556925138,0,0,-0.06020388973442348,75.0,1.0,6782.108201,,,False,5.9,1.9
59588,53.0,1.0,218.0,60.0,133.33333333333334,35.51,93.63900534452222,0.0,1.0,0.0,0.0,,12.35,6.32,3.056170975918095,2.771861697862816,1,0,-0.28430927805527917,75.0,1.0,20180.00055,39966.897,115.0,False,30.0,5.5
59594,42.0,0.0,276.0,30.0,110.66666666666667,27.37,113.74802947808789,0.0,0.0,0.0,0.0,,8.51,6.16,1.6720020870507055,1.5936358980533787,0,0,-0.07836618899732684,83.0,2.0,98380.122663,,,False,13.1,10.9
59598,43.0,0.0,154.0,34.0,117.33333333333333,23.78,111.36909023142913,0.0,1.0,0.0,0.0,,3.89,2.65,1.5367341807687895,1.4514473454153303,0,0,-0.08528683535345927,88.0,2.0,16904.448733,35236.723,83.0,False,7.4,6.8
59600,52.0,0.0,198.0,35.0,107.33333333333333,29.85,88.43145178006125,0.0,0.0,0.0,1.0,,3.64,6.21,1.98458153021567,2.147720246609555,0,0,0.1631387163938851,76.0,2.0,92447.874289,,,False,3.9,13.1
59603,54.0,1.0,192.0,60.0,101.33333333333333,27.08,108.38514429682519,0.0,0.0,0.0,0.0,,14.59,17.84,1.270495028286893,1.3089270532918336,0,0,0.038432025004940584,78.0,2.0,14378.292026,30458.738,110.0,False,8.9,6.6
59604,78.0,0.0,193.0,57.0,151.33333333333334,26.18,65.82864898206702,0.0,0.0,1.0,1.0,,7.2,13.96,14.658466315691985,15.953942620402449,3,3,1.2954763047104638,84.0,1.0,27648.775659,,,False,3.6,6.7
59605,47.0,0.0,224.0,63.0,122.0,26.32,83.32220929240275,0.0,0.0,0.0,1.0,,4.29,4.16,1.2227232931343677,1.2171237826185342,0,0,-0.005599510515833517,79.0,1.0,82662.426594,,,False,3.0,4.2
59606,30.0,1.0,228.0,56.0,110.66666666666667,28.12,120.0805335298673,0.0,0.0,0.0,0.0,2.0,11.92,10.53,0.21596709543529907,0.21199281833105907,0,0,-0.003974277104240004,77.0,2.0,24814.811919,49051.348,149.0,False,8.7,4.0
59607,71.0,1.0,177.0,62.0,118.0,34.38,94.07058107064435,1.0,0.0,1.0,1.0,,13.9,11.04,8.881938193010154,8.606010549318222,2,2,-0.2759276436919311,76.0,1.0,36689.33505,85996.553,90.0,False,10.7,10.6
59608,36.0,1.0,201.0,54.0,113.33333333333333,24.64,83.84951614793273,0.0,0.0,0.0,0.0,2.0,4.07,4.71,0.31291596487018364,0.319830069239589,0,0,0.006914104369405372,88.0,1.0,18108.840553,,,False,6.1,3.3
59610,39.0,1.0,230.0,65.0,120.66666666666667,37.98,99.02245416409656,0.0,0.0,0.0,0.0,2.0,5.37,13.75,0.4335983035615716,0.49900070602399793,0,0,0.06540240246242635,84.0,1.0,13232.962282,,,False,7.3,13.2
59612,69.0,0.0,142.0,31.0,132.0,31.62,59.467243663401554,1.0,0.0,1.0,1.0,,11.43,10.13,12.24633571547658,12.051741493938069,3,3,-0.19459422153851058,77.0,2.0,7591.775942,16755.228,40.0,False,11.2,15.2
59615,70.0,0.0,178.0,70.0,131.33333333333334,29.24,93.14949797414734,0.0,0.0,1.0,1.0,,17.06,7.17,7.306799543188165,6.468297220483506,2,2,-0.8385023227046595,80.0,1.0,8695.598223,,,False,34.3,3.3
59616,43.0,0.0,221.0,62.0,114.66666666666667,23.96,100.5797495052117,0.0,0.0,0.0,0.0,,2.48,3.27,0.720201859687884,0.7506824551391034,0,0,0.030480595451219394,76.0,2.0,92531.23983,203601.285,138.0,False,2.6,3.2
59622,60.0,1.0,315.0,59.0,139.33333333333334,26.65,105.33437748936937,0.0,0.0,0.0,0.0,,57.69,49.58,5.030078327264468,4.922538659124648,2,1,-0.10753966813981997,76.0,1.0,8342.548871,18273.472,213.0,False,92.3,47.1
59627,71.0,1.0,208.0,59.0,136.0,39.82,97.9351375071634,1.0,0.0,1.0,0.0,,8.86,2.31,10.585096600117287,8.821326029176937,3,2,-1.7637705709403502,78.0,2.0,15815.078363,38078.257,135.0,False,3.9,0.6
59631,64.0,0.0,230.0,57.0,136.66666666666666,20.77,103.79762220334052,0.0,0.0,0.0,0.0,,4.31,2.13,5.470224681087257,4.945240574466433,2,1,-0.5249841066208241,79.0,2.0,67282.737786,,,False,4.7,4.4
59637,40.0,1.0,197.0,42.0,111.33333333333333,45.66,103.15082010850207,0.0,1.0,1.0,0.0,2.0,5.91,24.55,1.2261365842228373,1.5139667069714329,0,0,0.28783012274859554,80.0,2.0,20085.254705,,,False,10.1,10.8
59638,40.0,0.0,165.0,48.0,105.33333333333333,27.22,97.57511057093221,0.0,1.0,0.0,0.0,,30.51,22.47,1.3043537134772778,1.246210693645552,0,0,-0.05814301983172587,75.0,1.0,31944.033487,74418.991,94.0,False,30.2,18.2
59640,54.0,0.0,150.0,32.0,138.0,41.79,96.33220950344462,0.0,0.0,1.0,0.0,,5.26,5.19,3.6514696741514086,3.6443588196566243,1,1,-0.007110854494784213,76.0,2.0,21948.739149,46021.143,76.0,False,7.0,8.1
59642,49.0,0.0,194.0,32.0,118.66666666666667,24.17,93.38298460428818,0.0,0.0,0.0,0.0,,2.76,4.96,1.7806069601179557,1.9422058598160663,0,0,0.1615988996981106,82.0,2.0,99538.926616,,,False,1.6,5.6
59644,64.0,1.0,164.0,56.0,157.33333333333334,32.59,43.498604971157135,1.0,0.0,1.0,1.0,,586.21,65.0,20.17980598013842,15.378012457212934,3,3,-4.801793522925484,75.0,1.0,8780.848777,,,False,170.0,18.2
59651,67.0,1.0,214.0,73.0,137.33333333333334,22.65,83.19657984631601,0.0,0.0,0.0,0.0,,23.28,3.69,4.988883557075448,3.8298214076690495,1,1,-1.1590621494063988,78.0,2.0,71331.895741,,,False,31.2,2.4
59665,42.0,1.0,183.0,32.0,106.0,28.93,119.44576418191338,0.0,0.0,0.0,0.0,2.0,5.81,6.48,0.6645298241879798,0.6754332003758456,0,0,0.010903376187865854,86.0,1.0,17387.624199,39689.767,138.0,False,7.9,4.6
59666,66.0,0.0,145.0,41.0,134.66666666666666,27.62,75.68404724654566,1.0,0.0,0.0,0.0,,2.5,1.76,7.86768036014709,7.49197739836067,2,2,-0.3757029617864198,78.0,1.0,7880.264766,,,False,4.0,3.3
59668,63.0,1.0,158.0,45.0,116.66666666666667,29.03,97.45662682162178,0.0,0.0,1.0,1.0,,5.5,6.15,3.286669634193761,3.340392566603459,1,1,0.05372293240969794,79.0,2.0,79332.173069,184520.34,95.0,False,9.3,11.0
59674,61.0,1.0,192.0,43.0,132.0,35.34,67.31309542200452,0.0,0.0,0.0,0.0,,3.6,2.41,3.3827355905968326,3.1912718485449236,1,1,-0.19146374205190897,80.0,2.0,77758.252044,180859.524,124.0,False,4.1,2.1
59678,51.0,0.0,215.0,56.0,126.66666666666667,30.89,92.22862523712321,0.0,0.0,0.0,0.0,,10.65,5.1,2.198105274671427,1.9713565675169937,0,0,-0.22674870715443318,84.0,2.0,13839.65312,31529.481,137.0,False,13.1,7.8
59688,39.0,1.0,236.0,37.0,124.0,67.83,90.59663468220573,1.0,0.0,0.0,1.0,2.0,6.33,4.66,3.164987708468336,3.0270619723089895,1,1,-0.13792573615934645,80.0,1.0,13592.020382,31383.884,141.0,False,8.1,7.6
59689,44.0,0.0,184.0,37.0,131.33333333333334,35.93,96.33249047617024,0.0,0.0,1.0,0.0,,4.35,2.67,1.8114082934449098,1.684866400282931,0,0,-0.12654189316197884,80.0,2.0,78710.236967,,,False,5.4,3.5
59692,65.0,0.0,191.0,40.0,104.0,26.44,57.752019079696694,1.0,0.0,0.0,1.0,,5.31,4.94,8.16461507626799,8.08320861178381,2,2,-0.08140646448418032,77.0,2.0,58285.415253,136615.854,128.0,False,5.1,4.1
59693,59.0,1.0,197.0,64.0,114.0,30.55,81.15837564683227,0.0,0.0,0.0,1.0,,3.23,9.22,1.5339571566218189,1.7908669430584008,0,0,0.2569097864365819,76.0,2.0,108048.508847,234956.937,99.0,False,2.0,8.3
59694,42.0,0.0,184.0,26.0,137.33333333333334,41.04,110.10156609065221,0.0,1.0,0.0,0.0,,7.35,11.23,3.1984600924236246,3.4026946690685143,1,1,0.20423457664488964,87.0,2.0,15714.553251,,,False,7.2,11.9
59710,44.0,0.0,144.0,49.0,110.0,24.23,94.04795859436328,0.0,1.0,0.0,0.0,,4.83,4.43,1.1002725945284864,1.0861578484026406,0,0,-0.014114746125845734,84.0,1.0,67765.448326,,,False,12.8,9.4
59712,32.0,0.0,145.0,52.0,122.66666666666667,20.58,116.37403734517422,0.0,0.0,0.0,0.0,,2.37,3.69,0.28688972218072917,0.30666501668426993,0,0,0.019775294503540763,86.0,1.0,17976.796601,,,False,0.9,5.8
59713,65.0,1.0,196.0,52.0,152.66666666666666,25.7,72.88561202675902,0.0,1.0,0.0,0.0,,7.5,6.58,7.996599474095768,7.8532473592397025,2,2,-0.14335211485606525,83.0,2.0,20038.030035,,,False,9.3,12.7
59715,41.0,0.0,188.0,48.0,104.66666666666667,21.0,95.8191680907782,0.0,1.0,0.0,0.0,,268.41,159.13,2.195120190926152,2.0318745033938876,0,0,-0.16324568753226432,75.0,2.0,26693.065901,,,False,488.5,127.3
59716,41.0,0.0,197.0,63.0,122.66666666666667,24.85,63.66372285980919,0.0,0.0,0.0,1.0,,3.11,1.44,0.6216796502953077,0.55381739515751,0,0,-0.06786225513779764,81.0,2.0,66788.7487,,,False,3.2,1.8
59728,72.0,0.0,185.0,46.0,148.66666666666666,30.35,75.4188056113002,0.0,0.0,1.0,1.0,,224.83,146.07,17.38883900014435,16.47310773602754,3,3,-0.9157312641168112,80.0,2.0,15503.272961,,,False,335.0,260.0
59736,52.0,1.0,235.0,74.0,106.0,26.98,83.56010305475766,0.0,0.0,0.0,0.0,,313.95,4.79,1.6154906624441825,0.8687374591781468,0,0,-0.7467532032660357,75.0,2.0,95158.077948,,,False,135.0,10.5
59739,76.0,1.0,151.0,67.0,160.0,23.98,73.0156939539016,1.0,0.0,1.0,0.0,,1750.0,760.94,26.87050964995687,24.485822239049348,3,3,-2.384687410907521,88.0,1.0,10681.574979,24663.685,69.0,False,437.5,487.0
59742,55.0,0.0,166.0,43.0,118.66666666666667,44.13,81.95272616847748,0.0,0.0,0.0,0.0,,7.56,6.34,2.434156013856672,2.3718317286435706,0,0,-0.062324285213101405,76.0,2.0,24020.218472,48448.662,110.0,False,19.2,2.6
59746,46.0,1.0,210.0,51.0,110.66666666666667,28.9,114.91698925348257,0.0,0.0,0.0,0.0,,9.91,8.7,0.7573776787341452,0.742824365235422,0,0,-0.014553313498723242,86.0,3.0,12009.770903,25441.301,143.0,False,11.4,8.0
59748,48.0,1.0,230.0,65.0,120.66666666666667,23.11,104.8161303302511,0.0,1.0,0.0,0.0,,13.25,4.24,1.6414609963234221,1.3869637257705074,0,0,-0.2544972705529147,81.0,2.0,83895.254212,179040.118,148.0,False,15.5,2.5
59749,52.0,0.0,178.0,60.0,132.66666666666666,20.76,107.720159681458,0.0,0.0,0.0,0.0,,3.66,3.76,1.7627446074172977,1.7698072775491085,0,0,0.007062670131810833,81.0,2.0,99844.470859,201385.805,104.0,False,7.4,5.3
59751,51.0,0.0,183.0,67.0,127.33333333333333,21.72,104.46802416171006,0.0,0.0,0.0,0.0,,5.91,5.0,1.4875705317245098,1.451018363500977,0,0,-0.0365521682235328,79.0,2.0,12018.327827,25240.677,106.0,False,13.6,7.5
59752,46.0,0.0,197.0,55.0,113.33333333333333,22.98,98.72054105015717,0.0,0.0,0.0,0.0,,6.18,4.78,1.020461740389709,0.9820168002645445,0,0,-0.03844494012516442,77.0,2.0,23760.051347,52380.923,130.0,False,6.3,4.4
59753,47.0,0.0,244.0,43.0,114.0,28.38,106.36688562392148,0.0,1.0,0.0,0.0,,4.41,5.36,2.5116383257167816,2.584790640425418,0,0,0.07315231470863637,77.0,1.0,21279.296579,,,False,7.9,8.9
59754,50.0,0.0,160.0,41.0,124.66666666666667,33.43,104.40070243035957,0.0,0.0,0.0,1.0,,7.5,3.62,1.5988388469488182,1.4346864947386173,0,0,-0.16415235221020086,78.0,2.0,102124.753156,221362.791,87.0,False,12.9,3.8
59758,54.0,1.0,160.0,48.0,116.66666666666667,26.56,80.22947559472446,0.0,0.0,0.0,1.0,,7.74,3.58,1.3440122344779968,1.1988704078760426,0,0,-0.14514182660195418,86.0,2.0,87437.275895,190136.77,80.0,False,9.6,5.7
59759,32.0,1.0,191.0,38.0,105.33333333333333,31.82,90.7258736311395,0.0,0.0,0.0,0.0,2.0,24.39,4.43,0.3815188710394109,0.2955827874378805,0,0,-0.08593608360153038,87.0,2.0,32951.979324,82780.701,134.0,False,13.9,3.5
59760,67.0,1.0,288.0,39.0,130.66666666666666,40.76,97.92768449891999,1.0,0.0,1.0,0.0,,13.11,3.81,12.06748840107226,10.233299890456927,3,3,-1.8341885106153342,77.0,2.0,22843.967725,53152.792,,False,5.9,0.8
59767,31.0,0.0,224.0,44.0,108.66666666666667,34.13,123.23459497414575,0.0,0.0,0.0,0.0,,11.37,5.97,0.457260157078785,0.41504744352169304,0,0,-0.04221271355709194,85.0,1.0,16541.846096,50067.845,149.0,False,23.2,4.6
59768,64.0,0.0,206.0,68.0,116.0,18.46,97.03325070043974,0.0,1.0,0.0,1.0,,5.49,4.27,4.617408706332444,4.453117067511857,1,1,-0.16429163882058706,77.0,2.0,7064.450206,,,False,5.0,6.7
59774,38.0,0.0,236.0,51.0,128.66666666666666,36.34,98.7963880495905,0.0,0.0,0.0,0.0,,1.03,1.59,0.7818603404983914,0.8343976648912088,0,0,0.05253732439281744,76.0,2.0,78203.311818,,,False,1.0,2.2
59782,71.0,0.0,203.0,78.0,111.33333333333333,25.81,96.47827765306923,0.0,0.0,0.0,0.0,,3.01,2.71,5.169371748130778,5.092200893258114,2,2,-0.07717085487266395,77.0,1.0,32041.288195,77408.247,113.0,False,2.5,2.9
59792,77.0,0.0,223.0,44.0,133.33333333333334,28.35,57.64342901862076,0.0,0.0,0.0,0.0,,9.72,4.59,14.912531321852102,13.531270439694739,3,3,-1.3812608821573633,75.0,2.0,42635.408342,,,False,10.4,4.5
59794,36.0,0.0,154.0,42.0,114.0,24.88,118.07281770048795,0.0,0.0,0.0,0.0,,6.79,2.39,0.4744129242481234,0.40548948994443723,0,0,-0.06892343430368619,83.0,1.0,81528.772006,231092.842,96.0,False,1.9,1.6
59795,62.0,1.0,207.0,61.0,138.66666666666666,30.55,100.6256310015295,0.0,1.0,1.0,1.0,,13.37,7.07,6.194239088119761,5.6611978926745365,2,2,-0.5330411954452243,88.0,2.0,5250.697876,11462.682,128.0,False,12.3,2.9
59796,40.0,0.0,186.0,30.0,136.0,44.96,119.97668366317743,0.0,1.0,1.0,0.0,,46.97,28.68,4.0652750434038705,3.7844883731896437,1,1,-0.28078667021422676,80.0,1.0,14077.146805,31155.269,,False,31.0,30.4
59800,45.0,0.0,251.0,33.0,112.0,27.23,75.24741234946737,0.0,0.0,0.0,0.0,,46.01,6.79,2.361379198750675,1.7793544299290067,0,0,-0.5820247688216682,77.0,1.0,81895.402401,181182.703,,False,161.5,19.5
59801,65.0,0.0,237.0,32.0,120.66666666666667,37.98,89.96227676148709,0.0,0.0,1.0,0.0,,5.31,4.42,8.314471786565857,8.105714215693451,2,2,-0.20875757087240565,79.0,2.0,70059.588852,,,False,1.7,3.4
59802,44.0,0.0,232.0,37.0,126.0,30.42,111.91597231788941,0.0,0.0,0.0,0.0,,3.31,2.68,1.6233060518337517,1.5731688730250706,0,0,-0.05013717880868107,82.0,2.0,95439.731732,206872.523,176.0,False,5.3,5.7
59803,77.0,1.0,255.0,71.0,122.0,34.65,53.49933542701644,0.0,0.0,1.0,0.0,,7.31,2.62,10.462826984684648,9.10517274902261,3,2,-1.3576542356620376,81.0,2.0,38557.556002,89194.754,165.0,False,3.8,1.7
59804,37.0,1.0,170.0,59.0,105.33333333333333,28.65,115.79508216160191,0.0,0.0,0.0,0.0,2.0,10.67,5.06,0.25261182727377607,0.2259063408472066,0,0,-0.026705486426569475,77.0,1.0,63360.142345,154173.5,92.0,False,1.6,11.8
59806,53.0,1.0,170.0,50.0,114.0,33.64,85.47841877311319,0.0,0.0,0.0,0.0,,10.74,18.74,1.3560295554934714,1.4724832615539094,0,0,0.11645370606043803,84.0,2.0,23748.745332,,,False,10.2,28.3
59808,62.0,0.0,195.0,68.0,103.33333333333333,28.44,76.73704787212746,0.0,0.0,0.0,1.0,,4.11,2.36,2.7464785665300986,2.5313583538954996,0,0,-0.21512021263459902,81.0,2.0,19233.534936,43238.2,112.0,False,4.4,2.5
59809,57.0,0.0,253.0,45.0,138.66666666666666,24.36,103.22359338357451,0.0,0.0,0.0,0.0,,9.18,2.31,5.105042042467292,4.185055552421923,2,1,-0.9199864900453694,78.0,2.0,14873.069878,33610.275,186.0,False,8.9,2.4
59810,52.0,1.0,178.0,83.0,106.66666666666667,25.56,75.90745650750783,0.0,0.0,0.0,1.0,,10.82,4.93,0.6190165862406549,0.5504945534861229,0,0,-0.06852203275453206,79.0,1.0,87766.123009,,,False,5.3,3.5
59812,61.0,0.0,159.0,37.0,123.33333333333333,20.8,82.6443604213961,0.0,1.0,1.0,1.0,,87.46,52.29,8.662720018482,8.067545323609563,2,2,-0.595174694872437,78.0,1.0,5156.301912,,,False,99.7,18.3
59813,43.0,0.0,148.0,24.0,128.66666666666666,32.38,108.67884593806437,0.0,1.0,0.0,0.0,,10.79,3.51,2.5963499018810157,2.2002761602125305,0,0,-0.3960737416684852,78.0,2.0,23865.90915,49446.535,49.0,False,31.4,5.9
59816,52.0,1.0,273.0,53.0,134.0,31.68,66.19328036039376,1.0,1.0,1.0,0.0,,76.4,126.07,14.138490663051355,15.07609064669723,3,3,0.9375999836458746,80.0,2.0,31805.975379,,,False,38.2,147.5
59818,51.0,1.0,182.0,44.0,124.66666666666667,30.82,112.94361521750118,1.0,0.0,0.0,0.0,,8.06,7.72,3.4185323610314735,3.3972344185368244,1,1,-0.021297942494649114,75.0,1.0,19216.077316,0.0,107.0,False,11.6,4.4
59826,67.0,1.0,171.0,66.0,118.66666666666667,20.5,76.11738382746049,0.0,0.0,0.0,0.0,,33.98,6.72,4.48026334857238,3.5470094801329854,1,1,-0.9332538684393943,76.0,1.0,50601.994384,111545.779,92.0,False,29.9,3.9
59827,77.0,1.0,228.0,69.0,154.0,26.58,49.064967104863214,0.0,0.0,1.0,0.0,,4.24,3.21,11.202107784470911,10.793222028567314,3,3,-0.4088857559035972,78.0,1.0,12442.515575,,,False,2.5,2.7
59833,62.0,1.0,196.0,44.0,143.33333333333334,36.45,47.366584595671874,0.0,0.0,1.0,0.0,,6.98,2.92,6.927303868008513,6.129885276744706,2,2,-0.7974185912638072,75.0,2.0,75381.430287,174379.002,115.0,False,4.4,2.6
59836,39.0,1.0,221.0,51.0,110.66666666666667,22.48,114.36367430575635,0.0,0.0,0.0,0.0,2.0,3.51,4.66,0.39757739025408206,0.41478537891653955,0,0,0.017207988662457485,76.0,2.0,59587.981851,,,False,6.0,3.4
59837,31.0,0.0,182.0,45.0,134.66666666666666,31.15,104.44457496632711,0.0,0.0,0.0,0.0,,3.37,2.71,0.5560681785676137,0.5381604772565102,0,0,-0.01790770131110353,79.0,1.0,57993.252772,172552.746,119.0,False,3.2,7.5
59838,37.0,1.0,192.0,51.0,106.0,31.72,115.79508216160191,0.0,0.0,0.0,0.0,2.0,8.21,8.47,0.3288041083502592,0.3303415650491459,0,0,0.0015374566988867189,78.0,1.0,18926.031583,,,False,8.7,11.6
59844,79.0,1.0,169.0,55.0,161.33333333333334,42.14,43.844476565390714,0.0,0.0,1.0,0.0,,4.97,2.05,14.098249940059826,12.563705628945323,3,3,-1.5345443111145034,78.0,2.0,16726.08148,,,False,8.9,1.5
59859,35.0,0.0,148.0,71.0,111.33333333333333,22.77,98.29329276925189,0.0,0.0,0.0,0.0,,2.86,4.11,0.2022782507067028,0.21363860951550648,0,0,0.011360358808803678,82.0,2.0,84125.898782,254627.109,63.0,False,2.2,4.4
59862,76.0,1.0,234.0,63.0,123.33333333333333,25.53,69.00599540034219,0.0,0.0,0.0,1.0,,24.83,6.48,9.53806338048382,7.934338824272723,2,2,-1.6037245562110964,85.0,1.0,10283.785318,22450.303,131.0,False,7.2,4.6
59863,73.0,1.0,286.0,50.0,124.66666666666667,29.29,95.89546959412927,1.0,0.0,1.0,0.0,,8.8,17.84,11.969355303376174,13.133050785133001,3,3,1.163695481756827,76.0,2.0,39668.644373,,,False,2.2,6.6
59864,50.0,0.0,264.0,29.0,115.33333333333333,24.96,105.1197667153452,0.0,1.0,0.0,0.0,,7.08,3.76,4.439638224001388,4.051396880167616,1,1,-0.38824134383377196,88.0,1.0,18584.577393,,,False,4.6,5.6
59867,39.0,1.0,164.0,62.0,106.66666666666667,35.03,110.85038106649752,0.0,0.0,0.0,0.0,2.0,13.48,7.45,0.2848644111452048,0.26066468450061986,0,0,-0.024199726644584918,88.0,2.0,20293.289262,,,False,12.0,11.1
59873,55.0,1.0,188.0,40.0,102.66666666666667,44.51,92.4814811616156,1.0,0.0,1.0,0.0,,2.5,2.58,4.090525035872161,4.109116741661972,1,1,0.018591705789811286,89.0,2.0,21316.375215,,,False,1.4,2.3
59876,55.0,1.0,220.0,71.0,121.33333333333333,22.21,88.28330392417243,0.0,0.0,1.0,0.0,,3.91,4.17,1.6169005747731067,1.6323467651646042,0,0,0.015446190391497527,77.0,1.0,22498.50756,48924.14,134.0,False,0.9,1.5
59878,51.0,0.0,272.0,66.0,125.33333333333333,27.5,52.63073853511847,0.0,0.0,0.0,0.0,,1.58,1.85,2.1237704537819306,2.1738595147732678,0,0,0.05008906099133714,80.0,1.0,26889.332908,,,False,0.6,3.4
59879,75.0,0.0,219.0,77.0,150.66666666666666,19.56,79.44042389737128,0.0,0.0,0.0,0.0,,13.62,27.47,11.667530742096497,12.80447864481648,3,3,1.1369479027199834,78.0,1.0,10540.567732,28334.533,131.0,False,26.7,61.8
59880,45.0,1.0,212.0,47.0,105.33333333333333,36.91,110.58087548960214,0.0,0.0,0.0,1.0,,4.82,4.06,0.6935334420804938,0.676015713174547,0,0,-0.017517728905946828,84.0,1.0,15725.694504,,,False,8.0,5.6
59882,49.0,1.0,179.0,72.0,99.33333333333333,27.32,90.26702900367677,0.0,0.0,1.0,0.0,,3.0,3.14,0.6886093461516308,0.6933077195269131,0,0,0.004698373375282228,82.0,1.0,31930.036639,74474.473,95.0,False,1.2,6.0
59888,65.0,1.0,204.0,67.0,138.0,26.65,94.29984807642703,0.0,0.0,0.0,0.0,,3.7,3.12,3.430089747439519,3.3463088254570406,1,1,-0.08378092198247833,82.0,2.0,8266.853321,18420.145,125.0,False,6.8,2.9
59890,48.0,1.0,234.0,67.0,130.66666666666666,25.42,112.02714804531053,0.0,0.0,0.0,0.0,,8.33,5.06,1.0673378856366502,0.9911417312648195,0,0,-0.0761961543718307,80.0,2.0,83446.970885,,,False,5.5,3.9
59893,46.0,0.0,248.0,46.0,112.66666666666667,26.75,111.81576362328424,0.0,1.0,0.0,0.0,,4.62,3.79,2.2397449313142617,2.175194929210592,0,0,-0.06455000210366979,85.0,1.0,18778.011327,40702.698,178.0,False,4.9,3.9
59895,47.0,1.0,217.0,46.0,112.0,28.55,116.34249060493859,0.0,0.0,0.0,0.0,,27.89,8.12,1.106435375665598,0.9210649594663766,0,0,-0.18537041619922145,86.0,2.0,17119.225725,36265.087,139.0,False,15.9,11.2
59897,37.0,0.0,212.0,84.0,133.33333333333334,21.85,112.8108998742384,0.0,1.0,0.0,0.0,,2.16,1.53,0.7394644311569476,0.7022068597326047,0,0,-0.03725757142434294,75.0,2.0,17498.238159,,,False,0.8,1.3
59908,71.0,0.0,183.0,56.0,138.0,25.59,63.38347124442428,1.0,1.0,1.0,0.0,,9.7,8.29,16.87337627008455,16.543287811044145,3,3,-0.33008845904040385,84.0,1.0,11112.872016,,,False,16.4,12.1
59909,60.0,1.0,230.0,40.0,99.0,45.76,71.28212805834134,0.0,0.0,1.0,0.0,,4.21,2.62,3.545161353577621,3.309582668946325,1,1,-0.2355786846312964,80.0,2.0,22002.262721,,,False,4.0,5.0
59910,67.0,1.0,214.0,44.0,146.0,33.6,73.99814874184378,0.0,0.0,0.0,0.0,,9.17,4.48,6.581558809523036,5.950469375804402,2,2,-0.6310894337186346,86.0,2.0,61835.25213,,,False,9.9,8.1
59911,66.0,1.0,261.0,62.0,102.0,27.28,95.99228629391655,0.0,0.0,1.0,1.0,,5.29,4.75,4.488640117693694,4.419849367627864,1,1,-0.0687907500658298,84.0,1.0,56822.323859,123769.762,184.0,False,3.7,5.7
59914,63.0,0.0,228.0,59.0,139.33333333333334,27.21,82.58395380387805,0.0,0.0,0.0,1.0,,5.41,2.97,5.428529336445381,4.981953606619963,2,1,-0.44657572982541804,80.0,1.0,16689.054661,,,False,9.9,3.0
59921,70.0,1.0,154.0,71.0,115.33333333333333,30.27,95.37309596788722,0.0,0.0,0.0,1.0,,4.79,29.36,3.230651158328016,4.198864071877105,1,1,0.9682129135490887,89.0,1.0,10457.218908,23309.269,60.0,False,5.6,22.9
59922,64.0,1.0,225.0,57.0,120.0,23.84,77.55090599096587,0.0,1.0,0.0,0.0,,7.84,4.19,5.090816677095087,4.655092373249094,2,1,-0.43572430384599325,77.0,1.0,60851.686967,132546.477,151.0,False,8.7,5.2
59924,68.0,0.0,202.0,79.0,134.0,,76.4440699531734,0.0,0.0,0.0,0.0,,4.28,1.52,5.23279316490658,4.509642336672178,2,1,-0.7231508282344024,84.0,2.0,9387.789425,,,False,17.1,3.2
59931,78.0,1.0,161.0,57.0,130.0,31.6,75.3702452525864,0.0,0.0,1.0,0.0,,36.54,25.75,14.646091296289608,14.001429042165803,3,3,-0.644662254123805,77.0,1.0,34245.404778,78039.34,85.0,False,19.0,10.3
59935,55.0,0.0,192.0,56.0,124.0,51.85,83.82948137836954,0.0,0.0,1.0,0.0,,3.5,4.72,2.6524254474824285,2.771553786009797,0,0,0.1191283385273687,82.0,1.0,20607.556278,45608.244,118.0,False,2.1,6.7
59937,49.0,0.0,254.0,46.0,126.0,30.88,73.39855996331181,0.0,1.0,0.0,0.0,,3.77,2.53,3.5285009819934205,3.329118727540746,1,1,-0.19938225445267443,79.0,1.0,75533.702614,,,False,11.5,5.0
59938,50.0,0.0,211.0,52.0,124.0,28.69,110.38529518653382,0.0,0.0,1.0,0.0,,4.94,3.89,2.1730683804826842,2.097668506922934,0,0,-0.07539987355975031,87.0,1.0,14984.141601,33616.137,136.0,False,4.2,6.1
59943,73.0,1.0,161.0,69.0,142.66666666666666,26.86,66.6136575399139,1.0,0.0,1.0,0.0,,43.33,7.41,14.342053514817302,11.3821888342198,3,3,-2.9598646805975015,77.0,1.0,34708.180518,,,False,7.8,2.0
59945,48.0,0.0,228.0,40.0,123.33333333333333,23.95,111.76690853237123,1.0,1.0,0.0,0.0,,10.5,9.06,7.417662278651871,7.2661368322657,2,2,-0.15152544638617105,86.0,1.0,19992.772305,47134.505,151.0,False,2.1,7.7
59953,42.0,0.0,198.0,41.0,112.0,35.53,86.90109311039585,0.0,0.0,0.0,0.0,,3.25,2.81,0.8538402140837653,0.835443314928335,0,0,-0.018396899155430302,79.0,1.0,21301.379538,46327.027,129.0,False,9.3,3.6
59956,54.0,0.0,199.0,27.0,105.33333333333333,26.36,102.53694126719333,0.0,1.0,0.0,0.0,,3.13,3.33,3.8094132588760057,3.843834940091377,1,1,0.03442168121537126,79.0,2.0,82713.518143,,,False,2.1,4.1
59957,43.0,0.0,226.0,36.0,128.0,26.7,104.48561205226885,0.0,0.0,0.0,0.0,,3.33,4.81,1.577700204299407,1.6662854835579413,0,0,0.08858527925853421,87.0,2.0,21040.278969,,,False,4.2,7.5
59958,33.0,0.0,172.0,47.0,113.33333333333333,19.49,121.71122313429714,0.0,1.0,0.0,0.0,,5.52,4.67,0.6498808000801093,0.6337786528216165,0,0,-0.016102147258492794,78.0,2.0,33239.730849,,,False,27.0,7.1
59964,42.0,0.0,192.0,60.0,138.0,27.15,113.74802947808789,0.0,0.0,0.0,0.0,,11.3,5.76,1.2048065286975917,1.0895086165232284,0,0,-0.11529791217436336,86.0,2.0,19102.531525,,,False,18.2,7.2
59966,58.0,0.0,188.0,62.0,110.66666666666667,27.34,90.48880112613836,0.0,1.0,1.0,0.0,,5.0,3.4,3.830425800872609,3.6215695777531227,1,1,-0.20885622311948637,81.0,1.0,9691.241194,,,False,0.5,3.2
59968,72.0,1.0,294.0,54.0,126.0,23.12,50.61468635181956,0.0,0.0,0.0,0.0,,4.05,2.05,7.048954262208516,6.407937529328033,2,2,-0.641016732880483,76.0,1.0,36689.33505,77800.494,212.0,False,4.9,0.8
59969,30.0,1.0,175.0,33.0,111.33333333333333,25.29,113.38845690259502,0.0,0.0,0.0,0.0,2.0,6.85,3.7,0.2689704108681845,0.24527416317496792,0,0,-0.0236962476932166,75.0,1.0,31623.241623,,,False,18.3,6.4
59972,55.0,0.0,188.0,42.0,125.33333333333333,24.83,80.15158975107062,1.0,0.0,1.0,0.0,,5.0,2.34,6.364802162605481,5.714712951623507,2,2,-0.6500892109819745,80.0,2.0,25770.395449,,,False,1.5,1.5
59976,31.0,1.0,172.0,55.0,94.66666666666667,32.38,121.09239684443466,0.0,1.0,0.0,0.0,2.0,22.05,12.8,0.37485250930449066,0.34556483194325677,0,0,-0.029287677361233888,86.0,3.0,14155.8285,28570.544,88.0,False,26.9,20.1
59977,44.0,0.0,182.0,61.0,134.66666666666666,30.72,111.08450006594455,0.0,0.0,0.0,1.0,,8.73,5.07,1.0294414755720487,0.9491074061282874,0,0,-0.08033406944376131,75.0,2.0,108829.922217,239464.121,104.0,False,4.8,7.5
59979,49.0,0.0,177.0,35.0,116.66666666666667,27.44,98.12093035908951,0.0,0.0,0.0,0.0,,12.84,6.71,1.9007568526266907,1.7263846509116176,0,0,-0.17437220171507306,85.0,2.0,20443.550612,42355.929,94.0,False,13.1,10.2
59980,50.0,0.0,290.0,63.0,112.66666666666667,29.43,105.86068189464811,0.0,0.0,0.0,0.0,,11.8,23.37,2.0200128331144658,2.2346884674065137,0,0,0.21467563429204795,86.0,1.0,19873.306414,,,False,13.1,23.6
59984,48.0,1.0,233.0,46.0,121.33333333333333,21.58,78.85824893408427,0.0,0.0,0.0,0.0,,6.22,9.47,1.352935439849665,1.4397950013936534,0,0,0.08685956154398844,83.0,2.0,21270.615657,49769.588,154.0,False,2.8,9.0
59985,67.0,0.0,161.0,62.0,150.66666666666666,29.14,82.49200266759671,1.0,0.0,1.0,0.0,,4.56,2.24,10.005547488218257,9.079623679322038,3,2,-0.9259238088962185,84.0,1.0,8634.150642,21886.408,71.0,False,8.2,3.2
59989,68.0,1.0,310.0,35.0,144.0,,66.9481299558428,1.0,0.0,1.0,0.0,,131.34,19.78,20.553062741371107,16.297222379454194,3,3,-4.255840361916913,75.0,2.0,75906.644182,,,False,88.0,18.2
59990,38.0,1.0,211.0,38.0,123.33333333333333,39.72,124.88883440513004,0.0,0.0,0.0,0.0,2.0,3.45,3.85,0.6303336106357195,0.6407329461070626,0,0,0.010399335471343085,83.0,2.0,25710.607951,52269.829,133.0,False,2.0,7.0
59992,56.0,0.0,199.0,40.0,136.66666666666666,37.14,86.25866343385943,1.0,0.0,1.0,1.0,,827.4,204.07,15.708640516110089,13.107897104478326,3,3,-2.600743411631763,81.0,1.0,13666.884857,,,False,604.0,120.4
59999,75.0,1.0,199.0,50.0,120.0,23.25,93.17457597324052,0.0,0.0,1.0,1.0,,4.66,3.08,8.489715697433395,8.019067759679242,2,2,-0.47064793775415303,75.0,2.0,24029.402386,55586.942,108.0,False,5.4,1.6
60000,42.0,1.0,155.0,59.0,112.66666666666667,31.31,95.71757264247408,0.0,0.0,0.0,0.0,2.0,4.66,3.52,0.3555187570950218,0.34090618920127436,0,0,-0.01461256789374743,77.0,1.0,76603.798386,177876.726,75.0,False,2.7,4.4
60002,42.0,0.0,258.0,49.0,107.33333333333333,22.15,82.34765100930741,0.0,1.0,0.0,0.0,,3.59,2.94,1.6918365579275498,1.6423939032151351,0,0,-0.04944265471241471,84.0,2.0,22314.411887,49716.302,189.0,False,4.2,3.5
60004,62.0,1.0,271.0,45.0,112.66666666666667,28.85,96.07580141895353,0.0,0.0,0.0,0.0,,9.35,5.45,3.383222357093588,3.1281306186575826,1,1,-0.2550917384360054,78.0,2.0,23694.972574,51612.129,200.0,False,2.9,1.8
60018,35.0,1.0,151.0,57.0,136.0,20.69,113.64261556869333,0.0,1.0,0.0,0.0,2.0,4.23,5.06,0.6576895096739708,0.6754979674053493,0,0,0.017808457731378513,83.0,2.0,35207.447574,,,False,6.0,4.0
60023,34.0,1.0,135.0,62.0,102.66666666666667,22.42,89.60436030069577,0.0,1.0,0.0,0.0,2.0,2.84,3.24,0.24922367360311393,0.2541901017498687,0,0,0.004966428146754798,76.0,2.0,16637.651093,,,False,2.5,2.4
60030,71.0,1.0,221.0,85.0,132.66666666666666,29.08,69.27028237450679,0.0,0.0,1.0,0.0,,3.85,4.38,5.597311413435235,5.700504590834456,2,2,0.10319317739922074,80.0,1.0,32939.969593,,,False,1.5,2.1
60033,53.0,0.0,181.0,38.0,126.66666666666667,24.51,105.03750482912729,0.0,1.0,0.0,0.0,,3.71,3.87,3.559284426680463,3.5812353471288643,1,1,0.021950920448401412,88.0,2.0,7885.120366,17818.854,120.0,False,4.6,2.9
60034,56.0,0.0,197.0,43.0,144.66666666666666,27.27,106.34208664924064,0.0,0.0,0.0,0.0,,4.58,2.67,3.9039522880835094,3.6094756828545114,1,1,-0.294476605228998,75.0,1.0,19364.17167,45112.09,90.0,False,6.0,2.0
60036,65.0,0.0,184.0,62.0,115.33333333333333,28.02,75.31856980947936,0.0,0.0,0.0,0.0,,3.51,5.0,3.8174087717519596,4.018499750929869,1,1,0.2010909791779092,85.0,2.0,59197.620739,143014.976,103.0,False,4.7,5.0
60039,72.0,0.0,226.0,38.0,134.0,25.26,68.33150522599864,0.0,0.0,0.0,0.0,,6.6,3.69,11.205528633130893,10.3612086480805,3,3,-0.844319985050392,76.0,1.0,31722.475671,74134.193,149.0,False,9.9,6.6
60042,41.0,0.0,209.0,37.0,118.0,23.58,107.17479258271909,0.0,1.0,0.0,0.0,,4.46,3.02,1.761911532996567,1.6628461834036257,0,0,-0.09906534959294144,81.0,2.0,16640.26685,,,False,2.9,5.1
60043,38.0,0.0,187.0,62.0,122.0,25.02,91.09206220600294,0.0,0.0,0.0,0.0,,2.68,3.15,0.4896601790454028,0.5016944705205044,0,0,0.0120342914751016,86.0,1.0,27703.632907,,,False,1.1,12.0
60044,64.0,1.0,211.0,68.0,144.66666666666666,36.31,62.16363053385288,0.0,0.0,1.0,0.0,,2.57,2.92,4.238191751682427,4.316669082379282,1,1,0.07847733069685514,78.0,1.0,13070.875072,,,False,0.9,1.4
60045,46.0,0.0,222.0,54.0,126.0,27.0,107.39633627835279,0.0,1.0,0.0,0.0,,10.59,5.18,2.5472905957594203,2.2925276857478227,0,0,-0.25476291001159757,87.0,1.0,24211.80189,,,False,30.7,10.3
60046,34.0,1.0,240.0,59.0,117.33333333333333,28.57,96.200122257178,0.0,0.0,0.0,0.0,2.0,5.47,3.94,0.33476984776765845,0.31873166340873144,0,0,-0.01603818435892701,88.0,1.0,21283.182024,53466.795,156.0,False,9.4,2.6
60047,41.0,0.0,193.0,30.0,114.0,37.58,111.56031676866206,1.0,0.0,1.0,0.0,,3.21,4.44,2.9786452528712357,3.12351376356678,0,1,0.1448685106955443,76.0,1.0,65879.008324,,,False,3.5,10.8
60049,49.0,0.0,274.0,43.0,132.0,24.51,105.05202498526823,0.0,1.0,0.0,0.0,,6.9,3.73,4.7315180565597625,4.32999051095348,1,1,-0.40152754560628257,77.0,2.0,22949.926788,,,False,10.0,7.8
60057,61.0,1.0,157.0,51.0,108.66666666666667,39.37,62.58998331345209,0.0,0.0,1.0,0.0,,13.11,10.84,3.3123361149013117,3.2221319599784883,1,1,-0.09020415492282341,82.0,1.0,22952.970528,52305.84,85.0,False,11.8,9.0
60058,56.0,0.0,244.0,46.0,139.33333333333334,27.3,70.27170424370331,0.0,0.0,1.0,0.0,,10.0,7.01,5.674132406188425,5.393749613074654,2,2,-0.28038279311377146,81.0,2.0,101884.043891,,,False,2.3,10.3
60060,51.0,0.0,229.0,48.0,125.33333333333333,25.05,104.10807784232722,0.0,0.0,0.0,0.0,,3.53,2.57,2.1578929031380856,2.0589869611670792,0,0,-0.09890594197100633,78.0,2.0,14961.227317,33552.394,151.0,False,2.4,2.7
60062,53.0,1.0,248.0,85.0,110.0,36.04,85.47841877311319,1.0,0.0,1.0,1.0,,27.96,10.82,3.013950826192313,2.6241078456538376,1,0,-0.38984298053847555,80.0,1.0,33312.890502,80208.063,149.0,False,31.6,10.6
60063,71.0,0.0,243.0,44.0,98.66666666666667,27.59,97.67504711539588,1.0,0.0,0.0,0.0,,5.35,8.23,13.01901702782159,13.773380986784726,3,3,0.7543639589631361,76.0,1.0,9805.000357,22982.053,148.0,False,6.1,6.5
60066,37.0,0.0,209.0,39.0,101.0,27.07,108.45823598683084,0.0,0.0,0.0,0.0,,4.89,3.48,0.7231284508513895,0.6871704430885426,0,0,-0.035958007762846966,87.0,2.0,71223.780444,,,False,2.2,5.6
60069,49.0,1.0,273.0,60.0,142.66666666666666,28.28,111.3325797274296,0.0,0.0,0.0,0.0,,7.73,8.33,1.8903211439029892,1.9112466192931559,0,0,0.020925475390166648,77.0,2.0,21052.826838,44448.993,195.0,False,6.8,16.0
60072,74.0,1.0,184.0,59.0,121.33333333333333,34.12,80.89525959362015,0.0,0.0,0.0,1.0,,20.68,6.9,7.28909553639123,6.250955988676423,2,2,-1.038139547714807,84.0,2.0,37142.518016,81876.044,98.0,False,15.1,2.9
60073,51.0,1.0,214.0,43.0,116.66666666666667,21.49,94.81101742508345,0.0,0.0,0.0,0.0,,10.74,4.67,1.5542669431837428,1.3741131853943618,0,0,-0.18015375778938103,84.0,1.0,77338.006191,,,False,14.6,2.8
60086,67.0,0.0,204.0,41.0,120.66666666666667,24.48,96.63614526296638,0.0,0.0,0.0,0.0,,5.16,2.52,6.37700733249766,5.760578674710466,2,2,-0.6164286577871945,88.0,2.0,6974.064996,19128.474,145.0,False,3.2,3.4
60091,69.0,1.0,176.0,50.0,139.33333333333334,46.01,73.08341618628255,0.0,0.0,1.0,0.0,,2.74,3.1,6.346421134179461,6.457461908197658,2,2,0.11104077401819712,77.0,2.0,6950.891576,,,False,2.6,2.6
60095,69.0,0.0,142.0,46.0,116.66666666666667,31.03,92.4525343303333,1.0,1.0,1.0,1.0,,6.39,6.0,10.549002689167207,10.459603868588287,3,3,-0.08939882057891957,76.0,1.0,55292.275546,129600.199,81.0,False,5.3,4.2
60098,42.0,0.0,298.0,44.0,120.0,29.82,71.66136450772787,0.0,0.0,0.0,0.0,,5.12,4.86,1.7211752861368956,1.7079134127322446,0,0,-0.013261873404651014,88.0,1.0,23423.703168,,,False,4.2,6.9
60101,63.0,1.0,194.0,41.0,116.0,30.9,106.36405064032323,1.0,0.0,0.0,0.0,,20.68,24.81,6.561913283966252,6.731510842237114,2,2,0.16959755827086198,78.0,2.0,7072.217427,16673.299,117.0,False,9.1,6.7
60102,46.0,1.0,186.0,65.0,100.66666666666667,22.01,111.15390845330381,0.0,0.0,0.0,0.0,,5.78,5.12,0.49592867443428,0.4870269348824365,0,0,-0.008901739551843535,81.0,1.0,19502.935565,41176.695,102.0,False,7.4,6.4
60104,74.0,1.0,216.0,55.0,130.66666666666666,36.22,80.89525959362015,1.0,0.0,1.0,0.0,,137.93,5.58,17.723586673367024,11.74593918920413,3,3,-5.977647484162894,87.0,1.0,14030.454612,,,False,120.0,2.9
60105,58.0,1.0,210.0,54.0,117.33333333333333,40.23,87.98619592553051,1.0,0.0,1.0,1.0,,7.73,1.23,5.157356243535708,3.9629972410064407,2,1,-1.1943590025292674,84.0,2.0,23515.651999,56619.07,135.0,False,10.2,0.7
60106,44.0,1.0,209.0,52.0,108.0,47.96,90.39940001702745,0.0,0.0,0.0,0.0,2.0,25.75,3.71,0.7708784609220684,0.5774557893198028,0,0,-0.19342267160226556,88.0,1.0,16785.174371,,,False,27.3,2.3
60108,61.0,1.0,232.0,60.0,110.0,27.14,96.6751875819617,0.0,0.0,0.0,0.0,,8.04,2.04,2.270194509390951,1.8556034603072034,0,0,-0.41459104908374744,85.0,2.0,67032.592835,146009.658,153.0,False,4.1,3.1
60109,49.0,0.0,203.0,51.0,118.0,24.92,105.41112377352103,0.0,0.0,0.0,0.0,,7.64,5.4,1.5724705010477513,1.4933944629387341,0,0,-0.0790760381090172,86.0,2.0,19102.531525,42113.05,134.0,False,11.0,2.7
60110,44.0,1.0,241.0,55.0,99.33333333333333,35.67,73.89517633162427,0.0,0.0,0.0,0.0,2.0,3.33,2.41,0.663656639741123,0.632410194043873,0,0,-0.03124644569724999,76.0,1.0,62130.73418,,,False,0.9,2.7
60112,48.0,1.0,203.0,67.0,114.66666666666667,44.27,104.8161303302511,0.0,0.0,0.0,0.0,,4.81,3.78,0.6402208352488645,0.6176150536515533,0,0,-0.022605781597311192,77.0,1.0,77465.544561,168452.737,120.0,False,3.9,1.7
60116,69.0,1.0,155.0,77.0,144.66666666666666,29.48,94.21787672165551,1.0,0.0,1.0,0.0,,9.72,6.11,8.586223104598854,8.054740666638953,2,2,-0.5314824379599017,81.0,1.0,7084.376544,,,False,13.8,6.9
60122,37.0,1.0,187.0,44.0,102.66666666666667,35.95,116.22193042949988,0.0,1.0,0.0,1.0,2.0,4.27,3.76,0.613704740228862,0.6021672938402343,0,0,-0.011537446388627748,76.0,2.0,54009.255077,132961.899,126.0,False,6.4,7.1
60124,54.0,0.0,214.0,54.0,149.33333333333334,26.79,61.29997046015957,1.0,0.0,0.0,0.0,,957.69,930.85,14.111425041659734,14.059479224736913,3,3,-0.05194581692282085,87.0,2.0,20527.025155,47094.486,140.0,False,1245.0,875.0
60125,72.0,0.0,166.0,29.0,128.66666666666666,26.68,66.92019874930271,0.0,0.0,1.0,1.0,,2.41,3.68,9.547975975038867,10.114458909843087,2,3,0.5664829348042204,81.0,2.0,33337.784141,,,False,2.0,4.6
60131,75.0,1.0,281.0,57.0,118.66666666666667,31.16,76.78969652121293,1.0,0.0,0.0,1.0,,10.34,4.67,11.295414282848835,10.153897489557973,3,3,-1.1415167932908616,88.0,1.0,10343.744487,24386.177,192.0,False,9.0,2.1
60133,39.0,1.0,161.0,48.0,96.0,33.28,107.21604348404415,0.0,0.0,0.0,0.0,2.0,170.19,4.73,0.588561693334848,0.34455326278364057,0,0,-0.2440084305512074,78.0,1.0,26743.869183,,,False,177.0,6.1
60135,69.0,0.0,180.0,54.0,125.33333333333333,30.56,96.1649205031554,1.0,0.0,0.0,1.0,,9.43,6.38,8.696838435363377,8.239603015350436,2,2,-0.4572354200129407,85.0,1.0,6649.123831,15675.823,77.0,False,13.2,5.1
60138,66.0,0.0,138.0,25.0,124.66666666666667,31.7,81.05739616261003,1.0,0.0,1.0,1.0,,7.34,3.23,9.896950481698264,8.845212368253948,2,2,-1.0517381134443156,80.0,1.0,52501.374891,,,False,22.4,4.1
60142,49.0,1.0,211.0,53.0,106.0,29.59,106.32257392199661,0.0,0.0,1.0,1.0,,6.02,5.58,1.1185684545222876,1.1060359724150883,0,0,-0.012532482107199261,83.0,2.0,20891.930664,,,False,11.8,8.2
60144,57.0,0.0,224.0,37.0,118.66666666666667,28.25,69.83601967739236,0.0,1.0,0.0,0.0,,3.56,7.69,4.930727756578248,5.505368095412692,1,2,0.5746403388344437,79.0,2.0,102596.475739,,,False,5.8,8.0
60145,67.0,1.0,163.0,86.0,130.66666666666666,25.15,98.31856350757893,0.0,0.0,1.0,1.0,,3.64,3.16,2.9169755466051646,2.857454674159144,0,0,-0.05952087244602078,75.0,2.0,74461.687039,157897.549,63.0,False,2.0,1.2
60146,70.0,1.0,206.0,49.0,126.66666666666667,33.93,88.41552731451887,0.0,0.0,0.0,1.0,,16.82,11.52,6.367263523120244,6.036801149739965,2,2,-0.3304623733802794,80.0,1.0,32939.969593,75064.479,127.0,False,14.8,16.7
60148,49.0,0.0,179.0,43.0,115.33333333333333,30.99,105.77557528209418,1.0,0.0,0.0,0.0,,22.29,15.21,3.813127965399608,3.6070049002460878,1,1,-0.2061230651535202,85.0,2.0,20708.126413,,,False,24.3,14.6
60151,71.0,0.0,239.0,32.0,147.33333333333334,39.44,70.23380372359522,1.0,0.0,1.0,0.0,,12.7,9.42,20.681692712631456,19.9513774185887,3,3,-0.7303152940427573,81.0,2.0,27570.101749,64621.878,167.0,False,14.6,4.9
60152,42.0,0.0,174.0,44.0,106.66666666666667,25.95,106.51030886870623,0.0,0.0,0.0,1.0,,5.45,2.81,0.6878285662259217,0.6227609036360132,0,0,-0.06506766258990848,78.0,2.0,94172.422984,208343.981,108.0,False,14.4,3.6
60154,74.0,1.0,260.0,81.0,124.0,19.79,100.88781284106555,0.0,1.0,0.0,0.0,,12.6,7.71,8.308870518296992,7.764102513012559,2,2,-0.5447680052844328,83.0,1.0,48322.345424,113255.177,148.0,False,9.2,3.7
60156,47.0,1.0,167.0,69.0,122.66666666666667,22.2,110.89849120736291,0.0,0.0,0.0,0.0,,9.08,6.47,0.6280628254257348,0.5970947641913353,0,0,-0.030968061234399435,85.0,1.0,16911.675887,,,False,14.8,13.2
60158,59.0,1.0,175.0,62.0,125.33333333333333,28.55,106.95995976246047,0.0,0.0,0.0,0.0,,6.0,4.29,1.9377443313687377,1.844328052640609,0,0,-0.09341627872812874,83.0,1.0,15318.38871,,,False,0.9,0.6
60159,69.0,0.0,223.0,64.0,144.0,32.08,91.23472370695357,0.0,0.0,0.0,1.0,,7.24,9.21,7.763305906481294,8.027569561915596,2,2,0.2642636554343021,76.0,1.0,55292.275546,,,False,4.2,15.2
60160,63.0,1.0,205.0,44.0,151.33333333333334,33.43,63.30281553983809,0.0,0.0,1.0,1.0,,4.19,2.02,5.91212013727773,5.331473156806128,2,2,-0.5806469804716023,81.0,2.0,63755.08114,,,False,3.6,2.1
60161,38.0,1.0,182.0,50.0,106.0,28.29,117.75103814504187,0.0,0.0,0.0,0.0,2.0,11.15,10.93,0.36049240175555897,0.3594194150259333,0,0,-0.0010729867296256912,82.0,1.0,18281.683005,,,False,29.2,21.2
60162,45.0,1.0,160.0,62.0,104.0,21.34,77.24344327801293,0.0,0.0,0.0,0.0,,3.52,2.61,0.4323338357991096,0.4134286283346568,0,0,-0.01890520746445279,78.0,1.0,16056.799743,33900.843,90.0,False,5.6,3.1
60163,73.0,1.0,167.0,47.0,126.0,34.13,53.05688254329038,1.0,0.0,1.0,1.0,,5.12,2.67,11.547393161957098,10.585972396235018,3,3,-0.9614207657220799,82.0,2.0,19249.520038,,,False,12.4,2.3
60164,30.0,1.0,205.0,77.0,99.33333333333333,21.42,122.78374049905484,0.0,0.0,0.0,0.0,2.0,3.82,2.27,0.09169329652020457,0.08480752379933656,0,0,-0.0068857727208680025,78.0,2.0,25247.94746,51329.237,115.0,False,9.1,2.7
60166,63.0,1.0,185.0,67.0,114.66666666666667,17.91,92.34972245409921,0.0,0.0,1.0,0.0,,41.3,4.3,3.8810172892404777,2.794695961076115,1,0,-1.0863213281643627,85.0,2.0,67032.592835,,,False,9.5,6.5
60167,42.0,0.0,270.0,40.0,137.33333333333334,24.8,105.1374643311218,0.0,0.0,0.0,0.0,,6.21,2.61,2.2894078822444652,2.014178262425635,0,0,-0.27522961981883043,87.0,1.0,23386.274409,0.0,179.0,False,24.3,5.7
60170,65.0,0.0,215.0,80.0,132.66666666666666,24.42,95.1017058169569,0.0,0.0,0.0,0.0,,5.43,4.49,4.352948429697186,4.234992099478548,1,1,-0.11795633021863772,77.0,1.0,54784.845182,126509.164,126.0,False,7.0,5.7
60173,67.0,0.0,213.0,39.0,122.0,26.12,81.51287263820598,0.0,0.0,0.0,0.0,,3.48,4.16,6.494861967290263,6.6604753840465145,2,2,0.1656134167562513,75.0,1.0,9590.4584,,,False,5.7,6.4
60176,58.0,1.0,187.0,44.0,110.0,31.88,103.56536832129218,0.0,0.0,0.0,0.0,,7.62,4.5,1.968133207560103,1.8212332976931191,0,0,-0.14689990986698387,88.0,2.0,9637.428563,20775.713,111.0,False,1.6,3.6
60181,59.0,0.0,141.0,52.0,139.33333333333334,39.14,58.398561239434876,0.0,0.0,1.0,0.0,,102.55,175.45,6.205426219604279,6.694508300388306,2,2,0.48908208078402726,86.0,2.0,18761.435679,,,False,140.5,38.6
60183,65.0,0.0,182.0,57.0,148.0,37.38,98.96725367677509,1.0,0.0,0.0,1.0,,10.5,9.36,8.756288504064136,8.618616441925743,2,2,-0.13767206213839245,77.0,1.0,55847.965781,,,False,8.4,13.1
60184,60.0,1.0,250.0,69.0,96.66666666666667,22.28,92.56525157392575,0.0,0.0,0.0,0.0,,4.26,2.95,1.8685432935727622,1.7700329783357882,0,0,-0.09851031523697396,85.0,2.0,67032.592835,155912.492,162.0,False,2.9,1.3
60192,59.0,1.0,256.0,91.0,112.0,29.02,96.25605565505104,0.0,1.0,0.0,0.0,,8.53,8.26,2.1441498702917503,2.1340419300458335,0,0,-0.010107940245916769,81.0,2.0,107298.217979,,,False,2.9,12.8
60194,55.0,0.0,195.0,53.0,132.66666666666666,25.78,102.25760869372719,0.0,0.0,0.0,0.0,,3.67,2.07,2.5932855267562074,2.383578477807975,0,0,-0.20970704894823244,82.0,2.0,24566.27985,64356.303,121.0,False,7.7,2.3
60198,61.0,1.0,253.0,45.0,152.66666666666666,38.81,99.02420707990402,1.0,0.0,0.0,0.0,,92.79,25.0,12.78719859869722,10.747602018231216,3,3,-2.0395965804660037,75.0,1.0,8780.848777,20324.836,180.0,False,129.9,8.5
60214,32.0,0.0,213.0,55.0,106.0,24.52,89.51287076736732,0.0,0.0,0.0,0.0,,3.1,2.41,0.32647904068334654,0.3143376225339799,0,0,-0.012141418149366645,83.0,1.0,33986.464261,102556.571,123.0,False,5.3,4.1
60216,35.0,1.0,225.0,68.0,114.66666666666667,35.93,118.5662669751566,0.0,0.0,0.0,0.0,2.0,5.32,4.97,0.2328335905311909,0.23047245616031678,0,0,-0.002361134370874124,84.0,1.0,25966.025398,,,False,8.3,7.5
60217,32.0,0.0,167.0,47.0,138.0,57.94,124.48669167977377,0.0,0.0,0.0,0.0,,3.43,4.79,0.5607290775578837,0.5895619451336167,0,0,0.028832867575733,79.0,1.0,69862.627307,198025.221,106.0,False,3.4,6.7
60218,70.0,1.0,216.0,58.0,136.0,41.07,55.2595656529818,0.0,0.0,0.0,1.0,,11.49,2.8,6.8932498478289626,5.6510727342795795,2,2,-1.242177113549383,81.0,2.0,31381.159247,,,False,5.4,2.3
60219,57.0,0.0,215.0,74.0,174.66666666666666,19.42,103.22359338357451,0.0,1.0,1.0,0.0,,16.25,5.25,8.347970537337668,7.131926710679745,2,2,-1.2160438266579225,79.0,2.0,102596.475739,,,False,7.8,2.1
60223,63.0,1.0,212.0,74.0,118.0,31.29,97.45662682162178,0.0,0.0,0.0,1.0,,8.7,7.22,2.288618806056849,2.2268489444932498,0,0,-0.06176986156359909,77.0,1.0,20605.918934,44883.586,110.0,False,12.0,7.0
60226,59.0,0.0,141.0,59.0,140.66666666666666,18.21,105.24360610037972,0.0,0.0,0.0,0.0,,20.36,4.83,3.673923109290567,2.977851850032733,1,0,-0.6960712592578342,78.0,2.0,23918.32307,52018.452,66.0,False,17.1,8.3
60229,50.0,0.0,266.0,43.0,126.0,31.85,98.75874260563498,1.0,0.0,0.0,0.0,,67.39,33.55,8.183707562743821,7.426378020638781,2,2,-0.7573295421050403,75.0,1.0,18114.448606,,,False,93.0,36.9
60231,62.0,1.0,319.0,25.0,105.33333333333333,33.66,87.16360101675303,0.0,0.0,1.0,0.0,,21.05,17.57,6.818265915495767,6.6479165590734475,2,2,-0.17034935642231996,89.0,2.0,58063.664648,132317.024,,False,4.0,20.2
60235,41.0,1.0,186.0,69.0,91.33333333333333,19.87,104.17586855243808,0.0,0.0,0.0,0.0,2.0,3.83,4.48,0.2904932416626443,0.29738986534674033,0,0,0.006896623684096048,79.0,2.0,69500.810327,158645.653,103.0,False,4.9,7.7
60236,42.0,1.0,208.0,61.0,102.0,31.09,100.26927513693546,0.0,0.0,0.0,0.0,2.0,7.26,6.07,0.4465384743471363,0.43474906855903195,0,0,-0.011789405788104335,78.0,2.0,36343.314607,80516.222,132.0,False,6.1,10.5
60241,64.0,1.0,262.0,58.0,144.0,29.97,68.63450104921823,0.0,0.0,1.0,0.0,,5.6,5.92,5.636334275160056,5.680868305135364,2,2,0.04453402997530809,80.0,1.0,15361.086222,42300.169,163.0,False,5.6,10.9
60252,39.0,0.0,205.0,32.0,112.0,29.44,112.17511390970725,0.0,0.0,0.0,0.0,,3.69,4.4,0.8274086758846375,0.8495016783134312,0,0,0.02209300242879364,86.0,2.0,26792.411843,,,False,7.5,12.1
60254,31.0,1.0,177.0,78.0,109.33333333333333,21.16,100.95952188413142,0.0,0.0,0.0,0.0,2.0,4.2,4.59,0.08506022927876665,0.0862007003254084,0,0,0.00114047104664175,85.0,1.0,28322.731949,,,False,2.1,6.1
60255,41.0,1.0,249.0,92.0,114.66666666666667,30.76,112.14025139426158,0.0,1.0,0.0,0.0,2.0,4.91,6.1,0.4594616790939046,0.47460460018070977,0,0,0.01514292108680515,82.0,2.0,18646.910739,39501.31,131.0,False,2.8,10.0
60256,45.0,0.0,169.0,50.0,134.0,29.14,85.29473350163626,0.0,0.0,1.0,0.0,,4.92,8.34,1.5684267307040307,1.696330821843461,0,0,0.12790409113943024,77.0,2.0,27932.217099,,,False,6.4,16.1
60269,62.0,0.0,174.0,49.0,140.66666666666666,35.19,100.8311084819863,1.0,0.0,0.0,0.0,,22.26,6.02,9.345725340170715,7.801650615597598,2,2,-1.5440747245731163,76.0,2.0,21723.44348,,,False,18.7,6.5
60270,75.0,0.0,196.0,34.0,139.33333333333334,26.76,58.364910359929645,1.0,0.0,1.0,0.0,,26.9,13.92,22.385005142967703,20.704129604389003,3,3,-1.6808755385787002,87.0,2.0,34860.620863,,,False,82.3,22.0
60273,39.0,0.0,219.0,33.0,122.66666666666667,37.52,98.18385044368304,0.0,0.0,0.0,0.0,,5.1,2.63,1.1815393615674514,1.0702985333008257,0,0,-0.11124082826662574,83.0,1.0,25258.869167,,,False,4.9,9.0
60291,35.0,0.0,292.0,72.0,138.0,25.63,111.24966124485447,0.0,0.0,0.0,0.0,,4.63,2.7,0.8975487999815918,0.8279317428779507,0,0,-0.06961705710364108,81.0,2.0,33730.850082,,,False,9.5,2.0
60296,47.0,1.0,181.0,61.0,125.33333333333333,32.54,107.28067567720989,0.0,0.0,1.0,1.0,,118.28,35.27,1.380605578696138,1.1539231785455693,0,0,-0.22668240015056873,83.0,1.0,88626.466787,201626.981,91.0,False,144.3,26.1
60297,39.0,1.0,185.0,44.0,100.66666666666667,29.93,115.21494444901332,0.0,0.0,0.0,0.0,2.0,2.71,2.26,0.37763383335793016,0.3675160223021804,0,0,-0.01011781105574977,87.0,2.0,22023.850176,,,False,1.9,2.1
60299,59.0,1.0,237.0,92.0,112.66666666666667,43.44,107.97575902636123,0.0,0.0,0.0,0.0,,17.92,6.57,1.4329266469997082,1.2350260606245154,0,0,-0.1979005863751928,86.0,2.0,23985.061787,,,False,23.3,6.9
60301,61.0,0.0,185.0,49.0,114.66666666666667,31.49,82.6443604213961,0.0,0.0,0.0,1.0,,4.58,3.64,3.069218302781523,2.9676820100859365,1,0,-0.10153629269558673,76.0,1.0,55975.240157,,,False,2.2,4.3
60305,43.0,1.0,159.0,75.0,114.0,22.48,111.55372316553999,0.0,0.0,0.0,0.0,2.0,6.41,5.76,0.2943865785345976,0.2897125983743932,0,0,-0.004673980160204372,86.0,1.0,17901.936127,41568.928,59.0,False,10.0,7.2
60306,50.0,0.0,167.0,48.0,102.0,25.88,104.75757480612519,0.0,0.0,0.0,0.0,,3.4,3.52,1.2991257587067775,1.3058590446382834,0,0,0.006733285931505906,85.0,1.0,79256.481474,,,False,7.0,2.5
60315,41.0,1.0,219.0,67.0,125.33333333333333,44.05,105.89068592955353,1.0,0.0,0.0,0.0,2.0,4.93,4.68,1.5023031149410153,1.4907864386798935,0,0,-0.01151667626112185,87.0,2.0,76826.282354,,,False,3.6,6.6
60320,31.0,0.0,167.0,47.0,109.33333333333333,25.15,119.56553254499951,0.0,0.0,0.0,0.0,,2.42,1.91,0.24246161983574013,0.2339694419862115,0,0,-0.008492177849528632,85.0,1.0,62514.071126,177195.78,109.0,False,3.1,3.8
60321,38.0,1.0,169.0,34.0,118.0,36.02,113.45680996255834,0.0,0.0,0.0,0.0,2.0,65.0,2.86,0.7715423799053319,0.4841374370737625,0,0,-0.2874049428315694,79.0,2.0,112955.253604,,,False,16.9,1.6
60323,57.0,0.0,224.0,35.0,120.66666666666667,31.2,97.02340908349413,0.0,0.0,0.0,1.0,,5.97,2.68,4.051868854705176,3.606935196456984,1,1,-0.44493365824819175,88.0,1.0,11723.777579,,,False,3.7,3.0
60328,39.0,1.0,190.0,53.0,113.33333333333333,44.66,121.69529171007626,1.0,0.0,0.0,0.0,2.0,4.88,7.74,1.1344477513516988,1.214797657086405,0,0,0.08034990573470613,87.0,1.0,25936.820943,,,False,5.9,7.2
60330,61.0,1.0,193.0,53.0,127.33333333333333,26.05,90.52145496390595,0.0,0.0,0.0,0.0,,4.52,1.03,2.722687650501674,2.192477608007206,0,0,-0.5302100424944678,82.0,2.0,8266.853321,,,False,1.4,0.3
60334,40.0,0.0,184.0,43.0,122.0,31.78,87.98877158972857,0.0,0.0,0.0,0.0,,5.35,4.41,0.8828284476291439,0.8576592589548954,0,0,-0.025169188674248555,83.0,1.0,96465.970305,199862.825,117.0,False,5.3,5.2
60335,36.0,1.0,146.0,56.0,98.0,22.76,100.88734856260477,0.0,0.0,0.0,0.0,2.0,13.23,6.23,0.23986403123003067,0.21427718345450425,0,0,-0.025586847775526417,76.0,2.0,64508.601789,,,False,12.7,7.6
60344,53.0,1.0,216.0,53.0,118.0,35.96,110.51814774912278,0.0,0.0,1.0,1.0,,7.49,3.88,1.7921708018751121,1.6264081334912415,0,0,-0.16576266838387066,86.0,2.0,12067.640013,26014.597,102.0,False,13.1,7.3
60347,45.0,0.0,190.0,51.0,108.66666666666667,29.17,114.81796009527541,0.0,0.0,1.0,0.0,,5.27,5.89,1.1181318144480656,1.1368551209738451,0,0,0.01872330652577947,76.0,1.0,79337.055328,160022.449,121.0,False,3.9,4.3
60348,49.0,1.0,231.0,56.0,101.33333333333333,31.45,95.99769873789384,1.0,0.0,0.0,0.0,,4.45,6.36,2.2257745800905218,2.3454844865897226,0,0,0.11970990649920088,86.0,2.0,16925.98566,,,False,10.5,7.0
60359,57.0,1.0,183.0,74.0,162.66666666666666,30.12,79.85945855974425,0.0,0.0,1.0,1.0,,8.4,10.65,2.954195855955331,3.0580689960395206,0,1,0.10387314008418969,84.0,1.0,22527.449241,,,False,8.9,9.8
60360,53.0,0.0,256.0,63.0,120.0,23.04,61.682401348520386,0.0,1.0,1.0,0.0,,4.39,2.95,4.020414029278665,3.7950629908596816,1,1,-0.22535103841898385,75.0,2.0,17971.39667,42020.08,159.0,False,6.1,1.8
60361,74.0,1.0,279.0,44.0,140.0,27.04,25.887389106078707,0.0,0.0,1.0,0.0,,2974.14,1884.0,28.15430732524902,26.788897953359456,3,3,-1.365409371889566,84.0,2.0,37401.305445,86520.013,193.0,False,1725.0,471.0
60368,44.0,0.0,268.0,43.0,121.33333333333333,22.56,113.66311223449333,0.0,1.0,0.0,1.0,,6.26,4.43,3.298848281997532,3.136281070881178,1,1,-0.16256721111635386,88.0,2.0,17058.978632,36976.57,209.0,False,12.2,10.1
60373,40.0,0.0,206.0,32.0,112.0,29.52,111.47962820346706,0.0,1.0,0.0,0.0,,7.82,12.59,1.6955642825249744,1.819687164603563,0,0,0.12412288207858868,87.0,2.0,16098.694746,36379.952,112.0,False,22.9,30.1
60374,75.0,1.0,169.0,44.0,124.0,24.84,60.1921207066717,1.0,0.0,0.0,1.0,,2.97,2.48,9.306279088494392,9.080326694750525,2,2,-0.22595239374386722,77.0,2.0,38703.606665,,,False,1.1,2.8
60377,60.0,0.0,206.0,45.0,121.33333333333333,30.01,72.85871239639745,0.0,0.0,0.0,0.0,,3.33,6.67,3.6796249281113123,4.070013903239404,1,1,0.39038897512809134,87.0,2.0,10255.228054,,,False,0.4,1.0
60379,66.0,1.0,191.0,38.0,115.33333333333333,24.83,99.33347957826669,0.0,0.0,0.0,0.0,,3.57,5.05,3.7611337499015187,3.9541985239374613,1,1,0.19306477403594258,86.0,1.0,22635.586307,52667.935,95.0,False,0.5,4.8
60387,50.0,1.0,222.0,63.0,122.0,21.64,108.84854165469638,0.0,0.0,0.0,0.0,,27.29,5.29,1.28530536169043,1.0075295185275235,0,0,-0.2777758431629065,75.0,1.0,14287.411057,,,False,38.2,4.5
60388,51.0,1.0,175.0,67.0,117.33333333333333,29.49,107.3359056454872,0.0,0.0,0.0,0.0,,12.23,7.55,0.8969582173640157,0.8348279459126061,0,0,-0.06213027145140959,77.0,2.0,14495.000318,30603.404,97.0,False,11.5,4.0
60397,45.0,1.0,212.0,74.0,107.33333333333333,26.95,122.15921834728276,0.0,0.0,1.0,0.0,,9.34,6.47,0.5600137136530273,0.530143334104085,0,0,-0.02987037954894234,77.0,2.0,21478.807878,45348.37,123.0,False,11.3,9.7
60406,37.0,1.0,156.0,48.0,120.66666666666667,38.12,101.82639155524788,0.0,0.0,1.0,0.0,2.0,4.19,2.8,0.44754579720936777,0.42137806161846125,0,0,-0.026167735590906516,76.0,2.0,67454.60469,152224.068,69.0,False,5.7,2.3
60414,45.0,1.0,194.0,68.0,148.0,24.48,93.94824112962354,0.0,1.0,0.0,0.0,,4.17,3.08,1.708048155842646,1.633338758086363,0,0,-0.07470939775628294,80.0,2.0,37651.728634,,,False,0.5,0.8
60421,75.0,1.0,226.0,77.0,147.33333333333334,27.62,71.40164619939033,0.0,0.0,1.0,0.0,,7.04,4.22,9.217216573344103,8.594173146893425,2,2,-0.6230434264506783,80.0,2.0,24615.557009,,,False,3.8,3.5
60431,33.0,1.0,159.0,62.0,106.0,24.07,125.15659794391749,0.0,0.0,0.0,0.0,2.0,7.41,6.13,0.1424575171566348,0.1384646948583483,0,0,-0.003992822298286486,88.0,1.0,18108.840553,36535.429,82.0,False,10.3,13.3
60440,45.0,1.0,196.0,81.0,120.66666666666667,20.01,75.29616149758705,0.0,0.0,0.0,0.0,,4.18,3.84,0.4415474628369285,0.4359838677608982,0,0,-0.00556359507603027,77.0,1.0,76603.798386,166578.826,102.0,False,7.1,7.6
60454,65.0,0.0,225.0,78.0,114.66666666666667,27.53,67.78873172307848,0.0,0.0,0.0,0.0,,3.96,2.99,3.745237586548958,3.595249762468379,1,1,-0.1499878240805792,86.0,1.0,60181.110845,148395.618,126.0,False,6.1,4.6
60456,52.0,0.0,165.0,32.0,128.66666666666666,36.03,82.5692717932388,0.0,0.0,0.0,0.0,,6.21,3.08,2.597995178561309,2.3430718550416474,0,0,-0.2549233235196615,84.0,1.0,74094.204586,153511.927,110.0,False,13.1,3.2
60457,55.0,0.0,233.0,69.0,133.33333333333334,24.5,101.20416423930007,0.0,0.0,0.0,0.0,,11.57,4.02,2.910614345061466,2.491868902413775,0,0,-0.41874544264769087,82.0,2.0,15686.03941,35177.874,132.0,False,11.8,3.7
60459,60.0,1.0,131.0,49.0,121.33333333333333,25.95,102.28513880686644,0.0,0.0,0.0,0.0,,5.87,3.65,2.159215989255636,2.013563043198044,0,0,-0.14565294605759238,77.0,2.0,6950.891576,15487.928,69.0,False,2.7,5.0
60461,67.0,0.0,271.0,90.0,123.33333333333333,29.43,78.69947586542327,0.0,0.0,1.0,0.0,,347.18,219.58,10.840504537125867,10.189740888965801,3,3,-0.6507636481600656,86.0,2.0,56750.654207,,,False,246.5,105.4
60465,39.0,1.0,158.0,82.0,106.66666666666667,23.15,107.21604348404415,1.0,0.0,0.0,0.0,2.0,10.53,4.94,0.5466950861478475,0.4882643718447559,0,0,-0.05843071430309155,80.0,1.0,43964.570897,0.0,66.0,False,2.0,8.3
60468,33.0,0.0,204.0,49.0,102.66666666666667,28.72,115.65251831363415,0.0,0.0,0.0,0.0,,2.15,2.89,0.36522052741120103,0.3818396622972188,0,0,0.01661913488601774,79.0,2.0,19141.578997,57936.557,128.0,False,3.2,2.6
60470,30.0,1.0,214.0,46.0,98.0,40.14,101.58937601542708,0.0,0.0,0.0,0.0,2.0,3.13,4.93,0.2258913229953655,0.24179633370852044,0,0,0.01590501071315495,84.0,2.0,28789.114826,65458.353,151.0,False,2.5,10.9
60471,61.0,1.0,187.0,77.0,120.66666666666667,27.29,118.75034409786323,1.0,1.0,1.0,1.0,,23.81,44.15,6.639344879919592,7.2375547130103675,2,2,0.5982098330907757,78.0,2.0,14415.438206,0.0,87.0,False,5.0,18.1
60485,53.0,1.0,235.0,56.0,127.33333333333333,25.37,105.60748702038678,0.0,0.0,0.0,0.0,,5.47,2.59,1.6467787020632376,1.47452634207704,0,0,-0.1722523599861976,81.0,1.0,13091.269928,,,False,2.9,1.4
60486,49.0,1.0,189.0,58.0,120.66666666666667,21.47,110.86691581606563,0.0,0.0,0.0,0.0,,9.49,4.38,0.9555825467150363,0.8517527937699323,0,0,-0.10382975294510399,79.0,1.0,62336.581801,144747.745,120.0,False,11.1,3.5
60489,67.0,0.0,191.0,41.0,118.0,29.94,63.113146371074016,1.0,1.0,0.0,0.0,,26.43,78.01,14.391804183429471,16.524882738717555,3,3,2.1330785552880833,78.0,2.0,62997.695381,,,False,29.6,110.0
60490,36.0,1.0,212.0,45.0,116.0,41.57,115.27591560975816,0.0,0.0,0.0,0.0,2.0,12.73,7.76,0.4825563302971615,0.44815367358196445,0,0,-0.034402656715197044,77.0,2.0,31623.241623,,,False,25.2,16.3
60493,33.0,1.0,191.0,42.0,101.33333333333333,29.33,99.71150469678942,0.0,1.0,0.0,0.0,2.0,2.92,1.84,0.5168200890564741,0.4823703312260698,0,0,-0.034449757830404326,86.0,3.0,47756.89245,,,False,5.2,2.5
60498,34.0,0.0,188.0,50.0,115.33333333333333,23.72,119.55065023642452,0.0,0.0,0.0,0.0,,6.67,4.26,0.43186049826222744,0.40370367708971383,0,0,-0.028156821172513613,78.0,1.0,25129.664069,56170.177,127.0,False,3.2,4.9
60499,51.0,1.0,158.0,48.0,135.33333333333334,22.55,107.3359056454872,0.0,1.0,0.0,0.0,,10.83,17.17,2.666877096188784,2.852461413362232,0,0,0.18558431717344792,85.0,2.0,92063.343443,210147.899,95.0,False,1.3,9.1
60501,60.0,0.0,205.0,48.0,140.0,27.36,76.8506735338014,0.0,0.0,0.0,0.0,,4.32,2.67,4.616940415940842,4.3073032013753085,1,1,-0.3096372145655337,86.0,1.0,55613.441061,,,False,5.7,4.4
60502,55.0,0.0,213.0,72.0,112.0,24.75,104.12420272599617,0.0,1.0,0.0,0.0,,3.79,5.18,2.317193475506523,2.4264237852163393,0,0,0.10923030970981618,86.0,3.0,9605.662605,21706.949,115.0,False,8.5,8.6
60506,62.0,1.0,144.0,68.0,156.66666666666666,47.22,92.92586280348077,1.0,0.0,1.0,0.0,,9.53,4.23,7.4033145430861955,6.609628544504809,2,2,-0.7936859985813864,80.0,1.0,15361.086222,,,False,16.1,6.0
60508,30.0,1.0,198.0,53.0,104.0,30.02,124.26016386998351,0.0,0.0,0.0,0.0,2.0,6.52,6.24,0.17470743301511993,0.17356197966663567,0,0,-0.00114545334848426,88.0,2.0,15101.432598,0.0,129.0,False,12.0,10.3
60517,50.0,0.0,221.0,43.0,114.66666666666667,27.76,102.67845031159472,0.0,0.0,0.0,0.0,,2.31,3.45,1.641072814700682,1.74176505310275,0,0,0.10069223840206809,76.0,2.0,13621.741028,30548.431,148.0,False,5.2,4.1
60519,50.0,0.0,239.0,61.0,122.0,26.77,91.6914786098333,0.0,0.0,0.0,0.0,,2.67,2.75,1.5878335574153213,1.594814942011671,0,0,0.006981384596349782,75.0,2.0,20180.207538,44403.557,155.0,False,2.3,3.0
60525,70.0,0.0,207.0,59.0,117.33333333333333,19.14,87.2078139396054,0.0,0.0,0.0,0.0,,3.59,1.9,6.2307422233337,5.692413637305315,2,2,-0.5383285860283848,86.0,1.0,9741.625189,,,False,1.4,1.6
60526,32.0,0.0,223.0,96.0,120.66666666666667,26.4,128.3918644782487,0.0,0.0,0.0,0.0,,18.3,8.28,0.23520244298834958,0.2087118384138938,0,0,-0.02649060457445579,78.0,1.0,25435.818025,57269.097,115.0,False,28.0,14.9
60528,78.0,1.0,276.0,86.0,122.0,26.39,59.811105788251474,0.0,0.0,1.0,0.0,,13.43,12.35,10.856645974564566,10.735443001791145,3,3,-0.12120297277342118,87.0,2.0,37981.69775,,,False,4.7,6.3
60535,71.0,0.0,241.0,94.0,117.33333333333333,26.22,81.44146611609162,0.0,0.0,1.0,0.0,,17.22,5.35,8.249024852508699,7.0077018170615775,2,2,-1.2413230354471212,83.0,2.0,15851.39333,,,False,48.9,5.3
60540,34.0,1.0,153.0,52.0,97.33333333333333,28.47,99.09329336766932,0.0,0.0,0.0,0.0,2.0,3.24,3.42,0.18792421722792613,0.18945284031062218,0,0,0.0015286230826960512,87.0,1.0,75888.916793,,,False,4.6,5.2
60544,33.0,1.0,153.0,58.0,97.33333333333333,19.55,117.04034853339776,0.0,0.0,0.0,0.0,2.0,6.04,4.12,0.15528970254720179,0.14663549920829466,0,0,-0.008654203338907124,82.0,1.0,22312.481006,,,False,6.4,5.4
60545,53.0,0.0,209.0,36.0,144.0,25.73,79.40326833261354,0.0,0.0,0.0,0.0,,2.86,2.89,3.5899391203572737,3.5953968542533725,1,1,0.005457733896098826,77.0,2.0,101200.947582,,,False,2.8,6.1
60549,34.0,0.0,256.0,48.0,126.66666666666667,23.81,109.09169090709395,0.0,0.0,0.0,0.0,,2.83,2.75,0.7749646005227466,0.7716419000642394,0,0,-0.003322700458507244,77.0,2.0,33128.491208,,,False,3.0,4.2
60550,31.0,0.0,220.0,46.0,136.66666666666666,26.52,105.7247896077679,0.0,1.0,0.0,0.0,,3.83,4.61,1.34944540267502,1.387220189474841,0,0,0.03777478679982105,82.0,1.0,68573.493519,,,False,1.8,7.0
60551,68.0,1.0,190.0,51.0,140.0,41.27,60.63625074687978,1.0,0.0,1.0,0.0,,10.45,6.63,11.388531250806768,10.717195295972843,3,3,-0.6713359548339248,80.0,1.0,58315.346509,,,False,16.2,6.9
60555,51.0,1.0,223.0,43.0,117.33333333333333,23.95,93.33536873996866,0.0,1.0,0.0,0.0,,5.36,5.09,2.4197261453616834,2.401472765546579,0,0,-0.01825337981510433,80.0,1.0,79719.201422,,,False,3.7,2.7
60556,62.0,0.0,233.0,44.0,133.33333333333334,26.61,85.097516373144,0.0,0.0,0.0,0.0,,3.13,2.77,5.282823374758346,5.191257776826865,2,2,-0.09156559793148045,79.0,1.0,62920.012242,155149.248,172.0,False,6.3,5.4
60559,42.0,1.0,166.0,68.0,113.33333333333333,28.94,106.99049341456805,0.0,0.0,0.0,0.0,2.0,5.8,4.24,0.31537122473490964,0.3009255866833041,0,0,-0.014445638051605536,77.0,2.0,86576.383051,,,False,5.8,5.3
60562,49.0,0.0,204.0,48.0,140.66666666666666,27.87,99.37486677966893,0.0,0.0,1.0,0.0,,2.5,2.79,2.4726155653556807,2.5128977894578757,0,0,0.04028222410219495,78.0,2.0,28419.766067,69959.179,129.0,False,0.9,3.4
60564,60.0,1.0,206.0,32.0,108.0,20.22,103.9707528939343,0.0,1.0,0.0,0.0,,29.17,9.73,5.208005015734942,4.45184923994509,2,1,-0.7561557757898525,76.0,1.0,20796.775893,45843.896,133.0,False,7.0,7.2
60567,65.0,1.0,201.0,50.0,122.0,44.4,98.3854595988943,0.0,0.0,0.0,0.0,,15.44,9.18,4.16484780076517,3.864214320998004,1,1,-0.3006334797671655,88.0,1.0,5642.636108,12669.224,123.0,False,24.7,5.6
60568,30.0,0.0,144.0,46.0,117.33333333333333,30.59,71.79636188871584,0.0,0.0,0.0,0.0,,3.43,3.06,0.26541124326548643,0.2608874430031203,0,0,-0.004523800262366151,84.0,2.0,18854.3858,,,False,18.4,6.3
60576,31.0,0.0,210.0,55.0,111.33333333333333,23.26,87.2590965176734,0.0,1.0,0.0,0.0,,5.57,5.64,0.5902816932453808,0.5913893849874987,0,0,0.001107691742117889,78.0,2.0,33061.224604,,,False,18.1,5.3
60577,65.0,1.0,210.0,60.0,102.0,34.61,100.78737888741969,0.0,0.0,0.0,0.0,,6.59,3.19,2.9614965135824662,2.6640230063449453,0,0,-0.297473507237521,75.0,2.0,5821.57009,13475.059,121.0,False,5.6,2.2
60587,56.0,0.0,187.0,53.0,126.0,28.12,100.23789071538717,0.0,0.0,0.0,0.0,,15.9,6.67,3.036210814919016,2.6729161578516556,1,0,-0.3632946570673603,88.0,2.0,11483.439467,25950.363,112.0,False,37.2,5.0
60599,50.0,1.0,200.0,67.0,126.66666666666667,24.11,89.70737342385397,0.0,1.0,0.0,0.0,,5.56,3.33,1.6735470041093334,1.5515112107438462,0,0,-0.1220357933654872,80.0,2.0,109191.710721,,,False,1.0,2.9
60601,51.0,0.0,189.0,32.0,126.0,32.15,107.14823439043337,1.0,1.0,1.0,1.0,,36.78,11.97,11.341114486585642,9.745084681392152,3,2,-1.5960298051934902,86.0,2.0,11822.128672,27861.338,94.0,False,32.0,14.0
60605,35.0,0.0,206.0,62.0,121.33333333333333,24.58,127.82977554226822,0.0,0.0,0.0,0.0,,7.43,6.05,0.47624822886373414,0.46176569547523705,0,0,-0.014482533388497087,88.0,1.0,19679.777822,43226.407,126.0,False,2.6,12.7
60606,32.0,1.0,180.0,48.0,121.33333333333333,29.65,120.7992308922857,0.0,0.0,0.0,0.0,2.0,6.83,8.42,0.287537998337572,0.2966881222190633,0,0,0.009150123881491334,84.0,1.0,53978.982896,,,False,17.7,8.5
60612,45.0,1.0,260.0,91.0,135.33333333333334,25.39,112.28652785867963,0.0,0.0,0.0,0.0,,16.67,6.0,0.7347330051956517,0.6309020243016499,0,0,-0.10383098089400178,77.0,1.0,75240.005755,,,False,4.5,6.3
60618,65.0,1.0,225.0,50.0,156.0,29.4,65.6591916769494,0.0,0.0,1.0,0.0,,1.75,2.9,5.878027757168355,6.311840415545469,2,2,0.43381265837711425,75.0,1.0,8567.6299,,,False,1.0,3.1
60619,49.0,0.0,131.0,31.0,116.66666666666667,25.88,105.77557528209418,0.0,1.0,0.0,0.0,,9.69,3.39,2.4233444673978255,2.075311797174318,0,0,-0.3480326702235077,80.0,2.0,22608.618809,50018.567,74.0,False,6.3,4.0
60628,60.0,0.0,194.0,48.0,182.66666666666666,40.33,91.6327190932268,0.0,0.0,0.0,0.0,,997.3,597.75,15.345562167155121,14.368084333246022,3,3,-0.9774778339090986,81.0,1.0,7737.568458,21061.228,121.0,False,738.0,532.0
60636,43.0,0.0,173.0,68.0,112.66666666666667,24.21,94.63469369527397,0.0,1.0,0.0,0.0,,3.57,3.12,0.8606568613620851,0.8434694104695631,0,0,-0.017187450892521938,78.0,2.0,28419.766067,,,False,7.9,7.2
60638,67.0,0.0,176.0,44.0,134.0,34.43,101.43075268766957,0.0,0.0,1.0,0.0,,57.72,12.6,10.514168979751672,8.53972764242019,3,2,-1.9744413373314824,80.0,1.0,16431.333354,39696.304,105.0,False,86.0,12.6
60639,49.0,0.0,230.0,45.0,153.33333333333334,29.21,103.31902828697396,0.0,0.0,0.0,0.0,,8.4,7.88,3.676790654216619,3.6427667543540867,1,1,-0.0340238998625324,86.0,1.0,19566.546628,,,False,11.0,6.3
60640,62.0,0.0,187.0,56.0,124.66666666666667,25.76,75.08087245281033,0.0,0.0,1.0,1.0,,2.14,2.62,3.718356353792583,3.8293216676597983,1,1,0.11096531386721553,79.0,2.0,21387.731102,49018.928,116.0,False,1.8,1.6
60643,71.0,1.0,158.0,48.0,136.0,29.36,92.72638198636355,1.0,0.0,0.0,1.0,,9.62,7.58,8.70006623459009,8.420038485812595,2,2,-0.2800277487774938,86.0,1.0,20758.149798,48938.942,71.0,False,2.5,2.5
60653,50.0,1.0,221.0,57.0,106.66666666666667,27.64,98.50495154282892,0.0,0.0,1.0,0.0,,2.15,9.54,1.0388072820460201,1.2958381746397927,0,0,0.25703089259377254,78.0,2.0,14378.292026,30356.997,127.0,False,4.0,6.2
60655,69.0,0.0,247.0,94.0,146.66666666666666,20.27,68.18050990648548,0.0,0.0,0.0,0.0,,3.08,3.43,5.960840553840637,6.052602011060565,2,2,0.09176145721992857,77.0,1.0,54784.845182,,,False,2.0,2.3
60658,55.0,0.0,313.0,50.0,114.66666666666667,26.57,81.04298554773835,0.0,1.0,0.0,0.0,,7.8,4.17,5.48504197710589,5.014953642447609,2,2,-0.47008833465828115,76.0,1.0,95390.188569,,,False,16.0,3.0
60660,43.0,1.0,185.0,56.0,112.0,31.46,112.38407733592186,1.0,0.0,0.0,0.0,2.0,36.25,45.17,1.7439642545938858,1.8014668753678365,0,0,0.05750262077395063,81.0,1.0,19231.099573,,,False,14.5,13.1
60663,45.0,1.0,218.0,46.0,148.0,35.91,118.37360872588046,1.0,0.0,1.0,0.0,,6.53,6.77,5.344896517840992,5.372376383029947,2,2,0.02747986518895562,81.0,1.0,26829.082247,,,False,7.9,8.6
60664,70.0,1.0,202.0,57.0,129.33333333333334,45.17,72.6302990059276,0.0,0.0,1.0,0.0,,3.82,1.74,6.357809178771931,5.690157200928782,2,2,-0.6676519778431489,89.0,1.0,36266.584603,82645.258,115.0,False,2.6,0.4
60665,33.0,0.0,191.0,43.0,115.33333333333333,27.52,107.033721431505,0.0,0.0,0.0,0.0,,7.72,4.68,0.4842144129615165,0.44912388060505526,0,0,-0.03509053235646126,86.0,3.0,52169.443051,0.0,129.0,False,4.4,9.4
60667,71.0,1.0,155.0,63.0,158.0,27.34,99.26796977380918,1.0,0.0,1.0,1.0,,28.7,4.22,11.633805524086863,8.985824757518309,3,2,-2.647980766568555,88.0,2.0,11478.900917,27062.396,67.0,False,6.6,6.2
60668,71.0,1.0,157.0,52.0,108.0,23.4,50.93045517389772,1.0,0.0,1.0,1.0,,9.72,300.2,10.058253866196942,15.76508710230503,3,3,5.706833236108087,83.0,2.0,48417.309426,,,False,10.5,153.1
60673,52.0,1.0,200.0,46.0,132.0,34.12,107.50300387611935,0.0,0.0,0.0,0.0,,22.23,8.12,2.1613033429811943,1.8636915631105224,0,0,-0.2976117798706719,88.0,1.0,9637.428563,,,False,22.9,6.9
60676,58.0,1.0,178.0,38.0,97.33333333333333,46.42,103.56536832129218,0.0,0.0,0.0,0.0,,7.97,7.68,2.2078617300022603,2.1958797618183707,0,0,-0.011981968183889524,86.0,2.0,12091.865593,26066.821,88.0,False,5.9,6.3
60677,46.0,0.0,178.0,51.0,102.66666666666667,20.76,107.76765151881993,0.0,0.0,0.0,0.0,,8.9,6.04,1.0783370397508125,1.0176497580107198,0,0,-0.06068728174009275,86.0,1.0,78911.724158,174581.711,112.0,False,13.0,5.8
60680,48.0,0.0,214.0,38.0,106.66666666666667,25.23,96.29526003049038,0.0,0.0,0.0,0.0,,5.18,3.53,1.6200513305653446,1.5302902536815184,0,0,-0.08976107688382617,87.0,1.0,23715.458562,53592.372,141.0,False,10.2,5.3
60681,60.0,0.0,239.0,38.0,116.0,34.56,99.12668769504945,0.0,0.0,0.0,0.0,,4.16,3.42,4.251003039105453,4.132225889298928,1,1,-0.1187771498065251,76.0,1.0,5606.604384,15853.196,168.0,False,8.7,4.1
60682,46.0,1.0,231.0,96.0,108.66666666666667,26.13,80.9230322511963,0.0,0.0,0.0,0.0,,3.85,4.03,0.32332140546368,0.3255396225401349,0,0,0.0022182170764549203,79.0,1.0,70653.154593,,,False,7.2,9.6
60685,30.0,0.0,192.0,55.0,128.0,36.62,106.38437271862337,0.0,0.0,0.0,0.0,,2.31,2.17,0.353495416983177,0.35018539259634646,0,0,-0.0033100243868305346,79.0,2.0,30101.236356,80359.409,112.0,False,4.3,4.3
60689,65.0,1.0,211.0,70.0,110.0,32.11,96.25191088176868,0.0,1.0,0.0,0.0,,6.8,4.82,3.8252401670311666,3.6396408949752814,1,1,-0.18559927205588522,88.0,2.0,69271.720998,,,False,10.4,2.7
60696,44.0,0.0,191.0,68.0,124.0,26.63,108.00503709324838,0.0,0.0,0.0,0.0,,2.36,2.28,0.7224764542835697,0.7187507912269624,0,0,-0.0037256630566072646,82.0,2.0,20517.18759,45231.772,113.0,False,3.4,5.1
60698,60.0,1.0,220.0,52.0,133.33333333333334,22.83,83.05083950889986,0.0,0.0,0.0,1.0,,10.78,2.63,3.4381642692795427,2.800346756861205,1,0,-0.6378175124183376,85.0,2.0,67032.592835,,,False,13.8,0.5
60700,40.0,1.0,160.0,44.0,114.0,18.42,113.65461952506065,0.0,1.0,0.0,0.0,2.0,9.29,8.38,0.8422325260567773,0.8294056363449556,0,0,-0.012826889711821776,80.0,2.0,19657.057397,44870.077,95.0,False,15.7,17.1
60702,33.0,1.0,185.0,48.0,104.66666666666667,21.94,119.14947006386863,0.0,0.0,0.0,0.0,2.0,9.01,5.6,0.24807619744144074,0.231022185857087,0,0,-0.01705401158435374,86.0,2.0,20463.530223,40450.185,118.0,False,19.1,10.7
60705,60.0,1.0,241.0,77.0,128.0,30.79,99.29203192232717,0.0,0.0,1.0,0.0,,5.5,3.55,2.564516542375065,2.4053110955352883,0,0,-0.15920544683977678,88.0,1.0,5941.801085,13244.348,128.0,False,4.4,2.7
60706,50.0,1.0,206.0,54.0,136.0,24.88,84.60596476455257,0.0,0.0,0.0,0.0,,4.7,3.49,1.5323119524589697,1.4663293010092444,0,0,-0.06598265144972526,79.0,2.0,30223.31635,,,False,7.8,3.8
60707,34.0,0.0,219.0,59.0,109.33333333333333,23.03,111.94371226087188,0.0,1.0,0.0,0.0,,1.05,3.1,0.5238678643833543,0.6163357180974406,0,0,0.09246785371408628,82.0,2.0,18239.134291,,,False,0.21,5.7
60711,30.0,1.0,234.0,50.0,120.0,38.27,120.51003965628063,0.0,0.0,0.0,0.0,2.0,5.88,4.13,0.3110706148215201,0.29505026653080646,0,0,-0.016020348290713637,75.0,1.0,31182.470273,62570.411,158.0,False,10.7,5.0
60713,68.0,0.0,245.0,34.0,131.33333333333334,28.7,56.68447772373141,1.0,1.0,1.0,0.0,,7.38,5.5,20.586200255041756,19.869809936342666,3,3,-0.7163903186990908,84.0,2.0,9928.558508,,,False,18.9,17.0
60722,39.0,0.0,238.0,33.0,119.33333333333333,51.46,113.76218944519088,0.0,0.0,1.0,0.0,,3.71,4.25,1.3971609284150968,1.425713796242474,0,0,0.028552867827377204,83.0,1.0,33986.464261,90731.561,163.0,False,7.3,3.7
60738,67.0,1.0,290.0,59.0,116.0,49.47,69.14636041750623,0.0,0.0,0.0,0.0,,23.12,3.08,5.209199255132622,3.9020842200685695,2,1,-1.3071150350640521,80.0,2.0,21662.492013,,,False,25.2,3.3
60742,31.0,1.0,161.0,67.0,110.66666666666667,20.89,96.59653735004878,0.0,0.0,0.0,0.0,2.0,9.17,4.93,0.11829861015438703,0.10778645394216362,0,0,-0.010512156212223414,77.0,2.0,73726.740832,170903.048,86.0,False,4.4,3.3
60743,37.0,1.0,132.0,51.0,102.66666666666667,33.29,78.14905745275362,0.0,0.0,0.0,0.0,2.0,3.04,2.49,0.22881639931209094,0.22207762064595235,0,0,-0.0067387786661385896,82.0,1.0,31089.71015,,,False,4.1,5.6
60749,51.0,1.0,233.0,52.0,103.33333333333333,30.83,89.15118770862608,0.0,0.0,0.0,0.0,,3.89,3.67,1.119739578513061,1.1101041835951857,0,0,-0.00963539491787535,81.0,1.0,13556.336626,,,False,3.5,2.9
60753,66.0,1.0,245.0,50.0,108.0,31.96,86.366176447723,0.0,0.0,0.0,0.0,,5.35,4.89,3.6960442041688704,3.648303061698511,1,1,-0.04774114247035932,80.0,1.0,59667.855973,135972.698,168.0,False,6.9,2.3
60756,64.0,1.0,146.0,53.0,118.0,30.08,97.54139699296591,0.0,0.0,0.0,1.0,,4.71,3.46,2.3978385437464036,2.291834941909697,0,0,-0.10600360183670654,84.0,1.0,15146.292374,,,False,0.8,1.8
60760,66.0,0.0,197.0,67.0,128.0,23.49,82.02140535138454,0.0,0.0,0.0,0.0,,32.08,31.61,6.305514330407824,6.292359838721039,2,2,-0.013154491686785619,80.0,2.0,23171.774599,,,False,55.5,58.8
60761,61.0,1.0,167.0,59.0,145.33333333333334,37.01,98.67642132440872,0.0,0.0,1.0,0.0,,5.94,3.55,3.700822923204629,3.4350596679331544,1,1,-0.2657632552714744,83.0,1.0,21641.273271,49456.679,77.0,False,10.7,7.7
60763,45.0,0.0,255.0,34.0,127.33333333333333,41.87,98.10879305741537,0.0,0.0,0.0,0.0,,9.09,18.82,2.4533106310825255,2.730507535657327,0,0,0.27719690457480173,83.0,2.0,24022.121021,,,False,16.9,54.2
60766,30.0,0.0,146.0,61.0,98.66666666666667,26.27,101.39789095079487,0.0,0.0,0.0,0.0,,2.38,2.42,0.17293245423966533,0.173367491357039,0,0,0.00043503711737366557,89.0,2.0,56502.621397,,,False,5.3,4.8
60771,42.0,1.0,227.0,61.0,118.66666666666667,30.88,115.32403544773312,0.0,1.0,0.0,0.0,2.0,6.99,5.02,0.9913329534422638,0.9437235917005693,0,0,-0.0476093617416945,87.0,1.0,22004.736599,,,False,10.2,13.2
60772,71.0,1.0,289.0,79.0,118.66666666666667,26.47,89.33383337589149,0.0,0.0,1.0,0.0,,3.6,4.58,5.315331993685421,5.500203762422196,2,2,0.1848717687367758,79.0,2.0,44645.637846,103842.211,187.0,False,3.2,2.2
60778,53.0,1.0,183.0,58.0,192.66666666666666,26.53,105.21362000147177,1.0,0.0,1.0,0.0,,7.87,6.51,10.389993598283837,10.127798727080625,3,3,-0.26219487120321183,84.0,2.0,24216.969057,58307.644,106.0,False,12.9,11.2
60782,41.0,1.0,140.0,68.0,106.0,22.29,79.18914527122384,0.0,0.0,0.0,0.0,2.0,3.79,3.48,0.23996103315328546,0.23691386798806877,0,0,-0.003047165165216692,79.0,1.0,62336.581801,135554.044,61.0,False,5.8,3.1
60784,34.0,1.0,194.0,56.0,110.66666666666667,27.63,123.82157683473228,0.0,0.0,0.0,0.0,2.0,7.89,10.53,0.2253530729500239,0.2353087669953058,0,0,0.009955694045281904,88.0,1.0,18108.840553,36815.388,111.0,False,3.0,4.0
60787,31.0,1.0,218.0,66.0,110.66666666666667,26.07,91.29188330764693,0.0,0.0,0.0,0.0,2.0,1.85,3.01,0.1382311888086272,0.14869469593007548,0,0,0.010463507121448279,89.0,2.0,51077.07672,118399.756,131.0,False,0.5,4.3
60791,54.0,1.0,167.0,51.0,128.0,31.53,104.17727330165486,0.0,0.0,0.0,0.0,,6.0,10.21,1.599503455708574,1.7300861883834673,0,0,0.13058273267489318,75.0,1.0,18999.168205,,,False,2.4,14.3
60797,36.0,1.0,177.0,58.0,120.66666666666667,30.69,119.70874463832251,0.0,0.0,0.0,0.0,2.0,7.41,20.96,0.30152393876172057,0.3522828882105473,0,0,0.05075894944882675,87.0,2.0,18625.872132,,,False,2.0,23.9
60799,76.0,0.0,182.0,38.0,120.66666666666667,35.92,62.67369266058556,1.0,0.0,1.0,0.0,,123.58,81.77,24.678769118317568,23.537933240484378,3,3,-1.1408358778331902,79.0,1.0,36799.195814,84976.703,101.0,False,283.0,120.2
60802,63.0,0.0,209.0,43.0,135.33333333333334,27.15,79.76065625826563,0.0,1.0,1.0,1.0,,9.84,6.2,9.855739081656386,9.253159520121201,2,2,-0.602579561535185,80.0,1.0,49641.833867,,,False,6.3,10.6
60803,53.0,0.0,257.0,46.0,119.33333333333333,26.65,100.7804475435393,0.0,0.0,0.0,0.0,,3.87,3.05,2.6453369997523035,2.554295357842459,0,0,-0.09104164190984454,77.0,1.0,89543.78448,,,False,4.3,2.9
60804,46.0,0.0,168.0,64.0,98.0,20.45,108.91580072966724,0.0,1.0,0.0,0.0,,10.14,4.88,1.4435837139480125,1.2945991879492318,0,0,-0.14898452599878076,79.0,1.0,19567.327178,43290.113,91.0,False,7.2,10.5
60806,40.0,1.0,165.0,40.0,109.33333333333333,39.89,78.66703414214847,0.0,1.0,1.0,0.0,2.0,12.69,26.03,1.2699654137072938,1.412550841081684,0,0,0.14258542737439028,78.0,2.0,36343.314607,,,False,38.7,40.6
60810,38.0,1.0,227.0,47.0,115.33333333333333,32.04,96.65854024893135,0.0,0.0,0.0,0.0,2.0,3.54,3.19,0.4919759237694291,0.4843837829556931,0,0,-0.0075921408137359925,79.0,1.0,59497.522458,,,False,1.7,3.7
60812,74.0,1.0,222.0,43.0,200.0,25.57,75.01279027367127,0.0,0.0,1.0,0.0,,299.07,67.4,22.175888856715197,18.555857388417124,3,3,-3.620031468298073,86.0,1.0,21160.969531,49236.832,132.0,False,161.5,33.7
60816,39.0,1.0,189.0,85.0,99.33333333333333,21.24,102.15765097172819,0.0,0.0,0.0,0.0,2.0,4.65,2.93,0.17307419677669017,0.16149923419241954,0,0,-0.011574962584270626,78.0,2.0,74179.149936,,,False,2.0,6.0
60820,64.0,1.0,246.0,52.0,112.0,34.21,93.30889006268,0.0,1.0,1.0,0.0,,20.31,5.19,7.075071129920711,5.841249572295285,2,2,-1.2338215576254257,75.0,1.0,8567.6299,,,False,6.5,2.7
60827,72.0,0.0,269.0,44.0,152.0,31.23,46.186845853600275,0.0,0.0,1.0,0.0,,19.29,9.29,18.45017849031855,16.847509452564065,3,3,-1.6026690377544845,88.0,1.0,23591.577327,,,False,16.2,3.9
60828,39.0,1.0,159.0,63.0,99.33333333333333,20.64,79.15781258014536,0.0,0.0,0.0,0.0,2.0,6.47,4.76,0.2714099960388467,0.2592197572555508,0,0,-0.012190238783295892,79.0,2.0,69108.500669,171062.799,81.0,False,10.1,6.8
60829,58.0,0.0,200.0,54.0,135.33333333333334,24.51,79.54491257883113,0.0,0.0,0.0,0.0,,2.9,9.06,3.279770600637234,3.871559337746075,1,1,0.5917887371088413,77.0,2.0,103268.230044,213956.073,118.0,False,2.0,9.6
60836,30.0,0.0,168.0,56.0,118.66666666666667,23.54,96.82379252665463,0.0,0.0,0.0,0.0,,6.39,5.54,0.27556399627554024,0.2697036893105625,0,0,-0.005860306964977746,76.0,1.0,62271.42409,,,False,6.9,9.8
60839,42.0,1.0,161.0,64.0,112.66666666666667,29.63,117.29182873442791,0.0,0.0,0.0,0.0,2.0,5.0,3.8,0.3141860755648203,0.30154320349174984,0,0,-0.012642872073070466,86.0,2.0,17361.209897,37699.038,89.0,False,5.4,3.0
60844,45.0,1.0,157.0,96.0,126.0,25.89,76.25840878658154,0.0,0.0,0.0,0.0,,5.88,3.13,0.3270130953458304,0.2975672647511136,0,0,-0.029445830594716782,78.0,1.0,26102.697054,57828.807,45.0,False,7.0,6.8
60845,64.0,1.0,218.0,70.0,116.0,27.71,94.88815463516505,0.0,0.0,1.0,0.0,,8.74,6.43,3.45915003958031,3.3085305598697805,1,1,-0.15061947971052936,82.0,1.0,6876.207042,14348.366,131.0,False,7.6,3.6
60850,38.0,1.0,155.0,46.0,110.0,22.88,115.93373359731667,0.0,0.0,1.0,0.0,2.0,9.6,5.52,0.42952774959289414,0.3954220538582318,0,0,-0.03410569573466232,89.0,2.0,41887.382839,97097.489,93.0,False,2.4,7.9
60853,32.0,1.0,206.0,40.0,118.66666666666667,38.95,122.22802385883092,1.0,0.0,0.0,1.0,2.0,20.78,14.72,1.6798744807445996,1.5964896834965836,0,0,-0.08338479724801595,83.0,1.0,21432.603538,43257.174,132.0,False,24.1,18.4
60856,46.0,1.0,204.0,33.0,107.33333333333333,28.77,96.283370662582,0.0,1.0,0.0,0.0,,12.22,8.62,1.939158592029451,1.8420031315344665,0,0,-0.09715546049498447,77.0,2.0,20394.232563,,,False,11.0,12.5
60861,34.0,1.0,195.0,56.0,105.33333333333333,41.94,112.44839242943972,0.0,0.0,0.0,0.0,2.0,6.71,4.19,0.22759200431018967,0.21209151937491827,0,0,-0.015500484935271397,79.0,1.0,25535.793785,,,False,5.5,7.0
60863,52.0,1.0,240.0,64.0,111.33333333333333,31.27,102.24076532276526,0.0,1.0,1.0,0.0,,4.55,2.73,2.102767160923112,1.9505699612067517,0,0,-0.15219719971636048,83.0,1.0,21713.840153,,,False,2.5,0.6
60864,33.0,0.0,192.0,53.0,117.33333333333333,26.31,84.41566987382657,0.0,1.0,0.0,0.0,,4.1,2.07,0.7094301319955449,0.6403108258027169,0,0,-0.06911930619282802,81.0,2.0,20802.659837,,,False,8.4,2.4
60866,56.0,0.0,221.0,47.0,132.66666666666666,26.99,98.91752920163769,0.0,1.0,0.0,0.0,,4.69,2.44,4.980115280701674,4.53339008539007,1,1,-0.44672519531160404,83.0,2.0,20166.788583,,,False,1.5,2.1
60867,62.0,0.0,259.0,54.0,120.66666666666667,28.77,101.22479656428506,0.0,0.0,0.0,0.0,,7.39,3.58,4.965014355640741,4.473324346569725,1,1,-0.4916900090710161,85.0,2.0,60349.521987,,,False,1.7,4.4
60870,60.0,0.0,238.0,70.0,132.0,18.76,103.7292284191516,0.0,0.0,0.0,0.0,,6.45,7.0,3.7305619177822607,3.7751951068566316,1,1,0.04463318907437097,89.0,1.0,6291.621749,16834.928,151.0,False,6.9,2.1
60871,48.0,0.0,228.0,44.0,131.33333333333334,34.93,87.55961281805574,0.0,0.0,1.0,1.0,,3.64,2.74,2.6467107854690957,2.53841401978004,0,0,-0.10829676568905544,78.0,2.0,96096.130252,,,False,1.6,4.8
60873,58.0,1.0,157.0,60.0,154.66666666666666,23.71,87.98619592553051,0.0,0.0,0.0,1.0,,17.09,14.51,2.9680902855683504,2.898145631922654,0,0,-0.06994465364569624,82.0,2.0,114618.629798,,,False,20.0,10.3
60877,69.0,0.0,136.0,38.0,128.66666666666666,26.2,95.0885609811679,0.0,0.0,0.0,0.0,,6.42,5.18,6.787935855614425,6.585733272916197,2,2,-0.2022025826982281,77.0,2.0,7591.775942,20671.986,83.0,False,7.7,5.9
60881,45.0,1.0,218.0,49.0,128.0,27.01,112.73472028679367,0.0,0.0,1.0,0.0,,13.03,8.26,1.4328626097123611,1.3393607983358315,0,0,-0.09350181137652958,75.0,1.0,21284.906566,,,False,22.8,13.3
60882,32.0,0.0,276.0,37.0,105.33333333333333,42.27,116.76738581157085,0.0,1.0,0.0,0.0,,4.12,2.36,1.2716771758125984,1.1702570053061019,0,0,-0.10142017050649654,86.0,2.0,26792.411843,58849.227,189.0,False,4.9,1.3
60883,47.0,1.0,177.0,33.0,142.66666666666666,37.82,112.25455726091992,1.0,0.0,1.0,0.0,,6.55,4.88,5.68160744865093,5.4494196695075345,2,2,-0.23218777914339572,82.0,2.0,23076.394545,,,False,3.6,2.1
60891,46.0,1.0,172.0,38.0,143.33333333333334,33.43,115.4358355457845,0.0,0.0,0.0,0.0,,6.13,4.09,1.5596329473130917,1.4690610224716987,0,0,-0.09057192484139298,88.0,2.0,11633.806706,24562.544,102.0,False,10.0,2.7
60893,66.0,1.0,228.0,83.0,100.0,18.17,72.43372123219312,0.0,0.0,0.0,0.0,,1.36,3.33,2.2010593139944743,2.509814480754012,0,0,0.30875516675953785,87.0,2.0,67490.818023,147007.759,130.0,False,0.3,1.7
60894,37.0,1.0,194.0,36.0,113.33333333333333,46.29,85.58176049657727,0.0,0.0,0.0,0.0,2.0,2.2,2.88,0.4502475579929857,0.4687382534884399,0,0,0.01849069549545418,84.0,2.0,28232.49081,67367.064,142.0,False,2.8,3.2
60899,64.0,1.0,221.0,80.0,104.0,31.44,61.433012583752046,0.0,0.0,1.0,0.0,,45.06,36.95,4.107340744920339,3.9916052038212397,1,1,-0.11573554109909967,77.0,1.0,66402.459548,140807.79,126.0,False,39.2,21.8
60901,57.0,0.0,187.0,57.0,149.33333333333334,28.97,86.74336679062223,0.0,0.0,0.0,0.0,,6.56,5.36,3.8129232889696567,3.7025989295028436,1,1,-0.11032435946681307,86.0,2.0,11822.128672,,,False,4.0,10.4
60902,49.0,1.0,166.0,66.0,131.33333333333334,55.6,110.41111045263344,0.0,1.0,0.0,0.0,,17.54,14.54,1.7271708019842251,1.680017970277049,0,0,-0.0471528317071761,87.0,2.0,18220.528013,41452.065,74.0,False,22.8,36.2
60906,78.0,0.0,221.0,59.0,131.33333333333334,20.19,70.24125412083845,0.0,0.0,0.0,0.0,,3.64,3.48,12.286723812163341,12.213756146697182,3,3,-0.07296766546615885,82.0,2.0,42248.55886,102067.897,141.0,False,8.8,5.4
60910,36.0,0.0,249.0,43.0,104.66666666666667,27.66,112.01944372066578,0.0,0.0,0.0,0.0,,3.13,2.95,0.6862565724406494,0.6801877347915629,0,0,-0.0060688376490865,88.0,1.0,20515.158821,,,False,4.5,5.2
60911,32.0,1.0,224.0,45.0,101.33333333333333,23.51,108.4128461211491,0.0,1.0,0.0,0.0,2.0,12.76,5.96,0.6655617022931936,0.5941138651665211,0,0,-0.07144783712667246,79.0,1.0,52494.07754,,,False,11.1,11.2
60914,62.0,1.0,240.0,42.0,151.33333333333334,31.33,104.98281364188522,1.0,0.0,0.0,0.0,,97.5,31.25,12.917251741564018,11.11440124917992,3,3,-1.8028504923840973,75.0,1.0,7921.851507,,,False,19.5,20.0
60916,44.0,0.0,158.0,46.0,111.33333333333333,26.41,111.49689483707986,0.0,0.0,0.0,1.0,,3.89,5.71,0.6369444726178828,0.6746948920605574,0,0,0.037750419442674654,79.0,2.0,87735.097563,181773.784,78.0,False,2.1,10.5
60918,79.0,0.0,158.0,40.0,132.66666666666666,30.29,87.46941372006624,0.0,0.0,0.0,0.0,,4.17,12.03,13.016103410794006,14.937069347617877,3,3,1.9209659368238707,84.0,1.0,29919.638147,,,False,5.5,17.8
60923,64.0,1.0,186.0,81.0,129.33333333333334,34.44,96.85239573532772,0.0,0.0,1.0,1.0,,7.65,25.33,2.8732810972056857,3.4196945519590627,0,1,0.546413454753377,84.0,1.0,56822.323859,,,False,7.5,7.6
60925,46.0,1.0,230.0,53.0,155.33333333333334,34.63,117.63969235178001,0.0,0.0,1.0,0.0,,9.83,6.83,2.371861150292965,2.248528458451958,0,0,-0.12333269184100715,88.0,2.0,14357.518355,,,False,22.6,7.1
60933,42.0,0.0,255.0,61.0,129.33333333333334,31.02,109.3568584605196,0.0,1.0,0.0,0.0,,4.57,2.91,1.9731822043739287,1.8455730572575029,0,0,-0.1276091471164258,88.0,1.0,16557.906564,36503.222,174.0,False,1.6,4.4
60934,49.0,0.0,151.0,69.0,106.0,32.39,82.29221680290215,0.0,0.0,1.0,1.0,,3.13,3.17,0.7648254811758822,0.7662822521858986,0,0,0.0014567710100164,77.0,1.0,81895.402401,169674.823,59.0,False,0.5,8.3
60953,53.0,0.0,152.0,44.0,119.33333333333333,24.61,93.34689407949695,0.0,1.0,0.0,0.0,,3.33,5.59,2.5725886484752785,2.7760929374178653,0,0,0.20350428894258688,84.0,1.0,17126.695224,45264.082,98.0,False,3.0,5.7
60954,30.0,0.0,200.0,41.0,114.66666666666667,39.28,116.27850977311344,0.0,0.0,0.0,0.0,,3.29,2.77,0.36368574071132537,0.3543921551661721,0,0,-0.009293585545153249,75.0,2.0,27516.988161,63567.871,118.0,False,4.8,5.2
60956,69.0,1.0,184.0,44.0,130.0,32.83,76.26464803461039,1.0,0.0,1.0,1.0,,9.78,7.5,10.655186583735945,10.281745728895261,3,3,-0.373440854840684,88.0,2.0,6323.300843,14907.67,89.0,False,4.5,1.5
60957,41.0,1.0,173.0,62.0,130.0,26.23,107.65797284621458,0.0,0.0,0.0,0.0,2.0,87.5,38.57,0.758702549458609,0.6714998649819124,0,0,-0.08720268447669666,85.0,2.0,18820.44423,40571.833,94.0,False,98.0,18.9
60964,50.0,1.0,253.0,75.0,98.0,25.87,93.91765822093848,0.0,1.0,0.0,0.0,,7.37,7.79,1.3687543379854081,1.3800323625829323,0,0,0.011278024597524139,78.0,1.0,21800.840156,58198.276,156.0,False,19.9,10.2
60967,30.0,0.0,273.0,27.0,111.33333333333333,23.75,118.2288791954785,0.0,1.0,0.0,0.0,,5.66,4.22,1.3886767103444422,1.3292563231651418,0,0,-0.05942038717930043,76.0,1.0,19476.746003,,,False,6.4,2.7
60969,64.0,0.0,267.0,66.0,113.33333333333333,39.89,98.09193756150789,0.0,0.0,0.0,0.0,,5.52,3.81,4.55907994619374,4.321577369681703,1,1,-0.23750257651203732,88.0,1.0,6426.606351,,,False,1.6,4.5
60970,31.0,0.0,159.0,46.0,118.0,34.28,115.55758301252014,0.0,0.0,0.0,0.0,,37.29,4.07,0.43720370407378734,0.3132963000761047,0,0,-0.12390740399768263,84.0,1.0,15464.412576,46806.735,95.0,False,57.8,8.8
60971,64.0,0.0,140.0,37.0,116.66666666666667,23.83,86.108015255757,0.0,0.0,0.0,0.0,,3.2,2.25,3.971080430872547,3.7731469590564544,1,1,-0.19793347181609278,86.0,2.0,55670.350052,,,False,4.9,2.7
60973,42.0,1.0,200.0,63.0,102.66666666666667,21.9,112.24967112652445,0.0,0.0,0.0,0.0,2.0,6.24,2.3,0.38958609641730874,0.33555806333874355,0,0,-0.054028033078565185,77.0,2.0,21052.826838,45367.572,125.0,False,9.8,1.4
60977,67.0,1.0,240.0,51.0,105.33333333333333,42.27,62.49665349518806,1.0,0.0,0.0,0.0,,6.0,6.41,6.747116953913209,6.809819988040385,2,2,0.0627030341271757,84.0,1.0,57924.982501,133748.396,141.0,False,4.5,4.1
60979,36.0,1.0,162.0,66.0,92.66666666666667,21.64,118.28639991589417,0.0,0.0,0.0,0.0,2.0,5.34,36.2,0.17582015102502307,0.23420212339595098,0,0,0.058381972370927904,84.0,2.0,18266.025284,,,False,11.0,25.7
60980,37.0,0.0,248.0,52.0,108.66666666666667,25.03,113.19220480677019,0.0,0.0,0.0,0.0,,7.25,3.34,0.6652594921213407,0.592219246102834,0,0,-0.07304024601850667,85.0,1.0,62622.748131,,,False,16.6,11.8
60982,52.0,0.0,210.0,55.0,107.33333333333333,25.7,84.44227448614791,0.0,0.0,0.0,0.0,,3.67,3.33,1.5916047277148024,1.5687732086404018,0,0,-0.02283151907440062,79.0,2.0,21593.236365,53154.734,132.0,False,8.7,8.0
60984,30.0,1.0,256.0,53.0,103.33333333333333,36.13,115.28087958949364,0.0,0.0,0.0,0.0,2.0,2.29,5.07,0.2219088765614826,0.24995995706716773,0,0,0.02805108050568514,84.0,2.0,28232.49081,67367.064,178.0,False,3.2,3.6
60986,65.0,0.0,185.0,54.0,127.33333333333333,23.58,89.96227676148709,0.0,0.0,0.0,0.0,,3.53,3.06,4.656882868597153,4.5620152244390795,1,1,-0.09486764415807336,78.0,2.0,11071.371044,29761.407,123.0,False,3.0,5.5
60989,48.0,0.0,189.0,35.0,119.33333333333333,32.05,95.11734087599032,0.0,0.0,0.0,0.0,,2.81,1.73,1.5690937219752208,1.4598869507108823,0,0,-0.10920677126433853,77.0,2.0,23620.047773,,,False,5.0,3.2
60990,34.0,0.0,187.0,44.0,115.33333333333333,28.32,114.93547270008962,0.0,0.0,0.0,0.0,,4.63,2.99,0.45977505659088064,0.43052190456570505,0,0,-0.02925315202517559,87.0,2.0,29242.895109,,,False,18.7,3.8
60993,31.0,1.0,147.0,67.0,100.66666666666667,21.33,121.09239684443466,0.0,0.0,0.0,0.0,2.0,5.92,3.12,0.09657130596630822,0.08772586020482959,0,0,-0.008845445761478637,86.0,3.0,48622.528987,0.0,63.0,False,4.2,8.3
60994,60.0,0.0,207.0,50.0,126.0,30.55,86.16262077966914,0.0,0.0,0.0,0.0,,3.43,5.84,3.6538126536381164,3.947490321476739,1,1,0.2936776678386228,78.0,2.0,11286.80413,31942.743,120.0,False,6.0,10.8
60998,60.0,1.0,164.0,59.0,134.0,52.49,99.99838858339405,1.0,0.0,1.0,1.0,,12.88,9.14,5.600903344509611,5.334786909265565,2,2,-0.2661164352440455,89.0,2.0,5704.537759,,,False,7.6,3.2
61006,75.0,0.0,159.0,52.0,132.66666666666666,28.69,57.822402709810596,1.0,0.0,1.0,1.0,,6.19,3.77,12.918021103514832,12.098821799699273,3,3,-0.8191993038155587,82.0,1.0,35141.525644,77558.172,82.0,False,13.3,13.5
61007,41.0,0.0,173.0,42.0,116.66666666666667,30.56,112.76301703225437,0.0,0.0,0.0,0.0,,4.67,3.6,0.778382141563194,0.7486126285065176,0,0,-0.02976951305667641,77.0,1.0,20306.364191,44941.652,115.0,False,6.3,4.9
61020,55.0,0.0,208.0,45.0,126.0,29.03,94.52694274828845,0.0,0.0,0.0,0.0,,9.69,6.0,3.2048636762462075,2.987768527585547,1,0,-0.2170951486606607,75.0,2.0,118993.77516,240009.857,143.0,False,6.2,8.7
61026,53.0,0.0,219.0,47.0,123.33333333333333,41.0,113.20088646810956,1.0,0.0,0.0,0.0,,7.47,3.09,5.062637955457949,4.459015125087022,2,1,-0.6036228303709272,85.0,1.0,11516.018157,25303.175,139.0,False,11.8,4.3
61029,62.0,0.0,302.0,30.0,110.0,30.08,97.22396860027366,0.0,0.0,0.0,0.0,,6.67,0.82,6.611478192210398,4.9056442917460075,2,1,-1.7058339004643903,78.0,1.0,5585.808017,,,False,3.4,0.4
61037,38.0,1.0,169.0,55.0,114.0,20.87,86.21225600738919,0.0,1.0,0.0,0.0,2.0,5.31,5.45,0.5880149798443118,0.5903031035204599,0,0,0.0022881236761480572,77.0,2.0,22459.008911,,,False,9.3,6.7
61042,34.0,1.0,195.0,72.0,100.0,19.13,120.23716734931925,0.0,0.0,0.0,0.0,2.0,16.62,40.68,0.17581204439137374,0.20104747388496857,0,0,0.025235429493594835,88.0,1.0,51176.388512,118629.966,107.0,False,12.3,107.4
61044,41.0,1.0,192.0,78.0,109.33333333333333,24.8,112.14025139426158,0.0,0.0,0.0,0.0,2.0,4.84,4.1,0.2339480529001664,0.22820567277426812,0,0,-0.005742380125898283,86.0,1.0,30453.858214,,,False,9.0,5.5
61048,54.0,0.0,200.0,56.0,117.33333333333333,22.44,103.62936284769019,0.0,1.0,0.0,0.0,,6.14,12.1,2.974277536308727,3.2845785474757223,0,1,0.31030101116699527,85.0,2.0,90003.659124,0.0,131.0,False,2.7,9.8
61049,69.0,0.0,289.0,57.0,132.66666666666666,26.29,90.04600283733936,0.0,1.0,0.0,0.0,,8.47,11.08,11.952243125402143,12.385738026419132,3,3,0.4334949010169886,81.0,1.0,7200.115955,,,False,10.5,12.3
61051,44.0,1.0,237.0,44.0,98.66666666666667,23.35,97.48848036188426,0.0,0.0,0.0,0.0,2.0,5.49,3.21,0.8274705562818095,0.7639102566488365,0,0,-0.06356029963297305,78.0,2.0,86519.30926,,,False,9.0,2.7
61053,78.0,0.0,155.0,67.0,173.33333333333334,29.95,44.83541363572302,1.0,0.0,1.0,0.0,,35.0,49.19,20.953118572308647,21.817056310925683,3,3,0.8639377386170359,84.0,1.0,11329.112652,36696.613,64.0,False,43.4,36.4
61058,31.0,0.0,204.0,38.0,130.66666666666666,39.62,109.74374946445099,0.0,0.0,0.0,0.0,,3.54,3.51,0.6593235268322003,0.6584823001903826,0,0,-0.0008412266418177383,84.0,1.0,23817.094228,,,False,4.5,5.2
61059,36.0,0.0,252.0,53.0,121.33333333333333,28.63,113.89837473009679,0.0,1.0,0.0,0.0,,2.2,4.92,1.1721436481182839,1.321620989188768,0,0,0.14947734107048416,89.0,2.0,55300.437963,,,False,3.6,6.0
61060,36.0,1.0,187.0,78.0,111.33333333333333,26.14,91.00128413913762,0.0,1.0,0.0,0.0,2.0,6.07,2.42,0.30408360538692486,0.2649773328587776,0,0,-0.039106272528147246,88.0,1.0,28833.699747,,,False,6.5,3.8
61062,72.0,1.0,190.0,55.0,142.66666666666666,27.2,92.80703767439074,0.0,0.0,1.0,1.0,,21.2,2.75,9.06540032405508,6.835200496133927,2,2,-2.230199827921153,81.0,2.0,38087.107887,,,False,5.3,1.1
61063,71.0,1.0,184.0,65.0,141.33333333333334,22.88,50.93045517389772,1.0,0.0,1.0,1.0,,11.11,1.94,11.552264334275355,9.132886180465922,3,2,-2.4193781538094328,85.0,2.0,21141.633727,48178.118,100.0,False,4.0,0.7
61065,44.0,0.0,206.0,35.0,117.33333333333333,28.06,74.97271268786355,0.0,1.0,0.0,0.0,,3.26,2.77,2.094565139152874,2.044716065530223,0,0,-0.04984907362265112,84.0,2.0,18517.344718,,,False,6.2,3.1
61069,38.0,0.0,194.0,60.0,126.66666666666667,31.55,78.59567043176304,0.0,0.0,0.0,0.0,,11.07,3.35,0.7356290004824685,0.6148914426599408,0,0,-0.12073755782252771,76.0,2.0,68882.984455,,,False,19.7,6.5
61073,70.0,0.0,173.0,37.0,125.33333333333333,26.54,92.5050162792939,0.0,0.0,0.0,0.0,,7.16,5.69,8.062643995910026,7.809131529124496,2,2,-0.25351246678552997,77.0,2.0,35523.208227,82030.192,109.0,False,7.8,8.2
61078,65.0,0.0,160.0,49.0,100.0,32.58,104.08827717039736,1.0,1.0,0.0,0.0,,109.24,118.06,13.660776771956087,13.799659465669901,3,3,0.13888269371381412,77.0,2.0,61916.952446,,,False,143.1,127.5
61079,44.0,0.0,151.0,33.0,132.66666666666666,32.26,96.33249047617024,0.0,1.0,0.0,0.0,,3.59,6.73,2.2356635641868863,2.4527540957661427,0,0,0.2170905315792564,87.0,2.0,20509.60003,45215.045,81.0,False,7.9,19.8
61080,46.0,0.0,184.0,44.0,152.0,32.42,87.6528351951641,0.0,0.0,1.0,0.0,,5.2,2.87,2.712926636506084,2.485835534470138,0,0,-0.22709110203594562,87.0,2.0,20849.684194,,,False,3.9,2.9
61081,62.0,0.0,313.0,52.0,116.0,29.21,75.9006793218729,0.0,0.0,0.0,0.0,,3.5,4.02,5.339155674912846,5.44586693573186,2,2,0.10671126081901328,77.0,1.0,54784.845182,,,False,3.6,3.7
61085,51.0,1.0,196.0,74.0,126.0,24.91,96.33000919016202,0.0,0.0,0.0,0.0,,3.46,4.41,0.8590948678747845,0.8906764169503546,0,0,0.03158154907557009,83.0,2.0,108209.282855,,,False,0.9,4.1
61088,64.0,1.0,155.0,54.0,118.66666666666667,35.56,77.55090599096587,0.0,0.0,1.0,1.0,,5.25,4.92,3.3189964344778087,3.2878655011772553,1,1,-0.031130933300553387,83.0,1.0,80888.133133,,,False,3.1,2.9
61091,59.0,1.0,226.0,94.0,138.0,22.01,100.98757605827362,0.0,0.0,0.0,0.0,,6.27,10.34,1.7289674366025025,1.8612983483442007,0,0,0.1323309117416982,85.0,1.0,83098.701741,192958.121,111.0,False,3.2,6.1
61094,41.0,0.0,181.0,40.0,116.66666666666667,26.85,113.17655952541588,0.0,0.0,0.0,0.0,,4.17,4.48,0.825726831913743,0.8346415865921805,0,0,0.008914754678437498,85.0,1.0,18226.446244,41188.26,120.0,False,4.8,3.9
61102,62.0,0.0,185.0,50.0,103.33333333333333,27.27,94.05274868234349,1.0,0.0,0.0,0.0,,3.65,3.42,5.782579904876744,5.7292641352757565,2,2,-0.05331576960098783,78.0,2.0,11071.371044,31333.047,114.0,False,6.2,5.5
61103,42.0,0.0,238.0,85.0,122.66666666666667,23.18,110.86864280469636,0.0,0.0,0.0,0.0,,5.93,2.88,0.6479565607344685,0.5813952360057407,0,0,-0.06656132472872778,75.0,2.0,27378.199535,58190.459,145.0,False,5.1,6.4
61104,47.0,1.0,169.0,49.0,105.0,28.21,113.70059034885377,0.0,1.0,1.0,0.0,,12.73,7.2,1.6635007896061327,1.529189385379921,0,0,-0.13431140422621168,86.0,1.0,17702.790493,,,False,1.4,7.2
61106,53.0,0.0,211.0,39.0,106.0,30.91,91.088535552537,0.0,1.0,0.0,0.0,,3.83,2.92,3.286226855593488,3.158491376548886,1,1,-0.12773547904460214,88.0,1.0,11572.031297,26150.563,139.0,False,6.7,5.7
61107,32.0,0.0,180.0,39.0,103.33333333333333,30.33,84.07922579700514,0.0,0.0,0.0,0.0,,2.73,25.0,0.38180516100261563,0.532622119989704,0,0,0.15081695898708836,75.0,2.0,17498.238159,,,False,8.4,7.5
61108,53.0,0.0,185.0,55.0,125.33333333333333,26.76,94.5149423493131,0.0,0.0,0.0,1.0,,2.46,4.25,1.6080425271088734,1.7440307349625204,0,0,0.13598820785364696,83.0,2.0,84942.315961,,,False,1.7,3.4
61110,58.0,1.0,145.0,42.0,106.0,41.09,93.72382425083185,1.0,0.0,1.0,0.0,,7.3,3.15,4.801603022518419,4.2566596192527335,1,1,-0.5449434032656857,81.0,2.0,28522.937384,,,False,2.7,3.4
61119,51.0,1.0,194.0,84.0,92.66666666666667,18.01,106.53050320871651,0.0,0.0,0.0,0.0,,9.47,7.83,0.636954576347122,0.6191388277198914,0,0,-0.017815748627230676,86.0,1.0,91691.203392,199387.15,99.0,False,5.4,4.7
61121,57.0,1.0,162.0,65.0,106.66666666666667,28.14,97.4608234720502,0.0,0.0,0.0,0.0,,5.64,6.41,1.2304804235777056,1.2540494581201282,0,0,0.02356903454242265,88.0,2.0,86709.864461,,,False,4.4,2.5
61126,74.0,0.0,144.0,34.0,131.33333333333334,32.7,69.68145644210134,1.0,0.0,1.0,1.0,,6.05,4.5,13.425079139859887,12.914036306337996,3,3,-0.5110428335218913,82.0,1.0,35823.460214,,,False,2.6,2.7
61127,38.0,0.0,256.0,41.0,114.66666666666667,34.4,105.06855051128726,0.0,1.0,0.0,0.0,,15.14,14.34,1.948193320170479,1.9325951049681367,0,0,-0.015598215202342391,88.0,1.0,52195.467501,,,False,33.6,31.4
61133,66.0,1.0,236.0,64.0,162.66666666666666,40.33,43.73148710072633,1.0,0.0,1.0,1.0,,6.12,1.72,13.795921869074636,11.682104718332406,3,3,-2.1138171507422303,81.0,2.0,17057.398655,,,False,7.4,1.5
61140,60.0,1.0,266.0,49.0,132.0,33.5,85.58024785216206,0.0,0.0,0.0,0.0,,4.64,3.54,3.405455479222054,3.2743329035006172,1,1,-0.1311225757214367,77.0,1.0,60851.686967,0.0,180.0,False,5.8,1.7
61141,61.0,0.0,150.0,47.0,123.33333333333333,21.19,78.95094987627384,0.0,0.0,0.0,0.0,,4.35,2.63,3.339636082545437,3.102855441836392,1,1,-0.23678064070904536,84.0,2.0,52398.27782,,,False,1.0,2.6
61144,69.0,0.0,193.0,49.0,106.66666666666667,43.36,66.79614875274244,0.0,1.0,1.0,1.0,,11.14,6.49,10.463099828210046,9.723054965624964,3,2,-0.7400448625850817,87.0,2.0,6710.314132,18271.815,114.0,False,12.7,7.2
61145,32.0,0.0,178.0,90.0,116.0,25.98,117.57162615510919,1.0,0.0,0.0,0.0,,2.98,1.45,0.4271037623650628,0.38325008051103915,0,0,-0.04385368185402366,76.0,2.0,18875.984973,46211.881,80.0,False,1.4,1.0
61148,36.0,1.0,194.0,48.0,90.0,26.76,115.68220640205338,0.0,1.0,0.0,0.0,2.0,6.85,6.11,0.6367574263214637,0.6259903382117148,0,0,-0.010767088109748912,77.0,1.0,63645.377006,157540.045,122.0,False,15.0,4.4
61154,44.0,1.0,246.0,58.0,92.66666666666667,30.66,91.74029836992489,0.0,0.0,0.0,0.0,2.0,3.38,2.45,0.6256182763273666,0.5962906213504304,0,0,-0.029327654976936124,89.0,2.0,13949.293547,30290.225,166.0,False,4.4,3.4
61155,63.0,1.0,207.0,51.0,115.33333333333333,37.62,61.81627347932386,0.0,0.0,1.0,0.0,,7.92,4.46,4.187532868903422,3.854996824167833,1,1,-0.3325360447355892,83.0,1.0,80888.133133,,,False,3.8,3.7
61156,64.0,1.0,218.0,52.0,154.0,,78.6734704571138,0.0,0.0,1.0,0.0,,10.16,7.05,6.576521726545546,6.247389629628878,2,2,-0.329132096916668,77.0,1.0,16280.607991,,,False,6.3,3.1
61159,30.0,1.0,132.0,36.0,104.0,15.95,67.12157598902085,0.0,1.0,0.0,0.0,2.0,7.57,9.85,0.41973965503073296,0.4365876881947722,0,0,0.016848033164039267,80.0,1.0,43181.860913,,,False,22.8,26.9
61161,43.0,1.0,212.0,42.0,94.66666666666667,22.72,114.14573969680004,0.0,1.0,0.0,0.0,2.0,4.33,5.21,1.185935149466583,1.2189283060664944,0,0,0.03299315659991131,75.0,2.0,98425.171965,,,False,1.3,8.5
61163,48.0,1.0,211.0,31.0,108.66666666666667,32.11,108.13817395799143,0.0,0.0,0.0,0.0,,17.24,7.86,1.4099002075406983,1.2550506091875318,0,0,-0.15484959835316658,82.0,2.0,22758.235199,49060.655,140.0,False,36.2,7.7
61164,69.0,0.0,187.0,31.0,114.66666666666667,29.83,90.04600283733936,0.0,1.0,0.0,0.0,,10.14,7.58,10.084548471883556,9.69305496683619,3,2,-0.39149350504736624,75.0,1.0,9590.4584,,,False,14.0,6.9
61165,35.0,1.0,171.0,56.0,112.0,25.31,104.73092239364075,0.0,0.0,0.0,0.0,2.0,3.26,6.46,0.20508229284903268,0.22720624145236182,0,0,0.02212394860332914,89.0,1.0,14913.47286,29479.407,101.0,False,2.8,4.2
61166,38.0,1.0,228.0,33.0,150.0,37.64,95.22833560213161,0.0,0.0,0.0,0.0,2.0,312.5,18.82,3.178080130067413,2.107452149951258,1,0,-1.070627980116155,81.0,1.0,65846.13843,,,False,350.0,16.0
61167,41.0,0.0,179.0,75.0,106.0,24.22,74.19011237291771,0.0,0.0,0.0,0.0,,6.89,3.03,0.4499148281703137,0.3976330367452315,0,0,-0.052281791425082214,85.0,1.0,72486.78935,150181.607,86.0,False,12.2,6.3
61172,55.0,1.0,198.0,95.0,94.0,23.02,91.04208962485207,0.0,0.0,0.0,1.0,,6.77,4.13,0.6907578242325569,0.6416799519663853,0,0,-0.04907787226617166,86.0,3.0,71724.177475,155967.844,92.0,False,4.2,1.9
61174,32.0,0.0,188.0,55.0,122.66666666666667,28.14,125.0136162199124,0.0,1.0,0.0,0.0,,3.99,4.63,0.6821136096119051,0.6975024088837942,0,0,0.015388799271889075,86.0,3.0,13780.597684,41002.701,116.0,False,7.7,15.8
61175,44.0,1.0,277.0,76.0,104.66666666666667,23.41,93.118117274328,0.0,0.0,0.0,0.0,2.0,18.39,4.62,0.611902225103321,0.4978701116310832,0,0,-0.11403211347223785,77.0,2.0,21052.826838,44448.993,175.0,False,16.0,5.4
61178,64.0,0.0,270.0,41.0,122.66666666666667,36.57,74.96242852039481,1.0,1.0,0.0,0.0,,2.64,0.99,12.481526237045713,10.951423006889097,3,3,-1.530103230156616,89.0,2.0,6230.506123,16671.397,185.0,False,3.3,1.1
61181,50.0,0.0,145.0,36.0,152.66666666666666,26.28,80.0326779581384,0.0,1.0,1.0,1.0,,12.66,5.0,4.899687536144513,4.285846757236115,1,1,-0.6138407789083979,75.0,2.0,28250.716608,79594.406,78.0,False,16.2,5.1
61182,46.0,1.0,203.0,48.0,119.33333333333333,31.36,109.49166170364069,0.0,0.0,1.0,0.0,,9.92,4.39,1.2053208354314877,1.0679622531418749,0,0,-0.13735858228961284,77.0,2.0,21052.826838,42486.035,132.0,False,12.5,4.7
61185,54.0,0.0,280.0,35.0,96.66666666666667,30.34,87.33830108299492,0.0,0.0,0.0,0.0,,3.19,3.04,3.6851786277736704,3.6594507245107972,1,1,-0.02572790326287322,88.0,1.0,9731.188016,,,False,2.2,4.1
61189,37.0,1.0,166.0,51.0,99.33333333333333,23.39,106.79997729856711,0.0,0.0,0.0,0.0,2.0,32.98,5.06,0.36894499393785096,0.27870240582217226,0,0,-0.0902425881156787,87.0,1.0,25936.820943,48638.316,97.0,False,37.6,4.5
61196,41.0,0.0,144.0,40.0,137.33333333333334,47.49,95.8191680907782,0.0,0.0,0.0,0.0,,5.56,3.2,1.1315149184965823,1.041893629301551,0,0,-0.0896212891950312,81.0,2.0,94749.208784,208481.597,87.0,False,5.5,5.7
61202,50.0,1.0,308.0,52.0,123.33333333333333,28.09,82.25039340929003,0.0,0.0,0.0,0.0,,11.28,3.85,2.0456838072088703,1.7461456066402203,0,0,-0.29953820056865,86.0,2.0,11653.644872,23517.847,209.0,False,13.2,2.5
61203,59.0,1.0,200.0,34.0,143.33333333333334,48.3,73.6437755565096,0.0,0.0,1.0,0.0,,486.57,152.38,9.393325021672526,8.01124358939599,2,2,-1.3820814322765358,85.0,1.0,11067.318779,,,False,326.0,160.0
61206,66.0,0.0,257.0,56.0,153.33333333333334,25.89,90.55935413203161,0.0,0.0,0.0,1.0,,3.37,2.52,8.497438164697167,8.162328486954983,2,2,-0.33510967774218337,81.0,2.0,10840.376763,,,False,2.9,5.7
61208,44.0,1.0,197.0,49.0,112.66666666666667,25.5,81.9358876424416,0.0,1.0,0.0,0.0,2.0,8.89,2.71,1.2512308081187025,1.0489946886586912,0,0,-0.2022361194600113,80.0,2.0,20013.359204,45530.792,133.0,False,10.4,1.6
61219,68.0,1.0,161.0,41.0,161.0,28.48,88.07241904460619,0.0,0.0,0.0,0.0,,26.46,8.27,8.767224061561512,7.4675980543424565,2,2,-1.2996260072190555,84.0,2.0,5133.304707,,,False,12.7,9.1
61220,34.0,1.0,182.0,43.0,98.66666666666667,33.27,117.97585622866464,0.0,0.0,0.0,0.0,2.0,5.06,2.42,0.28099938827473087,0.2516193601260371,0,0,-0.029380028148693782,81.0,2.0,71929.361138,,,False,8.4,1.5
61222,51.0,1.0,180.0,51.0,119.33333333333333,33.36,99.50563731959164,0.0,0.0,0.0,0.0,,4.58,4.81,1.1028539262132149,1.1109056195650806,0,0,0.00805169335186573,88.0,2.0,11556.695436,24913.138,108.0,False,2.2,9.9
61224,67.0,0.0,220.0,71.0,136.0,27.68,75.21480615361708,0.0,0.0,0.0,0.0,,7.0,2.45,6.099487502635933,5.252248227607214,2,2,-0.847239275028719,86.0,1.0,10576.929411,,,False,4.9,6.8
61227,61.0,1.0,196.0,51.0,184.66666666666666,28.29,100.86371246697986,0.0,0.0,0.0,1.0,,16.67,12.81,6.893281824555428,6.643796282676324,2,2,-0.2494855418791042,79.0,1.0,69887.73768,,,False,1.5,8.2
61229,40.0,1.0,244.0,60.0,94.66666666666667,22.14,110.16310870388523,0.0,0.0,0.0,0.0,2.0,3.6,3.5,0.41686488708660757,0.41511296581295026,0,0,-0.0017519212736573087,79.0,2.0,73773.739913,160424.721,166.0,False,7.1,4.1
61230,65.0,1.0,237.0,61.0,193.33333333333334,40.98,78.18569494027969,0.0,0.0,0.0,0.0,,36.55,31.47,10.373680415760779,10.166660917144844,3,3,-0.20701949861593505,80.0,2.0,77758.252044,,,False,10.6,21.4
61232,72.0,1.0,165.0,45.0,134.0,28.17,80.64926896953644,0.0,0.0,1.0,1.0,,5.28,3.5,7.6300496636395465,7.206241418918771,2,2,-0.4238082447207754,82.0,2.0,13516.779452,,,False,5.6,3.6
61235,35.0,1.0,181.0,54.0,120.0,27.72,91.56901201362206,0.0,1.0,0.0,0.0,2.0,6.0,4.75,0.606934134852671,0.5861400801867687,0,0,-0.02079405466590234,80.0,1.0,16169.588736,,,False,6.0,2.8
61238,47.0,0.0,227.0,76.0,142.66666666666666,22.65,93.41830841115338,0.0,0.0,1.0,1.0,,3.66,3.97,1.6330865348076447,1.6529266225391792,0,0,0.01984008773153456,76.0,2.0,68566.199782,143766.568,132.0,False,4.5,8.5
61239,56.0,1.0,191.0,62.0,108.66666666666667,34.6,108.97434156615849,1.0,0.0,1.0,1.0,,7.37,4.93,3.208154641342762,3.0259227973275693,1,1,-0.18223184401519266,88.0,2.0,77376.076869,,,False,2.8,3.6
61242,43.0,0.0,316.0,32.0,126.66666666666667,25.26,99.3367502559088,0.0,1.0,0.0,0.0,,10.36,4.79,4.931127225592269,4.412821878457082,1,1,-0.5183053471351871,79.0,1.0,21301.379538,46327.027,,False,17.5,3.4
61248,60.0,1.0,221.0,41.0,128.0,31.52,91.08618933780032,1.0,0.0,1.0,0.0,,11.09,5.93,8.279343085906433,7.59309013364707,2,2,-0.6862529522593626,84.0,1.0,15497.580757,0.0,144.0,False,26.4,7.3
61252,37.0,0.0,179.0,23.0,162.66666666666666,35.06,104.40386951914022,0.0,1.0,0.0,0.0,,36.59,15.67,5.7585945091994235,5.101736411488444,2,2,-0.6568580977109795,78.0,2.0,33061.224604,,,False,45.0,29.3
61253,49.0,0.0,181.0,42.0,110.66666666666667,35.85,106.52111279397073,1.0,0.0,0.0,0.0,,4.78,4.17,2.8736036816460535,2.816618965746159,0,0,-0.0569847158998944,85.0,2.0,20283.608634,45837.052,112.0,False,4.3,6.3
61257,40.0,1.0,161.0,40.0,123.33333333333333,48.54,119.28622223235253,0.0,0.0,0.0,0.0,3.0,5.88,0.33,0.5900257522545864,0.3836981303624888,0,0,-0.20632762189209763,76.0,2.0,83309.69139,192397.431,94.0,True,6.0,0.4
61258,38.0,1.0,242.0,56.0,100.0,31.86,117.28290265346558,0.0,0.0,0.0,0.0,2.0,2.82,3.59,0.35913448633991607,0.3723395009737322,0,0,0.013205014633816126,79.0,2.0,28986.630262,,,False,2.4,10.1
61259,49.0,0.0,190.0,66.0,126.66666666666667,19.75,92.2635123866304,0.0,1.0,0.0,0.0,,9.55,7.82,2.2291881596438734,2.164351099483505,0,0,-0.0648370601603685,89.0,1.0,15175.607764,,,False,14.9,19.7
61261,62.0,0.0,162.0,48.0,139.33333333333334,37.27,102.86878441383074,1.0,0.0,0.0,1.0,,6.93,5.19,6.623540358191157,6.358569995520457,2,2,-0.2649703626706996,86.0,1.0,59035.504595,,,False,13.8,7.0
61265,70.0,0.0,205.0,30.0,150.0,30.75,72.21669386019647,0.0,0.0,0.0,0.0,,9.11,4.5,11.894829566132678,10.82316904308398,3,3,-1.0716605230486973,87.0,1.0,41267.643323,,,False,7.2,4.9
61269,37.0,0.0,219.0,28.0,138.66666666666666,33.91,89.64586814075305,0.0,1.0,0.0,0.0,,4.49,2.47,2.8247220679261993,2.587270237990162,0,0,-0.2374518299360373,81.0,2.0,77176.460949,,,False,6.6,3.6
61270,49.0,1.0,192.0,54.0,128.0,19.16,86.36612254006826,0.0,0.0,0.0,0.0,,5.44,3.71,1.1802576665436932,1.1150880611461234,0,0,-0.06516960539756989,77.0,1.0,76603.798386,,,False,3.1,3.3
61276,59.0,0.0,154.0,48.0,112.66666666666667,27.17,97.08904675313786,0.0,0.0,0.0,0.0,,5.93,4.7,2.5824333021907466,2.495576771223001,0,0,-0.08685653096774582,81.0,1.0,13666.884857,30029.093,86.0,False,5.4,7.7
61280,55.0,1.0,251.0,100.0,97.33333333333333,22.11,91.04208962485207,0.0,0.0,0.0,0.0,,5.33,3.64,0.8018265533638417,0.7575481009229393,0,0,-0.04427845244090234,77.0,1.0,95158.077948,220960.419,141.0,False,3.2,2.4
61286,31.0,1.0,190.0,63.0,100.66666666666667,35.2,102.49501894446688,0.0,0.0,0.0,0.0,2.0,5.76,4.33,0.14647811296210236,0.14034409472457807,0,0,-0.006134018237524297,83.0,1.0,61425.654084,142388.384,113.0,False,1.9,5.2
61294,32.0,1.0,216.0,46.0,103.33333333333333,38.22,119.4524751675974,0.0,1.0,0.0,0.0,2.0,7.08,4.68,0.5460792169367009,0.5133441074271741,0,0,-0.03273510950952685,83.0,1.0,23407.555929,56957.335,136.0,False,25.0,2.9
61298,57.0,0.0,218.0,53.0,118.0,25.56,76.62320184642616,0.0,0.0,0.0,0.0,,3.65,3.95,2.713953062933672,2.7456243325387457,0,0,0.031671269605073604,87.0,1.0,105231.671887,,,False,7.3,4.5
61300,39.0,1.0,176.0,40.0,97.33333333333333,24.7,116.55574865701409,0.0,0.0,0.0,0.0,2.0,4.4,4.23,0.42773020025863634,0.4252182951694548,0,0,-0.002511905089181532,75.0,2.0,61739.600243,,,False,9.2,11.2
61303,35.0,1.0,204.0,49.0,102.66666666666667,40.7,119.96864882040761,0.0,0.0,0.0,0.0,2.0,28.49,9.71,0.3787150939583093,0.3223890049682118,0,0,-0.0563260889900975,87.0,1.0,25936.820943,52328.744,120.0,False,15.1,6.8
61306,55.0,1.0,192.0,47.0,125.33333333333333,25.75,64.21351119375277,0.0,1.0,0.0,0.0,,15.14,14.97,3.7907368851023784,3.7845593302204743,1,1,-0.006177554881904079,83.0,2.0,29615.973733,73512.556,119.0,False,16.5,23.2
61319,30.0,1.0,174.0,47.0,111.33333333333333,25.26,127.51367786495405,0.0,0.0,0.0,0.0,2.0,5.35,2.61,0.17191306338249096,0.15437971091412853,0,0,-0.017533352468362434,88.0,1.0,15101.432598,30701.308,112.0,False,8.4,3.5
61322,42.0,0.0,319.0,53.0,110.0,28.31,91.93841868838255,0.0,1.0,0.0,0.0,,2.74,4.03,1.9663660525166504,2.0818733815965254,0,0,0.11550732907987493,86.0,1.0,80523.693485,166832.851,229.0,False,3.4,3.1
61326,57.0,1.0,180.0,37.0,170.0,28.4,104.62744031263121,1.0,1.0,0.0,0.0,,16.64,14.16,16.401195582761673,16.071700314968155,3,3,-0.32949526779351856,76.0,2.0,24911.53081,54822.628,101.0,False,24.3,19.4
61329,61.0,0.0,153.0,48.0,125.33333333333333,29.67,100.3103263877649,0.0,0.0,1.0,1.0,,4.21,3.83,3.4070738852510827,3.3603737941039165,1,1,-0.04670009114716622,81.0,2.0,57398.774363,129036.067,91.0,False,4.5,6.2
61332,40.0,0.0,258.0,56.0,121.33333333333333,39.87,86.08975612426984,0.0,0.0,1.0,0.0,,2.08,2.31,1.0758276593281932,1.0928141346054225,0,0,0.016986475277229296,81.0,2.0,27557.819396,,,False,3.0,2.5
61333,40.0,0.0,148.0,51.0,102.0,28.42,95.28375110001366,0.0,0.0,0.0,0.0,,3.45,2.89,0.504107090690201,0.4908682233641885,0,0,-0.013238867326012482,78.0,2.0,28419.766067,,,False,6.0,4.4
61336,66.0,0.0,184.0,45.0,120.0,30.05,53.5892728572878,1.0,0.0,1.0,0.0,,118.67,24.15,15.957040934729502,12.990026008834727,3,3,-2.967014925894775,83.0,2.0,9874.558493,,,False,178.0,29.7
61338,58.0,0.0,197.0,54.0,125.33333333333333,23.81,86.20555791652036,0.0,0.0,1.0,0.0,,6.14,3.0,3.7951026159925005,3.4193691963229966,1,1,-0.3757334196695039,81.0,1.0,13715.700749,30136.352,125.0,False,7.0,3.3
61340,56.0,1.0,274.0,74.0,115.33333333333333,29.45,116.79775338642156,0.0,0.0,0.0,0.0,,9.6,5.59,1.4832419903988132,1.3691691203722303,0,0,-0.11407287002658295,85.0,1.0,11193.671799,23633.284,170.0,False,9.5,6.2
61342,38.0,1.0,316.0,30.0,142.66666666666666,37.81,123.64083825274062,0.0,0.0,0.0,0.0,2.0,295.0,14.83,4.092282200116519,2.65143742418454,1,0,-1.440844775931979,80.0,2.0,18759.085729,45646.266,,False,295.0,8.6
61343,48.0,0.0,173.0,70.0,142.0,21.13,101.28647410045195,0.0,0.0,0.0,0.0,,17.35,3.67,1.657980278142559,1.315869991998884,0,0,-0.3421102861436749,76.0,1.0,87242.435903,,,False,11.8,5.8
61349,63.0,1.0,208.0,72.0,155.33333333333334,30.18,83.99830396012484,0.0,0.0,1.0,0.0,,5.77,4.6,4.470711778417176,4.327647784337126,1,1,-0.14306399408005,79.0,2.0,81142.658346,,,False,4.5,2.3
61353,54.0,0.0,176.0,58.0,140.66666666666666,25.34,88.37700857622673,0.0,0.0,0.0,0.0,,13.44,3.08,2.8986755899672367,2.3339748424879314,0,0,-0.5647007474793053,78.0,2.0,14717.191175,0.0,103.0,False,8.6,4.4
61356,73.0,1.0,164.0,47.0,143.33333333333334,34.47,30.814677513415432,0.0,0.0,0.0,0.0,,20.13,3.51,12.087940918869513,9.566645964769524,3,2,-2.5212949540999894,81.0,1.0,39446.870985,85922.741,95.0,False,15.3,2.0
61360,46.0,0.0,166.0,34.0,108.0,30.23,82.04863859397764,0.0,0.0,0.0,0.0,,2.67,3.11,1.0722999786040843,1.0970133019905612,0,0,0.024713323386476915,77.0,1.0,84551.439388,,,False,3.6,5.5
61362,60.0,1.0,208.0,87.0,167.33333333333334,28.74,103.9707528939343,0.0,0.0,1.0,0.0,,3.73,4.6,3.1265071798304507,3.2232495998456345,1,1,0.09674242001518385,78.0,2.0,18721.249999,42783.567,113.0,False,5.6,4.0
61365,61.0,1.0,205.0,66.0,114.0,36.12,99.73921207757469,0.0,0.0,1.0,0.0,,6.13,3.96,2.5548699616645365,2.3965470255069605,0,0,-0.15832293615757598,77.0,2.0,23288.478748,53070.405,113.0,False,1.9,3.6
61369,57.0,0.0,237.0,64.0,134.66666666666666,28.75,71.24683384302266,0.0,0.0,1.0,0.0,,4.7,4.09,3.9511620305627546,3.8722595627357665,1,1,-0.07890246782698807,79.0,1.0,90382.442658,,,False,3.1,4.5
61373,30.0,1.0,271.0,73.0,127.33333333333333,42.13,121.39341747138397,0.0,0.0,0.0,0.0,2.0,3.46,2.46,0.24673962472352454,0.23445160881650445,0,0,-0.012288015907020083,79.0,1.0,64527.134074,156488.658,181.0,False,0.9,3.5
61378,73.0,0.0,197.0,50.0,133.33333333333334,27.05,84.51571603599076,0.0,0.0,0.0,0.0,,10.93,10.0,10.517969542017463,10.392252982074,3,3,-0.12571655994346287,81.0,1.0,12635.930248,34394.294,121.0,False,22.3,10.0
61379,38.0,1.0,196.0,45.0,116.66666666666667,32.44,78.64658875386627,0.0,0.0,0.0,0.0,2.0,6.4,10.35,0.5183445084749327,0.5569158084704202,0,0,0.038571299995487474,88.0,1.0,15043.817796,,,False,3.2,23.8
61380,74.0,0.0,162.0,76.0,118.66666666666667,31.57,55.093995831256116,1.0,0.0,1.0,1.0,,4.08,8.47,8.84001617331356,9.770167256514966,2,2,0.930151083201407,81.0,1.0,12635.930248,29790.182,65.0,False,6.2,7.2
61384,30.0,1.0,145.0,50.0,110.0,33.45,120.94757588373878,0.0,0.0,0.0,0.0,2.0,7.97,6.06,0.13709342252731196,0.13157648357169574,0,0,-0.005516938955616224,84.0,1.0,53978.982896,130907.698,78.0,False,5.1,8.6
61405,63.0,1.0,166.0,49.0,150.0,30.04,100.79513131538381,0.0,0.0,0.0,0.0,,7.82,9.71,4.417007532138102,4.556257794601453,1,1,0.13925026246335026,81.0,1.0,7084.376544,15906.316,95.0,False,4.3,6.8
61407,39.0,0.0,219.0,45.0,114.0,34.58,118.20131464881989,1.0,0.0,0.0,0.0,,8.86,5.8,2.1890561018246086,2.0561760192413985,0,0,-0.13288008258321016,88.0,1.0,26569.519415,58359.646,127.0,False,6.2,2.9
61411,72.0,0.0,156.0,48.0,123.33333333333333,22.49,63.61570798067002,0.0,0.0,1.0,1.0,,8.37,4.11,8.551394880882428,7.748039011701622,2,2,-0.8033558691808063,75.0,2.0,12378.492771,30357.33,93.0,False,4.1,9.2
61414,74.0,0.0,162.0,39.0,113.33333333333333,30.37,65.41566488455183,0.0,0.0,1.0,1.0,,106.78,50.34,14.863850541295488,13.483450620319479,3,3,-1.380399920976009,79.0,1.0,34006.183648,78527.079,91.0,False,126.0,59.9
61415,39.0,0.0,196.0,43.0,103.33333333333333,30.71,109.94877345234129,0.0,0.0,0.0,1.0,,2.58,2.16,0.6154774340694797,0.5992806891318033,0,0,-0.01619674493767642,79.0,2.0,15234.0146,,,False,6.5,4.3
61417,43.0,1.0,163.0,66.0,112.66666666666667,21.03,80.27743872182762,0.0,0.0,0.0,0.0,2.0,4.34,1.87,0.3588504460599931,0.3163784187358667,0,0,-0.042472027324126416,76.0,1.0,22361.297747,45126.618,88.0,False,4.9,4.2
61422,44.0,0.0,170.0,58.0,113.33333333333333,38.06,111.91597231788941,0.0,0.0,0.0,0.0,,4.62,3.23,0.68574010729555,0.6498958669346289,0,0,-0.035844240360921154,81.0,1.0,21181.316627,46539.92,87.0,False,5.4,6.1
61429,51.0,1.0,224.0,31.0,92.0,33.02,114.03780308635295,1.0,0.0,1.0,0.0,,8.16,33.11,5.092659657921965,6.210324094538611,2,2,1.1176644366166455,88.0,1.0,10168.947324,23480.031,119.0,False,7.1,35.1
61433,33.0,0.0,157.0,74.0,140.66666666666666,22.28,108.3871455208212,0.0,0.0,0.0,0.0,,6.39,4.91,0.39396767339076894,0.37865977052806166,0,0,-0.015307902862707279,79.0,2.0,20657.463731,,,False,10.6,2.6
61435,52.0,0.0,175.0,39.0,140.66666666666666,22.31,84.44227448614791,0.0,1.0,0.0,0.0,,5.0,3.57,4.305355114005309,4.100574539535874,1,1,-0.2047805744694351,78.0,1.0,77872.686301,169360.394,111.0,False,4.7,6.1
61439,58.0,1.0,254.0,33.0,124.0,36.19,107.62724870442793,1.0,0.0,1.0,0.0,,18.93,11.74,9.094393820352458,8.518600678481262,2,2,-0.5757931418711966,81.0,1.0,13091.269928,,,False,65.7,10.8
61441,53.0,1.0,147.0,57.0,120.66666666666667,31.48,96.68409555865611,1.0,1.0,1.0,1.0,,5.75,2.85,4.416335100378285,3.9923061165914633,1,1,-0.4240289837868221,84.0,2.0,25721.889396,,,False,9.6,4.9
61442,52.0,1.0,229.0,88.0,142.0,24.46,115.6806909623652,0.0,0.0,0.0,0.0,,17.36,5.0,1.3333378294414857,1.1086016899683404,0,0,-0.2247361394731453,81.0,2.0,106104.605651,233503.648,129.0,False,21.0,2.3
61445,46.0,1.0,212.0,93.0,104.66666666666667,23.58,104.36170362805939,0.0,0.0,0.0,0.0,,6.03,4.31,0.3231955038474702,0.30735520098581515,0,0,-0.015840302861655053,84.0,1.0,63386.839663,,,False,4.4,5.3
61446,62.0,1.0,173.0,81.0,118.0,24.38,92.92586280348077,1.0,0.0,1.0,1.0,,4.76,3.79,3.4816240274616557,3.3684762309117073,1,1,-0.11314779654994833,78.0,1.0,13070.875072,,,False,3.9,4.7
61447,45.0,0.0,135.0,42.0,124.66666666666667,43.44,112.5133463707831,0.0,0.0,0.0,0.0,,3.55,2.64,0.9845459334500432,0.9418891910876116,0,0,-0.042656742362431554,76.0,2.0,92531.23983,186635.054,79.0,False,4.9,4.2
61449,39.0,0.0,179.0,64.0,112.0,27.82,81.32368052381018,0.0,1.0,0.0,0.0,,11.09,4.03,0.838035282002398,0.7200981720848489,0,0,-0.11793710991754902,84.0,1.0,23790.496586,,,False,16.3,11.7
61451,64.0,1.0,209.0,74.0,90.66666666666667,23.89,84.76342483152837,0.0,0.0,0.0,0.0,,10.45,4.93,2.685958314082427,2.4063846682592134,0,0,-0.27957364582321365,77.0,1.0,60851.686967,132546.477,118.0,False,2.3,3.4
61471,52.0,1.0,204.0,80.0,122.66666666666667,22.2,94.22318911704791,0.0,0.0,1.0,0.0,,11.77,5.97,1.231163422476889,1.1132118992777436,0,0,-0.11795152319914548,87.0,2.0,93109.959096,212536.95,108.0,False,11.3,9.2
61476,44.0,0.0,215.0,63.0,158.0,30.77,68.20972589286554,0.0,1.0,0.0,0.0,,29.87,10.71,4.269751250048719,3.679644835450413,1,1,-0.5901064145983059,89.0,1.0,15175.607764,,,False,22.7,22.7
61478,48.0,0.0,208.0,76.0,118.66666666666667,22.84,88.57088500812246,0.0,0.0,0.0,0.0,,5.48,4.14,0.9872435353442316,0.946700037210054,0,0,-0.04054349813417757,76.0,1.0,66422.574134,,,False,1.7,3.6
61479,63.0,0.0,187.0,50.0,105.33333333333333,26.98,86.64521559243006,1.0,1.0,1.0,1.0,,9.34,3.78,10.454801753271814,9.243322460758263,3,2,-1.2114792925135518,75.0,1.0,7737.568458,,,False,22.6,3.7
61480,40.0,1.0,270.0,61.0,109.33333333333333,27.04,115.83310301534061,0.0,0.0,0.0,0.0,2.0,6.22,4.81,0.47072592164385724,0.4529863655121558,0,0,-0.017739556131701417,87.0,2.0,18949.098086,41147.061,173.0,False,4.6,8.7
61482,59.0,1.0,314.0,40.0,142.0,33.97,100.26362185731047,0.0,0.0,0.0,0.0,,5.26,4.15,4.605391795232362,4.4515692951256,1,1,-0.15382250010676213,79.0,1.0,95185.415335,221023.897,,False,7.0,2.2
61488,41.0,1.0,233.0,69.0,98.0,26.7,104.17586855243808,0.0,0.0,0.0,0.0,2.0,28.51,27.45,0.4809445250653236,0.4782297607887691,0,0,-0.002714764276554482,85.0,2.0,18820.44423,40556.922,152.0,False,49.9,40.9
61491,37.0,0.0,194.0,34.0,113.33333333333333,30.0,83.1940923215071,0.0,0.0,0.0,0.0,,2.16,3.6,0.6364223939740327,0.6871074301116397,0,0,0.050685036137607,80.0,1.0,53465.061204,,,False,0.8,8.6
61496,37.0,0.0,197.0,47.0,108.66666666666667,28.85,108.45823598683084,0.0,0.0,0.0,0.0,,3.71,4.41,0.5039283260237305,0.5171853514007503,0,0,0.013257025377019782,79.0,1.0,63532.09961,180081.376,129.0,False,6.3,8.6
61498,33.0,0.0,181.0,40.0,120.0,37.69,116.44009866336877,0.0,0.0,0.0,0.0,,4.66,4.38,0.5015740517591285,0.49692571394695806,0,0,-0.004648337812170444,83.0,2.0,17343.50186,,,False,4.1,2.1
61499,55.0,1.0,260.0,97.0,130.0,30.24,103.53137420718461,0.0,0.0,1.0,1.0,,81.51,6.68,2.0527485908758663,1.419183446263519,0,0,-0.6335651446123471,81.0,1.0,13556.336626,29436.937,140.0,False,119.0,13.3
61501,46.0,1.0,152.0,53.0,144.66666666666666,36.21,116.51094450866958,1.0,0.0,0.0,0.0,,10.95,4.79,3.1836501136287194,2.8225183659820994,1,0,-0.36113174764662004,85.0,2.0,14251.534831,30722.489,83.0,False,4.6,4.5
61507,68.0,1.0,155.0,49.0,130.66666666666666,28.23,94.14566788317298,1.0,1.0,1.0,1.0,,10.0,4.6,12.00192722712359,10.824237040990429,3,3,-1.1776901861331606,86.0,3.0,5184.204509,,,False,1.5,2.3
61508,45.0,1.0,213.0,37.0,123.33333333333333,31.21,82.53952338250114,0.0,1.0,1.0,0.0,,5.44,3.13,2.6604517262311393,2.4537991801674814,0,0,-0.2066525460636579,81.0,2.0,20120.872457,,,False,9.3,9.5
61510,43.0,1.0,148.0,56.0,118.66666666666667,21.91,123.00480111029981,1.0,0.0,0.0,0.0,2.0,10.67,5.81,1.3947581446750514,1.2746681529462318,0,0,-0.12008999172881962,85.0,1.0,16043.839024,,,False,1.6,1.8
61512,36.0,1.0,146.0,45.0,118.0,35.7,115.68220640205338,0.0,0.0,0.0,0.0,2.0,8.72,5.09,0.3332824174027986,0.30748683966338736,0,0,-0.02579557773941127,77.0,2.0,72906.586048,,,False,22.5,8.4
61519,36.0,0.0,280.0,49.0,113.33333333333333,26.89,102.48771054741968,0.0,0.0,0.0,0.0,,3.48,2.77,0.7493211933044438,0.7241249474515526,0,0,-0.025196245852891153,82.0,2.0,80661.440548,,,False,0.8,1.8
61523,48.0,1.0,198.0,73.0,109.33333333333333,24.19,99.73786717214946,0.0,0.0,0.0,1.0,,5.12,11.7,0.4830542121154319,0.5465122709176322,0,0,0.06345805880220029,75.0,1.0,28877.031792,,,False,6.6,19.3
61525,46.0,1.0,192.0,31.0,110.0,32.91,90.60624516720716,0.0,1.0,0.0,0.0,,5.35,4.51,1.7071843988360271,1.66468685193794,0,0,-0.042497546898087046,76.0,2.0,72750.111486,,,False,3.8,8.3
61531,50.0,0.0,170.0,29.0,134.66666666666666,39.15,88.49613559136108,1.0,1.0,1.0,1.0,,27.89,3.41,11.241969169482726,8.443107135057671,3,2,-2.7988620344250545,75.0,1.0,20417.230428,42082.086,88.0,False,135.0,5.8
61532,43.0,0.0,248.0,32.0,149.33333333333334,43.12,110.57112804401123,0.0,1.0,0.0,0.0,,7.06,18.8,5.222262584068887,6.004682098456205,2,2,0.7824195143873176,75.0,2.0,26807.218462,,,False,14.9,18.8
61533,50.0,0.0,207.0,61.0,126.0,28.84,101.34062616103245,0.0,0.0,0.0,0.0,,4.5,2.34,1.5802697081545811,1.433809482536548,0,0,-0.14646022561803318,87.0,1.0,14984.141601,,,False,5.4,3.0
61541,73.0,1.0,207.0,86.0,119.33333333333333,19.56,98.04086280937206,0.0,1.0,0.0,0.0,,8.26,10.49,6.724758294213573,6.9533335455991905,2,2,0.2285752513856174,87.0,1.0,10937.272869,24557.097,93.0,False,7.1,10.8
61561,76.0,1.0,157.0,69.0,109.33333333333333,25.75,60.559718380596316,1.0,1.0,1.0,1.0,,6.28,2.87,13.1049540052313,11.823361600840883,3,3,-1.281592404390416,77.0,2.0,41882.429829,97415.208,65.0,False,8.1,2.7
61565,55.0,0.0,166.0,61.0,110.0,23.89,81.04298554773835,0.0,0.0,0.0,1.0,,5.96,2.37,1.362329085664009,1.1873362259569349,0,0,-0.174992859707074,86.0,2.0,83025.267547,172015.732,81.0,False,6.8,3.7
61569,31.0,1.0,215.0,46.0,107.33333333333333,23.96,123.4897508539896,0.0,0.0,0.0,0.0,2.0,4.32,3.07,0.23496443938742614,0.22324579637307504,0,0,-0.011718643014351104,86.0,2.0,59274.593748,137402.096,136.0,False,1.9,3.9
61572,41.0,0.0,159.0,33.0,110.0,24.81,104.44427033310565,0.0,0.0,0.0,0.0,,6.3,5.92,0.7766707345484624,0.7694642372591538,0,0,-0.0072064972893085555,85.0,1.0,18607.909455,,,False,3.4,13.8
61576,41.0,1.0,181.0,56.0,104.0,24.69,116.52256251235403,0.0,0.0,0.0,0.0,2.0,8.39,4.57,0.39043423566942465,0.356522339525799,0,0,-0.033911896143625664,79.0,1.0,16210.27682,34932.169,98.0,False,4.7,5.3
61577,52.0,1.0,223.0,45.0,116.66666666666667,32.04,98.88870236821016,1.0,0.0,1.0,0.0,,5.3,3.4,4.293247274992811,4.027603015330625,1,1,-0.26564425966218597,87.0,1.0,110823.740766,,,False,6.1,3.3
61578,66.0,1.0,193.0,52.0,122.0,28.77,70.50647339516557,1.0,0.0,1.0,0.0,,2.86,3.6,7.36039745351987,7.599443695118715,2,2,0.23904624159884502,78.0,1.0,13875.16562,,,False,4.0,1.8
61579,51.0,1.0,188.0,43.0,116.0,26.67,77.40056064304865,0.0,0.0,1.0,0.0,,44.43,17.66,2.302311313871461,2.0105164076454227,0,0,-0.2917949062260381,79.0,2.0,99626.593895,,,False,70.2,25.6
61580,69.0,1.0,258.0,55.0,120.66666666666667,33.77,100.9819024531328,0.0,0.0,0.0,0.0,,13.29,7.06,5.333730732007158,4.874086045086772,2,1,-0.4596446869203863,88.0,2.0,4291.840243,,,False,9.3,11.3
61582,39.0,0.0,170.0,75.0,100.66666666666667,18.61,120.72517977779978,0.0,0.0,0.0,0.0,,47.5,6.97,0.4937044648194511,0.36995436495731426,0,0,-0.12375009986213686,75.0,2.0,66243.377834,,,False,83.6,10.6
61585,61.0,0.0,288.0,51.0,122.66666666666667,24.79,95.88887467635615,0.0,0.0,0.0,0.0,,3.37,7.86,4.894333502088409,5.525134110189583,1,2,0.6308006081011746,75.0,2.0,9441.209941,26719.534,216.0,False,9.2,3.3
61587,43.0,1.0,193.0,67.0,124.0,27.73,104.5817118619942,0.0,0.0,0.0,0.0,2.0,4.17,3.2,0.4885602879816635,0.4696117409270502,0,0,-0.018948547054613296,79.0,2.0,80201.026305,,,False,3.5,1.6
61588,59.0,1.0,217.0,47.0,111.33333333333333,26.67,100.98757605827362,0.0,0.0,1.0,0.0,,7.24,7.12,2.86223898379756,2.855271262085143,0,0,-0.0069677217124168855,83.0,1.0,26981.731139,61383.977,132.0,False,2.1,3.7
61590,49.0,1.0,202.0,75.0,112.0,30.49,111.3325797274296,0.0,0.0,0.0,0.0,,14.63,13.56,0.6595775119099915,0.6521486603159778,0,0,-0.00742885159401363,81.0,1.0,20195.776359,42639.495,101.0,False,23.4,14.1
61591,46.0,0.0,195.0,38.0,112.0,23.19,103.89331736622745,0.0,0.0,0.0,0.0,,3.29,1.91,1.1769858003861386,1.0852058163306855,0,0,-0.09177998405545318,79.0,2.0,35631.04933,78828.965,139.0,False,2.7,2.6
61600,60.0,1.0,313.0,54.0,138.66666666666666,32.2,98.94831465668567,0.0,0.0,0.0,0.0,,6.06,4.39,3.896598654643463,3.7193551786443084,1,1,-0.17724347599915458,77.0,1.0,62032.536921,,,False,6.3,6.5
61601,30.0,1.0,208.0,66.0,98.66666666666667,25.11,89.38986249414431,0.0,1.0,0.0,0.0,2.0,3.58,2.8,0.2668870121631306,0.2572454398491158,0,0,-0.009641572314014801,77.0,1.0,64508.601789,149534.844,133.0,False,2.4,1.4
61602,40.0,0.0,141.0,37.0,104.0,28.99,106.45339435261532,0.0,0.0,0.0,0.0,,4.48,3.48,0.6264840300937059,0.6031794352945481,0,0,-0.023304594799157807,84.0,1.0,17395.90535,,,False,6.0,7.3
61609,76.0,0.0,174.0,73.0,142.66666666666666,20.22,74.41539162850705,0.0,1.0,0.0,0.0,,10.75,2.65,12.628190033435981,10.47333925409944,3,3,-2.1548507793365417,81.0,2.0,32931.023461,,,False,21.4,4.3
61610,31.0,0.0,230.0,31.0,125.33333333333333,35.12,95.1453541929451,0.0,1.0,0.0,0.0,,12.0,8.75,1.7343033477673155,1.6548623074574853,0,0,-0.07944104030983024,82.0,1.0,17722.563469,,,False,7.2,2.1
61612,77.0,1.0,206.0,55.0,144.0,23.21,92.02279286187276,0.0,0.0,0.0,0.0,,38.89,3.71,11.99760512397401,8.743220212228032,3,2,-3.254384911745978,78.0,1.0,8854.221571,19736.169,126.0,False,7.0,1.3
61616,38.0,1.0,210.0,65.0,106.66666666666667,29.57,101.19506792760534,0.0,0.0,0.0,0.0,2.0,4.36,3.37,0.26841526843781055,0.2582612982301319,0,0,-0.010153970207678664,77.0,1.0,64508.601789,,,False,1.7,5.9
61617,44.0,1.0,222.0,89.0,135.33333333333334,19.42,118.53357404019758,0.0,0.0,0.0,0.0,2.0,5.42,3.29,0.4987675748800872,0.46292192098458607,0,0,-0.03584565389550115,86.0,2.0,68673.980843,,,False,1.3,2.5
61618,43.0,0.0,228.0,56.0,151.33333333333334,28.17,90.32518722372444,0.0,1.0,1.0,0.0,,4.49,12.18,3.6309758693474383,4.196747699353539,1,1,0.5657718300061005,89.0,1.0,15937.414921,,,False,4.4,16.2
61623,32.0,1.0,135.0,41.0,109.33333333333333,27.72,121.74208949311374,0.0,0.0,0.0,0.0,2.0,9.32,5.42,0.19770572097315392,0.18228259465479135,0,0,-0.015423126318362568,86.0,2.0,17065.069489,34693.395,72.0,False,6.8,6.5
61625,73.0,0.0,148.0,59.0,173.33333333333334,32.58,74.10350726157328,1.0,0.0,1.0,1.0,,364.16,239.41,20.471412027089634,19.459543280778725,3,3,-1.0118687463109097,89.0,2.0,29991.270791,,,False,411.5,81.4
61626,48.0,0.0,156.0,51.0,120.66666666666667,20.37,91.73717092431419,0.0,1.0,0.0,0.0,,2.88,3.14,1.6972169409607765,1.719130790146463,0,0,0.021913849185686507,75.0,1.0,121750.132804,,,False,3.2,7.0
61628,60.0,1.0,188.0,51.0,137.33333333333334,35.49,104.86960227898052,0.0,0.0,0.0,0.0,,5.63,5.77,2.9565279206454824,2.967125832910237,0,0,0.010597912264754594,88.0,1.0,64361.747631,,,False,0.9,10.9
61629,65.0,1.0,216.0,54.0,133.33333333333334,31.64,96.25191088176868,0.0,0.0,0.0,0.0,,9.24,6.4,4.341713157106218,4.1184187894182855,1,1,-0.22329436768793265,88.0,2.0,5302.202469,11063.94,142.0,False,12.2,5.5
61630,42.0,1.0,245.0,74.0,117.33333333333333,33.72,100.26927513693546,0.0,0.0,0.0,0.0,2.0,7.32,4.42,0.46681650129876323,0.43291646721962135,0,0,-0.03390003407914188,79.0,1.0,70653.154593,,,False,3.0,4.2
61637,49.0,0.0,178.0,41.0,112.0,26.59,108.48933177452405,0.0,1.0,0.0,0.0,,12.33,6.64,2.4430404165235657,2.2299153616269516,0,0,-0.21312505489661415,85.0,1.0,15445.283252,,,False,11.1,7.5
61639,59.0,1.0,243.0,59.0,116.0,21.78,91.65444690863384,0.0,1.0,0.0,0.0,,5.45,7.85,3.248834046289154,3.4255005797458216,1,1,0.17666653345666772,84.0,1.0,21166.764065,46893.573,164.0,False,11.4,9.5
61642,53.0,1.0,211.0,67.0,107.33333333333333,30.9,108.59710352620219,0.0,0.0,0.0,0.0,,4.81,4.62,0.9169912842408317,0.9115104150400772,0,0,-0.005480869200754412,81.0,2.0,14101.385993,30222.601,131.0,False,3.8,1.2
61649,40.0,0.0,170.0,36.0,114.66666666666667,36.06,111.86506113710337,0.0,0.0,0.0,0.0,,2.57,2.76,0.693453466646962,0.7009100843416333,0,0,0.007456617694671319,78.0,1.0,69995.376556,154855.476,119.0,False,3.8,2.9
61654,54.0,0.0,194.0,45.0,94.0,28.64,105.5678777099181,0.0,0.0,0.0,0.0,,4.94,4.95,2.4495974576417745,2.450327282491612,0,0,0.0007298248498375237,88.0,2.0,9969.066437,,,False,4.1,4.9
61655,43.0,0.0,191.0,46.0,106.0,27.08,86.36230633311139,0.0,0.0,0.0,0.0,,2.4,2.1,0.7903104403509165,0.7746562573671892,0,0,-0.015654182983727227,79.0,2.0,93833.198076,207593.491,118.0,False,3.7,4.8
61657,41.0,1.0,163.0,75.0,122.66666666666667,26.57,104.17586855243808,0.0,0.0,0.0,0.0,2.0,3.29,5.79,0.28293256968106406,0.30791185774555285,0,0,0.02497928806448879,81.0,2.0,20485.581328,,,False,2.7,7.0
61658,30.0,0.0,200.0,30.0,108.0,37.06,118.2288791954785,0.0,0.0,0.0,0.0,,2.84,4.35,0.40538803826524683,0.43223110961930944,0,0,0.02684307135406261,77.0,1.0,90136.964446,,,False,3.8,3.7
61659,40.0,1.0,168.0,52.0,102.66666666666667,34.49,83.99978864343159,0.0,0.0,0.0,0.0,2.0,3.36,2.61,0.3503015460031528,0.3373109968205202,0,0,-0.012990549182632594,78.0,1.0,27466.731558,64064.14,107.0,False,10.2,7.6
61661,63.0,0.0,213.0,48.0,111.33333333333333,31.19,96.955240894302,0.0,0.0,1.0,0.0,,2.95,3.79,4.777113491406398,4.95220325966721,1,1,0.17508976826081213,81.0,2.0,47468.363306,,,False,3.6,2.2
61665,45.0,1.0,239.0,67.0,106.66666666666667,27.15,101.61623497648871,0.0,1.0,0.0,0.0,,5.83,5.86,0.9576221156839972,0.9583531882930942,0,0,0.0007310726090969943,87.0,1.0,20781.988696,,,False,2.1,3.4
61666,52.0,0.0,216.0,57.0,113.33333333333333,27.39,103.46260775970478,0.0,0.0,0.0,0.0,,5.9,4.55,1.7021635375900634,1.6377441165452056,0,0,-0.06441942104485787,86.0,3.0,16023.891962,0.0,141.0,False,3.6,8.0
61675,50.0,1.0,183.0,54.0,129.33333333333334,30.94,106.80141743231928,1.0,0.0,1.0,1.0,,5.86,3.03,3.3466411943670904,3.0407338708231357,1,1,-0.30590732354395467,75.0,2.0,125317.169771,293732.352,98.0,False,4.1,1.0
61676,42.0,1.0,150.0,47.0,102.66666666666667,33.65,120.01717353184185,0.0,0.0,0.0,0.0,2.0,6.6,5.32,0.4267383209125628,0.41320391775221615,0,0,-0.013534403160346653,76.0,1.0,15496.851984,34690.962,90.0,False,3.1,2.5
61677,55.0,1.0,231.0,37.0,147.33333333333334,25.27,104.69862897275345,0.0,0.0,0.0,0.0,,8.7,6.0,3.7415255741640467,3.5457355238465933,1,1,-0.19579005031745345,82.0,2.0,25761.298255,,,False,10.0,5.4
61678,35.0,1.0,179.0,54.0,138.66666666666666,33.79,116.8202661662569,0.0,1.0,0.0,0.0,2.0,11.83,15.82,1.0283305503173525,1.0736982308770902,0,0,0.04536768055973761,86.0,3.0,14978.26014,34720.514,112.0,False,36.8,10.6
61685,59.0,1.0,199.0,38.0,115.33333333333333,26.49,91.65444690863384,0.0,0.0,0.0,1.0,,3.05,5.76,2.2922805640338146,2.516076809940052,0,0,0.22379624590623726,79.0,2.0,108048.508847,234956.937,126.0,False,3.2,3.4
61693,33.0,1.0,280.0,39.0,118.66666666666667,68.63,81.13064488374893,1.0,0.0,0.0,1.0,2.0,5.04,3.57,2.8797771622314925,2.738468457139306,0,0,-0.1413087050921864,78.0,2.0,25247.94746,,,False,20.6,6.5
61696,62.0,1.0,194.0,60.0,128.66666666666666,25.22,47.81449454605614,1.0,0.0,1.0,1.0,,133.84,67.11,11.985887571508027,10.934997352397778,3,3,-1.050890219110249,87.0,2.0,6821.241886,15750.202,98.0,False,115.1,30.2
61699,56.0,0.0,233.0,37.0,101.33333333333333,30.86,75.4809068104294,0.0,0.0,0.0,0.0,,5.86,5.88,3.547576438690052,3.5493373560011445,1,1,0.0017609173110924026,89.0,1.0,8007.56716,,,False,14.3,9.4
61704,61.0,1.0,165.0,89.0,125.33333333333333,25.74,89.09405611064034,0.0,0.0,0.0,0.0,,4.72,3.61,1.5800235968096739,1.51864044589729,0,0,-0.06138315091238389,82.0,1.0,6398.584814,,,False,2.5,1.3
61705,36.0,0.0,220.0,42.0,126.66666666666667,34.11,91.20834509670925,0.0,1.0,0.0,0.0,,9.31,4.21,1.745353813841359,1.5512903471025945,0,0,-0.1940634667387644,86.0,2.0,62891.067864,,,False,22.8,5.9
61713,55.0,0.0,220.0,64.0,121.33333333333333,25.13,73.6208630172731,0.0,0.0,0.0,1.0,,29.03,5.14,2.8170117333628886,2.1830936677287758,0,0,-0.6339180656341128,79.0,2.0,98371.365395,,,False,60.1,13.0
61716,68.0,0.0,220.0,70.0,126.66666666666667,27.36,96.76486265159531,0.0,0.0,0.0,0.0,,35.84,20.32,7.486082745121428,6.913817105196599,2,2,-0.5722656399248294,82.0,2.0,8809.825372,23979.851,134.0,False,119.0,25.2
61717,59.0,0.0,193.0,35.0,145.33333333333334,39.7,77.33012027953451,0.0,0.0,1.0,1.0,,3.5,1.65,5.70251341346589,5.121726555249948,2,2,-0.5807868582159417,77.0,1.0,87610.035587,181514.674,91.0,False,5.7,1.9
61721,31.0,1.0,171.0,37.0,104.66666666666667,37.42,99.46567791581263,0.0,0.0,0.0,0.0,3.0,2.63,1.79,0.22486691670229883,0.21227294038862754,0,0,-0.01259397631367129,78.0,2.0,34968.61429,83440.49,105.0,True,4.2,1.9
61725,49.0,0.0,204.0,51.0,107.33333333333333,23.79,108.90224399203015,0.0,1.0,0.0,0.0,,3.55,5.65,1.9593131253535905,2.098756329744903,0,0,0.1394432043913123,89.0,1.0,15175.607764,,,False,5.4,9.6
61727,66.0,0.0,183.0,57.0,106.0,19.68,83.00664385952577,0.0,0.0,0.0,0.0,,5.14,6.22,4.544709322981441,4.671295279819622,1,1,0.12658595683818152,85.0,2.0,56851.289866,,,False,1.9,2.8
61731,30.0,0.0,171.0,42.0,110.0,27.4,101.39789095079487,0.0,0.0,0.0,0.0,,2.46,2.7,0.25727719701789453,0.26090986520937853,0,0,0.003632668191484001,75.0,1.0,33324.854365,72953.161,111.0,False,3.5,3.7
61738,41.0,0.0,191.0,38.0,98.66666666666667,22.33,103.12636693624476,0.0,1.0,0.0,0.0,,4.14,2.53,1.5394359527647745,1.4306837213292707,0,0,-0.10875223143550383,89.0,1.0,15175.607764,,,False,5.3,6.0
61745,37.0,1.0,214.0,94.0,101.33333333333333,19.81,114.96497672236065,0.0,0.0,0.0,0.0,2.0,9.0,6.67,0.14054052753946142,0.13436776324612532,0,0,-0.006172764293336103,79.0,2.0,35929.456026,,,False,0.9,2.4
61755,47.0,0.0,212.0,64.0,140.0,29.57,96.89601532550854,0.0,0.0,0.0,0.0,,2.09,2.29,1.4388804233328236,1.458583296694871,0,0,0.019702873362047457,78.0,2.0,28419.766067,63318.975,134.0,False,7.3,3.0
61762,45.0,1.0,214.0,57.0,117.33333333333333,26.96,109.77618035689244,0.0,0.0,0.0,0.0,,5.26,4.63,0.6756188444240293,0.6628877018596625,0,0,-0.012731142564366804,81.0,1.0,15979.688031,,,False,1.0,9.4
61765,30.0,1.0,265.0,50.0,114.66666666666667,39.29,119.2445747588726,0.0,1.0,0.0,0.0,2.0,34.56,9.15,0.8331504217845338,0.6834947700502396,0,0,-0.14965565173429418,81.0,2.0,22157.972966,50407.861,161.0,False,47.0,13.0
61770,40.0,0.0,221.0,37.0,141.33333333333334,28.07,117.95212646940004,0.0,0.0,1.0,0.0,,21.9,8.5,2.5454869701212544,2.2140009143210846,0,0,-0.33148605580016977,85.0,2.0,20708.126413,,,False,9.2,5.1
61772,61.0,1.0,210.0,69.0,129.33333333333334,21.06,105.15393687252994,0.0,0.0,1.0,0.0,,5.84,3.77,2.9017083964505734,2.722212389715809,0,0,-0.17949600673476462,77.0,2.0,6950.891576,15174.337,129.0,False,8.0,4.0
61773,60.0,0.0,163.0,37.0,114.66666666666667,30.26,103.7292284191516,1.0,0.0,1.0,1.0,,8.68,4.9,6.675188341938826,6.1570059602527305,2,2,-0.5181823816860955,88.0,2.0,5791.074815,,,False,19.8,10.0
61775,61.0,0.0,184.0,34.0,145.33333333333334,30.71,103.51054982273168,1.0,0.0,0.0,0.0,,4.93,12.33,9.367571140730794,10.61077267767584,2,3,1.2432015369450458,85.0,2.0,7399.58979,,,False,3.4,7.4
61778,55.0,1.0,249.0,69.0,119.33333333333333,34.27,88.28330392417243,0.0,0.0,1.0,0.0,,9.83,10.59,2.017629398763571,2.0398498424574854,0,0,0.022220443693914405,87.0,2.0,27000.043569,62975.625,170.0,False,28.7,10.8
61779,34.0,0.0,213.0,59.0,120.66666666666667,26.94,103.77047550662333,0.0,0.0,0.0,0.0,,3.69,2.24,0.4415976439573059,0.4096669238054911,0,0,-0.031930720151814806,79.0,2.0,60123.4098,,,False,4.8,3.7
61786,35.0,0.0,188.0,43.0,118.0,21.78,117.91575630086412,0.0,1.0,0.0,0.0,,8.12,5.14,1.0488091277787812,0.9795159201922836,0,0,-0.0692932075864976,76.0,1.0,56137.422196,,,False,8.2,3.6
61789,51.0,1.0,188.0,61.0,114.0,25.11,106.53050320871651,0.0,0.0,0.0,0.0,,5.31,3.31,0.8648476803314215,0.8060871695355712,0,0,-0.05876051079585021,82.0,2.0,12516.66658,25259.484,109.0,False,9.5,6.0
61790,69.0,1.0,276.0,46.0,134.66666666666666,30.23,69.20316699286063,0.0,0.0,0.0,0.0,,3.45,4.75,6.036183718356519,6.314272416002481,2,2,0.27808869764596267,76.0,2.0,66402.459548,,,False,3.0,2.9
61791,42.0,1.0,200.0,97.0,96.66666666666667,20.27,95.71757264247408,0.0,0.0,0.0,0.0,2.0,10.45,4.29,0.21848503154275628,0.19120291563603803,0,0,-0.02728211590671825,79.0,1.0,70653.154593,153638.851,91.0,False,2.3,5.4
61795,61.0,0.0,237.0,40.0,122.66666666666667,28.29,89.92747782808695,0.0,0.0,0.0,0.0,,10.0,5.35,5.46504652913884,4.99709682103329,2,1,-0.46794970810555014,80.0,1.0,52696.446317,,,False,2.9,3.8
61800,44.0,1.0,168.0,45.0,109.33333333333333,35.17,110.06734800595726,0.0,1.0,0.0,0.0,2.0,10.0,10.84,1.0662043290425867,1.0790527894092516,0,0,0.012848460366664982,81.0,1.0,29437.992432,58302.536,102.0,False,13.5,9.0
61812,46.0,0.0,174.0,43.0,104.66666666666667,20.8,103.89331736622745,0.0,1.0,0.0,0.0,,2.74,2.84,1.5800681489075934,1.5885080591535068,0,0,0.008439910245913396,75.0,2.0,26444.710314,53770.016,114.0,False,5.5,8.3
61815,33.0,0.0,185.0,41.0,117.33333333333333,40.94,107.033721431505,0.0,0.0,0.0,0.0,,2.09,1.7,0.4208600461238426,0.4079893914831068,0,0,-0.01287065464073578,84.0,2.0,50388.933244,149426.104,121.0,False,3.7,2.5
61817,73.0,0.0,212.0,42.0,121.33333333333333,19.83,41.16711928777908,0.0,0.0,0.0,0.0,,7.0,2.6,11.145199470455816,9.74792494955716,3,2,-1.397274520898657,75.0,2.0,12277.541603,,,False,4.9,2.5
61820,39.0,0.0,147.0,65.0,97.33333333333333,21.13,114.59310911938168,0.0,0.0,0.0,0.0,,3.2,5.85,0.3686136095953731,0.4036300609415217,0,0,0.035016451346148614,79.0,1.0,69862.627307,211455.914,66.0,False,0.8,7.2
61828,59.0,1.0,208.0,60.0,124.0,34.94,77.77301144441587,0.0,0.0,0.0,0.0,,253.48,70.09,3.921549261376761,3.255711611847024,1,1,-0.6658376495297369,76.0,1.0,14495.000318,,,False,58.3,77.1
61830,57.0,1.0,306.0,70.0,117.33333333333333,26.91,91.33826578334742,0.0,0.0,0.0,0.0,,5.5,4.48,1.8739028264644568,1.8181109456157976,0,0,-0.05579188084865927,81.0,2.0,107298.217979,,,False,2.2,4.7
61833,33.0,0.0,151.0,76.0,118.0,32.13,99.52355921793799,0.0,0.0,0.0,0.0,,1.94,4.47,0.17392527676409833,0.197243303206318,0,0,0.02331802644221967,87.0,2.0,68314.547365,,,False,2.7,8.0
61834,46.0,1.0,190.0,64.0,105.33333333333333,25.51,112.4904879347848,0.0,0.0,0.0,0.0,,4.71,3.38,0.4886314281397187,0.4649982917374157,0,0,-0.023633136402303023,88.0,2.0,16976.806827,35843.261,110.0,False,4.0,2.4
61836,77.0,1.0,198.0,38.0,133.33333333333334,24.73,39.423394576370505,0.0,1.0,0.0,1.0,,3.58,2.63,13.566341262283446,13.032596615874015,3,3,-0.5337446464094313,87.0,1.0,45926.773223,,,False,4.4,1.5
61839,75.0,0.0,141.0,37.0,138.0,30.33,86.74778483823152,0.0,0.0,1.0,0.0,,11.79,8.33,13.73790999784548,13.127990860322946,3,3,-0.6099191375225335,84.0,1.0,10672.407106,34569.45,85.0,False,19.1,19.0
61843,72.0,1.0,223.0,45.0,146.0,30.94,96.90621331425872,0.0,0.0,0.0,0.0,,8.16,10.83,7.968997691048182,8.286279302972904,2,2,0.31728161192472193,75.0,2.0,46891.216111,100237.57,161.0,False,6.2,18.3
61849,32.0,0.0,193.0,64.0,112.66666666666667,25.7,117.98282942464486,0.0,0.0,0.0,0.0,,3.69,2.21,0.24497773272769544,0.22677046877607931,0,0,-0.01820726395161612,78.0,2.0,79590.36724,,,False,3.1,2.5
61853,40.0,1.0,168.0,65.0,102.66666666666667,15.02,81.78930738901728,0.0,1.0,0.0,0.0,2.0,3.61,5.51,0.4856528884327227,0.5173170310081427,0,0,0.03166414257542005,77.0,2.0,87550.314744,199178.713,93.0,False,9.6,9.7
61855,45.0,0.0,228.0,48.0,122.0,27.65,108.81924499731535,0.0,1.0,0.0,0.0,,3.81,3.11,2.1631517421080266,2.099216366949773,0,0,-0.06393537515825365,77.0,1.0,83568.320819,181747.47,155.0,False,4.8,4.6
61858,41.0,1.0,155.0,52.0,110.66666666666667,40.11,112.54135658238424,0.0,0.0,0.0,0.0,2.0,10.47,9.77,0.3896875275107779,0.3856759169972159,0,0,-0.004011610513562025,82.0,1.0,15510.135957,,,False,4.5,16.8
61866,74.0,1.0,183.0,50.0,109.33333333333333,33.33,54.506890852742586,0.0,0.0,1.0,1.0,,14.25,4.41,9.581928718089316,8.161224923252911,2,2,-1.4207037948364043,77.0,2.0,37401.305445,86520.013,101.0,False,10.4,1.5
61875,58.0,0.0,197.0,45.0,122.66666666666667,26.83,74.54784505203787,0.0,0.0,0.0,0.0,,2.13,2.18,2.943632848298304,2.9536596868779164,0,0,0.010026838579612285,75.0,2.0,101172.924903,212134.904,127.0,False,2.0,1.9
61877,40.0,1.0,135.0,40.0,90.66666666666667,35.04,95.46368990413177,1.0,1.0,0.0,0.0,2.0,3.68,4.22,2.2185384926953295,2.263569582063425,0,0,0.04503108936809541,78.0,2.0,21853.714409,50460.08,60.0,False,5.7,4.3
61884,41.0,1.0,195.0,60.0,101.33333333333333,24.44,118.02357489880046,0.0,0.0,0.0,0.0,2.0,5.0,3.88,0.35678530408297837,0.34350312973099245,0,0,-0.01328217435198592,85.0,1.0,16043.839024,37268.058,103.0,False,3.4,4.0
61885,53.0,1.0,285.0,67.0,152.66666666666666,27.17,106.41863524661174,0.0,0.0,0.0,0.0,,11.06,9.36,2.797531248593682,2.730203052280052,0,0,-0.06732819631363007,85.0,1.0,8596.075217,18665.967,183.0,False,10.4,8.8
61890,50.0,0.0,219.0,38.0,161.33333333333334,48.53,109.06841544306235,0.0,0.0,0.0,0.0,,21.27,9.09,5.332432277864861,4.720325575102175,2,1,-0.6121067027626861,88.0,2.0,8077.871753,17748.826,136.0,False,21.7,6.0
61893,40.0,0.0,210.0,51.0,112.0,26.37,96.41695320062206,0.0,0.0,0.0,0.0,,3.76,4.17,0.6604967052533506,0.6708307815935514,0,0,0.010334076340200782,84.0,1.0,17395.90535,,,False,3.5,10.0
61894,73.0,1.0,152.0,44.0,141.33333333333334,42.78,93.97179730560603,1.0,0.0,0.0,0.0,,8.89,10.7,11.02655417084665,11.302462267861877,3,3,0.2759080970152272,86.0,2.0,11069.69249,,,False,5.6,4.6
61899,36.0,1.0,228.0,92.0,99.0,19.54,80.64859527711067,0.0,0.0,0.0,0.0,2.0,5.0,3.92,0.14618183581401764,0.14094534395826458,0,0,-0.0052364918557530615,80.0,1.0,49830.060206,,,False,13.0,10.2
61903,54.0,0.0,186.0,49.0,146.66666666666666,30.67,107.23749752307569,0.0,0.0,0.0,0.0,,7.77,6.77,3.3944161361663174,3.326852828288926,1,1,-0.0675633078773914,87.0,2.0,21083.821603,43682.473,103.0,False,7.3,10.5
61905,77.0,1.0,198.0,76.0,132.0,46.81,79.39991732690974,0.0,0.0,1.0,0.0,,10.71,2.0,10.367053446005478,8.248905117599021,3,2,-2.1181483284064573,80.0,2.0,48369.724309,110226.215,103.0,False,4.5,0.5
61907,53.0,1.0,231.0,22.0,121.33333333333333,33.93,109.53594870145939,0.0,0.0,0.0,0.0,,127.82,6.81,3.9815869493638245,2.600668061366994,1,0,-1.3809188879968306,80.0,2.0,21623.471032,49193.828,,False,170.0,15.6
61909,33.0,0.0,185.0,47.0,122.66666666666667,29.9,119.39162301222716,0.0,1.0,0.0,0.0,,4.26,6.86,0.853208439926458,0.9162720076187646,0,0,0.06306356769230659,76.0,1.0,14757.744593,46401.567,121.0,False,2.9,7.2
61917,44.0,1.0,162.0,59.0,101.33333333333333,18.44,100.61637229246554,0.0,0.0,0.0,0.0,2.0,5.96,4.33,0.43536779058892655,0.4150631835828989,0,0,-0.020304607006027653,77.0,2.0,86576.383051,,,False,9.0,7.1
61918,35.0,0.0,164.0,21.0,117.33333333333333,20.89,109.81572971869222,0.0,1.0,0.0,0.0,,7.7,6.89,1.3829083129182476,1.3602038919167112,0,0,-0.022704421001536357,75.0,1.0,28347.959556,,,False,22.4,17.7
61924,46.0,0.0,209.0,38.0,121.33333333333333,28.75,98.72054105015717,0.0,0.0,0.0,0.0,,6.93,8.53,1.6882936707247609,1.7411558776382494,0,0,0.05286220691348853,78.0,1.0,20890.529821,48845.493,150.0,False,8.8,19.2
61932,64.0,1.0,161.0,41.0,125.0,41.2,97.19375269953703,0.0,0.0,1.0,0.0,,4.3,4.1,4.328626115857738,4.299112621864425,1,1,-0.02951349399331349,81.0,1.0,6592.294836,,,False,5.2,4.1
61933,41.0,1.0,196.0,81.0,111.33333333333333,29.76,111.74640040365365,0.0,0.0,0.0,0.0,2.0,4.55,3.42,0.22842096972428827,0.21885914983688975,0,0,-0.009561819887398515,84.0,1.0,15810.153943,,,False,1.0,2.5
61943,59.0,0.0,151.0,30.0,102.0,33.56,82.71416705983106,0.0,0.0,1.0,0.0,,8.79,4.88,4.580560025956371,4.207465715701824,1,1,-0.37309431025454654,80.0,1.0,75696.640351,167530.338,93.0,False,16.7,11.9
61947,56.0,0.0,195.0,46.0,128.66666666666666,32.21,83.30973859382364,0.0,0.0,1.0,0.0,,2.83,5.64,3.388159266068083,3.7460834623771473,1,1,0.35792419630906425,77.0,1.0,91372.94023,198057.458,129.0,False,3.9,5.3
61949,61.0,1.0,183.0,41.0,146.0,33.02,76.81161569706504,1.0,0.0,1.0,0.0,,14.27,9.22,10.37458971367814,9.78054244020104,3,2,-0.5940472734771003,78.0,1.0,4877.462322,11498.994,98.0,False,13.7,9.5
61956,36.0,0.0,147.0,59.0,126.66666666666667,24.95,105.05521183250174,0.0,0.0,0.0,0.0,,6.34,4.28,0.4468647160478532,0.42122987587653343,0,0,-0.025634840171319784,86.0,2.0,61532.899527,182473.033,77.0,False,6.4,7.4
61958,52.0,0.0,188.0,45.0,106.66666666666667,28.22,100.08789793030527,0.0,0.0,0.0,1.0,,4.71,2.59,1.6144522967110602,1.4771047232084742,0,0,-0.13734757350258597,88.0,2.0,11042.99474,,,False,11.2,4.9
61960,78.0,1.0,221.0,56.0,147.33333333333334,46.98,92.95934441708178,0.0,0.0,1.0,0.0,,8.07,5.15,12.070959148337955,11.373389187881912,3,3,-0.6975699604560432,79.0,1.0,40953.836586,93326.693,136.0,False,4.6,1.7
61965,38.0,1.0,164.0,41.0,112.0,36.21,118.22895780895121,0.0,0.0,0.0,0.0,2.0,5.78,4.33,0.3782201429423235,0.36222890599192675,0,0,-0.015991236950396726,75.0,1.0,27369.12282,,,False,2.6,9.1
61967,69.0,1.0,248.0,72.0,132.66666666666666,23.54,78.52988446453398,0.0,0.0,1.0,0.0,,9.18,4.05,6.160208747944923,5.487162223265308,2,2,-0.6730465246796147,80.0,2.0,84144.730051,,,False,6.7,1.5
61968,66.0,0.0,176.0,40.0,126.0,38.79,95.83376834991121,0.0,0.0,0.0,0.0,,6.53,4.64,6.009213364900348,5.724311941775114,2,2,-0.28490142312523403,78.0,2.0,62997.695381,,,False,11.5,5.1
61974,50.0,0.0,189.0,47.0,110.0,30.74,104.75757480612519,0.0,0.0,0.0,0.0,,4.23,2.76,1.349708359590921,1.2664983443312652,0,0,-0.08321001525965577,76.0,1.0,17242.660371,,,False,2.2,3.2
61979,54.0,0.0,210.0,72.0,112.66666666666667,23.09,90.52378663211127,0.0,0.0,0.0,0.0,,2.87,2.71,1.414902627886697,1.4028704573655049,0,0,-0.012032170521192098,77.0,2.0,14883.708575,,,False,3.5,1.3
61983,54.0,0.0,208.0,44.0,119.33333333333333,25.7,83.39843624355093,0.0,0.0,0.0,0.0,,5.17,5.1,2.527291429798348,2.522225300632931,0,0,-0.005066129165416822,81.0,1.0,9702.610964,,,False,6.1,7.9
61986,52.0,0.0,252.0,78.0,124.66666666666667,35.01,90.55802889550912,0.0,0.0,1.0,1.0,,5.4,5.59,2.1712504518394002,2.182370037116136,0,0,0.011119585276735844,83.0,2.0,24613.220078,,,False,6.8,6.2
61989,46.0,0.0,226.0,66.0,114.66666666666667,29.67,86.67073375625436,0.0,0.0,0.0,0.0,,2.97,2.53,0.9108248361574558,0.889229719351301,0,0,-0.02159511680615478,82.0,1.0,66479.511871,147077.092,144.0,False,4.6,4.5
61990,38.0,1.0,200.0,50.0,104.66666666666667,28.6,123.04031237509581,0.0,0.0,0.0,0.0,2.0,14.29,9.46,0.4076202601883209,0.3832384770456568,0,0,-0.02438178314266415,85.0,1.0,56333.431437,,,False,1.0,3.5
61991,31.0,0.0,156.0,40.0,115.33333333333333,23.15,93.05427351270406,0.0,1.0,0.0,0.0,,2.19,2.82,0.5619069789893794,0.5836477542943913,0,0,0.02174077530501195,75.0,2.0,12400.780458,,,False,2.1,2.4
62000,67.0,1.0,199.0,54.0,102.0,29.59,99.54148965606014,1.0,0.0,1.0,1.0,,7.78,5.11,7.309371509450601,6.893180914154396,2,2,-0.4161905952962055,75.0,1.0,6627.415843,,,False,7.0,6.7
62005,50.0,0.0,170.0,43.0,167.33333333333334,31.47,84.54120680094985,0.0,1.0,0.0,0.0,,17.65,21.13,6.690618066589282,6.862280549679261,2,2,0.1716624830899791,84.0,1.0,17126.695224,,,False,3.0,13.1
62013,73.0,1.0,251.0,51.0,176.66666666666666,26.62,91.90291411023256,0.0,0.0,0.0,0.0,,8.67,32.7,10.397995764072169,12.406599438055425,3,3,2.008603673983256,77.0,1.0,38913.512966,,,False,1.3,24.2
62026,47.0,1.0,209.0,71.0,98.0,27.85,78.30499701916808,0.0,1.0,0.0,1.0,,2.81,18.54,0.8475258291359761,1.121914264147364,0,0,0.274388435011388,77.0,2.0,21594.166094,,,False,3.9,7.6
62028,38.0,1.0,187.0,54.0,116.0,21.17,115.93373359731667,0.0,1.0,0.0,0.0,2.0,5.56,4.56,0.6483213627550888,0.6294278303391534,0,0,-0.018893532415935388,86.0,2.0,18259.648426,,,False,1.5,4.7
62030,56.0,0.0,228.0,31.0,101.33333333333333,23.3,104.26289405553428,0.0,0.0,0.0,0.0,,8.53,7.12,3.8661299003780463,3.765990323387923,1,1,-0.10013957699012321,81.0,1.0,21231.427069,0.0,152.0,False,11.6,4.7
62034,43.0,0.0,182.0,52.0,116.66666666666667,39.09,110.18125721930724,0.0,1.0,0.0,0.0,,2.42,1.36,1.1941787962411656,1.0957418303294633,0,0,-0.09843696591170237,76.0,2.0,32359.476034,,,False,2.3,2.2
62035,75.0,1.0,258.0,83.0,116.0,26.67,68.49071958015344,0.0,0.0,1.0,1.0,,3.33,4.21,7.120502071264427,7.3568538143682325,2,2,0.23635174310380513,81.0,1.0,11967.214768,,,False,0.8,5.6
62037,56.0,0.0,240.0,58.0,112.66666666666667,22.71,66.3068605137937,0.0,0.0,0.0,0.0,,15.14,4.59,2.9676506735568915,2.490430326140889,0,0,-0.4772203474160026,82.0,2.0,108835.074142,,,False,11.2,7.8
62040,39.0,1.0,179.0,73.0,110.0,30.83,107.21604348404415,0.0,0.0,0.0,0.0,2.0,4.63,4.0,0.20426097310891814,0.19983372427486898,0,0,-0.004427248834049158,75.0,2.0,40866.112466,92918.05,87.0,False,10.1,3.0
62045,75.0,1.0,184.0,44.0,148.66666666666666,21.49,59.463258208917516,0.0,0.0,1.0,1.0,,8.24,7.09,11.53233689134361,11.304105271109684,3,3,-0.22823162023392563,79.0,1.0,42560.928687,96988.977,101.0,False,5.6,10.7
62049,74.0,0.0,183.0,41.0,122.66666666666667,30.27,63.45813419391165,0.0,0.0,0.0,0.0,,6.47,4.26,10.327191126843084,9.75723596644596,3,2,-0.5699551603971251,80.0,1.0,30233.187542,,,False,3.3,7.8
62050,53.0,1.0,181.0,64.0,122.0,37.5,77.47562611176801,0.0,0.0,1.0,0.0,,8.12,7.81,1.584336349186585,1.5752506650030864,0,0,-0.009085684183498532,84.0,2.0,23014.322091000002,50986.716,106.0,False,11.2,5.0
62052,49.0,0.0,207.0,48.0,125.33333333333333,28.56,108.90224399203015,0.0,0.0,0.0,0.0,,5.98,4.4,1.8347662954138686,1.7531544030451511,0,0,-0.08161189236871746,88.0,2.0,14031.345086,,,False,5.2,3.7
62059,35.0,1.0,153.0,82.0,145.33333333333334,32.34,111.7512123963772,0.0,0.0,0.0,0.0,2.0,42.59,14.29,0.35204762701525505,0.29897414888133556,0,0,-0.053073478133919494,87.0,2.0,16913.009072,,,False,11.5,8.0
62063,73.0,1.0,168.0,64.0,137.33333333333334,28.94,94.7173369612668,0.0,0.0,1.0,1.0,,6.42,4.2,6.9313014066303404,6.531474656560959,2,2,-0.39982675006938173,88.0,1.0,10343.744487,,,False,3.4,4.2
62064,77.0,1.0,238.0,47.0,139.33333333333334,26.95,55.35653695142211,0.0,0.0,1.0,0.0,,5.75,6.72,12.302806195017016,12.557533331692454,3,3,0.254727136675438,83.0,1.0,24122.064727,54970.003,128.0,False,6.1,3.9
62067,35.0,0.0,161.0,50.0,122.66666666666667,26.62,122.18556535115025,0.0,0.0,0.0,0.0,,1.45,2.71,0.3804399125768166,0.41796146554218805,0,0,0.03752155296537146,82.0,2.0,35549.167135,,,False,0.8,2.9
62071,49.0,0.0,275.0,61.0,141.33333333333334,22.14,104.69814147034143,0.0,1.0,0.0,0.0,,3.03,2.02,3.786781624532096,3.569908081184578,1,1,-0.21687354334751818,78.0,2.0,29892.016061,78308.138,197.0,False,4.4,2.0
62072,31.0,0.0,270.0,40.0,118.0,28.19,124.74261476301707,0.0,0.0,0.0,0.0,,11.17,5.98,0.7829524418015016,0.7129605719228743,0,0,-0.06999186987862727,86.0,2.0,62891.067864,,,False,12.4,7.9
62081,55.0,0.0,243.0,53.0,124.0,32.94,81.04298554773835,0.0,0.0,0.0,0.0,,2.9,2.5,2.7285911969755605,2.6697313597500956,0,0,-0.05885983722546495,88.0,2.0,11723.777579,,,False,4.5,5.5
62083,40.0,1.0,174.0,67.0,115.33333333333333,26.61,108.32961646831816,0.0,0.0,1.0,0.0,2.0,7.53,3.13,0.38991129311806194,0.3419329495303356,0,0,-0.047978343587726346,82.0,2.0,37645.371526,0.0,101.0,False,6.4,8.4
62085,54.0,0.0,191.0,38.0,148.66666666666666,27.8,83.39843624355093,0.0,0.0,0.0,0.0,,3.65,3.45,3.8080738331211172,3.777024513460523,1,1,-0.03104931966059432,78.0,1.0,17577.44201,43269.301,125.0,False,7.0,3.8
62087,74.0,1.0,250.0,42.0,138.66666666666666,39.97,73.92957887898895,0.0,0.0,0.0,0.0,,6.36,4.81,8.829279013418727,8.497501234326265,2,2,-0.3317777790924623,77.0,2.0,41085.156853,,,False,3.5,1.3
62091,66.0,1.0,234.0,54.0,133.33333333333334,36.23,74.45979949873593,1.0,0.0,0.0,1.0,,8.26,2.58,8.147471051950737,6.93211856744889,2,2,-1.2153524845018469,75.0,1.0,7085.366775,,,False,9.5,3.2
62092,46.0,1.0,157.0,60.0,124.0,30.11,79.84526091763327,0.0,0.0,1.0,0.0,,3.2,3.71,0.7882336287201382,0.8057856433146192,0,0,0.01755201459448097,89.0,2.0,13233.473823,30106.417,75.0,False,0.8,1.3
62097,69.0,0.0,203.0,44.0,124.66666666666667,27.44,93.73062786692225,0.0,0.0,0.0,0.0,,4.24,7.37,7.12642847009915,7.699146759258453,2,2,0.5727182891593037,87.0,2.0,6932.682394,17671.815,147.0,False,7.5,8.7
62102,59.0,1.0,257.0,44.0,108.66666666666667,26.74,82.34750290289922,0.0,0.0,0.0,0.0,,5.98,2.16,2.5633812036032513,2.20802144536946,0,0,-0.3553597582337913,75.0,2.0,125317.169771,275784.601,156.0,False,12.5,3.2
62103,53.0,1.0,229.0,67.0,94.66666666666667,20.09,88.04913995269463,0.0,0.0,0.0,0.0,,3.42,3.18,1.019153759819731,1.0081939862730736,0,0,-0.010959773546657559,89.0,2.0,10398.717828,21954.892,148.0,False,1.3,0.7
62105,43.0,0.0,227.0,39.0,111.33333333333333,30.12,111.36909023142913,0.0,0.0,0.0,0.0,,3.08,2.83,1.0507260065200874,1.037518315924335,0,0,-0.01320769059575233,80.0,2.0,78710.236967,,,False,3.3,7.1
62106,30.0,0.0,155.0,50.0,104.66666666666667,25.63,109.0494923920825,0.0,0.0,0.0,0.0,,3.51,3.64,0.22272259500428887,0.2239463564956478,0,0,0.0012237614913589434,78.0,2.0,33211.444479,,,False,3.4,6.4
62107,70.0,1.0,154.0,44.0,125.33333333333333,42.05,51.78812075327741,1.0,0.0,1.0,1.0,,2.93,2.06,9.573439309211368,9.125283469719907,2,2,-0.4481558394914611,78.0,2.0,42613.475824,,,False,3.9,2.6
62108,54.0,1.0,166.0,81.0,119.33333333333333,28.98,106.5978936710779,1.0,0.0,1.0,1.0,,7.96,8.45,2.0970599941018793,2.115551124206819,0,0,0.018491130104939746,81.0,1.0,13021.335041,,,False,16.4,9.3
62112,58.0,1.0,221.0,45.0,142.66666666666666,24.55,100.18677954321588,1.0,0.0,1.0,0.0,,5.7,1.3,7.788212949819238,6.336561136843666,2,2,-1.4516518129755722,77.0,2.0,15009.934467,34657.838,135.0,False,7.3,0.6
62123,78.0,1.0,174.0,63.0,182.0,29.89,57.66441796567935,0.0,0.0,1.0,1.0,,29.29,33.11,15.187730882864333,15.42630657694357,3,3,0.23857569407923762,77.0,1.0,37058.064768,,,False,8.2,29.8
62125,56.0,0.0,221.0,65.0,118.0,30.89,102.3483422610867,0.0,0.0,0.0,0.0,,8.18,5.56,2.3876069052688287,2.2554324075791787,0,0,-0.13217449768964995,79.0,1.0,90382.442658,199959.152,139.0,False,15.7,7.4
62126,54.0,0.0,211.0,52.0,108.66666666666667,29.93,102.18364852612675,0.0,0.0,0.0,0.0,,3.21,2.53,1.8459054637786145,1.7818895991999346,0,0,-0.06401586457867992,86.0,2.0,11822.128672,,,False,7.5,2.1
62127,48.0,1.0,196.0,60.0,124.66666666666667,36.09,69.49253277221659,0.0,0.0,0.0,0.0,,9.24,5.9,1.0527568679065227,0.9848707516377753,0,0,-0.06788611626874741,88.0,1.0,27598.304309,61142.227,122.0,False,15.7,10.5
62130,67.0,1.0,183.0,60.0,148.0,20.37,90.0806609755848,0.0,0.0,0.0,0.0,,5.09,4.04,4.864726501695443,4.7067003454978025,1,1,-0.15802615619764016,85.0,2.0,6304.341968,13762.869,95.0,False,2.8,1.9
62132,66.0,1.0,224.0,77.0,122.66666666666667,45.39,97.40508054998159,1.0,0.0,1.0,0.0,,14.25,5.8,6.964792843780446,6.139568913044861,2,2,-0.8252239307355849,87.0,1.0,26032.873284,60109.73,132.0,False,16.1,2.9
62136,70.0,0.0,197.0,41.0,140.0,32.84,95.93707668871211,0.0,1.0,0.0,0.0,,5.2,2.95,11.06165771103949,10.247174609377637,3,3,-0.8144831016618532,75.0,1.0,15661.814696,,,False,1.3,1.3
62137,34.0,1.0,137.0,34.0,106.66666666666667,38.74,123.82157683473228,0.0,0.0,0.0,0.0,2.0,6.43,4.43,0.26740713946979444,0.2528980007205619,0,0,-0.014509138749232542,78.0,2.0,25247.94746,47346.498,91.0,False,2.7,5.1
62139,37.0,0.0,199.0,69.0,121.33333333333333,22.96,86.77216784738334,0.0,0.0,0.0,0.0,,3.48,2.0,0.43553005689632146,0.40072389081031295,0,0,-0.034806166086008505,79.0,1.0,63837.745058,,,False,3.2,1.0
62142,55.0,0.0,248.0,48.0,125.33333333333333,27.85,73.6208630172731,0.0,0.0,1.0,0.0,,4.52,3.02,3.944923232472945,3.7205380774746035,1,1,-0.22438515499834155,75.0,2.0,85700.159432,172856.798,181.0,False,12.6,6.8
62143,48.0,1.0,170.0,72.0,102.0,21.66,89.48621063119802,0.0,0.0,0.0,0.0,,5.04,3.48,0.5029496744907707,0.475877763654816,0,0,-0.02707191083595467,78.0,2.0,88087.54939,191550.823,88.0,False,7.1,4.0
62144,33.0,1.0,153.0,59.0,98.66666666666667,25.72,95.4024534578039,0.0,0.0,0.0,0.0,2.0,3.0,4.49,0.1436449752686284,0.15259545041712946,0,0,0.008950475148501058,78.0,1.0,18926.031583,37411.017,75.0,False,3.6,3.1
62152,52.0,0.0,210.0,29.0,106.0,44.82,89.48316002790122,0.0,0.0,0.0,0.0,,19.19,22.59,2.998213894633564,3.0706870857042023,0,1,0.07247319107063843,89.0,1.0,12664.205092,,,False,26.1,18.3
62155,32.0,0.0,198.0,38.0,115.33333333333333,35.28,106.37045861360633,0.0,0.0,0.0,0.0,,3.71,7.59,0.4639429339221182,0.5166280069331428,0,0,0.0526850730110246,89.0,1.0,18147.496374,39727.622,146.0,False,5.6,23.9
62156,48.0,1.0,246.0,76.0,110.66666666666667,35.38,79.9226973326412,0.0,1.0,0.0,0.0,,6.29,1.55,1.109633649525124,0.9010991817494527,0,0,-0.2085344677756713,80.0,2.0,21081.607689,,,False,2.2,1.5
