SEQN,age,sex,smoking,dm,bptreat,statin,egfr,sbp,tc,hdl,bmi,URDACT,WTMEC2YR,SDMVSTRA,SDMVPSU,responded
51624,34.0,0.0,0.0,0.0,0.0,0.0,109.09169090709395,113.33333333333333,135.0,50.0,32.22,12.22,81528.772006,83.0,1.0,0
51628,60.0,1.0,1.0,1.0,1.0,0.0,56.90343386974225,151.33333333333334,202.0,45.0,42.39,6.77,21000.338724,75.0,2.0,1
51630,49.0,1.0,1.0,0.0,1.0,0.0,91.63990354877845,114.0,259.0,45.0,30.57,8.39,74112.486841,85.0,2.0,1
51643,42.0,1.0,0.0,1.0,1.0,1.0,23.56913946018339,116.0,170.0,35.0,39.9,69.5,40755.226149,75.0,2.0,1
51645,66.0,0.0,0.0,0.0,1.0,1.0,95.49586105926478,140.66666666666666,217.0,40.0,28.25,12.57,9590.4584,75.0,1.0,1
51647,45.0,1.0,0.0,0.0,0.0,0.0,84.84827587528017,114.0,225.0,82.0,27.24,4.34,89078.480785,78.0,2.0,1
51653,44.0,0.0,0.0,0.0,0.0,0.0,68.20972589286554,118.66666666666667,197.0,37.0,29.1,2.18,93833.198076,79.0,2.0,1
51655,49.0,1.0,0.0,0.0,0.0,0.0,99.11949239568213,138.66666666666666,202.0,58.0,28.41,11.7,18929.8553,82.0,1.0,0
51656,58.0,0.0,0.0,0.0,0.0,1.0,75.34020251959399,105.33333333333333,164.0,37.0,23.69,2.86,101200.947582,77.0,2.0,1
51657,54.0,0.0,0.0,0.0,0.0,0.0,52.859969476891486,134.66666666666666,248.0,45.0,26.03,1.5,17242.660371,76.0,1.0,1
51660,32.0,0.0,0.0,0.0,0.0,0.0,124.48669167977377,110.66666666666667,196.0,35.0,33.69,29.55,25129.664069,78.0,1.0,0
51661,60.0,1.0,0.0,0.0,0.0,0.0,91.08618933780032,122.66666666666667,188.0,55.0,32.07,7.82,6385.326701,88.0,2.0,1
51662,44.0,1.0,0.0,0.0,0.0,0.0,90.39940001702745,129.33333333333334,213.0,63.0,25.06,7.47,18084.593642,86.0,2.0,1
51664,53.0,1.0,0.0,0.0,0.0,1.0,98.27559241352726,133.33333333333334,216.0,51.0,27.62,6.27,79625.602161,84.0,1.0,1
51666,58.0,1.0,1.0,0.0,0.0,0.0,89.35918403372622,127.33333333333333,185.0,44.0,26.22,16.93,9566.287534,85.0,2.0,1
51667,50.0,0.0,0.0,0.0,1.0,1.0,80.0326779581384,140.66666666666666,202.0,41.0,26.6,5.49,82236.05813,85.0,1.0,0
51669,65.0,1.0,0.0,0.0,0.0,0.0,98.3854595988943,156.66666666666666,258.0,48.0,27.85,7.9,5845.770433,86.0,2.0,1
51673,30.0,1.0,1.0,0.0,0.0,0.0,113.38845690259502,95.33333333333333,196.0,48.0,19.01,4.32,21763.490175,81.0,2.0,1
51677,33.0,0.0,0.0,0.0,0.0,0.0,116.0434280195391,127.33333333333333,216.0,35.0,28.54,3.14,18875.984973,76.0,2.0,1
51678,60.0,0.0,0.0,0.0,1.0,0.0,97.77501448289098,152.66666666666666,247.0,52.0,25.84,4.21,63106.006013,81.0,1.0,1
51680,60.0,1.0,1.0,0.0,0.0,0.0,62.98046217896165,114.0,289.0,34.0,31.71,1.86,18341.269681,79.0,1.0,1
51683,35.0,1.0,0.0,0.0,0.0,0.0,118.5662669751566,110.0,194.0,89.0,20.29,8.75,62794.052912,76.0,1.0,1
51687,78.0,0.0,0.0,0.0,1.0,1.0,81.92801587914562,132.66666666666666,167.0,62.0,26.79,11.97,42248.55886,82.0,2.0,1
51690,63.0,1.0,0.0,1.0,1.0,1.0,102.04886201818927,149.33333333333334,167.0,50.0,32.04,10.45,5642.636108,88.0,1.0,1
51691,57.0,1.0,0.0,0.0,0.0,0.0,103.01267813225209,122.0,195.0,59.0,20.66,5.22,92628.908642,76.0,1.0,1
51692,54.0,0.0,0.0,0.0,0.0,0.0,102.53694126719333,91.33333333333333,186.0,62.0,36.32,4.97,14961.227317,78.0,2.0,1
51694,38.0,0.0,0.0,1.0,0.0,0.0,120.4345994267417,151.33333333333334,181.0,36.0,35.84,18.62,18320.203148,80.0,2.0,1
51701,36.0,0.0,0.0,0.0,0.0,0.0,92.23219603117406,116.0,198.0,43.0,25.95,2.43,14828.742364,76.0,1.0,1
51704,54.0,0.0,0.0,0.0,0.0,0.0,108.56773024876183,121.33333333333333,169.0,24.0,29.31,3.28,12815.795366,85.0,2.0,1
51707,64.0,1.0,0.0,1.0,0.0,1.0,102.74627898757669,132.66666666666666,161.0,53.0,27.18,43.0,20396.805728,85.0,1.0,1
51708,39.0,1.0,1.0,0.0,0.0,0.0,88.07427307171558,99.33333333333333,226.0,37.0,29.39,3.64,22444.203247,78.0,2.0,1
51709,40.0,0.0,0.0,0.0,0.0,0.0,93.0891457489064,110.66666666666667,212.0,46.0,27.56,3.35,18943.613035,88.0,2.0,1
51711,59.0,1.0,0.0,1.0,1.0,1.0,107.97575902636123,148.0,161.0,41.0,25.79,32.35,19913.750105,85.0,1.0,1
51714,58.0,0.0,0.0,0.0,0.0,0.0,91.62108612217807,134.0,315.0,36.0,33.23,5.3,66034.937617,86.0,3.0,1
51715,49.0,0.0,1.0,0.0,0.0,0.0,106.52111279397073,123.33333333333333,192.0,48.0,29.13,5.92,19898.470339,86.0,2.0,0
51718,51.0,1.0,0.0,0.0,0.0,0.0,94.81101742508345,102.66666666666667,175.0,70.0,30.6,5.65,12633.150263,85.0,2.0,1
51721,40.0,1.0,0.0,0.0,0.0,0.0,115.38006618419608,142.0,209.0,46.0,26.59,6.46,14040.455584,86.0,3.0,1
51724,37.0,1.0,0.0,0.0,0.0,0.0,119.95942170501232,102.66666666666667,167.0,54.0,21.16,7.59,25452.884514,77.0,2.0,1
51728,55.0,1.0,0.0,1.0,1.0,1.0,71.66014178371597,114.66666666666667,191.0,31.0,41.56,0.63,112421.513631,80.0,2.0,1
51732,32.0,0.0,1.0,0.0,0.0,0.0,119.25476898306897,124.0,156.0,70.0,20.15,12.92,53465.061204,80.0,1.0,1
51735,55.0,1.0,0.0,0.0,0.0,1.0,102.42817532604263,147.33333333333334,187.0,59.0,28.97,4.53,20180.00055,75.0,1.0,1
51736,60.0,1.0,0.0,0.0,0.0,0.0,99.64198740179515,186.0,252.0,51.0,27.3,10.88,7084.376544,81.0,1.0,1
51737,52.0,0.0,0.0,0.0,0.0,0.0,100.08789793030527,125.33333333333333,218.0,38.0,31.43,5.38,86798.825172,82.0,1.0,1
51738,37.0,0.0,0.0,0.0,0.0,0.0,114.3704339965901,140.66666666666666,309.0,50.0,28.42,16.01,33324.854365,77.0,2.0,1
51740,50.0,1.0,0.0,0.0,0.0,0.0,109.72656156782712,118.66666666666667,210.0,60.0,29.15,4.43,14542.445662,78.0,2.0,1
51744,44.0,1.0,0.0,0.0,0.0,0.0,116.88066287272547,116.66666666666667,213.0,46.0,34.61,9.09,14357.518355,88.0,2.0,1
51745,44.0,0.0,0.0,0.0,1.0,0.0,95.17765967693163,152.66666666666666,171.0,38.0,25.54,4.88,81219.584061,87.0,2.0,1
51746,40.0,1.0,1.0,0.0,0.0,0.0,82.88103960861761,104.0,222.0,34.0,40.01,6.2,29040.493951,88.0,2.0,1
51750,37.0,0.0,0.0,0.0,0.0,0.0,114.3704339965901,121.33333333333333,134.0,49.0,29.1,4.4,17616.92681,86.0,1.0,1
51754,58.0,1.0,0.0,0.0,1.0,1.0,89.35918403372622,143.33333333333334,179.0,51.0,37.92,15.85,95185.415335,79.0,1.0,1
51759,40.0,0.0,1.0,0.0,0.0,0.0,118.94583989985206,116.0,237.0,48.0,32.29,7.18,18943.613035,88.0,1.0,1
51768,56.0,1.0,0.0,0.0,0.0,0.0,81.50700526579048,128.0,283.0,64.0,28.48,15.45,108048.508847,79.0,2.0,1
51770,60.0,1.0,0.0,0.0,0.0,0.0,91.08618933780032,118.0,201.0,57.0,23.41,5.35,65138.423846,76.0,2.0,1
51776,30.0,0.0,1.0,0.0,0.0,0.0,120.31146361944003,120.66666666666667,148.0,35.0,28.6,5.25,26792.411843,86.0,2.0,1
51778,72.0,0.0,0.0,1.0,1.0,1.0,86.12978931512214,131.33333333333334,145.0,50.0,33.1,8.86,14128.519785,87.0,1.0,1
51779,36.0,0.0,0.0,0.0,0.0,0.0,123.5422814971357,114.66666666666667,166.0,38.0,27.05,3.81,24159.506437,86.0,1.0,1
51780,54.0,1.0,0.0,0.0,1.0,0.0,75.9698176010205,132.66666666666666,224.0,51.0,21.03,6.0,92722.673705,86.0,1.0,1
51783,42.0,0.0,0.0,1.0,0.0,0.0,39.56160324886355,187.33333333333334,265.0,42.0,27.49,13787.88,21277.202709,81.0,1.0,1
51784,61.0,0.0,0.0,0.0,0.0,0.0,85.62841253083518,144.0,250.0,54.0,31.13,5.49,6162.897031,88.0,2.0,1
51791,31.0,0.0,1.0,0.0,0.0,0.0,119.9987613031485,128.66666666666666,167.0,28.0,23.3,6.87,17694.285254,79.0,1.0,1
51795,32.0,1.0,1.0,0.0,0.0,0.0,81.6367930003511,100.0,149.0,44.0,22.74,30.88,23132.230222,84.0,2.0,0
51796,62.0,1.0,0.0,0.0,1.0,0.0,79.65816970136743,115.33333333333333,243.0,52.0,23.0,4.52,60851.686967,77.0,1.0,1
51798,62.0,0.0,0.0,0.0,0.0,0.0,106.04857644477978,111.33333333333333,221.0,36.0,35.59,5.76,6797.608313,75.0,2.0,1
51799,50.0,0.0,0.0,0.0,0.0,0.0,114.2659761778726,124.0,313.0,38.0,29.83,7.26,12553.070826,85.0,2.0,1
51803,58.0,0.0,1.0,0.0,0.0,0.0,79.54491257883113,138.0,233.0,69.0,29.27,2.78,18014.411781,84.0,1.0,1
51805,42.0,1.0,0.0,0.0,0.0,0.0,108.80132082585563,112.66666666666667,166.0,46.0,26.78,169.29,27466.731558,78.0,1.0,1
51806,53.0,0.0,0.0,0.0,1.0,0.0,99.46735296313739,129.33333333333334,177.0,43.0,39.01,4.25,20607.556278,82.0,1.0,1
51807,78.0,0.0,0.0,0.0,0.0,0.0,60.68326881963101,132.0,271.0,44.0,34.24,3.43,14386.992439,82.0,2.0,1
51808,43.0,1.0,0.0,0.0,0.0,0.0,112.38407733592186,123.33333333333333,188.0,40.0,30.7,7.99,26829.082247,75.0,1.0,1
51809,35.0,1.0,0.0,0.0,0.0,0.0,103.10087926027653,106.0,155.0,70.0,20.39,10.63,54729.408706,79.0,1.0,1
51815,44.0,1.0,0.0,0.0,0.0,0.0,94.53435412519977,97.33333333333333,198.0,40.0,23.71,2.44,18646.910739,82.0,2.0,1
51818,56.0,0.0,0.0,0.0,0.0,0.0,103.09589513098398,130.66666666666666,259.0,44.0,22.64,5.78,9128.236138,86.0,2.0,1
51829,34.0,1.0,0.0,0.0,0.0,0.0,112.44839242943972,119.33333333333333,144.0,78.0,25.36,11.11,59587.981851,79.0,2.0,1
51830,42.0,1.0,0.0,0.0,0.0,0.0,110.66914076204584,113.33333333333333,200.0,49.0,19.64,7.24,85415.930989,81.0,2.0,0
51831,41.0,1.0,0.0,0.0,0.0,0.0,84.61862949621997,123.33333333333333,155.0,44.0,24.88,4.87,29054.036585,83.0,2.0,1
51832,38.0,0.0,0.0,0.0,0.0,0.0,96.47634928022208,116.0,182.0,34.0,25.91,2.71,68137.198783,79.0,2.0,1
51833,48.0,1.0,1.0,0.0,0.0,0.0,68.66769856459193,109.0,317.0,48.0,26.37,7.01,20571.4402,76.0,2.0,1
51839,36.0,0.0,0.0,0.0,0.0,0.0,102.48771054741968,113.33333333333333,200.0,40.0,44.46,4.42,32902.441091,78.0,2.0,1
51845,50.0,1.0,0.0,1.0,1.0,0.0,93.91765822093848,112.0,189.0,51.0,40.7,3.7,28522.937384,81.0,2.0,1
51846,43.0,0.0,0.0,0.0,1.0,0.0,113.04279169532374,124.66666666666667,226.0,49.0,39.82,3.95,68566.199782,77.0,1.0,1
51848,52.0,0.0,0.0,0.0,0.0,0.0,74.24522919222467,140.0,239.0,44.0,27.61,0.55,12741.448063,87.0,1.0,1
51849,41.0,1.0,0.0,0.0,0.0,0.0,104.17586855243808,138.0,158.0,61.0,29.11,10.54,37645.371526,82.0,2.0,1
51851,46.0,1.0,0.0,0.0,0.0,0.0,106.12803844517343,112.0,213.0,45.0,27.32,27.18,15376.640325,76.0,1.0,1
51855,63.0,0.0,1.0,0.0,0.0,0.0,94.7035385987119,142.0,206.0,44.0,22.32,5.19,12579.260134,83.0,2.0,1
51856,61.0,1.0,1.0,0.0,0.0,0.0,102.89395838018297,176.66666666666666,282.0,64.0,28.37,19.88,5117.331663,77.0,2.0,1
51857,44.0,1.0,1.0,0.0,0.0,0.0,103.93330524844983,93.33333333333333,162.0,66.0,24.03,4.93,158146.917521,79.0,2.0,1
51863,76.0,1.0,0.0,1.0,1.0,1.0,52.649970295569624,103.33333333333333,212.0,50.0,31.91,13.16,14043.052734,75.0,2.0,1
51865,40.0,1.0,0.0,0.0,0.0,0.0,80.7236532975235,128.0,130.0,49.0,28.6,3.25,30344.348456,82.0,1.0,1
51866,74.0,0.0,0.0,0.0,1.0,0.0,66.78322469816139,140.0,226.0,52.0,28.12,20.0,32931.023461,81.0,2.0,1
51867,35.0,1.0,0.0,0.0,0.0,0.0,101.51675242765624,105.33333333333333,147.0,49.0,21.02,36.19,57097.484011,85.0,1.0,1
51877,55.0,0.0,0.0,0.0,0.0,0.0,101.55010990526476,126.66666666666667,262.0,34.0,40.25,2.2,21126.981723,81.0,1.0,1
51878,75.0,0.0,0.0,0.0,1.0,0.0,69.2494314121603,125.33333333333333,231.0,31.0,29.47,2.0,33645.553037,76.0,2.0,1
51880,47.0,0.0,0.0,0.0,0.0,0.0,110.26529505274233,120.66666666666667,206.0,30.0,23.89,6.12,18226.446244,85.0,1.0,1
51883,63.0,1.0,0.0,0.0,0.0,0.0,98.86939744552022,160.0,183.0,58.0,31.5,26.04,5939.990537,85.0,1.0,1
51885,43.0,0.0,0.0,1.0,1.0,1.0,107.24729780281115,116.66666666666667,205.0,53.0,22.14,67.68,20257.239026,86.0,1.0,1
51886,30.0,0.0,0.0,0.0,0.0,0.0,122.09733322291598,108.0,233.0,49.0,30.69,4.77,22871.407788,86.0,3.0,1
51888,63.0,0.0,0.0,0.0,0.0,0.0,95.96765132565572,127.33333333333333,207.0,42.0,27.46,10.53,52696.446317,80.0,1.0,1
51889,66.0,0.0,1.0,1.0,0.0,1.0,90.55935413203161,126.0,216.0,45.0,23.13,23.35,9775.236398,84.0,2.0,1
51892,50.0,0.0,0.0,0.0,0.0,0.0,113.74822078851547,132.66666666666666,179.0,33.0,29.65,10.23,81016.09058,85.0,1.0,1
51895,61.0,1.0,0.0,1.0,1.0,0.0,99.73921207757469,196.0,199.0,62.0,31.28,23.18,8567.6299,81.0,1.0,1
51898,31.0,1.0,0.0,0.0,0.0,0.0,109.08919915591581,138.0,196.0,41.0,48.91,10.17,22563.920985,79.0,2.0,1
51899,30.0,1.0,0.0,0.0,0.0,0.0,124.7731416755749,104.0,164.0,45.0,20.47,9.22,61263.384725,76.0,2.0,1
51900,70.0,1.0,0.0,1.0,1.0,1.0,93.63372588598125,164.66666666666666,172.0,56.0,38.54,26.41,18281.815192,83.0,1.0,1
51902,46.0,0.0,0.0,0.0,0.0,1.0,108.52722977268286,116.66666666666667,164.0,32.0,32.32,3.33,66379.952465,80.0,1.0,1
51906,46.0,0.0,0.0,0.0,0.0,0.0,97.5005185404594,132.66666666666666,154.0,39.0,34.22,1.81,94815.614301,83.0,2.0,1
51908,43.0,1.0,0.0,0.0,0.0,0.0,118.15098655555143,101.33333333333333,178.0,48.0,39.55,36.71,16306.175177,82.0,2.0,1
51911,48.0,0.0,0.0,0.0,0.0,0.0,83.71806731905,116.66666666666667,213.0,57.0,25.65,5.84,63260.599658,80.0,1.0,1
51916,66.0,1.0,0.0,0.0,1.0,0.0,66.07720699446986,166.0,261.0,45.0,31.83,15.0,5184.204509,86.0,3.0,1
51919,64.0,1.0,0.0,0.0,0.0,0.0,91.77715417488379,106.0,184.0,45.0,33.99,3.78,63755.08114,81.0,2.0,1
51921,55.0,0.0,1.0,0.0,1.0,0.0,62.004529455221935,185.33333333333334,225.0,49.0,26.97,5.42,18605.354846,88.0,1.0,1
51922,46.0,0.0,0.0,0.0,0.0,0.0,74.04593300160977,116.0,224.0,83.0,23.25,3.52,23814.325568,86.0,1.0,1
51928,62.0,1.0,0.0,0.0,1.0,0.0,69.4935497338664,115.33333333333333,186.0,61.0,20.76,345.12,22204.695803,86.0,1.0,1
51933,54.0,0.0,1.0,0.0,0.0,0.0,105.5678777099181,194.0,200.0,48.0,35.82,880.3,103268.230044,77.0,2.0,1
51936,51.0,1.0,0.0,0.0,0.0,1.0,106.1392486442389,126.0,161.0,55.0,26.14,14.16,12719.508666,87.0,2.0,1
51940,31.0,0.0,0.0,0.0,0.0,0.0,109.74374946445099,113.33333333333333,241.0,48.0,30.49,3.85,14982.222912,81.0,2.0,1
51942,57.0,1.0,0.0,0.0,0.0,0.0,101.88166279936107,112.0,310.0,59.0,29.12,5.37,79654.759968,78.0,1.0,0
51943,39.0,1.0,0.0,0.0,1.0,0.0,103.79434504779843,118.66666666666667,231.0,46.0,36.75,0.95,71929.361138,81.0,2.0,1
51944,42.0,0.0,0.0,0.0,0.0,0.0,107.91637935481099,110.0,207.0,51.0,25.65,1.88,25040.876065,82.0,2.0,1
51951,56.0,1.0,0.0,0.0,1.0,0.0,98.06885034418413,138.0,237.0,94.0,29.35,5.45,93109.959096,87.0,2.0,1
51952,46.0,1.0,0.0,0.0,0.0,0.0,71.21605662034494,126.0,168.0,57.0,22.5,3.09,63386.839663,84.0,1.0,1
51957,40.0,1.0,0.0,1.0,0.0,0.0,115.83310301534061,139.33333333333334,191.0,37.0,31.25,5.77,18372.138824,76.0,2.0,1
51963,49.0,0.0,0.0,0.0,0.0,0.0,105.05202498526823,94.66666666666667,215.0,47.0,23.43,4.86,67765.448326,84.0,1.0,1
51964,60.0,1.0,0.0,0.0,1.0,0.0,94.08894899177962,129.33333333333334,200.0,67.0,30.69,10.0,65943.007088,76.0,2.0,1
51968,45.0,0.0,1.0,0.0,0.0,0.0,108.4399793910444,104.66666666666667,217.0,42.0,37.42,3.53,17917.020794,78.0,1.0,1
51971,32.0,0.0,0.0,0.0,0.0,0.0,121.04697973929053,110.0,209.0,38.0,38.13,4.02,33706.739675,78.0,2.0,0
51973,46.0,0.0,0.0,0.0,1.0,0.0,80.32434354518116,144.66666666666666,205.0,33.0,30.22,3.12,94172.422984,78.0,2.0,1
51974,55.0,1.0,0.0,0.0,0.0,1.0,108.18191349942937,108.66666666666667,190.0,87.0,28.51,4.57,20180.00055,86.0,1.0,1
51975,57.0,0.0,0.0,0.0,1.0,1.0,85.7238597205695,129.33333333333334,225.0,41.0,31.88,558.15,20432.419271,80.0,2.0,1
51976,79.0,0.0,0.0,1.0,1.0,0.0,83.52571804006685,146.0,188.0,50.0,27.78,4.66,34860.620863,87.0,2.0,1
51981,53.0,1.0,1.0,0.0,0.0,0.0,93.63900534452222,115.33333333333333,229.0,74.0,20.32,16.81,34375.95727,75.0,2.0,0
51982,46.0,0.0,1.0,0.0,0.0,0.0,109.31044169423751,140.66666666666666,228.0,100.0,22.89,76.99,27020.765699,75.0,2.0,1
51985,60.0,1.0,0.0,0.0,0.0,1.0,60.82734918180882,111.33333333333333,203.0,63.0,33.25,3.04,79504.28538,83.0,2.0,1
51991,35.0,0.0,0.0,0.0,0.0,0.0,108.41532242346997,121.33333333333333,192.0,46.0,28.82,6.67,53465.061204,80.0,1.0,1
51993,49.0,1.0,0.0,0.0,1.0,1.0,112.7927580926323,132.0,207.0,78.0,46.13,40.24,26152.25275,84.0,1.0,1
51995,72.0,0.0,1.0,0.0,0.0,0.0,72.10991965450054,132.66666666666666,251.0,91.0,14.59,6.16,10399.3983,76.0,2.0,1
51997,74.0,1.0,0.0,0.0,0.0,0.0,71.84709820828168,131.33333333333334,260.0,45.0,26.18,2.67,39394.168753,76.0,2.0,1
52007,49.0,1.0,1.0,0.0,0.0,0.0,107.46771727945188,98.66666666666667,220.0,74.0,23.63,4.29,24194.944766,75.0,2.0,1
52008,62.0,1.0,1.0,0.0,0.0,0.0,60.76927108924858,158.66666666666666,189.0,80.0,27.59,3.06,16242.073126,89.0,2.0,1
52009,44.0,1.0,0.0,0.0,0.0,0.0,75.76591014045789,100.0,227.0,79.0,29.12,7.79,76603.798386,77.0,1.0,1
52010,49.0,1.0,0.0,0.0,1.0,0.0,60.28031398314845,159.33333333333334,221.0,38.0,43.92,7.41,21427.791671,84.0,1.0,1
52012,66.0,1.0,0.0,1.0,1.0,0.0,96.33563316155355,125.33333333333333,146.0,50.0,30.96,5.69,13823.802605,78.0,1.0,1
52013,36.0,0.0,0.0,0.0,0.0,0.0,90.20514000880766,102.0,146.0,40.0,28.09,7.19,79961.680523,77.0,2.0,1
52017,31.0,0.0,0.0,0.0,1.0,0.0,117.49586014446653,148.66666666666666,170.0,21.0,35.24,18.02,81216.199549,78.0,2.0,1
52020,32.0,1.0,0.0,0.0,0.0,0.0,119.02034757046715,110.66666666666667,202.0,34.0,34.29,7.34,21013.966653,75.0,2.0,1
52023,65.0,0.0,0.0,1.0,1.0,1.0,77.88374461139381,131.33333333333334,177.0,36.0,31.28,23.13,70560.254529,87.0,1.0,1
52027,55.0,0.0,0.0,0.0,0.0,0.0,104.91335686811661,134.0,250.0,57.0,22.81,12.65,19364.17167,75.0,1.0,1
52029,43.0,1.0,0.0,0.0,0.0,0.0,117.60984390493607,136.66666666666666,135.0,38.0,31.22,54.29,21420.29799,78.0,2.0,1
52031,77.0,0.0,0.0,0.0,0.0,0.0,88.87040993917834,147.33333333333334,194.0,51.0,30.34,6.34,33963.063829,85.0,2.0,1
52032,40.0,1.0,0.0,0.0,0.0,0.0,114.50061179342943,106.66666666666667,191.0,58.0,26.8,24.4,14348.956279,87.0,2.0,1
52033,45.0,1.0,0.0,0.0,0.0,0.0,79.28508434642143,137.33333333333334,250.0,80.0,26.43,20.0,16371.808858,84.0,1.0,1
52039,43.0,1.0,0.0,1.0,1.0,0.0,87.12453388757395,118.66666666666667,215.0,80.0,38.52,8.92,13601.228883,86.0,3.0,1
52042,61.0,0.0,0.0,0.0,0.0,0.0,79.84557529498599,110.66666666666667,176.0,42.0,35.56,5.47,61520.627241,85.0,2.0,1
52043,62.0,0.0,0.0,0.0,0.0,1.0,101.22479656428506,110.0,216.0,39.0,28.97,6.36,61520.627241,85.0,2.0,1
52050,39.0,0.0,0.0,0.0,0.0,0.0,84.79025229167237,128.66666666666666,155.0,48.0,32.7,8.79,79303.669349,79.0,2.0,1
52051,56.0,0.0,0.0,0.0,0.0,0.0,104.66478535898611,100.66666666666667,218.0,36.0,30.9,6.96,9731.188016,88.0,2.0,1
52052,43.0,0.0,0.0,0.0,1.0,0.0,90.32518722372444,122.0,212.0,51.0,33.36,4.47,28866.856878,83.0,2.0,1
52058,49.0,0.0,0.0,0.0,0.0,0.0,92.2635123866304,129.33333333333334,192.0,37.0,24.65,3.45,21178.53496,75.0,2.0,1
52062,38.0,0.0,1.0,0.0,0.0,0.0,95.35344707414991,109.33333333333333,275.0,39.0,30.98,4.35,20133.290922,81.0,2.0,0
52063,47.0,0.0,0.0,0.0,0.0,0.0,88.10586920714,108.66666666666667,194.0,45.0,24.67,2.99,83568.320819,77.0,1.0,1
52065,66.0,0.0,0.0,1.0,0.0,0.0,82.02140535138454,150.0,148.0,28.0,44.05,14.22,7737.568458,81.0,1.0,1
52068,72.0,0.0,0.0,0.0,0.0,0.0,75.4188056113002,107.33333333333333,205.0,41.0,28.15,6.74,34061.139515,76.0,2.0,1
52069,40.0,1.0,0.0,0.0,0.0,0.0,98.40851494827916,118.66666666666667,197.0,71.0,32.72,5.8,85415.930989,77.0,2.0,1
52071,41.0,0.0,0.0,0.0,0.0,0.0,116.26788421940397,108.0,252.0,35.0,36.54,119.6,16715.945903,82.0,1.0,1
52072,32.0,1.0,0.0,0.0,0.0,0.0,125.37136245398901,119.33333333333333,170.0,60.0,30.35,4.0,18734.521353,81.0,1.0,1
52080,30.0,0.0,1.0,0.0,0.0,0.0,102.60380803210388,110.66666666666667,218.0,57.0,21.77,22.11,60193.00099,78.0,1.0,1
52081,65.0,0.0,0.0,1.0,1.0,1.0,85.5741455611713,127.33333333333333,206.0,45.0,31.77,4.04,47075.842776,86.0,3.0,1
52084,72.0,1.0,0.0,0.0,0.0,0.0,80.64926896953644,133.33333333333334,270.0,92.0,21.38,4.4,12618.187505,77.0,2.0,1
52085,61.0,1.0,0.0,0.0,0.0,0.0,73.71519757832036,90.66666666666667,234.0,82.0,23.07,3.55,67490.818023,87.0,2.0,1
52086,68.0,0.0,0.0,0.0,1.0,1.0,81.00749282784909,140.66666666666666,132.0,45.0,24.27,4.96,19682.063679,77.0,2.0,1
52088,79.0,1.0,0.0,0.0,0.0,0.0,57.30689857429213,154.66666666666666,183.0,76.0,21.29,6.47,34245.404778,77.0,1.0,1
52090,52.0,1.0,0.0,0.0,1.0,0.0,83.56010305475766,124.66666666666667,188.0,59.0,39.66,1.58,112421.513631,80.0,2.0,1
52092,35.0,1.0,0.0,0.0,0.0,0.0,116.8202661662569,109.0,211.0,34.0,36.13,5.53,21156.502109,75.0,1.0,1
52094,61.0,1.0,0.0,0.0,0.0,0.0,101.2534020945155,131.33333333333334,188.0,45.0,40.81,6.9,5760.494111,89.0,1.0,1
52099,56.0,0.0,0.0,0.0,1.0,1.0,95.14139311573523,132.66666666666666,186.0,31.0,30.27,12.64,99844.470859,81.0,2.0,1
52103,62.0,0.0,0.0,0.0,0.0,0.0,98.59951239648791,174.66666666666666,205.0,66.0,32.26,621.02,5296.291204,86.0,3.0,1
52104,74.0,1.0,0.0,0.0,1.0,0.0,72.87470335659705,132.0,217.0,40.0,40.35,8.76,34299.447413,80.0,1.0,1
52106,50.0,1.0,0.0,0.0,0.0,0.0,106.80141743231928,105.33333333333333,206.0,71.0,26.37,3.0,18247.773898,76.0,1.0,1
52107,48.0,1.0,1.0,0.0,0.0,0.0,109.35736765515784,108.66666666666667,158.0,27.0,35.43,2.54,36481.199046,82.0,2.0,1
52110,48.0,1.0,0.0,0.0,0.0,0.0,85.66491677313871,109.33333333333333,158.0,78.0,21.48,6.74,74567.776013,76.0,1.0,1
52111,52.0,0.0,1.0,0.0,0.0,0.0,57.50472541884386,118.0,172.0,98.0,19.15,8.91,25644.008191,83.0,1.0,1
52112,63.0,1.0,0.0,0.0,0.0,0.0,75.86210430092883,108.66666666666667,228.0,55.0,28.1,5.81,5642.636108,88.0,1.0,1
52115,43.0,1.0,0.0,0.0,0.0,0.0,113.69193756642323,114.66666666666667,218.0,90.0,22.62,7.65,72750.111486,75.0,2.0,1
52117,40.0,0.0,1.0,0.0,0.0,0.0,105.09586469420975,124.0,291.0,49.0,31.91,4.63,14003.820486,84.0,1.0,1
52119,67.0,1.0,1.0,0.0,1.0,0.0,46.79229455239509,118.0,232.0,76.0,25.07,34.23,69974.023405,78.0,2.0,1
52122,67.0,0.0,0.0,0.0,1.0,1.0,95.92691763867045,141.33333333333334,185.0,76.0,32.35,11.61,60349.521987,85.0,2.0,1
52124,45.0,0.0,1.0,0.0,0.0,0.0,111.2220932895185,115.33333333333333,253.0,39.0,32.91,5.19,20118.340821,82.0,1.0,1
52126,55.0,1.0,0.0,0.0,0.0,0.0,89.6432439689536,116.0,240.0,62.0,46.72,3.81,29830.589625,75.0,2.0,1
52127,50.0,1.0,1.0,0.0,0.0,1.0,91.07173614677602,109.33333333333333,212.0,56.0,30.02,2.38,25427.452028,77.0,2.0,1
52130,30.0,1.0,1.0,0.0,0.0,0.0,66.41565431386736,109.33333333333333,245.0,40.0,30.33,18.67,76211.655508,80.0,2.0,1
52131,38.0,1.0,0.0,0.0,0.0,0.0,117.75103814504187,116.0,192.0,42.0,28.87,4.19,62125.389482,79.0,2.0,1
52135,74.0,0.0,0.0,0.0,1.0,0.0,67.48682122425716,132.0,217.0,56.0,32.93,8.67,29609.395167,77.0,1.0,1
52137,55.0,1.0,0.0,0.0,1.0,0.0,102.78918416545584,158.66666666666666,282.0,42.0,30.14,5.31,106549.309737,76.0,2.0,1
52138,46.0,0.0,0.0,0.0,1.0,0.0,84.76590615392612,118.66666666666667,208.0,58.0,27.35,4.19,55814.203457,80.0,1.0,1
52146,62.0,0.0,0.0,0.0,0.0,0.0,76.73704787212746,112.66666666666667,212.0,43.0,28.18,5.78,18864.80023,78.0,2.0,1
52148,42.0,0.0,0.0,0.0,0.0,0.0,87.8675526574244,118.66666666666667,207.0,38.0,36.77,1.2,98436.529013,83.0,1.0,0
52149,60.0,1.0,0.0,0.0,0.0,0.0,92.56525157392575,168.66666666666666,163.0,94.0,23.03,10.4,63146.96853,85.0,2.0,1
52151,31.0,1.0,0.0,0.0,0.0,0.0,126.72309306219134,119.33333333333333,138.0,43.0,42.7,7.6,14711.599201,86.0,3.0,1
52153,38.0,1.0,1.0,0.0,0.0,0.0,80.68051805819022,159.33333333333334,259.0,58.0,32.6,4.78,20725.232406,80.0,1.0,1
52157,53.0,1.0,0.0,0.0,0.0,0.0,73.49428418499251,113.33333333333333,292.0,39.0,33.43,2.07,125317.169771,75.0,2.0,1
52159,45.0,1.0,0.0,0.0,0.0,0.0,101.61623497648871,103.33333333333333,166.0,63.0,19.2,3.49,19211.164516,76.0,2.0,1
52160,73.0,1.0,0.0,1.0,1.0,1.0,33.34225229003716,164.66666666666666,203.0,48.0,45.82,44.12,36266.584603,89.0,2.0,1
52162,61.0,0.0,0.0,1.0,0.0,0.0,87.7296914369089,146.0,208.0,32.0,35.21,428.13,8365.161334,78.0,1.0,1
52164,74.0,0.0,0.0,0.0,0.0,0.0,79.9360272664231,130.0,156.0,49.0,21.73,6.4,22662.89954,79.0,2.0,1
52166,60.0,1.0,0.0,1.0,1.0,1.0,85.58024785216206,144.0,214.0,29.0,32.5,470.94,5697.985261,88.0,1.0,1
52167,47.0,0.0,0.0,0.0,0.0,0.0,87.1093876169541,123.33333333333333,183.0,55.0,31.78,2.61,81895.402401,77.0,1.0,1
52168,73.0,0.0,0.0,0.0,0.0,1.0,81.42063980918934,175.33333333333334,167.0,58.0,23.52,10.52,33645.553037,76.0,2.0,1
52172,58.0,0.0,1.0,0.0,0.0,0.0,107.74408823073323,113.33333333333333,208.0,64.0,19.05,17.1,23192.901232,85.0,2.0,1
52173,54.0,1.0,0.0,0.0,0.0,0.0,65.37502815362195,129.33333333333334,267.0,79.0,24.2,4.06,95337.536404,82.0,1.0,1
52175,64.0,1.0,0.0,0.0,0.0,0.0,72.35257817155274,117.0,252.0,50.0,24.34,5.54,6260.61572,75.0,1.0,1
52179,40.0,0.0,0.0,0.0,0.0,0.0,94.17472971693599,117.33333333333333,216.0,47.0,35.45,6.76,75648.543242,79.0,2.0,1
52185,33.0,0.0,0.0,0.0,0.0,0.0,120.29648846490694,102.0,171.0,36.0,34.14,5.16,23915.271061,84.0,2.0,1
52187,44.0,1.0,0.0,0.0,0.0,0.0,81.9358876424416,123.33333333333333,180.0,54.0,20.92,3.04,34615.20916,77.0,2.0,1
52191,51.0,1.0,1.0,0.0,0.0,0.0,65.83099937680893,144.66666666666666,218.0,66.0,31.56,11.18,31163.599633,83.0,2.0,1
52192,73.0,0.0,0.0,1.0,0.0,1.0,86.70143056277719,132.66666666666666,151.0,50.0,26.39,24.24,14932.548383,83.0,2.0,1
52193,55.0,0.0,0.0,0.0,1.0,1.0,93.34659021856554,114.66666666666667,147.0,35.0,29.86,3.09,92005.247878,76.0,2.0,0
52195,46.0,1.0,0.0,0.0,0.0,0.0,108.70674387954075,110.0,272.0,73.0,24.63,11.47,79088.217729,76.0,2.0,1
52197,39.0,0.0,0.0,1.0,1.0,0.0,116.79119098470599,139.33333333333334,149.0,34.0,40.66,146.54,79590.36724,78.0,2.0,1
52198,45.0,1.0,1.0,1.0,1.0,0.0,115.12369885973024,113.33333333333333,194.0,32.0,36.29,4.73,17929.959406,82.0,2.0,1
52202,65.0,1.0,0.0,0.0,1.0,0.0,64.84775273058324,132.0,208.0,75.0,24.07,6.58,65573.061923,86.0,1.0,1
52203,75.0,0.0,0.0,0.0,0.0,0.0,91.94572407830873,134.66666666666666,229.0,64.0,20.21,11.11,10532.096527,85.0,2.0,1
52205,48.0,1.0,0.0,0.0,0.0,0.0,103.07163016695893,110.66666666666667,220.0,49.0,20.23,13.33,58388.657969,86.0,3.0,1
52206,42.0,1.0,1.0,0.0,0.0,0.0,103.52997816741295,120.66666666666667,183.0,32.0,26.02,8.19,17361.209897,86.0,2.0,0
52207,67.0,0.0,0.0,0.0,0.0,1.0,86.63360118013901,119.33333333333333,188.0,34.0,28.83,3.62,46179.70811,86.0,3.0,1
52212,65.0,1.0,0.0,1.0,0.0,0.0,71.9039921868891,114.66666666666667,226.0,40.0,25.84,85.25,7692.636623,82.0,2.0,1
52214,38.0,0.0,1.0,1.0,0.0,0.0,98.7963880495905,124.66666666666667,163.0,30.0,26.66,5.14,22430.51295,86.0,3.0,1
52215,63.0,1.0,0.0,0.0,0.0,0.0,85.29223669906257,162.66666666666666,227.0,79.0,24.81,7.05,5642.636108,88.0,2.0,1
52217,48.0,1.0,0.0,1.0,1.0,0.0,108.13817395799143,142.66666666666666,188.0,54.0,35.5,23.8,71535.396711,86.0,2.0,1
52222,39.0,1.0,0.0,0.0,0.0,0.0,82.29956469009588,108.0,172.0,48.0,34.23,2.12,60172.700525,79.0,2.0,1
52227,57.0,1.0,0.0,0.0,0.0,0.0,104.21147949415595,128.0,217.0,79.0,29.86,9.57,15295.318785,87.0,1.0,1
52231,56.0,1.0,0.0,0.0,0.0,0.0,74.04238663056476,115.33333333333333,137.0,44.0,41.79,3.93,100459.275616,76.0,1.0,1
52232,36.0,0.0,0.0,0.0,0.0,0.0,120.42740540213123,114.0,197.0,84.0,29.05,17.12,22224.860402,86.0,3.0,1
52241,43.0,1.0,0.0,0.0,0.0,0.0,110.75402294823633,106.0,221.0,48.0,22.04,8.88,19234.873728,79.0,2.0,1
52242,33.0,0.0,0.0,0.0,0.0,0.0,116.0434280195391,126.0,209.0,25.0,34.84,9.92,41403.555697,75.0,1.0,1
52243,76.0,0.0,0.0,0.0,1.0,0.0,59.10961418803394,116.0,168.0,52.0,26.26,4.16,40482.073409,87.0,1.0,1
52245,43.0,1.0,0.0,0.0,0.0,0.0,111.1501698505097,136.0,187.0,24.0,30.6,18.57,15496.851984,76.0,1.0,1
52247,45.0,0.0,0.0,0.0,0.0,0.0,112.95840093863947,126.0,234.0,35.0,33.91,5.37,55814.203457,80.0,1.0,1
52248,60.0,0.0,0.0,1.0,1.0,1.0,43.72237037940083,123.33333333333333,152.0,41.0,,158.0,24081.070993,80.0,2.0,1
52249,43.0,0.0,1.0,0.0,0.0,0.0,110.18125721930724,120.0,224.0,47.0,34.73,6.51,25861.388576,82.0,2.0,1
52250,76.0,0.0,1.0,0.0,0.0,0.0,76.16975746094442,162.0,168.0,33.0,24.62,16.04,44875.382692,77.0,2.0,1
52251,43.0,0.0,0.0,0.0,0.0,0.0,107.24729780281115,124.0,195.0,100.0,20.08,3.6,82662.426594,79.0,1.0,1
52256,34.0,1.0,0.0,0.0,0.0,0.0,120.23716734931925,106.0,196.0,65.0,20.0,8.88,20293.289262,88.0,2.0,1
52266,54.0,0.0,1.0,0.0,0.0,0.0,101.49249629792372,112.66666666666667,289.0,38.0,,2.31,27677.826653,75.0,2.0,1
52272,46.0,0.0,1.0,0.0,0.0,0.0,86.67073375625436,112.66666666666667,222.0,37.0,27.83,3.96,19566.546628,86.0,1.0,1
52274,33.0,1.0,0.0,0.0,0.0,0.0,99.71150469678942,106.66666666666667,194.0,51.0,24.75,3.96,63360.142345,77.0,1.0,1
52275,53.0,0.0,0.0,0.0,0.0,0.0,104.65370210703844,123.33333333333333,216.0,46.0,26.63,3.26,11723.777579,88.0,1.0,1
52276,50.0,1.0,0.0,0.0,0.0,0.0,106.80141743231928,112.66666666666667,217.0,83.0,20.23,5.75,96228.548493,77.0,1.0,1
52282,54.0,0.0,0.0,0.0,0.0,0.0,76.42564703175121,131.33333333333334,225.0,45.0,27.63,2.47,103268.230044,76.0,1.0,1
52283,67.0,0.0,0.0,0.0,0.0,0.0,100.13540524799988,169.33333333333334,250.0,47.0,27.64,7.5,6906.320246,88.0,1.0,1
52288,39.0,1.0,0.0,0.0,0.0,0.0,89.31913283408254,100.0,174.0,50.0,28.38,5.05,58615.208279,86.0,2.0,1
52290,32.0,0.0,0.0,0.0,0.0,0.0,117.57162615510919,114.66666666666667,205.0,70.0,22.77,6.6,65252.432747,86.0,1.0,1
52295,37.0,1.0,0.0,0.0,0.0,0.0,110.36979307926666,106.0,236.0,79.0,24.12,4.12,24814.811919,77.0,2.0,1
52299,71.0,1.0,0.0,0.0,0.0,0.0,74.24715597080363,111.33333333333333,187.0,56.0,25.65,17.92,21160.969531,86.0,1.0,1
52305,39.0,0.0,0.0,0.0,1.0,0.0,92.60040812740436,142.0,212.0,35.0,51.26,9.89,33287.030545,83.0,2.0,1
52307,51.0,0.0,0.0,0.0,0.0,0.0,79.53647535479794,118.66666666666667,138.0,55.0,25.27,7.28,18761.435679,86.0,2.0,1
52308,67.0,1.0,0.0,1.0,1.0,1.0,88.62187466754497,94.0,138.0,44.0,39.98,9.08,71331.895741,78.0,2.0,1
52310,69.0,1.0,0.0,0.0,1.0,1.0,74.1163921159566,128.0,205.0,68.0,25.06,4.64,63146.96853,85.0,2.0,1
52316,75.0,1.0,0.0,0.0,1.0,0.0,41.35092010857133,127.33333333333333,177.0,55.0,21.3,85.86,25606.368457,83.0,1.0,1
52320,39.0,1.0,1.0,0.0,0.0,0.0,82.29956469009588,133.33333333333334,193.0,53.0,28.06,4.84,19337.483659,82.0,1.0,1
52322,60.0,0.0,1.0,0.0,1.0,1.0,89.37021838168954,179.33333333333334,188.0,46.0,29.31,24.83,9029.071662,82.0,2.0,1
52324,41.0,1.0,1.0,0.0,0.0,0.0,111.35957009664503,98.0,197.0,51.0,24.37,4.21,64175.252011,81.0,2.0,1
52333,51.0,1.0,0.0,0.0,0.0,1.0,106.1392486442389,96.0,160.0,65.0,22.15,6.74,13157.993056,82.0,1.0,1
52339,65.0,1.0,0.0,0.0,0.0,0.0,85.55238897078398,106.66666666666667,284.0,94.0,24.0,14.46,17219.709674,88.0,1.0,1
52340,59.0,1.0,1.0,0.0,0.0,0.0,100.98757605827362,134.0,223.0,79.0,22.01,11.25,76056.591161,79.0,1.0,1
52344,31.0,1.0,1.0,0.0,0.0,0.0,99.46567791581263,92.66666666666667,202.0,75.0,19.94,12.95,17588.985738,85.0,1.0,1
52348,57.0,0.0,0.0,0.0,0.0,0.0,60.166845512694714,140.0,130.0,43.0,35.43,14.28,23837.112439,87.0,1.0,1
52355,36.0,0.0,0.0,0.0,0.0,0.0,78.79729075701779,117.33333333333333,171.0,45.0,25.76,2.86,58721.807158,79.0,1.0,1
52361,36.0,1.0,0.0,0.0,0.0,0.0,120.7078101278047,99.33333333333333,152.0,56.0,27.45,4.08,17065.069489,86.0,2.0,1
52364,33.0,1.0,0.0,0.0,0.0,0.0,121.96322488942297,106.0,205.0,64.0,22.37,7.24,19933.667798,85.0,1.0,1
52366,49.0,0.0,0.0,1.0,1.0,1.0,105.41112377352103,114.0,217.0,33.0,34.44,9.88,97630.872181,80.0,2.0,1
52368,34.0,1.0,0.0,0.0,0.0,0.0,119.76690570680314,111.33333333333333,280.0,53.0,36.84,4.67,47553.058157,84.0,2.0,1
52369,69.0,1.0,0.0,1.0,1.0,0.0,84.76970472978522,158.0,220.0,43.0,28.81,6.92,65138.423846,75.0,2.0,1
52370,33.0,0.0,1.0,0.0,0.0,0.0,92.92607602252718,114.66666666666667,183.0,47.0,24.65,4.67,69214.37238,77.0,1.0,1
52371,31.0,1.0,0.0,0.0,0.0,0.0,112.68544846979894,102.0,200.0,41.0,40.95,4.32,61051.755394,86.0,1.0,0
52372,62.0,0.0,0.0,0.0,0.0,1.0,88.26546306495118,120.0,212.0,51.0,26.66,2.84,71158.455782,79.0,2.0,1
52381,61.0,1.0,0.0,0.0,0.0,0.0,82.53592430394467,119.33333333333333,232.0,68.0,37.79,5.25,60654.992506,86.0,2.0,1
52384,59.0,0.0,0.0,1.0,0.0,1.0,104.37636186270034,119.33333333333333,193.0,40.0,30.01,7.89,11376.596125,88.0,2.0,1
52386,32.0,1.0,0.0,0.0,0.0,0.0,103.42862205919808,97.33333333333333,202.0,62.0,19.79,3.42,84008.701458,77.0,1.0,0
52391,75.0,1.0,0.0,0.0,1.0,0.0,34.1925391398511,157.33333333333334,215.0,47.0,34.4,4.52,15110.45853,84.0,2.0,1
52392,47.0,1.0,0.0,0.0,0.0,0.0,118.7040373377908,121.0,254.0,62.0,26.33,6.62,14200.752219,86.0,3.0,1
52397,55.0,0.0,1.0,0.0,0.0,0.0,105.72896132746716,132.0,175.0,61.0,30.38,6.81,10589.240102,88.0,2.0,0
52398,34.0,1.0,1.0,0.0,0.0,0.0,94.81095824636552,117.33333333333333,251.0,46.0,33.1,4.49,22851.024574,78.0,2.0,0
52407,35.0,0.0,0.0,0.0,0.0,0.0,104.40420937362191,132.0,219.0,45.0,41.99,3.33,30224.895205,87.0,2.0,1
52411,56.0,0.0,0.0,0.0,1.0,0.0,98.91752920163769,123.33333333333333,210.0,58.0,37.19,20.54,90526.887831,82.0,1.0,1
52414,30.0,0.0,1.0,1.0,0.0,0.0,122.09733322291598,122.66666666666667,148.0,51.0,21.57,3.97,88190.405495,75.0,2.0,1
52416,56.0,1.0,0.0,0.0,0.0,0.0,85.14282527639995,116.0,198.0,71.0,32.46,3.78,21842.228822,84.0,1.0,1
52417,73.0,1.0,0.0,1.0,1.0,1.0,91.5801392518562,136.66666666666666,158.0,65.0,33.93,7.65,18831.994429,75.0,2.0,1
52421,30.0,0.0,0.0,0.0,0.0,0.0,121.64013089727042,122.0,176.0,34.0,33.44,6.33,62367.862156,88.0,2.0,1
52424,42.0,1.0,1.0,0.0,0.0,0.0,113.95378857325616,106.0,231.0,42.0,29.61,5.0,16911.675887,85.0,1.0,1
52427,33.0,1.0,0.0,0.0,0.0,0.0,88.93527408610579,124.0,163.0,79.0,24.55,5.24,25966.025398,84.0,1.0,1
52428,33.0,1.0,0.0,0.0,0.0,0.0,96.80028401809014,103.33333333333333,151.0,37.0,34.77,6.22,67739.572629,87.0,2.0,1
52430,45.0,1.0,0.0,0.0,0.0,0.0,105.01278288192735,97.33333333333333,208.0,58.0,21.05,2.86,15376.640325,76.0,1.0,1
52433,45.0,0.0,0.0,0.0,0.0,0.0,110.3957761655357,131.33333333333334,230.0,43.0,22.95,3.42,83002.097028,77.0,1.0,1
52436,49.0,1.0,0.0,0.0,0.0,0.0,106.69730859722462,108.0,225.0,57.0,28.26,4.5,21698.029982,87.0,1.0,1
52437,42.0,1.0,0.0,0.0,0.0,0.0,112.24967112652445,116.66666666666667,206.0,47.0,26.93,16.86,28534.374615,75.0,1.0,0
52439,59.0,0.0,1.0,0.0,0.0,0.0,100.09805039517565,128.0,170.0,44.0,24.75,8.92,24020.218472,76.0,2.0,1
52444,71.0,0.0,0.0,1.0,1.0,0.0,94.97617206846043,128.0,163.0,77.0,23.68,4.44,12272.384717,84.0,2.0,1
52445,44.0,1.0,0.0,0.0,0.0,0.0,109.68077731874413,106.66666666666667,190.0,36.0,28.85,4.34,64991.031801,79.0,1.0,1
52446,65.0,1.0,0.0,1.0,1.0,0.0,72.88561202675902,143.33333333333334,304.0,66.0,35.06,5.31,68034.654966,82.0,1.0,1
52450,63.0,0.0,0.0,0.0,0.0,0.0,71.5119250482668,124.66666666666667,228.0,30.0,30.76,3.66,62440.291663,82.0,1.0,0
52457,36.0,0.0,0.0,0.0,0.0,0.0,112.01944372066578,136.0,170.0,32.0,34.08,6.58,21672.803148,82.0,2.0,0
52458,64.0,0.0,0.0,0.0,1.0,1.0,100.36895247972306,162.0,240.0,75.0,33.29,3.04,13072.889822,83.0,2.0,1
52462,58.0,0.0,0.0,0.0,1.0,1.0,67.39301611410177,124.0,154.0,37.0,26.28,3.16,101200.947582,81.0,2.0,1
52467,38.0,0.0,0.0,0.0,0.0,0.0,105.06855051128726,118.0,231.0,39.0,29.34,11.22,23709.472842,88.0,1.0,1
52469,61.0,0.0,0.0,0.0,0.0,1.0,100.68735750547624,114.66666666666667,143.0,36.0,25.62,20.0,70059.588852,79.0,2.0,1
52471,46.0,1.0,0.0,0.0,0.0,0.0,114.40993192679991,123.33333333333333,175.0,40.0,19.92,29.23,21971.086171,78.0,2.0,1
52473,67.0,1.0,0.0,0.0,0.0,0.0,97.16926183693501,183.33333333333334,238.0,36.0,36.03,9.73,21702.813537,82.0,1.0,1
52477,36.0,1.0,0.0,0.0,0.0,0.0,122.84308845271384,119.33333333333333,190.0,47.0,25.91,616.67,20463.530223,86.0,2.0,1
52480,39.0,1.0,0.0,0.0,0.0,0.0,122.27746243837021,105.33333333333333,135.0,53.0,30.08,7.93,18712.396478,78.0,1.0,1
52484,31.0,1.0,1.0,0.0,0.0,0.0,102.49501894446688,138.0,226.0,54.0,24.09,2.84,71929.361138,81.0,2.0,1
52490,68.0,0.0,1.0,1.0,1.0,1.0,74.74847435546465,142.0,152.0,42.0,38.88,27.37,9387.789425,84.0,2.0,1
52494,78.0,1.0,0.0,1.0,1.0,1.0,37.858368970965934,191.33333333333334,158.0,64.0,20.95,152.35,38087.107887,85.0,2.0,1
52496,60.0,1.0,0.0,0.0,0.0,0.0,76.22596766963032,120.0,278.0,68.0,22.88,32.47,63146.96853,85.0,2.0,1
52497,78.0,1.0,0.0,0.0,1.0,0.0,94.1785492885899,146.0,211.0,54.0,25.92,15.75,21701.741092,79.0,1.0,1
52499,54.0,0.0,1.0,0.0,0.0,0.0,103.25965192949795,109.33333333333333,166.0,66.0,22.5,2.7,12664.205092,89.0,1.0,1
52501,38.0,0.0,1.0,0.0,0.0,0.0,98.7963880495905,139.33333333333334,226.0,54.0,24.79,6.2,47171.696443,80.0,1.0,1
52503,75.0,1.0,0.0,0.0,1.0,0.0,94.31391410269826,152.0,193.0,52.0,29.03,10.37,14539.890657,84.0,2.0,1
52509,54.0,0.0,0.0,0.0,0.0,0.0,81.54858678581037,150.0,239.0,74.0,28.04,5.51,91372.94023,77.0,1.0,1
52510,77.0,1.0,0.0,0.0,0.0,0.0,79.39991732690974,115.33333333333333,216.0,31.0,36.17,7.56,25606.368457,83.0,1.0,1
52513,73.0,1.0,0.0,0.0,0.0,0.0,52.483812616266654,107.33333333333333,135.0,48.0,33.81,4.95,10355.639459,89.0,2.0,1
52516,50.0,1.0,0.0,0.0,0.0,0.0,84.60596476455257,114.66666666666667,176.0,59.0,25.92,5.27,107475.234232,78.0,2.0,1
52517,54.0,0.0,1.0,0.0,0.0,0.0,96.33220950344462,190.66666666666666,179.0,97.0,26.08,47.41,14106.78685,84.0,1.0,1
52523,52.0,1.0,1.0,0.0,0.0,0.0,82.38182323833549,121.33333333333333,194.0,73.0,21.39,11.43,112088.298641,83.0,1.0,1
52524,54.0,1.0,0.0,0.0,0.0,0.0,91.61007207169659,107.33333333333333,234.0,83.0,25.74,25.73,104215.604292,81.0,2.0,1
52525,65.0,0.0,1.0,0.0,0.0,0.0,67.11141057202191,124.66666666666667,183.0,56.0,18.34,3.94,11057.718816,79.0,1.0,1
52535,43.0,0.0,0.0,0.0,0.0,0.0,91.36840049251458,110.66666666666667,229.0,58.0,25.49,3.04,96465.970305,83.0,1.0,1
52537,52.0,1.0,0.0,0.0,1.0,0.0,98.88870236821016,127.33333333333333,222.0,45.0,41.24,6.34,106549.309737,75.0,2.0,1
52538,37.0,0.0,0.0,0.0,0.0,0.0,107.0751399104129,138.0,205.0,51.0,30.92,5.86,63934.803279,79.0,2.0,1
52543,59.0,1.0,0.0,0.0,1.0,1.0,63.37337711708759,104.0,202.0,60.0,28.67,3.85,96228.548493,77.0,1.0,1
52545,58.0,0.0,0.0,0.0,0.0,0.0,100.72253008168205,136.0,220.0,41.0,33.23,5.56,106748.822533,80.0,2.0,1
52550,68.0,1.0,0.0,0.0,0.0,0.0,95.4902169214041,93.33333333333333,187.0,76.0,19.84,15.82,61674.007061,77.0,1.0,1
52556,39.0,1.0,0.0,0.0,0.0,0.0,105.47976297119224,99.33333333333333,139.0,61.0,19.41,5.45,57739.796005,85.0,1.0,1
52557,62.0,0.0,0.0,0.0,1.0,0.0,88.26546306495118,143.33333333333334,226.0,76.0,24.47,4.85,57701.152929,82.0,1.0,1
52560,52.0,1.0,0.0,0.0,1.0,0.0,59.80624500509302,137.33333333333334,189.0,31.0,32.4,2.54,31163.599633,83.0,2.0,1
52561,65.0,0.0,0.0,1.0,1.0,1.0,57.752019079696694,176.66666666666666,159.0,57.0,27.08,2362.32,6660.118587,86.0,2.0,1
52563,35.0,1.0,1.0,0.0,0.0,0.0,82.19997793691753,130.66666666666666,204.0,60.0,20.48,5.0,17275.845533,85.0,1.0,0
52565,51.0,0.0,0.0,1.0,1.0,0.0,108.39219126731537,134.0,248.0,37.0,31.05,9.89,14704.563313,75.0,1.0,1
52566,70.0,1.0,0.0,0.0,1.0,1.0,69.70243748692573,134.66666666666666,171.0,74.0,39.55,26.16,19444.889193,83.0,2.0,1
52570,32.0,0.0,0.0,0.0,0.0,0.0,107.70147054890822,117.33333333333333,186.0,20.0,28.8,3.11,23874.823219,84.0,1.0,1
52571,71.0,1.0,0.0,1.0,1.0,1.0,89.33383337589149,136.0,170.0,60.0,33.44,12.78,19819.22855,76.0,1.0,1
52575,49.0,0.0,0.0,1.0,0.0,0.0,114.97884501697786,120.0,158.0,37.0,42.85,2.0,25040.876065,82.0,2.0,1
52577,78.0,0.0,0.0,1.0,0.0,1.0,65.82864898206702,110.0,159.0,52.0,23.46,5.34,33464.063035,77.0,2.0,1
52579,69.0,1.0,0.0,1.0,1.0,0.0,37.489311993663726,134.0,159.0,63.0,45.9,16.67,8567.6299,75.0,1.0,1
52581,59.0,0.0,0.0,0.0,0.0,0.0,98.38500149214225,127.33333333333333,230.0,39.0,31.26,8.09,14617.91824,77.0,2.0,1
52583,64.0,1.0,0.0,0.0,1.0,1.0,76.45736177627614,126.66666666666667,201.0,52.0,25.33,5.38,65138.423846,76.0,2.0,1
52584,39.0,0.0,0.0,0.0,0.0,0.0,92.60040812740436,121.33333333333333,216.0,55.0,26.14,2.21,56323.413154,79.0,1.0,1
52585,36.0,1.0,0.0,1.0,0.0,0.0,99.35682892445334,106.66666666666667,287.0,79.0,21.59,6.18,48942.925752,80.0,1.0,1
52586,64.0,1.0,0.0,0.0,0.0,0.0,101.41615907367648,123.33333333333333,212.0,63.0,28.18,8.97,62032.536921,77.0,1.0,1
52587,72.0,1.0,0.0,0.0,1.0,0.0,45.35960920543768,120.0,233.0,81.0,27.21,14.81,16124.202669,81.0,2.0,1
52589,52.0,1.0,1.0,0.0,0.0,0.0,92.75668945378085,126.0,193.0,65.0,39.9,5.75,10371.228792,82.0,1.0,1
52591,63.0,0.0,0.0,0.0,0.0,0.0,101.39991769559944,108.66666666666667,215.0,65.0,27.09,6.02,10255.228054,87.0,2.0,1
52592,54.0,0.0,0.0,0.0,0.0,0.0,96.33220950344462,137.33333333333334,192.0,44.0,33.94,3.03,14704.563313,77.0,2.0,1
52595,48.0,1.0,1.0,0.0,0.0,0.0,101.37963152851904,129.33333333333334,200.0,68.0,21.77,4.67,19234.873728,79.0,2.0,1
52597,69.0,1.0,0.0,1.0,1.0,0.0,101.46498365429962,173.33333333333334,221.0,39.0,38.22,31.67,4856.73745,88.0,1.0,1
52602,64.0,1.0,0.0,0.0,1.0,0.0,76.45736177627614,143.33333333333334,206.0,43.0,29.51,2.3,16850.48776,82.0,2.0,1
52605,60.0,1.0,0.0,1.0,1.0,1.0,104.86960227898052,146.0,201.0,65.0,35.8,12.63,5642.636108,88.0,1.0,1
52607,52.0,0.0,0.0,0.0,0.0,0.0,92.78027814981152,161.33333333333334,196.0,38.0,31.62,67.36,10247.317308,88.0,2.0,1
52609,51.0,0.0,0.0,0.0,0.0,0.0,78.69258945399746,116.66666666666667,245.0,50.0,23.87,4.72,13442.33475,81.0,1.0,1
52611,50.0,1.0,0.0,0.0,0.0,0.0,81.117213251514,112.0,224.0,33.0,35.5,5.12,17694.120385,80.0,1.0,1
52617,70.0,0.0,0.0,0.0,1.0,1.0,58.557600115672976,134.66666666666666,189.0,48.0,27.8,4.65,15548.835179,83.0,2.0,1
52621,35.0,0.0,0.0,0.0,0.0,0.0,117.47962001739185,127.33333333333333,190.0,23.0,32.75,5.87,29044.352085,85.0,2.0,0
52625,61.0,1.0,0.0,1.0,1.0,0.0,109.38349750309872,145.33333333333334,157.0,68.0,29.07,19.68,5837.209767,88.0,1.0,1
52627,48.0,1.0,0.0,0.0,0.0,0.0,84.45695700861891,101.33333333333333,244.0,69.0,33.66,10.93,21594.166094,77.0,2.0,1
52630,72.0,1.0,1.0,0.0,0.0,0.0,90.28257553779176,198.66666666666666,193.0,75.0,22.89,11.77,12842.615886,84.0,1.0,1
52631,44.0,1.0,1.0,0.0,0.0,0.0,86.58436177747099,106.66666666666667,192.0,31.0,25.97,5.72,88626.466787,83.0,1.0,1
52634,48.0,1.0,0.0,0.0,0.0,0.0,95.09315799913425,110.0,166.0,63.0,20.72,3.2,70760.574889,79.0,2.0,1
52635,76.0,1.0,0.0,0.0,0.0,0.0,79.89526798843805,139.33333333333334,293.0,67.0,33.77,63.08,50267.827352,80.0,2.0,0
52640,41.0,0.0,1.0,0.0,0.0,0.0,103.12636693624476,119.33333333333333,170.0,51.0,20.88,4.69,24174.776339,78.0,2.0,0
52642,42.0,0.0,0.0,0.0,0.0,0.0,83.22291140305029,106.66666666666667,202.0,55.0,26.6,2.42,18943.613035,88.0,2.0,1
52643,61.0,0.0,0.0,0.0,1.0,0.0,97.8305178107,118.66666666666667,151.0,48.0,29.09,8.06,71577.80142,83.0,2.0,1
52646,42.0,1.0,0.0,0.0,0.0,0.0,103.52997816741295,110.0,229.0,48.0,26.99,4.91,28627.468517,75.0,1.0,1
52647,43.0,0.0,1.0,0.0,0.0,0.0,103.15317621872674,142.0,198.0,52.0,29.71,18.6,18710.928533,86.0,2.0,1
52648,39.0,0.0,0.0,1.0,0.0,1.0,111.79297257551902,128.0,142.0,54.0,29.86,3.02,68055.064666,86.0,1.0,1
52650,36.0,0.0,0.0,0.0,0.0,0.0,128.3014697269145,111.33333333333333,177.0,47.0,35.05,4.14,26095.769453,84.0,2.0,0
52652,71.0,1.0,0.0,1.0,1.0,0.0,64.05405666310824,143.33333333333334,196.0,69.0,40.46,12.03,14030.454612,87.0,1.0,1
52655,76.0,0.0,0.0,1.0,1.0,0.0,79.91558593210299,152.0,153.0,30.0,30.86,86.69,41780.654377,83.0,1.0,1
52656,53.0,1.0,0.0,0.0,1.0,0.0,65.78288202215931,109.33333333333333,170.0,35.0,31.8,33.2,22496.539278,78.0,1.0,1
52658,60.0,0.0,1.0,0.0,0.0,0.0,100.19534451562023,140.66666666666666,196.0,45.0,29.83,12.58,18245.83232,81.0,2.0,0
52660,62.0,1.0,1.0,1.0,1.0,0.0,83.25609745276236,145.33333333333334,235.0,38.0,28.07,8.82,5302.202469,88.0,2.0,1
52661,71.0,0.0,0.0,0.0,1.0,1.0,64.65324413131933,126.0,210.0,60.0,35.13,298.53,31856.098952,77.0,1.0,1
52671,61.0,0.0,1.0,0.0,0.0,0.0,103.08610720295286,157.33333333333334,190.0,51.0,27.34,4.35,22463.487356,75.0,2.0,0
52675,34.0,1.0,0.0,0.0,0.0,0.0,120.23716734931925,96.0,133.0,55.0,23.27,3.15,56252.917386,79.0,2.0,1
52678,36.0,1.0,0.0,0.0,0.0,0.0,88.4967106245771,120.66666666666667,148.0,44.0,35.28,62.47,31454.307072,75.0,1.0,1
52686,36.0,0.0,0.0,0.0,0.0,0.0,115.0839545145805,117.33333333333333,210.0,45.0,31.41,11.47,23502.59786,86.0,1.0,1
52687,77.0,1.0,1.0,0.0,0.0,0.0,76.99391635022707,142.66666666666666,170.0,77.0,30.85,30.38,13372.648295,84.0,1.0,1
52688,67.0,0.0,1.0,0.0,1.0,0.0,73.57675415152679,108.66666666666667,222.0,35.0,29.16,256.52,6437.94773,88.0,1.0,1
52689,44.0,1.0,0.0,0.0,0.0,0.0,112.98704755351142,115.33333333333333,185.0,79.0,28.51,3.82,88689.181428,83.0,2.0,1
52690,58.0,1.0,0.0,0.0,0.0,0.0,69.44799921582327,128.0,211.0,50.0,35.48,6.88,13081.942284,85.0,2.0,1
52693,44.0,0.0,0.0,0.0,0.0,0.0,112.77495909357644,138.0,240.0,61.0,28.3,8.6,15845.945448,86.0,3.0,1
52700,67.0,0.0,0.0,0.0,1.0,0.0,74.3875147896653,127.33333333333333,184.0,47.0,33.66,3.83,59368.56666,76.0,2.0,1
52702,46.0,1.0,0.0,0.0,0.0,1.0,99.3725969693899,118.66666666666667,185.0,55.0,35.74,3.92,26667.863366,84.0,1.0,1
52703,38.0,1.0,0.0,0.0,0.0,0.0,102.7949798467782,102.0,214.0,53.0,23.81,3.26,35465.4779,77.0,2.0,1
52708,51.0,0.0,1.0,0.0,0.0,0.0,77.8649747302517,132.0,232.0,31.0,34.8,8.88,17639.746152,78.0,1.0,1
52719,73.0,1.0,0.0,0.0,1.0,1.0,74.39080185046181,133.33333333333334,208.0,60.0,32.42,6.69,40318.826695,87.0,2.0,1
52723,58.0,0.0,0.0,1.0,1.0,0.0,93.96529707625147,120.0,270.0,77.0,30.4,17.84,25115.577435,83.0,2.0,0
52726,56.0,1.0,1.0,0.0,1.0,0.0,85.14282527639995,142.66666666666666,269.0,37.0,32.49,10.69,9790.237054,89.0,2.0,1
52727,35.0,1.0,0.0,0.0,0.0,0.0,87.83589535937396,112.0,209.0,46.0,30.0,3.81,30625.012229,82.0,2.0,1
52728,65.0,0.0,0.0,0.0,0.0,0.0,102.25498298013133,139.33333333333334,204.0,46.0,23.22,8.54,6162.897031,88.0,2.0,1
52730,53.0,1.0,0.0,0.0,0.0,0.0,81.87105593425781,110.0,213.0,80.0,23.6,4.29,84925.255206,86.0,2.0,1
52731,47.0,1.0,0.0,0.0,0.0,0.0,110.89849120736291,121.33333333333333,224.0,82.0,22.31,9.6,80871.348615,76.0,1.0,1
52733,42.0,0.0,0.0,0.0,0.0,1.0,91.93841868838255,116.66666666666667,150.0,35.0,45.17,3.33,27028.404053,75.0,2.0,1
52737,34.0,1.0,0.0,0.0,0.0,0.0,114.35159546054872,114.0,137.0,76.0,19.51,13.6,64508.601789,75.0,2.0,1
52739,71.0,1.0,0.0,1.0,0.0,0.0,75.32189801205168,128.66666666666666,206.0,63.0,31.35,4.8,37058.064768,77.0,1.0,1
52741,73.0,0.0,0.0,1.0,1.0,1.0,49.646855098481254,136.0,208.0,48.0,28.22,81.61,30233.187542,80.0,1.0,1
52745,62.0,1.0,0.0,0.0,1.0,0.0,77.41432358209563,150.66666666666666,237.0,62.0,34.48,9.75,6249.638458,86.0,2.0,1
52749,34.0,0.0,0.0,0.0,1.0,0.0,120.9566135508645,124.0,221.0,44.0,53.47,10.62,23709.472842,88.0,1.0,1
52750,37.0,1.0,0.0,0.0,0.0,0.0,100.26184700151661,124.0,152.0,67.0,32.15,9.56,36330.97264,83.0,2.0,1
52751,67.0,1.0,0.0,0.0,0.0,0.0,99.12514360955946,128.66666666666666,215.0,71.0,19.05,9.15,68773.599629,77.0,2.0,1
52754,36.0,1.0,1.0,0.0,0.0,0.0,114.87686724967725,127.33333333333333,208.0,39.0,33.14,15.73,39602.339482,75.0,2.0,1
52759,67.0,1.0,0.0,0.0,1.0,0.0,83.19657984631601,122.66666666666667,242.0,62.0,31.93,8.64,20803.887002,80.0,2.0,1
52763,33.0,0.0,0.0,1.0,0.0,0.0,107.033721431505,126.66666666666667,237.0,28.0,26.79,5.14,25022.933137,84.0,1.0,1
52764,74.0,0.0,0.0,0.0,1.0,0.0,79.9360272664231,151.33333333333334,262.0,57.0,28.26,24.75,9611.003247,81.0,1.0,1
52766,52.0,0.0,0.0,0.0,0.0,0.0,101.40918448736092,119.33333333333333,263.0,62.0,21.17,5.0,105070.747861,78.0,2.0,1
52773,64.0,1.0,0.0,1.0,1.0,0.0,90.29089447772783,122.0,224.0,39.0,38.92,3.69,66402.459548,76.0,2.0,1
52775,51.0,1.0,1.0,0.0,1.0,1.0,104.64475602201932,118.66666666666667,210.0,45.0,28.93,4.44,14893.417155,82.0,2.0,1
52778,34.0,1.0,0.0,0.0,0.0,0.0,126.1396017241202,100.66666666666667,174.0,55.0,32.86,21.65,20058.631527,87.0,2.0,1
52782,38.0,1.0,1.0,0.0,0.0,0.0,115.50135446083699,113.33333333333333,178.0,34.0,28.47,4.74,73247.152332,79.0,2.0,1
52786,71.0,0.0,0.0,0.0,1.0,1.0,51.09570430320382,149.33333333333334,147.0,46.0,29.3,2.61,10339.917726,78.0,1.0,1
52789,34.0,0.0,0.0,0.0,0.0,0.0,98.90651315078676,106.0,183.0,48.0,22.31,4.14,23118.384573,88.0,1.0,1
52794,51.0,0.0,0.0,0.0,0.0,0.0,105.96357722471642,120.66666666666667,197.0,26.0,25.38,6.25,14518.17382,78.0,2.0,1
52795,61.0,0.0,0.0,0.0,0.0,0.0,99.21464318423014,138.66666666666666,267.0,54.0,22.03,3.87,15046.354,86.0,1.0,1
52800,31.0,0.0,0.0,0.0,0.0,0.0,117.89749562944185,122.66666666666667,190.0,29.0,35.57,2.38,18056.193274,77.0,1.0,1
52801,42.0,1.0,0.0,0.0,0.0,0.0,105.23416367679029,119.33333333333333,135.0,50.0,33.88,5.12,19058.362073,84.0,1.0,0
52813,65.0,0.0,0.0,0.0,1.0,0.0,93.5328551241116,124.0,232.0,45.0,35.03,4.82,54784.845182,77.0,1.0,1
52814,76.0,1.0,0.0,0.0,0.0,1.0,74.08551516593587,132.0,196.0,56.0,31.92,4.96,45521.282957,83.0,1.0,1
52815,67.0,0.0,0.0,0.0,0.0,0.0,94.57302039155289,121.33333333333333,249.0,52.0,30.39,20.98,58107.758234,81.0,2.0,1
52819,44.0,1.0,0.0,0.0,0.0,0.0,112.98704755351142,113.33333333333333,188.0,47.0,36.38,11.43,15304.632085,88.0,1.0,0
52823,41.0,1.0,1.0,0.0,0.0,0.0,77.19281298397524,98.0,179.0,50.0,33.26,6.41,13054.353715,80.0,1.0,1
52825,39.0,1.0,0.0,0.0,0.0,0.0,113.14504972452636,104.0,187.0,48.0,27.45,5.59,25879.036132,75.0,2.0,1
52832,30.0,1.0,1.0,0.0,0.0,0.0,120.0805335298673,102.0,176.0,61.0,30.49,19.4,26170.159561,75.0,2.0,1
52833,32.0,0.0,1.0,1.0,0.0,0.0,121.988008216631,123.33333333333333,193.0,67.0,25.99,26.54,21439.999401,77.0,2.0,0
52835,72.0,1.0,1.0,0.0,1.0,0.0,75.95167141699271,109.33333333333333,251.0,62.0,25.92,7.22,9953.929233,85.0,1.0,1
52836,45.0,0.0,0.0,0.0,0.0,0.0,112.5133463707831,107.33333333333333,209.0,53.0,26.05,2.82,106651.302622,75.0,2.0,1
52838,67.0,1.0,0.0,0.0,0.0,0.0,80.70696426734294,121.33333333333333,243.0,68.0,29.1,6.35,63755.08114,81.0,2.0,1
52843,31.0,0.0,0.0,0.0,0.0,0.0,103.19249675898193,110.66666666666667,261.0,39.0,23.02,4.87,66657.309609,79.0,2.0,1
52846,47.0,0.0,0.0,0.0,0.0,0.0,109.43588384219085,114.0,225.0,43.0,27.89,6.8,15348.401484,89.0,1.0,1
52849,50.0,1.0,0.0,0.0,0.0,0.0,98.50495154282892,132.0,154.0,48.0,33.21,5.13,98244.250886,76.0,2.0,1
52852,46.0,0.0,0.0,1.0,1.0,0.0,66.16179030726455,150.0,197.0,38.0,56.43,7.17,24024.876747,86.0,1.0,1
52853,70.0,1.0,0.0,0.0,1.0,0.0,89.89115855895703,171.33333333333334,249.0,59.0,30.3,6.84,10283.785318,85.0,1.0,1
52865,68.0,0.0,0.0,0.0,0.0,0.0,101.24728225813871,157.33333333333334,229.0,86.0,19.49,17.5,61941.173422,87.0,2.0,1
52869,49.0,0.0,0.0,0.0,1.0,0.0,115.51021084637148,150.0,223.0,36.0,39.19,12.6,21586.798802,84.0,1.0,1
52874,50.0,0.0,0.0,0.0,0.0,0.0,101.34062616103245,138.66666666666666,256.0,29.0,26.36,2.69,13442.33475,75.0,1.0,1
52878,51.0,1.0,1.0,0.0,1.0,0.0,65.07214317687469,129.33333333333334,236.0,64.0,26.79,6.47,21047.773035,86.0,2.0,1
52881,69.0,0.0,0.0,0.0,0.0,0.0,78.63305742645397,152.0,213.0,64.0,29.11,3.55,6660.118587,86.0,2.0,1
52883,73.0,0.0,0.0,1.0,1.0,1.0,74.10350726157328,156.0,215.0,55.0,24.05,785.6,11548.958359,84.0,1.0,1
52884,44.0,1.0,1.0,0.0,0.0,0.0,105.66792401079427,140.66666666666666,208.0,48.0,31.21,10.74,35459.954056,83.0,2.0,1
52886,48.0,1.0,0.0,0.0,0.0,0.0,77.81950603764923,103.33333333333333,191.0,58.0,29.91,3.7,85417.857252,77.0,2.0,1
52893,48.0,0.0,1.0,0.0,0.0,0.0,81.91122422185927,95.33333333333333,212.0,27.0,32.37,7.32,28031.224271,77.0,2.0,1
52894,43.0,1.0,0.0,0.0,0.0,0.0,81.34899036051259,128.0,187.0,54.0,52.03,4.67,30453.858214,86.0,1.0,1
52895,50.0,1.0,0.0,0.0,0.0,0.0,101.79750402635226,135.33333333333334,265.0,60.0,28.61,11.22,23649.212232,76.0,2.0,1
52903,51.0,0.0,0.0,0.0,0.0,0.0,86.93365943250865,106.66666666666667,314.0,41.0,26.27,2.32,21044.354447,79.0,1.0,1
52912,35.0,1.0,1.0,0.0,0.0,0.0,97.02177519260448,136.66666666666666,208.0,46.0,29.22,6.8,19518.20924,75.0,2.0,1
52917,36.0,1.0,1.0,0.0,0.0,0.0,116.94700184091356,93.33333333333333,165.0,32.0,25.56,6.32,16993.360219,83.0,2.0,1
52924,40.0,1.0,0.0,0.0,0.0,0.0,121.51934217125232,98.66666666666667,135.0,57.0,22.35,4.05,30306.556418,79.0,2.0,1
52927,35.0,1.0,0.0,0.0,0.0,0.0,119.02435089142097,118.66666666666667,183.0,61.0,29.14,6.36,22987.966492,81.0,1.0,1
52931,70.0,0.0,0.0,0.0,1.0,0.0,58.557600115672976,140.0,171.0,44.0,34.25,3.39,35466.889558,76.0,2.0,1
52936,73.0,1.0,0.0,0.0,1.0,0.0,98.04086280937206,138.66666666666666,186.0,63.0,37.99,6.86,41020.020243,76.0,2.0,1
52949,41.0,0.0,0.0,0.0,0.0,0.0,112.35591131463279,117.33333333333333,239.0,54.0,37.22,5.36,18637.276899,87.0,2.0,1
52952,58.0,0.0,0.0,1.0,0.0,0.0,99.67296441746652,134.66666666666666,248.0,59.0,36.61,15.31,12490.513579,82.0,2.0,1
52960,44.0,1.0,0.0,0.0,0.0,0.0,112.54514197858055,120.0,177.0,59.0,38.84,7.5,85035.046516,77.0,2.0,1
52961,73.0,1.0,0.0,0.0,1.0,0.0,81.39993921676408,138.66666666666666,212.0,47.0,30.71,7.74,44645.637846,79.0,2.0,1
52965,36.0,1.0,0.0,0.0,0.0,0.0,107.46626816116635,99.33333333333333,179.0,57.0,21.09,3.89,72906.586048,77.0,2.0,1
52975,37.0,0.0,1.0,0.0,0.0,0.0,83.1940923215071,106.66666666666667,186.0,92.0,21.96,8.78,15927.667811,78.0,1.0,1
52976,67.0,0.0,1.0,0.0,1.0,1.0,100.55925619664286,146.66666666666666,169.0,30.0,31.54,9.82,7269.265283,87.0,2.0,1
52979,42.0,0.0,0.0,0.0,0.0,0.0,113.31674404844895,110.66666666666667,217.0,93.0,25.41,3.88,72486.78935,85.0,1.0,1
52980,38.0,0.0,0.0,0.0,0.0,0.0,101.22080256422512,121.33333333333333,181.0,38.0,30.9,2.72,78224.972418,76.0,1.0,1
52989,52.0,1.0,0.0,0.0,0.0,0.0,72.08846596022256,116.0,154.0,67.0,18.08,7.59,114618.629798,82.0,2.0,1
53000,53.0,0.0,1.0,0.0,0.0,0.0,122.70915451696771,126.66666666666667,177.0,41.0,33.04,14.37,14984.141601,87.0,1.0,1
53003,49.0,1.0,0.0,0.0,0.0,0.0,107.07894537353795,123.33333333333333,180.0,49.0,25.15,9.83,18719.903516,85.0,2.0,1
53004,46.0,0.0,0.0,0.0,0.0,0.0,92.88537911132154,134.66666666666666,176.0,31.0,24.98,5.15,29542.293604,82.0,2.0,1
53005,46.0,0.0,0.0,0.0,0.0,0.0,106.66992634691798,126.0,209.0,24.0,31.59,4.42,25345.948319,82.0,2.0,1
53006,68.0,0.0,0.0,0.0,0.0,1.0,73.92631219796938,134.0,192.0,37.0,29.09,9.65,8776.31423,83.0,2.0,1
53009,73.0,1.0,0.0,0.0,0.0,0.0,76.60038071492362,155.33333333333334,277.0,84.0,22.2,15.13,41882.429829,76.0,1.0,1
53010,51.0,0.0,1.0,0.0,0.0,0.0,72.49123926041173,105.33333333333333,215.0,76.0,21.24,7.92,20506.179986,82.0,1.0,1
53012,65.0,1.0,0.0,0.0,0.0,0.0,99.15337489184805,108.0,234.0,76.0,25.88,6.8,69887.73768,79.0,1.0,1
53019,44.0,1.0,0.0,0.0,0.0,0.0,111.68729605643915,110.0,246.0,61.0,24.13,9.64,17361.209897,86.0,2.0,1
53025,65.0,0.0,1.0,1.0,0.0,0.0,99.74666497434879,176.66666666666666,234.0,68.0,24.86,19.82,6250.708337,77.0,1.0,1
53027,55.0,1.0,0.0,0.0,1.0,1.0,97.06075278137192,110.0,134.0,43.0,30.78,7.02,113349.223878,83.0,1.0,1
53028,48.0,1.0,1.0,0.0,1.0,0.0,104.8161303302511,113.33333333333333,167.0,59.0,36.73,4.62,18598.939847,76.0,1.0,1
53038,66.0,0.0,0.0,0.0,0.0,0.0,88.2763826218965,110.0,205.0,44.0,26.19,4.55,62997.695381,78.0,2.0,1
53040,46.0,0.0,0.0,0.0,0.0,0.0,108.52722977268286,117.33333333333333,299.0,27.0,39.96,1.84,21161.833828,76.0,2.0,1
53041,60.0,1.0,1.0,0.0,0.0,0.0,99.29203192232717,122.66666666666667,202.0,45.0,37.53,8.33,5250.697876,88.0,1.0,1
53044,53.0,1.0,0.0,0.0,0.0,0.0,75.43683027716128,115.33333333333333,251.0,80.0,21.95,3.72,107546.131922,77.0,2.0,1
53051,59.0,1.0,0.0,0.0,0.0,0.0,88.80515709271712,132.66666666666666,229.0,58.0,32.35,12.8,106104.605651,81.0,2.0,1
53054,66.0,0.0,0.0,0.0,0.0,1.0,81.05739616261003,130.66666666666666,141.0,84.0,25.98,9.38,9131.507529,84.0,1.0,1
53055,41.0,0.0,1.0,1.0,1.0,1.0,114.45766701357203,147.33333333333334,224.0,44.0,39.87,30.35,26396.247913,87.0,2.0,1
53068,55.0,1.0,0.0,0.0,0.0,0.0,104.69862897275345,129.33333333333334,189.0,48.0,25.46,11.85,108048.508847,79.0,2.0,1
53075,72.0,1.0,0.0,0.0,1.0,1.0,25.592853630953297,136.66666666666666,137.0,51.0,37.34,2.59,47217.380729,79.0,2.0,1
53079,31.0,1.0,0.0,0.0,0.0,0.0,116.50518427669196,109.33333333333333,147.0,68.0,21.59,11.19,28789.114826,84.0,2.0,1
53085,44.0,1.0,0.0,0.0,1.0,0.0,100.61637229246554,128.0,204.0,37.0,40.68,4.19,73812.908056,86.0,1.0,1
53086,33.0,1.0,1.0,0.0,0.0,0.0,109.49018529404434,118.66666666666667,144.0,75.0,30.3,5.17,25758.8122,78.0,2.0,1
53087,32.0,0.0,0.0,0.0,0.0,0.0,93.50581205728233,102.0,133.0,40.0,28.12,2.52,35121.28555,82.0,2.0,1
53095,52.0,1.0,1.0,0.0,1.0,0.0,108.81754993192841,114.66666666666667,233.0,62.0,33.52,92.98,22498.50756,77.0,1.0,1
53098,73.0,1.0,0.0,0.0,0.0,0.0,89.72282356945743,110.66666666666667,207.0,59.0,37.59,4.29,38703.606665,76.0,1.0,1
53100,57.0,1.0,0.0,0.0,0.0,0.0,64.16657609751155,120.66666666666667,288.0,67.0,23.94,6.18,92628.908642,76.0,1.0,1
53101,78.0,0.0,0.0,1.0,1.0,0.0,60.091719302810425,116.0,220.0,64.0,,78.02,11548.958359,84.0,1.0,1
53102,75.0,0.0,0.0,0.0,1.0,1.0,70.77697367904847,162.0,202.0,41.0,35.71,5.96,40482.073409,87.0,1.0,0
53106,33.0,1.0,0.0,0.0,0.0,0.0,119.14947006386863,128.0,213.0,50.0,28.5,12.04,62125.389482,79.0,2.0,1
53110,55.0,1.0,0.0,0.0,1.0,1.0,59.341683816966324,127.33333333333333,213.0,72.0,23.34,7.45,20502.782804,85.0,1.0,1
53112,42.0,1.0,0.0,0.0,0.0,0.0,106.99049341456805,117.33333333333333,168.0,51.0,26.5,12.65,12812.019149,88.0,2.0,1
53116,63.0,0.0,0.0,1.0,1.0,1.0,87.71821719394848,116.66666666666667,137.0,44.0,28.67,2.73,8990.493906,84.0,1.0,1
53121,64.0,0.0,0.0,0.0,1.0,0.0,64.92453498492583,120.66666666666667,148.0,46.0,25.96,10.88,11505.828824,78.0,2.0,1
53124,52.0,0.0,0.0,1.0,1.0,1.0,87.40218530148034,146.0,201.0,37.0,52.65,15.48,91691.331738,76.0,2.0,1
53125,53.0,1.0,0.0,0.0,0.0,0.0,92.1815979791674,115.33333333333333,242.0,79.0,27.17,6.48,9637.428563,88.0,1.0,1
53127,39.0,0.0,0.0,0.0,1.0,0.0,89.52236628676455,143.33333333333334,178.0,39.0,32.65,7.69,44803.365457,75.0,1.0,1
53130,43.0,0.0,0.0,0.0,1.0,1.0,110.18125721930724,120.0,169.0,54.0,28.38,6.56,81503.299626,77.0,1.0,1
53131,39.0,0.0,1.0,0.0,0.0,0.0,85.69952848820785,112.66666666666667,180.0,93.0,19.9,2.33,26682.605877,84.0,2.0,1
53139,65.0,1.0,0.0,0.0,1.0,0.0,68.20896714271308,122.66666666666667,185.0,66.0,38.37,6.7,20038.030035,83.0,2.0,1
53143,53.0,0.0,0.0,0.0,0.0,1.0,84.87871470289221,125.33333333333333,248.0,49.0,26.04,6.62,101884.043891,81.0,2.0,0
53154,55.0,0.0,1.0,1.0,1.0,0.0,108.35130426303613,126.0,212.0,96.0,22.57,14.6,23507.997605,77.0,2.0,1
53159,32.0,0.0,0.0,0.0,0.0,0.0,81.58393872418567,130.0,147.0,43.0,18.73,5.11,32058.506552,81.0,2.0,1
53160,36.0,1.0,1.0,0.0,0.0,0.0,93.63894689734558,105.33333333333333,189.0,61.0,27.56,4.2,21261.810413,80.0,2.0,0
53161,49.0,1.0,0.0,0.0,0.0,0.0,104.16627032220356,109.33333333333333,236.0,63.0,26.32,4.17,24882.496233,75.0,2.0,1
53169,73.0,0.0,0.0,0.0,0.0,0.0,50.882002963446105,100.66666666666667,139.0,47.0,24.04,40.73,32338.062285,76.0,1.0,1
53171,65.0,1.0,0.0,1.0,1.0,1.0,104.52850423935244,164.66666666666666,204.0,71.0,29.85,134.52,18721.249999,78.0,2.0,1
53175,42.0,1.0,0.0,0.0,0.0,0.0,111.84360017157344,110.0,146.0,95.0,18.92,8.13,52207.814643,80.0,1.0,1
53177,55.0,0.0,0.0,1.0,1.0,1.0,82.88136593884091,139.33333333333334,216.0,71.0,36.38,2.75,25115.577435,83.0,2.0,1
53181,37.0,1.0,0.0,0.0,0.0,0.0,108.55798958578825,104.0,189.0,48.0,30.97,4.72,54729.408706,79.0,1.0,1
53182,62.0,0.0,0.0,0.0,1.0,1.0,86.1300405303884,108.66666666666667,184.0,49.0,26.31,3.99,55670.350052,86.0,2.0,1
53184,66.0,1.0,0.0,0.0,0.0,0.0,73.43395191495505,136.0,175.0,72.0,27.12,9.03,16494.909549,88.0,2.0,1
53188,71.0,1.0,0.0,0.0,0.0,0.0,89.33383337589149,116.66666666666667,200.0,75.0,36.88,3.71,11967.214768,81.0,1.0,1
53191,59.0,0.0,0.0,0.0,1.0,1.0,65.08118361261015,130.0,202.0,41.0,28.23,48.33,91372.94023,77.0,1.0,1
53198,53.0,1.0,0.0,0.0,1.0,0.0,88.04913995269463,124.66666666666667,168.0,38.0,41.4,16.24,23748.745332,84.0,2.0,1
53199,54.0,0.0,0.0,0.0,0.0,0.0,105.5678777099181,96.66666666666667,187.0,50.0,28.85,5.89,11723.777579,88.0,2.0,1
53201,44.0,1.0,1.0,1.0,0.0,0.0,116.3553225545601,124.0,188.0,45.0,52.86,135.62,21284.906566,75.0,1.0,1
53211,45.0,0.0,0.0,1.0,0.0,0.0,112.95840093863947,128.0,210.0,38.0,34.34,9.7,29520.027261,81.0,1.0,1
53215,55.0,1.0,0.0,1.0,0.0,0.0,91.04208962485207,124.66666666666667,156.0,75.0,25.79,14.0,77376.076869,88.0,2.0,1
53217,47.0,1.0,0.0,0.0,0.0,0.0,98.75648686817968,142.0,192.0,43.0,28.72,20.05,26455.132893,75.0,1.0,1
53220,66.0,1.0,0.0,0.0,0.0,0.0,86.366176447723,104.66666666666667,228.0,37.0,28.19,9.73,6369.893001,78.0,2.0,1
53221,39.0,0.0,0.0,0.0,0.0,0.0,89.52236628676455,124.0,267.0,76.0,30.4,20.77,69214.37238,77.0,1.0,1
53222,63.0,1.0,0.0,1.0,1.0,1.0,75.86210430092883,108.0,160.0,55.0,36.82,3.26,7525.781928,77.0,1.0,1
53228,39.0,0.0,0.0,0.0,0.0,0.0,112.17511390970725,115.33333333333333,201.0,26.0,28.8,5.48,23791.14885,79.0,1.0,1
53234,53.0,1.0,0.0,0.0,0.0,0.0,93.63900534452222,117.33333333333333,239.0,90.0,24.54,14.12,11351.89691,85.0,1.0,1
53236,60.0,0.0,1.0,0.0,0.0,0.0,76.02060573180033,136.0,222.0,56.0,27.71,6.24,12660.83781,75.0,2.0,1
53238,40.0,1.0,0.0,0.0,0.0,0.0,114.93600787024052,107.33333333333333,219.0,44.0,38.38,4.24,17361.209897,86.0,2.0,1
53239,66.0,1.0,0.0,0.0,0.0,0.0,85.02196415916512,136.66666666666666,240.0,56.0,29.85,3.33,79894.934078,87.0,1.0,1
53242,57.0,0.0,0.0,1.0,1.0,0.0,101.71378253906796,147.33333333333334,149.0,44.0,27.92,8.94,77604.592842,83.0,1.0,1
53247,44.0,1.0,0.0,0.0,0.0,0.0,105.66792401079427,90.66666666666667,272.0,45.0,28.32,154.0,75240.005755,77.0,1.0,1
53249,33.0,1.0,1.0,0.0,0.0,0.0,115.06499845094459,103.33333333333333,242.0,49.0,37.43,3.25,16169.588736,80.0,1.0,1
53251,72.0,0.0,0.0,1.0,1.0,1.0,78.08841414719208,113.33333333333333,132.0,43.0,27.78,36.8,9134.933197,84.0,1.0,1
53264,35.0,1.0,0.0,0.0,0.0,0.0,118.11711889319605,116.0,204.0,55.0,40.32,5.44,21275.206694,84.0,1.0,1
53266,45.0,0.0,0.0,0.0,0.0,0.0,111.2220932895185,114.66666666666667,248.0,62.0,28.1,3.99,15845.945448,86.0,3.0,1
53268,71.0,1.0,0.0,0.0,1.0,0.0,64.05405666310824,160.0,181.0,71.0,48.2,6.98,46820.442712,87.0,1.0,1
53269,67.0,0.0,0.0,0.0,1.0,0.0,61.342275699504384,114.0,233.0,36.0,39.3,5.94,8401.91118,82.0,2.0,1
53272,58.0,1.0,0.0,1.0,0.0,0.0,96.85656636652348,143.33333333333334,249.0,38.0,32.85,21.95,18008.917501,75.0,1.0,1
53273,56.0,0.0,0.0,0.0,0.0,0.0,88.33298988644091,123.33333333333333,173.0,40.0,27.43,3.43,8208.877021,89.0,1.0,1
53278,62.0,1.0,0.0,0.0,0.0,0.0,99.48621195967016,109.33333333333333,225.0,42.0,29.33,11.78,6774.929441,85.0,2.0,1
53286,67.0,1.0,0.0,0.0,0.0,0.0,79.51278654619192,119.33333333333333,243.0,74.0,21.5,9.44,6468.081751,77.0,2.0,1
53288,79.0,1.0,0.0,1.0,1.0,1.0,89.17596063641223,144.0,141.0,64.0,30.19,5.52,20875.261565,76.0,2.0,1
53289,71.0,0.0,0.0,1.0,1.0,1.0,91.93148517836228,129.33333333333334,142.0,30.0,30.79,5.82,41862.762523,83.0,2.0,0
53291,52.0,1.0,0.0,0.0,0.0,0.0,75.90745650750783,107.33333333333333,179.0,62.0,29.55,792.31,100459.275616,76.0,1.0,1
53302,51.0,0.0,0.0,0.0,0.0,0.0,102.04184391966284,126.66666666666667,151.0,36.0,37.36,4.91,101172.924903,76.0,2.0,1
53305,31.0,0.0,0.0,0.0,0.0,0.0,111.14621970072785,116.66666666666667,154.0,34.0,25.79,7.87,13638.075008,89.0,2.0,1
53306,41.0,1.0,0.0,0.0,1.0,0.0,112.54135658238424,136.66666666666666,174.0,37.0,33.28,7.03,21284.906566,75.0,1.0,0
53317,77.0,1.0,0.0,0.0,1.0,0.0,84.64893301861179,145.33333333333334,182.0,46.0,23.3,14.12,34966.865728,80.0,1.0,1
53319,30.0,1.0,0.0,0.0,0.0,0.0,117.23202281816458,94.66666666666667,157.0,39.0,24.45,6.02,54009.255077,79.0,2.0,1
53322,32.0,0.0,1.0,0.0,0.0,0.0,110.45711313858332,107.33333333333333,176.0,35.0,24.91,5.59,79822.913123,77.0,2.0,1
53325,37.0,0.0,0.0,0.0,1.0,0.0,81.50489008777826,150.0,229.0,29.0,36.26,7.87,21268.693396,83.0,1.0,1
53338,54.0,1.0,1.0,0.0,1.0,0.0,81.36345538746542,132.0,210.0,41.0,31.88,7.13,21166.764065,84.0,1.0,1
53341,60.0,0.0,0.0,0.0,0.0,0.0,86.16262077966914,122.66666666666667,191.0,30.0,29.66,9.01,6461.229075,80.0,1.0,1
53342,52.0,0.0,0.0,1.0,1.0,0.0,103.11014688322453,136.66666666666666,203.0,53.0,36.99,7.08,68602.600632,80.0,1.0,1
53346,46.0,1.0,1.0,0.0,0.0,0.0,113.42931128248769,105.33333333333333,178.0,62.0,19.78,7.68,86576.383051,77.0,2.0,1
53352,56.0,0.0,0.0,0.0,1.0,0.0,83.30973859382364,96.66666666666667,204.0,41.0,26.41,4.84,24300.320276,80.0,2.0,1
53353,74.0,0.0,0.0,0.0,0.0,1.0,90.86078576170786,102.66666666666667,168.0,59.0,35.29,51.87,36844.629325,78.0,2.0,1
53356,57.0,1.0,0.0,0.0,0.0,0.0,112.7477689532705,116.0,220.0,90.0,50.94,12.83,10257.596301,88.0,1.0,1
53357,55.0,1.0,1.0,0.0,0.0,0.0,93.96315082535236,130.66666666666666,210.0,61.0,27.04,4.81,88661.041635,83.0,2.0,1
53358,44.0,1.0,0.0,0.0,0.0,0.0,130.0788628138835,121.33333333333333,196.0,39.0,28.16,17.26,21594.166094,77.0,2.0,0
53359,46.0,0.0,0.0,0.0,0.0,0.0,89.67946307165046,106.0,209.0,36.0,29.1,2.35,55095.024199,89.0,2.0,1
53369,39.0,1.0,0.0,0.0,0.0,0.0,97.52022605645575,118.66666666666667,180.0,54.0,24.41,4.86,71929.361138,81.0,2.0,1
53372,61.0,0.0,0.0,1.0,0.0,0.0,53.493847368552785,137.33333333333334,179.0,43.0,44.92,3.72,13044.589394,79.0,2.0,1
53373,77.0,1.0,0.0,0.0,0.0,0.0,73.62618497190708,137.33333333333334,232.0,42.0,22.51,3.02,38087.107887,81.0,2.0,1
53381,59.0,0.0,0.0,0.0,0.0,0.0,101.94758874054784,158.0,234.0,50.0,23.32,4.85,21458.369625,79.0,1.0,1
53382,72.0,0.0,0.0,0.0,1.0,1.0,82.94318880349778,125.33333333333333,204.0,50.0,28.5,4.29,30233.187542,81.0,2.0,1
53383,36.0,1.0,0.0,0.0,0.0,0.0,117.38479275605825,102.66666666666667,250.0,74.0,20.34,96.98,19297.330507,84.0,1.0,1
53385,77.0,0.0,0.0,0.0,1.0,0.0,74.81645073789245,142.0,266.0,45.0,31.44,3.51,41065.863933,83.0,2.0,1
53389,47.0,0.0,0.0,0.0,1.0,0.0,112.92724203740053,116.66666666666667,239.0,54.0,29.03,3.57,27028.404053,77.0,1.0,1
53396,43.0,0.0,0.0,0.0,0.0,0.0,95.77144262118296,124.0,299.0,44.0,26.56,2.16,106651.302622,75.0,2.0,1
53397,43.0,1.0,0.0,0.0,0.0,0.0,89.64982944285553,128.66666666666666,214.0,58.0,24.1,29.89,26699.211227,80.0,1.0,1
53404,54.0,0.0,0.0,0.0,0.0,0.0,61.29997046015957,124.0,173.0,31.0,28.79,3.58,80686.340356,88.0,2.0,1
53408,79.0,0.0,1.0,0.0,1.0,1.0,59.14169045517482,166.66666666666666,176.0,59.0,25.02,448.72,10411.441994,88.0,1.0,1
53411,53.0,1.0,1.0,0.0,0.0,0.0,75.43683027716128,128.66666666666666,164.0,45.0,26.71,7.56,26284.468736,80.0,2.0,1
53418,39.0,0.0,1.0,0.0,0.0,0.0,108.51622237660078,124.66666666666667,226.0,50.0,41.49,4.6,61498.830035,76.0,1.0,1
53420,62.0,1.0,0.0,1.0,0.0,0.0,56.81366578027693,104.66666666666667,214.0,48.0,30.0,4.5,13070.875072,78.0,1.0,1
53427,53.0,0.0,0.0,0.0,0.0,0.0,62.22705723749963,126.66666666666667,315.0,54.0,27.12,3.92,82587.952309,79.0,1.0,1
53434,42.0,0.0,0.0,0.0,0.0,0.0,109.72648860781621,111.33333333333333,194.0,36.0,25.36,2.52,94316.655377,87.0,1.0,1
53436,70.0,1.0,0.0,0.0,0.0,0.0,78.04299918085387,124.0,193.0,58.0,33.26,11.29,38913.512966,76.0,2.0,1
53439,46.0,0.0,0.0,0.0,0.0,0.0,102.55420404703159,112.66666666666667,191.0,37.0,24.42,2.54,96263.187675,78.0,2.0,1
53444,75.0,1.0,0.0,1.0,1.0,0.0,70.40650626128217,186.66666666666666,171.0,74.0,21.07,90.93,15553.107018,80.0,2.0,1
53453,33.0,1.0,0.0,0.0,0.0,0.0,122.46672034217396,106.66666666666667,161.0,52.0,22.67,4.1,34219.951101,75.0,1.0,0
53457,30.0,1.0,0.0,0.0,0.0,0.0,101.58937601542708,104.0,228.0,57.0,25.43,6.48,20293.289262,88.0,1.0,1
53460,68.0,0.0,1.0,0.0,0.0,0.0,57.70123140015393,145.33333333333334,148.0,48.0,30.98,5.4,5797.734364,89.0,2.0,1
53465,47.0,1.0,1.0,0.0,0.0,0.0,114.72013336540064,102.66666666666667,207.0,25.0,18.63,6.0,23499.838461,75.0,2.0,1
53471,49.0,1.0,0.0,0.0,0.0,0.0,106.69730859722462,114.0,243.0,56.0,22.92,6.45,21971.086171,78.0,2.0,1
53472,50.0,1.0,1.0,0.0,0.0,0.0,108.00553999344656,124.0,286.0,47.0,26.44,8.75,79719.201422,80.0,1.0,1
53473,46.0,1.0,1.0,0.0,0.0,0.0,107.94996546308099,96.0,161.0,43.0,33.16,5.62,14103.085882,85.0,1.0,1
53474,59.0,1.0,1.0,0.0,1.0,0.0,106.95995976246047,134.66666666666666,256.0,89.0,22.23,26.32,15056.319146,83.0,2.0,1
53476,35.0,0.0,1.0,0.0,0.0,0.0,93.85924398043075,114.66666666666667,194.0,33.0,28.98,27.67,56137.422196,80.0,2.0,0
53478,30.0,1.0,0.0,0.0,0.0,0.0,120.94757588373878,109.33333333333333,176.0,63.0,31.15,2.22,26858.225188,87.0,1.0,1
53479,30.0,1.0,0.0,0.0,0.0,0.0,106.35732528267559,113.33333333333333,176.0,65.0,28.71,7.49,23132.230222,84.0,2.0,1
53481,66.0,0.0,1.0,0.0,0.0,0.0,79.19045669694431,136.66666666666666,238.0,88.0,27.71,4.59,57944.956916,88.0,2.0,1
53484,71.0,0.0,0.0,0.0,0.0,1.0,75.88931939152766,110.0,178.0,40.0,23.86,15.62,29656.12172,80.0,1.0,1
53487,47.0,0.0,0.0,0.0,0.0,0.0,99.34903947145831,124.66666666666667,177.0,39.0,,3.38,81895.402401,77.0,1.0,1
53492,44.0,1.0,0.0,0.0,1.0,1.0,85.37761710130829,140.0,233.0,51.0,45.65,5.23,90232.901038,83.0,1.0,1
53494,77.0,1.0,0.0,0.0,0.0,0.0,86.06170082269075,112.0,232.0,75.0,19.15,3.67,39280.737137,85.0,2.0,0
53495,31.0,0.0,1.0,0.0,0.0,0.0,111.14621970072785,120.66666666666667,160.0,33.0,20.17,6.42,69214.37238,77.0,1.0,1
53496,59.0,1.0,0.0,0.0,0.0,0.0,100.98757605827362,104.0,142.0,63.0,30.06,4.43,21800.840156,78.0,1.0,1
53500,32.0,0.0,0.0,0.0,0.0,0.0,117.57162615510919,102.66666666666667,246.0,55.0,24.43,3.5,28776.549278,82.0,2.0,1
53501,44.0,0.0,0.0,0.0,1.0,0.0,108.74053897532865,114.66666666666667,212.0,54.0,29.68,2.86,66323.566341,79.0,1.0,1
53505,48.0,0.0,0.0,0.0,0.0,0.0,103.96360262323803,141.33333333333334,243.0,42.0,42.81,7.26,20406.94178,86.0,1.0,0
53506,30.0,0.0,1.0,0.0,0.0,0.0,77.21419791031012,106.66666666666667,211.0,34.0,32.29,2.78,81340.588478,87.0,1.0,1
53515,41.0,0.0,0.0,0.0,0.0,0.0,91.45572262631296,140.66666666666666,255.0,42.0,31.56,6.0,67765.448326,84.0,1.0,1
53518,63.0,0.0,1.0,1.0,0.0,0.0,92.2648625813928,116.0,258.0,44.0,34.64,17.28,9387.789425,84.0,2.0,1
53524,39.0,1.0,1.0,0.0,0.0,0.0,105.47976297119224,108.66666666666667,275.0,70.0,28.32,3.25,72738.522735,81.0,2.0,1
53526,62.0,1.0,0.0,0.0,0.0,0.0,96.07580141895353,106.66666666666667,217.0,52.0,32.68,5.04,65573.061923,86.0,1.0,1
53528,44.0,1.0,0.0,0.0,0.0,1.0,99.02979047617373,122.66666666666667,191.0,51.0,34.84,8.48,86376.808301,81.0,2.0,0
53529,57.0,1.0,1.0,0.0,1.0,1.0,67.32211965777641,101.33333333333333,191.0,42.0,23.81,5.0,29415.070778,78.0,2.0,1
53530,62.0,1.0,0.0,0.0,0.0,0.0,101.42395986655644,137.33333333333334,250.0,54.0,22.65,5.0,61772.041071,86.0,1.0,1
53532,51.0,0.0,0.0,1.0,0.0,0.0,107.55604236878804,128.0,202.0,61.0,26.94,3.94,75696.640351,80.0,1.0,1
53533,42.0,0.0,1.0,0.0,0.0,0.0,65.47599897479763,110.66666666666667,150.0,70.0,21.86,3.63,28866.856878,83.0,2.0,1
53534,56.0,0.0,0.0,0.0,0.0,0.0,90.50063778359142,126.0,217.0,52.0,30.93,6.18,68871.178599,86.0,3.0,1
53537,36.0,1.0,0.0,0.0,0.0,0.0,121.22380085318144,104.0,181.0,72.0,19.9,13.38,22411.686369,81.0,1.0,0
53544,50.0,0.0,0.0,0.0,0.0,0.0,83.60273198078316,108.0,196.0,35.0,23.3,5.28,100372.774694,77.0,2.0,1
53546,66.0,1.0,0.0,0.0,0.0,0.0,78.83941281807857,140.0,216.0,50.0,40.81,4.28,61835.25213,86.0,2.0,1
53548,49.0,1.0,0.0,1.0,0.0,0.0,76.32938094900652,114.0,234.0,49.0,34.52,9.79,14401.4831,86.0,3.0,1
53550,43.0,1.0,0.0,0.0,0.0,0.0,104.5817118619942,110.0,156.0,61.0,19.32,9.18,76603.798386,77.0,1.0,1
53554,31.0,1.0,0.0,0.0,0.0,0.0,126.72309306219134,114.66666666666667,221.0,42.0,27.52,21.25,25247.94746,78.0,2.0,1
53555,50.0,0.0,0.0,0.0,1.0,0.0,79.18352732340254,114.0,232.0,54.0,30.9,6.85,75696.640351,80.0,1.0,1
53557,36.0,1.0,0.0,0.0,0.0,0.0,117.83115611991063,112.66666666666667,173.0,48.0,38.55,5.44,18108.840553,88.0,1.0,1
53558,49.0,0.0,0.0,1.0,0.0,0.0,93.38298460428818,131.33333333333334,199.0,38.0,42.89,46.21,28044.512771,75.0,2.0,1
53562,56.0,1.0,0.0,0.0,1.0,0.0,83.89835718328561,158.0,181.0,51.0,33.9,6.08,31519.808267,83.0,2.0,1
53563,30.0,0.0,0.0,0.0,0.0,0.0,74.41498705590679,100.0,172.0,47.0,20.77,3.67,77176.460949,81.0,2.0,1
53569,40.0,0.0,0.0,1.0,0.0,1.0,98.75903065584406,118.66666666666667,161.0,34.0,39.16,6.71,83593.441087,81.0,1.0,0
53571,49.0,1.0,0.0,1.0,1.0,0.0,74.38471590270265,122.66666666666667,171.0,45.0,25.34,10.6,26102.697054,78.0,1.0,1
53572,59.0,0.0,0.0,0.0,1.0,0.0,99.39746767051284,114.66666666666667,181.0,48.0,29.92,2.0,108835.074142,82.0,2.0,1
53573,43.0,1.0,1.0,0.0,0.0,0.0,111.96493677342299,126.66666666666667,188.0,76.0,22.35,4.89,99760.116491,75.0,2.0,1
53582,56.0,1.0,0.0,0.0,1.0,0.0,76.04349549068134,108.66666666666667,271.0,46.0,30.74,41.0,22972.84107,87.0,2.0,1
53583,77.0,0.0,1.0,0.0,1.0,1.0,52.213644862769684,154.66666666666666,155.0,47.0,22.39,4.16,33570.062401,81.0,2.0,1
53585,43.0,1.0,0.0,0.0,0.0,0.0,110.36504057027986,114.66666666666667,185.0,58.0,21.78,37.63,72667.288792,83.0,2.0,1
53592,72.0,0.0,0.0,0.0,1.0,1.0,82.94318880349778,108.0,187.0,64.0,27.66,10.77,38685.432082,83.0,2.0,1
53597,43.0,1.0,0.0,0.0,1.0,0.0,110.36504057027986,123.33333333333333,228.0,66.0,42.08,4.83,21435.8242,88.0,1.0,1
53604,63.0,1.0,0.0,0.0,1.0,1.0,70.88810321894239,140.66666666666666,237.0,68.0,26.01,5.85,67206.338355,81.0,2.0,1
53605,46.0,1.0,1.0,0.0,0.0,0.0,112.03576502101555,131.33333333333334,225.0,69.0,31.09,132.98,21081.607689,80.0,2.0,1
53606,45.0,0.0,1.0,0.0,0.0,0.0,94.58755818693466,115.33333333333333,204.0,50.0,29.3,43.06,66379.952465,80.0,1.0,1
53609,79.0,1.0,0.0,0.0,1.0,0.0,93.1816672353934,137.33333333333334,253.0,65.0,27.2,9.2,46431.463359,81.0,2.0,1
53610,67.0,1.0,0.0,0.0,0.0,0.0,72.97866141308232,146.0,224.0,68.0,26.52,2.54,25526.05719,75.0,2.0,1
53611,39.0,1.0,0.0,0.0,0.0,0.0,114.7852460631798,92.66666666666667,170.0,86.0,20.12,11.12,25452.884514,77.0,2.0,1
53617,48.0,1.0,0.0,1.0,0.0,0.0,103.07163016695893,143.33333333333334,274.0,76.0,31.05,16.04,37275.88316,82.0,2.0,1
53618,41.0,0.0,0.0,0.0,1.0,0.0,100.58007691145434,141.33333333333334,190.0,65.0,27.68,12.76,74413.581068,86.0,2.0,1
53620,31.0,1.0,1.0,1.0,0.0,0.0,81.12034517364062,107.33333333333333,243.0,37.0,41.22,5.56,25418.306514,75.0,2.0,1
53621,40.0,0.0,0.0,0.0,0.0,0.0,88.9673276157866,103.33333333333333,167.0,50.0,26.39,2.77,24032.329043,78.0,2.0,1
53622,62.0,0.0,0.0,1.0,1.0,0.0,71.95806505158664,132.0,211.0,48.0,42.46,61.11,11499.896597,87.0,2.0,1
53625,53.0,0.0,0.0,0.0,0.0,0.0,105.82371506212196,134.0,218.0,36.0,37.46,5.69,101172.924903,76.0,2.0,1
53626,71.0,1.0,0.0,0.0,0.0,0.0,73.20019788783168,136.0,183.0,68.0,24.54,10.0,9993.180213,81.0,2.0,1
53640,31.0,0.0,1.0,0.0,0.0,0.0,98.44827553648804,114.0,178.0,34.0,29.65,2.54,81138.424601,83.0,1.0,1
53652,30.0,1.0,0.0,1.0,1.0,1.0,120.94757588373878,111.33333333333333,266.0,70.0,30.81,877.78,16798.179129,85.0,2.0,1
53656,54.0,1.0,0.0,0.0,1.0,0.0,99.29630760846462,119.33333333333333,290.0,62.0,27.29,4.08,77179.478965,76.0,1.0,1
53657,40.0,0.0,0.0,0.0,0.0,0.0,113.0568638706307,124.0,220.0,70.0,23.81,2.14,28044.512771,75.0,2.0,0
53659,58.0,0.0,1.0,0.0,0.0,0.0,91.62108612217807,162.0,216.0,33.0,25.69,10.78,13244.126734,79.0,1.0,1
53670,40.0,1.0,0.0,0.0,0.0,0.0,114.0735775375881,116.0,204.0,69.0,22.71,15.0,20013.359204,80.0,2.0,1
53672,36.0,0.0,0.0,0.0,1.0,0.0,86.38711098278095,119.33333333333333,163.0,37.0,31.7,2.21,118825.907009,79.0,2.0,1
53675,45.0,1.0,1.0,0.0,0.0,0.0,120.82809465887291,101.33333333333333,182.0,60.0,17.67,13.7,15979.688031,81.0,1.0,0
53679,52.0,1.0,1.0,0.0,1.0,0.0,71.18830140728049,158.66666666666666,167.0,70.0,30.09,19.4,24216.969057,84.0,2.0,1
53681,63.0,1.0,0.0,0.0,1.0,0.0,98.50627982312504,160.0,176.0,35.0,35.78,17.71,5250.697876,88.0,2.0,1
53682,67.0,1.0,0.0,0.0,0.0,0.0,72.97866141308232,141.33333333333334,244.0,71.0,37.23,3.64,21883.63541,82.0,2.0,1
53683,55.0,0.0,1.0,0.0,0.0,0.0,106.14717977631172,127.33333333333333,182.0,70.0,22.42,4.88,105788.374004,83.0,2.0,1
53684,42.0,0.0,0.0,0.0,0.0,0.0,112.89242127623127,130.0,226.0,49.0,26.71,17.08,14374.340639,88.0,2.0,1
53686,65.0,1.0,0.0,0.0,1.0,0.0,84.2378915975729,134.0,172.0,45.0,27.0,41.06,8567.6299,75.0,1.0,1
53695,58.0,0.0,0.0,0.0,0.0,0.0,93.96529707625147,152.0,237.0,90.0,28.75,121.1,10760.07565,78.0,1.0,1
53696,51.0,1.0,0.0,0.0,1.0,0.0,99.50563731959164,129.33333333333334,213.0,31.0,29.74,3.02,12274.824178,75.0,2.0,1
53697,70.0,1.0,0.0,0.0,1.0,1.0,95.7415724529939,134.0,148.0,60.0,23.17,20.51,12860.507262,81.0,1.0,1
53700,37.0,1.0,0.0,0.0,0.0,0.0,118.01459313087702,106.66666666666667,175.0,35.0,26.01,17.86,18499.4128,85.0,2.0,1
53701,63.0,1.0,0.0,0.0,0.0,0.0,92.34972245409921,135.33333333333334,199.0,44.0,28.94,56.06,13875.16562,78.0,1.0,1
53702,38.0,0.0,1.0,0.0,0.0,0.0,114.06352221847904,124.66666666666667,261.0,70.0,24.27,8.09,88190.405495,75.0,2.0,1
53706,42.0,0.0,0.0,0.0,0.0,0.0,111.26094590864483,120.66666666666667,159.0,34.0,31.46,12.73,17065.795693,82.0,1.0,1
53714,61.0,0.0,0.0,1.0,1.0,0.0,48.353380434345034,113.33333333333333,137.0,24.0,46.26,4.14,13264.885078,80.0,2.0,1
53716,32.0,1.0,0.0,0.0,0.0,0.0,118.17962586984909,116.66666666666667,297.0,81.0,37.2,7.64,19655.82817,85.0,1.0,1
53719,61.0,0.0,0.0,0.0,1.0,1.0,69.4962769182883,129.33333333333334,223.0,54.0,24.55,4.74,8142.940258,78.0,1.0,1
53720,30.0,0.0,0.0,0.0,0.0,0.0,84.27383825405079,124.0,142.0,69.0,24.0,3.43,28614.924851,87.0,2.0,0
53724,59.0,1.0,0.0,0.0,0.0,0.0,70.80232492758533,130.66666666666666,135.0,30.0,45.96,5.25,26677.328619,87.0,1.0,1
53725,32.0,1.0,0.0,0.0,0.0,0.0,122.22802385883092,116.0,187.0,38.0,22.88,9.49,53997.044639,79.0,1.0,1
53732,79.0,0.0,0.0,0.0,1.0,0.0,82.46056985791095,139.33333333333334,159.0,39.0,38.16,4.18,8089.148939,86.0,3.0,1
53742,38.0,0.0,0.0,0.0,0.0,0.0,116.61325348011431,110.66666666666667,193.0,42.0,22.85,8.15,17237.166867,79.0,1.0,1
53743,65.0,0.0,0.0,1.0,1.0,1.0,77.88374461139381,123.33333333333333,143.0,41.0,33.37,1.86,58644.199424,76.0,2.0,1
53745,60.0,0.0,0.0,0.0,0.0,0.0,101.70112223583631,133.33333333333334,220.0,43.0,32.51,8.28,8050.612715,87.0,1.0,1
53746,38.0,1.0,0.0,1.0,0.0,0.0,121.32455624422032,128.66666666666666,220.0,37.0,40.69,37.56,62691.610913,85.0,2.0,1
53750,40.0,1.0,0.0,0.0,0.0,0.0,116.29545162194965,101.33333333333333,247.0,48.0,20.2,7.75,13878.42642,82.0,1.0,1
53759,60.0,0.0,1.0,1.0,1.0,1.0,108.89508566045338,106.0,243.0,24.0,,10.95,19650.859638,76.0,2.0,1
53762,44.0,0.0,0.0,1.0,0.0,0.0,114.5822296454366,99.0,238.0,39.0,39.66,6.17,12630.112133,89.0,2.0,1
53763,60.0,1.0,0.0,0.0,0.0,0.0,79.50435272972467,100.0,210.0,53.0,36.75,5.73,65836.611494,79.0,1.0,1
53764,49.0,1.0,0.0,0.0,0.0,0.0,67.43990143038276,130.66666666666666,217.0,66.0,31.2,4.79,26699.211227,80.0,1.0,1
53769,73.0,1.0,0.0,0.0,1.0,1.0,69.34796865556734,122.0,208.0,45.0,28.11,7.92,32939.969593,81.0,2.0,1
53770,41.0,1.0,1.0,0.0,0.0,0.0,117.51217344003192,123.33333333333333,208.0,56.0,37.38,8.43,75240.005755,77.0,1.0,1
53772,40.0,1.0,0.0,0.0,0.0,0.0,98.40851494827916,120.0,183.0,40.0,32.23,7.35,22758.235199,82.0,2.0,0
53774,49.0,0.0,0.0,0.0,0.0,0.0,82.29221680290215,115.33333333333333,237.0,69.0,29.87,3.68,21459.071325,81.0,1.0,1
53776,46.0,1.0,0.0,0.0,0.0,0.0,118.82711461046114,118.66666666666667,208.0,43.0,36.1,24.42,22906.999842,83.0,2.0,1
53777,63.0,0.0,0.0,0.0,0.0,0.0,82.58395380387805,134.0,185.0,31.0,36.22,6.42,59368.56666,75.0,2.0,1
53781,52.0,1.0,0.0,0.0,0.0,0.0,86.01169125891848,101.33333333333333,233.0,75.0,17.81,13.33,109423.31931,78.0,2.0,1
53785,56.0,1.0,0.0,0.0,1.0,0.0,93.38057929023518,141.33333333333334,194.0,58.0,39.16,5.29,25977.219402,76.0,2.0,1
53790,47.0,0.0,0.0,1.0,0.0,1.0,104.61219825240293,105.33333333333333,156.0,63.0,31.49,2.32,90558.050789,77.0,2.0,1
53791,68.0,1.0,0.0,1.0,1.0,1.0,85.29855577559391,146.0,188.0,80.0,33.64,17.0,6087.816497,85.0,1.0,1
53794,44.0,0.0,0.0,0.0,0.0,0.0,94.04795859436328,122.66666666666667,212.0,56.0,26.01,2.64,85741.118073,79.0,2.0,1
53800,32.0,0.0,0.0,0.0,0.0,0.0,117.98282942464486,116.0,231.0,39.0,28.55,22.55,33958.460784,87.0,1.0,1
53803,64.0,0.0,0.0,0.0,0.0,1.0,63.08852950115112,114.0,152.0,45.0,22.09,4.92,11071.371044,78.0,2.0,1
53807,63.0,1.0,0.0,1.0,0.0,0.0,100.00175208932002,124.0,305.0,45.0,41.08,4.27,17932.222812,77.0,2.0,1
53813,62.0,0.0,1.0,1.0,1.0,1.0,103.73542493745721,121.33333333333333,149.0,60.0,30.59,10.71,6554.181271,77.0,1.0,1
53817,44.0,1.0,1.0,0.0,0.0,0.0,116.88066287272547,118.66666666666667,204.0,44.0,29.47,16.11,37228.447528,83.0,1.0,1
53822,66.0,1.0,0.0,1.0,1.0,0.0,75.51222951123701,108.0,172.0,77.0,34.19,16.46,26408.292413,83.0,2.0,1
53829,56.0,1.0,0.0,0.0,1.0,0.0,108.47522881421843,110.66666666666667,216.0,57.0,24.79,11.61,22320.066258,86.0,1.0,1
53831,40.0,0.0,0.0,0.0,0.0,0.0,111.0998561455508,126.66666666666667,267.0,33.0,28.76,19.78,20370.351231,85.0,2.0,1
53833,35.0,0.0,0.0,0.0,0.0,0.0,80.87729076432674,117.33333333333333,225.0,45.0,24.89,3.01,15855.785441,79.0,1.0,1
53835,71.0,1.0,0.0,1.0,1.0,1.0,36.731835375202984,123.33333333333333,149.0,39.0,28.68,22.13,8716.464565,76.0,1.0,1
53836,40.0,0.0,0.0,0.0,0.0,0.0,92.02628559701445,126.66666666666667,240.0,24.0,27.62,16.52,20283.608634,85.0,2.0,1
53841,51.0,1.0,0.0,0.0,0.0,0.0,101.16635950138888,102.66666666666667,237.0,72.0,28.17,14.39,14748.006458,78.0,2.0,1
53845,42.0,1.0,0.0,0.0,0.0,0.0,121.82027679916546,117.33333333333333,230.0,55.0,29.67,5.09,17216.777874,88.0,2.0,1
53847,54.0,1.0,0.0,0.0,0.0,0.0,82.5271698272401,115.33333333333333,186.0,60.0,28.95,13.68,23952.407261,76.0,2.0,1
53849,37.0,1.0,0.0,0.0,0.0,0.0,79.13723963963197,110.66666666666667,136.0,68.0,19.53,5.0,54729.408706,79.0,1.0,1
53850,50.0,0.0,1.0,0.0,0.0,0.0,107.41297046721546,125.33333333333333,203.0,46.0,29.46,19.58,24483.695148,87.0,1.0,1
53858,56.0,1.0,0.0,0.0,0.0,0.0,99.72867783660065,115.33333333333333,265.0,49.0,24.86,3.51,110654.26515,78.0,2.0,1
53864,72.0,0.0,0.0,0.0,0.0,0.0,64.25239401770516,170.0,213.0,43.0,29.88,296.58,42477.580814,80.0,2.0,1
53868,41.0,1.0,0.0,0.0,0.0,0.0,113.36632135685505,105.33333333333333,175.0,71.0,23.63,5.6,77638.98485,77.0,1.0,1
53874,34.0,1.0,1.0,1.0,1.0,1.0,116.7187413338814,111.33333333333333,161.0,31.0,31.56,11.63,74632.976098,83.0,1.0,1
53875,50.0,1.0,0.0,0.0,0.0,0.0,81.117213251514,114.0,189.0,61.0,42.76,5.12,23748.745332,84.0,2.0,1
53876,37.0,0.0,0.0,0.0,0.0,0.0,119.19658139384109,134.0,247.0,36.0,38.27,5.67,79712.26608,87.0,1.0,1
53877,46.0,1.0,0.0,0.0,0.0,0.0,113.42931128248769,121.33333333333333,189.0,39.0,28.0,8.43,21971.086171,78.0,2.0,1
53883,35.0,1.0,0.0,0.0,0.0,0.0,113.64261556869333,108.0,172.0,82.0,24.9,13.74,26824.964193,82.0,2.0,1
53884,68.0,1.0,0.0,1.0,0.0,1.0,68.7176529829177,145.33333333333334,166.0,41.0,45.57,9.65,60851.686967,77.0,1.0,1
53886,52.0,0.0,1.0,0.0,0.0,0.0,95.10459081234966,122.66666666666667,184.0,34.0,23.2,3.22,24500.84823,83.0,1.0,0
53887,34.0,1.0,1.0,0.0,0.0,0.0,100.60040689025159,110.66666666666667,178.0,61.0,23.9,3.25,64508.601789,77.0,1.0,1
53889,66.0,0.0,0.0,0.0,0.0,0.0,73.23611200384849,144.66666666666666,247.0,70.0,27.37,6.0,55847.965781,77.0,1.0,1
53895,38.0,1.0,0.0,1.0,0.0,0.0,116.82419548614985,112.0,186.0,43.0,31.64,466.67,23407.555929,83.0,1.0,1
53900,73.0,1.0,0.0,0.0,0.0,0.0,91.26311809274307,164.66666666666666,174.0,61.0,34.79,5.6,38087.107887,81.0,2.0,1
53910,54.0,1.0,1.0,0.0,0.0,0.0,70.3083029481363,120.66666666666667,209.0,79.0,25.55,7.53,32068.440528,83.0,1.0,1
53912,34.0,0.0,0.0,0.0,0.0,0.0,116.9366932361714,118.0,265.0,43.0,22.8,11.25,76806.95175,81.0,2.0,1
53914,60.0,0.0,0.0,0.0,0.0,0.0,73.62631739255642,112.66666666666667,154.0,43.0,22.47,3.18,68338.840828,75.0,2.0,1
53918,40.0,0.0,0.0,0.0,0.0,0.0,113.0568638706307,116.66666666666667,243.0,32.0,30.05,2.99,15989.393546,85.0,2.0,0
53924,57.0,0.0,1.0,0.0,0.0,0.0,92.19268074278332,97.33333333333333,188.0,65.0,20.87,22.84,19952.378405,75.0,1.0,0
53933,58.0,1.0,0.0,1.0,1.0,0.0,103.16031203721438,130.0,262.0,45.0,30.0,17.12,11361.502289,86.0,2.0,1
53937,33.0,1.0,1.0,0.0,0.0,0.0,113.14992194550184,114.0,227.0,59.0,27.33,5.44,28513.423636,86.0,2.0,1
53946,63.0,0.0,0.0,1.0,0.0,0.0,77.97499297232129,136.66666666666666,182.0,40.0,34.99,14.24,13314.171407,80.0,2.0,1
53952,36.0,1.0,0.0,0.0,0.0,0.0,123.4083101406944,107.33333333333333,153.0,46.0,26.31,8.75,21874.320459,85.0,2.0,1
53954,31.0,0.0,1.0,0.0,0.0,0.0,99.59635642973038,126.66666666666667,223.0,41.0,28.06,3.22,65732.423367,76.0,2.0,1
53956,59.0,0.0,0.0,0.0,1.0,0.0,101.19017592953568,163.33333333333334,214.0,79.0,30.81,10.58,86798.825172,82.0,1.0,1
53958,35.0,1.0,0.0,0.0,0.0,0.0,81.15173604056216,109.33333333333333,162.0,48.0,24.44,4.42,53378.507132,84.0,1.0,1
53961,41.0,0.0,1.0,0.0,0.0,0.0,110.78845450860557,120.66666666666667,156.0,60.0,27.09,11.75,20306.364191,75.0,2.0,1
53963,47.0,1.0,0.0,1.0,0.0,0.0,102.01210658937315,164.66666666666666,238.0,44.0,26.14,31.0,21539.99113,80.0,1.0,1
53965,31.0,0.0,0.0,0.0,0.0,0.0,100.76922402689995,110.0,221.0,54.0,30.77,3.28,29599.160437,87.0,2.0,1
53968,52.0,1.0,1.0,0.0,1.0,0.0,52.363430154917886,104.0,205.0,72.0,33.71,3.91,30353.751983,78.0,2.0,1
53970,51.0,1.0,0.0,0.0,1.0,0.0,99.50563731959164,145.33333333333334,175.0,37.0,39.42,5.24,10930.415019,78.0,1.0,1
53971,50.0,0.0,0.0,1.0,1.0,1.0,61.23156130412533,104.66666666666667,133.0,29.0,24.99,37.66,18565.932355,78.0,1.0,0
53972,41.0,1.0,0.0,0.0,0.0,0.0,94.87181502672615,120.0,253.0,71.0,29.86,6.41,76603.798386,77.0,1.0,1
53973,35.0,0.0,1.0,0.0,0.0,0.0,122.18556535115025,117.33333333333333,185.0,28.0,27.17,3.58,28411.956292,75.0,1.0,1
53974,30.0,0.0,1.0,0.0,0.0,0.0,91.61393839655402,113.33333333333333,183.0,23.0,33.01,2.27,41403.555697,75.0,1.0,1
53978,68.0,0.0,0.0,0.0,1.0,0.0,87.18514882153298,138.0,144.0,30.0,28.2,2.89,8401.91118,82.0,2.0,1
53987,35.0,1.0,0.0,0.0,0.0,0.0,90.29279520633172,128.0,207.0,61.0,33.9,12.48,33126.41751,80.0,2.0,1
53990,45.0,0.0,1.0,0.0,0.0,0.0,110.3957761655357,116.0,211.0,46.0,28.9,3.58,24032.329043,78.0,2.0,1
53991,61.0,1.0,0.0,0.0,0.0,0.0,102.89395838018297,152.66666666666666,231.0,43.0,27.11,16.16,7063.4966,79.0,1.0,1
53994,39.0,0.0,0.0,0.0,1.0,0.0,78.89011050992853,120.0,184.0,33.0,29.78,5.09,25958.756366,84.0,2.0,1
53995,62.0,1.0,0.0,1.0,1.0,1.0,42.175583435149164,115.33333333333333,137.0,42.0,44.72,7.14,19442.105455,80.0,1.0,0
53998,40.0,0.0,0.0,0.0,0.0,0.0,114.30541451609687,104.0,190.0,38.0,29.51,3.8,23458.877905,78.0,2.0,1
53999,63.0,1.0,0.0,0.0,1.0,0.0,90.85419045857098,112.66666666666667,256.0,51.0,31.23,4.16,68773.599629,77.0,2.0,1
54001,60.0,1.0,0.0,0.0,1.0,1.0,94.08894899177962,129.33333333333334,171.0,65.0,40.02,1.72,18363.914422,78.0,2.0,1
54002,59.0,1.0,0.0,0.0,0.0,0.0,90.20918233057064,124.66666666666667,208.0,46.0,28.45,9.93,10054.161288,88.0,2.0,1
54008,57.0,0.0,0.0,0.0,0.0,0.0,100.64155428226633,128.66666666666666,199.0,57.0,31.87,3.59,18584.577393,88.0,1.0,1
54027,62.0,1.0,0.0,0.0,0.0,0.0,79.65816970136743,122.0,248.0,85.0,31.02,3.83,21883.63541,82.0,2.0,1
54032,40.0,0.0,1.0,0.0,0.0,0.0,105.09586469420975,116.0,163.0,26.0,26.95,5.42,81895.402401,77.0,1.0,1
54034,47.0,1.0,1.0,0.0,0.0,0.0,95.686413764474,116.66666666666667,237.0,32.0,33.11,8.17,42450.422835,75.0,2.0,1
54035,43.0,1.0,1.0,0.0,0.0,0.0,115.56553067861383,102.66666666666667,238.0,39.0,20.4,6.27,64099.903085,84.0,1.0,1
54038,40.0,0.0,1.0,0.0,0.0,0.0,112.25630586502521,116.0,199.0,38.0,26.93,4.15,91316.255685,81.0,2.0,1
54041,52.0,0.0,0.0,0.0,0.0,0.0,80.77105189627044,106.66666666666667,193.0,44.0,29.69,3.31,15686.03941,82.0,2.0,1
54042,49.0,0.0,0.0,0.0,0.0,0.0,103.31902828697396,139.33333333333334,161.0,48.0,32.28,9.34,19272.47765,85.0,1.0,1
54043,44.0,1.0,0.0,0.0,0.0,0.0,110.06734800595726,106.66666666666667,193.0,84.0,25.15,5.03,80102.169238,76.0,2.0,1
54046,38.0,1.0,0.0,0.0,0.0,0.0,117.75103814504187,117.33333333333333,147.0,39.0,36.98,1.35,74179.149936,78.0,2.0,1
54047,46.0,0.0,0.0,0.0,0.0,0.0,113.16581453874076,115.33333333333333,157.0,30.0,33.82,3.67,23272.968931,77.0,2.0,1
54050,51.0,1.0,0.0,0.0,1.0,0.0,59.53515526502693,131.33333333333334,228.0,56.0,46.23,8.19,22674.02515,78.0,1.0,1
54055,43.0,0.0,0.0,0.0,0.0,0.0,91.36840049251458,118.66666666666667,177.0,36.0,29.44,11.36,24946.552122,83.0,1.0,1
54060,47.0,1.0,1.0,0.0,1.0,0.0,90.04448644717048,112.0,200.0,44.0,43.48,4.53,28703.694057,88.0,1.0,1
54062,49.0,1.0,0.0,0.0,0.0,0.0,104.16627032220356,116.66666666666667,257.0,46.0,29.18,6.61,67803.115123,85.0,1.0,1
54063,37.0,1.0,0.0,0.0,0.0,0.0,118.9665504215649,112.0,175.0,49.0,35.88,34.11,18281.683005,82.0,1.0,1
54064,42.0,0.0,1.0,0.0,0.0,0.0,115.08575165876829,130.0,214.0,47.0,32.1,30.45,21109.047302,81.0,1.0,1
54066,62.0,0.0,0.0,0.0,1.0,0.0,95.29436365336274,98.0,223.0,52.0,25.65,4.57,45557.034921,76.0,1.0,1
54075,72.0,1.0,0.0,0.0,0.0,0.0,78.23588038036311,126.0,212.0,73.0,25.62,9.4,34798.924142,86.0,2.0,1
54077,71.0,1.0,0.0,0.0,1.0,1.0,60.961091230206954,154.66666666666666,189.0,48.0,29.64,73.53,36352.628295,77.0,1.0,1
54078,47.0,1.0,0.0,0.0,0.0,0.0,110.03961325735344,132.66666666666666,225.0,70.0,25.67,0.65,16283.76628,78.0,1.0,1
54080,53.0,0.0,0.0,0.0,0.0,0.0,94.5149423493131,116.66666666666667,188.0,49.0,25.06,5.73,20527.025155,87.0,2.0,0
54085,75.0,0.0,0.0,0.0,1.0,0.0,67.06840293266676,123.33333333333333,211.0,40.0,32.57,6.69,31356.955534,89.0,1.0,1
54088,58.0,0.0,0.0,0.0,0.0,0.0,83.23019426426951,119.33333333333333,213.0,54.0,26.67,2.43,23192.901232,81.0,2.0,1
54090,73.0,0.0,0.0,0.0,0.0,0.0,69.36560434483778,120.0,241.0,66.0,26.17,2.68,31431.350966,77.0,1.0,1
54091,56.0,0.0,0.0,0.0,0.0,0.0,101.26942471550244,120.0,235.0,74.0,24.2,5.45,11966.157316,86.0,2.0,1
54092,68.0,1.0,0.0,0.0,1.0,0.0,88.07241904460619,137.33333333333334,156.0,73.0,24.43,4.39,18202.380287,82.0,1.0,1
54093,61.0,1.0,0.0,0.0,0.0,0.0,107.6953329604336,149.33333333333334,275.0,39.0,27.38,10.0,6385.326701,88.0,1.0,1
54094,47.0,1.0,0.0,0.0,1.0,0.0,108.4191755168399,132.66666666666666,239.0,43.0,38.56,5.05,85773.925002,75.0,2.0,1
54095,39.0,1.0,0.0,0.0,0.0,0.0,103.79434504779843,118.66666666666667,174.0,34.0,32.5,6.32,27271.143945,78.0,1.0,1
54104,65.0,0.0,0.0,1.0,0.0,0.0,82.53311063733602,94.0,135.0,43.0,32.0,400.0,71422.848504,79.0,2.0,1
54106,62.0,0.0,1.0,0.0,0.0,0.0,96.89276058290638,116.0,169.0,68.0,23.6,11.06,47075.842776,86.0,3.0,1
54109,50.0,0.0,1.0,0.0,0.0,0.0,104.40070243035957,112.66666666666667,161.0,31.0,24.33,1.89,24446.253808,78.0,2.0,1
54110,76.0,1.0,0.0,1.0,1.0,1.0,66.25503941876642,120.0,225.0,74.0,37.0,25.0,9953.929233,85.0,1.0,1
54119,47.0,1.0,0.0,0.0,0.0,0.0,84.98385692153244,112.66666666666667,253.0,76.0,24.26,4.52,87502.383122,83.0,2.0,1
54123,34.0,0.0,1.0,0.0,0.0,0.0,97.75532591536043,105.33333333333333,187.0,27.0,26.96,4.15,17571.94509,80.0,2.0,1
54124,48.0,1.0,1.0,1.0,0.0,0.0,89.48621063119802,108.66666666666667,198.0,40.0,39.06,3.0,16785.174371,88.0,1.0,1
54127,35.0,1.0,1.0,0.0,0.0,0.0,121.98007733264382,113.33333333333333,217.0,45.0,27.18,8.81,15348.752512,80.0,1.0,1
54130,48.0,1.0,0.0,0.0,0.0,0.0,88.17825856896944,114.66666666666667,241.0,75.0,23.88,4.76,73812.908056,86.0,1.0,1
54131,35.0,1.0,0.0,0.0,0.0,0.0,101.51675242765624,122.66666666666667,184.0,62.0,21.94,4.18,31652.081377,79.0,1.0,1
54133,43.0,1.0,1.0,1.0,1.0,0.0,111.1501698505097,170.66666666666666,205.0,34.0,40.0,36.53,17387.624199,86.0,1.0,1
54135,33.0,1.0,1.0,0.0,0.0,0.0,120.05027566075354,124.66666666666667,150.0,37.0,35.85,15.0,75128.509487,87.0,1.0,1
54136,43.0,1.0,0.0,0.0,0.0,0.0,113.24727508410199,118.66666666666667,178.0,36.0,47.06,10.63,32260.640984,81.0,1.0,1
54137,55.0,0.0,0.0,0.0,0.0,0.0,104.91335686811661,122.0,209.0,44.0,30.56,33.07,89543.78448,77.0,1.0,1
54139,67.0,0.0,0.0,1.0,1.0,0.0,77.80091206188634,126.0,179.0,60.0,30.08,10.07,8334.195224,78.0,1.0,1
54140,71.0,0.0,0.0,0.0,0.0,0.0,86.66712549317985,136.66666666666666,184.0,59.0,,21.44,33337.784141,80.0,1.0,1
54141,35.0,1.0,1.0,0.0,0.0,0.0,87.83589535937396,106.66666666666667,184.0,62.0,25.13,8.66,19018.998244,75.0,2.0,1
54143,71.0,1.0,0.0,0.0,1.0,0.0,95.14797470378535,139.33333333333334,257.0,55.0,31.64,9.57,38826.202591,81.0,2.0,1
54146,58.0,0.0,1.0,0.0,0.0,0.0,96.42186394717646,120.0,186.0,44.0,28.9,3.63,14984.141601,87.0,1.0,1
54148,34.0,0.0,0.0,0.0,0.0,0.0,102.51392552827187,122.66666666666667,203.0,25.0,28.69,1.44,31083.80169,81.0,1.0,1
54153,70.0,1.0,0.0,1.0,1.0,1.0,58.49399773048167,133.33333333333334,173.0,46.0,30.87,131.54,19730.466943,80.0,2.0,1
54159,37.0,0.0,0.0,0.0,0.0,0.0,121.70619734494883,142.0,165.0,31.0,31.28,7.93,23709.472842,88.0,1.0,1
54160,61.0,1.0,0.0,1.0,1.0,1.0,72.73342360634128,121.33333333333333,183.0,58.0,35.72,141.71,5215.604935,81.0,1.0,1
54162,43.0,0.0,0.0,0.0,0.0,0.0,95.77144262118296,110.66666666666667,137.0,36.0,27.19,3.63,23880.427736,75.0,1.0,0
54164,36.0,1.0,1.0,0.0,0.0,0.0,112.93803135216743,112.66666666666667,204.0,43.0,48.97,91.42,21176.698185,80.0,1.0,1
54170,60.0,0.0,0.0,0.0,0.0,0.0,98.78120337095567,125.33333333333333,192.0,58.0,24.24,7.8,9590.4584,75.0,1.0,1
54172,30.0,0.0,1.0,0.0,0.0,0.0,126.04480206316572,122.66666666666667,200.0,38.0,35.57,12.95,26591.248626,75.0,2.0,1
54173,47.0,0.0,0.0,0.0,0.0,0.0,93.41830841115338,177.33333333333334,214.0,48.0,35.61,36.29,63260.599658,80.0,1.0,1
54175,51.0,0.0,0.0,0.0,1.0,0.0,108.39219126731537,143.33333333333334,238.0,33.0,33.51,10.28,19769.446456,75.0,1.0,1
54189,43.0,1.0,0.0,0.0,0.0,0.0,115.08216186450382,115.33333333333333,203.0,57.0,27.35,6.61,14251.534831,85.0,2.0,1
54192,59.0,0.0,0.0,0.0,0.0,0.0,82.71416705983106,119.33333333333333,210.0,39.0,25.51,3.11,101172.924903,76.0,2.0,1
54193,73.0,1.0,0.0,0.0,1.0,1.0,70.3055884610466,122.0,176.0,72.0,22.02,10.06,39394.168753,76.0,2.0,1
54196,60.0,0.0,0.0,0.0,0.0,0.0,90.4885065688136,102.0,185.0,48.0,21.96,5.24,67037.944217,75.0,2.0,1
54200,51.0,0.0,0.0,0.0,1.0,1.0,91.12299144245233,113.33333333333333,167.0,39.0,30.57,2.17,19446.982307,75.0,1.0,0
54205,38.0,0.0,0.0,0.0,0.0,0.0,70.80311252600653,118.0,146.0,62.0,26.97,5.37,24590.022505,78.0,1.0,0
54208,31.0,0.0,0.0,0.0,0.0,0.0,122.27165114439997,100.0,164.0,43.0,25.02,5.63,26792.411843,86.0,2.0,1
54213,68.0,0.0,0.0,0.0,1.0,0.0,57.188712244272075,152.66666666666666,192.0,89.0,23.04,166.14,10381.544516,88.0,1.0,1
54216,40.0,1.0,1.0,0.0,0.0,0.0,95.46368990413177,136.66666666666666,227.0,42.0,54.27,8.89,14191.669922,80.0,1.0,1
54222,46.0,1.0,0.0,0.0,0.0,0.0,90.60624516720716,102.0,216.0,64.0,29.01,2.65,18372.138824,77.0,1.0,1
54224,39.0,1.0,0.0,0.0,0.0,0.0,99.02245416409656,96.0,158.0,71.0,21.47,4.32,57097.484011,85.0,1.0,1
54227,60.0,1.0,0.0,0.0,1.0,1.0,73.18718414805923,168.66666666666666,162.0,56.0,24.07,7.53,61835.25213,86.0,2.0,1
54234,40.0,1.0,0.0,0.0,0.0,0.0,114.93600787024052,106.0,198.0,63.0,19.95,6.3,36481.199046,82.0,2.0,1
54236,60.0,1.0,0.0,1.0,1.0,0.0,64.4950003539451,133.33333333333334,172.0,68.0,33.02,6.14,8499.199919,77.0,2.0,1
54240,52.0,1.0,0.0,0.0,0.0,0.0,108.37017009341274,97.33333333333333,218.0,85.0,24.81,8.2,22297.495269,76.0,1.0,1
54241,32.0,1.0,0.0,0.0,0.0,0.0,122.22802385883092,106.0,164.0,36.0,34.18,5.6,18108.840553,88.0,1.0,1
54242,43.0,1.0,0.0,0.0,0.0,0.0,101.2440856233302,129.33333333333334,234.0,44.0,33.77,24.96,21255.5746,83.0,1.0,0
54245,65.0,0.0,0.0,0.0,0.0,0.0,95.1017058169569,144.0,177.0,51.0,30.81,950.37,9201.677467,78.0,1.0,1
54251,48.0,0.0,0.0,0.0,0.0,0.0,106.43547522851094,120.0,198.0,84.0,19.71,10.75,18778.011327,85.0,1.0,1
54255,36.0,1.0,0.0,0.0,0.0,0.0,118.28639991589417,134.0,230.0,41.0,48.42,5.8,64630.25845,82.0,1.0,1
54256,49.0,1.0,0.0,0.0,1.0,0.0,80.51150155433311,100.66666666666667,212.0,54.0,36.23,10.29,75240.005755,77.0,1.0,1
54262,58.0,1.0,0.0,0.0,0.0,0.0,78.25821236105439,112.66666666666667,232.0,38.0,33.22,5.3,13556.336626,81.0,1.0,1
54265,31.0,1.0,1.0,0.0,0.0,0.0,98.01186355007623,101.33333333333333,207.0,43.0,35.76,13.83,13543.36752,75.0,2.0,1
54267,67.0,1.0,0.0,0.0,0.0,1.0,76.11738382746049,113.33333333333333,203.0,61.0,25.1,4.25,63755.08114,81.0,2.0,1
54270,66.0,0.0,0.0,1.0,0.0,1.0,94.51207524089178,142.66666666666666,181.0,48.0,28.14,15.86,8929.074332,83.0,1.0,1
54279,57.0,0.0,0.0,0.0,0.0,0.0,100.29479212866424,126.0,224.0,49.0,31.56,8.39,19905.406168,83.0,1.0,1
54287,51.0,1.0,1.0,0.0,0.0,0.0,105.00826104510543,100.0,153.0,59.0,16.66,20.6,21807.264957,83.0,2.0,1
54288,57.0,1.0,0.0,0.0,1.0,1.0,60.585478047509376,140.66666666666666,237.0,41.0,29.73,15.98,25086.627681,81.0,2.0,1
54290,43.0,1.0,1.0,0.0,1.0,0.0,92.31263671757385,137.33333333333334,214.0,47.0,36.54,8.52,26102.697054,78.0,1.0,1
54291,57.0,0.0,0.0,1.0,0.0,0.0,99.61641579295177,136.66666666666666,301.0,63.0,32.32,10.09,22997.291583,81.0,2.0,1
54292,56.0,1.0,0.0,0.0,0.0,0.0,77.08162705467984,172.0,238.0,46.0,41.81,30.25,103488.211736,76.0,2.0,1
54301,45.0,0.0,0.0,0.0,0.0,0.0,109.59529153719785,125.33333333333333,218.0,41.0,30.4,5.56,20849.684194,87.0,2.0,1
54302,40.0,0.0,0.0,0.0,0.0,0.0,98.75903065584406,126.66666666666667,235.0,72.0,28.17,1.78,28613.871158,83.0,2.0,1
54303,56.0,1.0,0.0,0.0,0.0,0.0,87.73594743984256,124.66666666666667,180.0,59.0,21.56,48.44,29830.589625,75.0,2.0,0
54304,38.0,1.0,0.0,0.0,0.0,0.0,117.75103814504187,123.33333333333333,225.0,35.0,24.55,5.35,58615.208279,86.0,2.0,1
54306,39.0,0.0,0.0,0.0,1.0,0.0,120.72517977779978,144.0,142.0,29.0,43.73,2.77,32878.174859,81.0,2.0,1
54310,50.0,0.0,0.0,0.0,0.0,0.0,102.67845031159472,131.33333333333334,256.0,65.0,28.44,2.55,92447.874289,76.0,2.0,1
54312,48.0,1.0,0.0,1.0,0.0,0.0,115.070687477469,110.0,170.0,65.0,27.27,14.72,14251.534831,85.0,2.0,1
54317,64.0,0.0,0.0,0.0,0.0,0.0,59.15468034263472,146.66666666666666,244.0,52.0,25.09,8.38,58107.758234,81.0,2.0,1
54319,43.0,0.0,1.0,0.0,1.0,0.0,95.77144262118296,117.33333333333333,247.0,27.0,34.85,5.48,20202.943323,76.0,1.0,1
54324,50.0,0.0,0.0,1.0,1.0,0.0,117.60276293738826,128.0,220.0,47.0,33.4,9.22,15296.649112,82.0,2.0,1
54325,65.0,1.0,0.0,1.0,1.0,1.0,65.6591916769494,130.0,145.0,40.0,28.77,700.0,6323.300843,88.0,1.0,1
54326,36.0,1.0,0.0,0.0,0.0,0.0,118.28639991589417,101.33333333333333,174.0,50.0,29.39,7.45,21978.976335,82.0,2.0,1
54337,49.0,1.0,0.0,0.0,0.0,0.0,94.50358041953963,109.33333333333333,232.0,36.0,28.63,6.42,17883.832937,76.0,1.0,1
54339,52.0,1.0,1.0,0.0,0.0,0.0,108.81754993192841,110.0,168.0,53.0,25.05,6.67,105631.466784,77.0,2.0,0
54346,66.0,1.0,0.0,0.0,0.0,0.0,109.08738362017512,114.0,179.0,56.0,30.45,7.22,6950.891576,77.0,2.0,1
54349,37.0,0.0,1.0,0.0,0.0,0.0,101.85228674202568,152.66666666666666,206.0,49.0,26.65,10.19,14122.836195,80.0,1.0,1
54354,60.0,0.0,0.0,0.0,1.0,0.0,91.6327190932268,136.66666666666666,235.0,25.0,30.92,7.63,70005.845559,80.0,2.0,1
54356,55.0,1.0,0.0,0.0,1.0,0.0,71.66014178371597,132.0,216.0,92.0,25.53,3.61,30561.066068,83.0,2.0,1
54357,45.0,1.0,0.0,0.0,0.0,0.0,116.69045604618579,129.33333333333334,200.0,61.0,28.83,6.06,15909.284279,88.0,1.0,1
54358,62.0,1.0,0.0,1.0,1.0,0.0,87.16360101675303,115.33333333333333,183.0,81.0,40.09,65.45,12727.810827,84.0,2.0,1
54363,54.0,1.0,0.0,0.0,0.0,1.0,96.08465416619245,128.0,229.0,68.0,28.86,6.04,14770.594178,87.0,1.0,1
54364,61.0,0.0,1.0,0.0,0.0,0.0,100.3103263877649,142.0,237.0,43.0,29.49,24.0,22753.03919,83.0,2.0,1
54367,45.0,1.0,0.0,0.0,1.0,0.0,86.04753873445065,117.33333333333333,260.0,61.0,38.92,3.77,18096.820742,85.0,2.0,1
54368,33.0,1.0,0.0,0.0,0.0,0.0,94.04118893479752,99.33333333333333,165.0,34.0,35.43,3.92,16637.651093,76.0,2.0,1
54370,46.0,0.0,1.0,1.0,0.0,0.0,98.72054105015717,138.66666666666666,181.0,57.0,38.71,11.21,21720.506558,81.0,1.0,1
54378,65.0,1.0,0.0,0.0,1.0,0.0,96.25191088176868,125.33333333333333,231.0,84.0,27.62,11.43,67032.592835,85.0,2.0,1
54381,37.0,1.0,1.0,0.0,0.0,0.0,83.32964914781554,138.66666666666666,218.0,23.0,28.89,7.65,18680.399242,75.0,2.0,1
54391,37.0,1.0,0.0,0.0,0.0,0.0,115.37618543682674,102.0,153.0,74.0,19.61,23.22,19444.28278,87.0,2.0,1
54395,38.0,0.0,1.0,0.0,0.0,0.0,117.51981383045481,140.66666666666666,134.0,34.0,41.89,9.62,13787.472062,88.0,1.0,1
54397,52.0,1.0,1.0,1.0,1.0,0.0,91.33149927380364,122.0,250.0,58.0,27.17,7.0,24964.637383,82.0,2.0,1
54399,47.0,1.0,0.0,1.0,0.0,0.0,123.52178457459196,126.0,281.0,33.0,31.12,5.59,16675.957415,85.0,1.0,1
54401,52.0,0.0,0.0,1.0,0.0,0.0,48.2461780749709,110.0,153.0,49.0,24.59,1601.94,12887.255838,81.0,1.0,1
54407,30.0,0.0,0.0,0.0,0.0,0.0,86.00547403716448,113.33333333333333,180.0,44.0,30.19,4.16,32172.139568,81.0,2.0,1
54415,40.0,0.0,1.0,0.0,0.0,1.0,112.65351914476398,101.33333333333333,299.0,22.0,28.76,17.81,79066.362267,80.0,2.0,1
54416,52.0,1.0,0.0,0.0,0.0,0.0,70.30853181505444,103.33333333333333,236.0,38.0,42.84,10.51,22498.50756,77.0,1.0,1
54418,46.0,1.0,1.0,0.0,0.0,0.0,108.32495180907185,102.0,242.0,52.0,41.54,6.04,69167.196066,84.0,2.0,1
54419,53.0,0.0,0.0,0.0,0.0,0.0,75.3141131242185,114.66666666666667,212.0,60.0,34.99,5.65,25034.303586,78.0,2.0,1
54421,61.0,1.0,0.0,0.0,0.0,0.0,102.89395838018297,150.66666666666666,163.0,60.0,28.05,47.67,22769.495307,87.0,2.0,1
54422,42.0,1.0,1.0,1.0,0.0,0.0,118.88809273048041,121.0,241.0,31.0,36.3,23.67,19502.935565,81.0,1.0,1
54429,31.0,1.0,0.0,0.0,0.0,0.0,120.6407782830614,101.33333333333333,204.0,56.0,23.34,3.85,13543.36752,80.0,1.0,0
54430,47.0,0.0,0.0,0.0,0.0,0.0,107.09949207940325,108.0,166.0,32.0,32.62,4.71,61727.606346,86.0,3.0,1
54432,71.0,1.0,0.0,1.0,1.0,1.0,89.33383337589149,160.66666666666666,182.0,48.0,34.24,20.11,15553.107018,75.0,1.0,0
54433,47.0,1.0,1.0,0.0,0.0,0.0,95.686413764474,139.33333333333334,162.0,50.0,23.48,4.94,83446.970885,80.0,2.0,1
54439,63.0,0.0,0.0,1.0,1.0,1.0,106.88216889569934,144.0,180.0,53.0,27.69,3.81,6580.447866,87.0,1.0,1
54441,45.0,1.0,0.0,0.0,0.0,0.0,101.61623497648871,113.33333333333333,166.0,59.0,30.94,7.07,34814.591257,87.0,2.0,1
54443,47.0,1.0,0.0,0.0,1.0,0.0,82.6448974307473,124.0,208.0,57.0,28.82,4.13,79088.217729,77.0,1.0,1
54444,50.0,1.0,1.0,0.0,0.0,0.0,105.29760114914401,130.0,204.0,46.0,31.0,3.04,26047.980138,83.0,2.0,1
54449,43.0,1.0,1.0,0.0,0.0,0.0,74.3561846766193,100.0,166.0,51.0,15.98,9.88,85773.925002,77.0,1.0,1
54450,47.0,1.0,0.0,1.0,1.0,0.0,113.20792057658915,107.33333333333333,241.0,57.0,32.43,7.3,21698.029982,87.0,1.0,1
54451,44.0,1.0,0.0,1.0,0.0,0.0,93.118117274328,128.66666666666666,201.0,41.0,30.38,3.75,17361.209897,86.0,2.0,0
54458,41.0,1.0,0.0,1.0,0.0,0.0,114.22340462144503,125.33333333333333,216.0,37.0,32.67,18.19,15149.357206,88.0,1.0,1
54459,41.0,1.0,0.0,0.0,0.0,0.0,104.17586855243808,115.33333333333333,179.0,97.0,27.75,4.31,59173.068083,80.0,1.0,1
54463,68.0,1.0,0.0,0.0,0.0,0.0,96.20100180245817,142.0,208.0,43.0,32.36,8.03,61415.309874,76.0,1.0,1
54464,46.0,1.0,0.0,0.0,0.0,0.0,111.59035138595583,125.33333333333333,298.0,76.0,32.25,10.41,66647.273602,83.0,1.0,1
54466,54.0,1.0,0.0,0.0,0.0,0.0,87.50323528498794,96.0,227.0,49.0,31.38,3.18,14378.292026,78.0,2.0,1
54471,31.0,1.0,0.0,0.0,0.0,0.0,109.08919915591581,103.33333333333333,219.0,55.0,25.76,13.46,25936.820943,87.0,1.0,1
54472,39.0,1.0,0.0,0.0,1.0,0.0,83.39810787745786,168.0,202.0,72.0,28.24,34.4,36084.51781,78.0,2.0,0
54474,33.0,0.0,0.0,0.0,0.0,0.0,95.03401262959221,130.0,170.0,51.0,26.77,3.13,33128.491208,77.0,2.0,1
54475,35.0,0.0,0.0,0.0,0.0,0.0,116.62777012572678,120.0,250.0,34.0,46.58,11.23,21769.249489,86.0,3.0,1
54476,46.0,1.0,0.0,0.0,0.0,0.0,80.9230322511963,135.33333333333334,208.0,42.0,31.58,2.97,73624.439794,80.0,2.0,1
54478,43.0,0.0,0.0,0.0,1.0,0.0,116.74713576384794,140.66666666666666,183.0,53.0,43.29,27.8,26922.572009,80.0,2.0,1
54482,50.0,1.0,0.0,1.0,0.0,0.0,108.84854165469638,113.33333333333333,163.0,33.0,30.98,5.44,21678.824091,86.0,1.0,1
54484,51.0,0.0,1.0,0.0,0.0,0.0,100.71231427883406,132.0,197.0,27.0,26.16,3.53,92005.247878,76.0,2.0,1
54485,31.0,1.0,0.0,0.0,0.0,0.0,110.8605951931603,121.33333333333333,190.0,60.0,24.36,195.65,28942.626204,79.0,1.0,1
54486,36.0,0.0,1.0,0.0,0.0,0.0,89.22198071005022,121.33333333333333,174.0,37.0,41.19,3.18,15307.30365,76.0,2.0,1
54487,45.0,0.0,0.0,0.0,1.0,0.0,99.33642689691806,131.33333333333334,257.0,25.0,33.36,11.68,72486.78935,85.0,1.0,1
54491,63.0,0.0,0.0,0.0,0.0,0.0,94.7035385987119,149.0,193.0,42.0,58.18,198.57,63106.006013,81.0,1.0,1
54493,51.0,1.0,0.0,0.0,0.0,0.0,102.87861272163943,118.0,188.0,62.0,27.62,6.91,12139.213408,86.0,2.0,1
54498,33.0,1.0,0.0,0.0,0.0,0.0,101.2280206180837,123.33333333333333,234.0,79.0,32.22,4.57,36330.97264,83.0,2.0,1
54503,43.0,0.0,0.0,0.0,0.0,0.0,89.3036050407381,119.33333333333333,186.0,45.0,27.18,15.73,77775.512186,75.0,2.0,1
54509,60.0,0.0,0.0,1.0,1.0,1.0,82.2013392240601,115.33333333333333,155.0,27.0,41.11,3.8,62997.695381,78.0,2.0,1
54516,70.0,0.0,0.0,0.0,0.0,1.0,95.56869799603585,132.0,195.0,36.0,25.78,15.71,31722.475671,76.0,1.0,1
54519,61.0,0.0,0.0,0.0,0.0,0.0,71.65859778117311,108.0,202.0,63.0,29.53,5.36,8268.669572,85.0,1.0,1
54523,68.0,1.0,0.0,1.0,0.0,1.0,96.93990085379212,120.66666666666667,165.0,69.0,27.77,39.11,6912.351852,81.0,1.0,1
54524,41.0,1.0,0.0,0.0,0.0,0.0,115.57441982189357,122.66666666666667,222.0,47.0,35.15,5.08,15510.135957,82.0,1.0,1
54528,39.0,1.0,1.0,0.0,0.0,0.0,116.09988547413573,100.66666666666667,216.0,54.0,39.75,4.31,82513.077868,75.0,2.0,1
54532,61.0,1.0,0.0,0.0,0.0,1.0,96.6751875819617,123.33333333333333,186.0,59.0,27.31,50.51,82542.952894,75.0,2.0,1
54534,30.0,1.0,1.0,0.0,0.0,0.0,94.46122347763875,122.0,199.0,61.0,23.96,4.36,18759.085729,80.0,2.0,0
54539,59.0,1.0,0.0,1.0,0.0,1.0,90.20918233057064,110.0,159.0,77.0,32.52,10.52,23163.995303,77.0,1.0,1
54540,47.0,0.0,0.0,1.0,1.0,0.0,109.03111215471887,112.66666666666667,177.0,36.0,56.21,8.89,19841.964464,86.0,1.0,1
54542,49.0,0.0,0.0,0.0,0.0,0.0,58.109773423401144,131.33333333333334,239.0,44.0,22.28,287.18,96920.658773,83.0,2.0,1
54544,53.0,1.0,0.0,0.0,0.0,0.0,104.0757224531032,105.33333333333333,205.0,60.0,36.19,2.56,99626.593895,79.0,2.0,1
54546,35.0,0.0,0.0,0.0,0.0,0.0,115.00071739733562,130.0,197.0,23.0,38.09,3.83,57230.152048,76.0,2.0,1
54550,50.0,0.0,1.0,0.0,0.0,0.0,92.8040100997416,128.66666666666666,169.0,44.0,33.17,5.0,68871.178599,86.0,3.0,1
54551,47.0,0.0,0.0,1.0,1.0,1.0,112.00920736127244,143.33333333333334,173.0,39.0,41.63,77.31,24916.151745,87.0,1.0,1
54553,61.0,0.0,0.0,0.0,0.0,0.0,89.92747782808695,118.0,221.0,48.0,25.06,3.01,61916.952446,77.0,2.0,1
54556,33.0,1.0,0.0,0.0,0.0,0.0,120.98728853825644,108.0,243.0,50.0,25.88,20.26,23669.698792,82.0,2.0,1
54558,66.0,1.0,0.0,1.0,0.0,0.0,98.15322786929202,125.33333333333333,255.0,42.0,25.62,11.89,6610.418824,85.0,2.0,0
54560,72.0,1.0,0.0,1.0,0.0,0.0,47.6180398368047,108.66666666666667,205.0,59.0,26.73,5.24,35645.410956,80.0,1.0,1
54564,34.0,0.0,0.0,0.0,0.0,0.0,120.48004613378063,113.33333333333333,206.0,41.0,28.7,6.91,35121.28555,82.0,2.0,1
54566,67.0,1.0,1.0,0.0,1.0,0.0,58.23604024069564,119.33333333333333,202.0,47.0,21.67,4.04,64992.272554,81.0,2.0,1
54569,58.0,0.0,0.0,0.0,0.0,0.0,87.24105633198027,109.33333333333333,217.0,40.0,22.89,3.64,16985.579902,89.0,2.0,0
54574,66.0,1.0,0.0,0.0,0.0,0.0,53.65693630295519,124.0,138.0,60.0,37.58,1.16,79504.28538,83.0,2.0,1
54575,41.0,0.0,0.0,0.0,0.0,0.0,107.17479258271909,120.0,159.0,40.0,34.81,3.82,32333.206704,75.0,1.0,1
54577,44.0,1.0,0.0,0.0,0.0,0.0,99.02979047617373,110.0,202.0,96.0,21.15,5.0,70388.427325,86.0,2.0,1
54586,37.0,0.0,0.0,0.0,0.0,0.0,99.41274708149578,128.66666666666666,223.0,49.0,29.01,5.47,23603.166717,79.0,1.0,1
54587,37.0,1.0,1.0,0.0,1.0,0.0,98.74081658512173,112.66666666666667,171.0,50.0,33.97,7.01,59274.593748,86.0,2.0,0
54589,75.0,0.0,0.0,0.0,0.0,0.0,32.037958911395314,124.66666666666667,133.0,31.0,31.8,2.76,45746.206431,75.0,1.0,1
54598,37.0,1.0,0.0,0.0,0.0,0.0,117.55302423641562,116.0,164.0,63.0,24.03,4.0,19933.667798,85.0,1.0,1
54603,31.0,1.0,0.0,0.0,0.0,0.0,122.50159940945234,101.33333333333333,170.0,74.0,23.97,8.0,21700.507207,86.0,1.0,1
54607,70.0,0.0,0.0,0.0,1.0,0.0,80.96714473557303,142.0,208.0,50.0,34.32,50.58,12115.199838,75.0,1.0,1
54613,54.0,0.0,0.0,0.0,1.0,0.0,109.02727335785482,149.33333333333334,293.0,97.0,29.65,14.49,17971.703799,80.0,1.0,1
54615,43.0,1.0,1.0,0.0,0.0,0.0,72.55727186486953,112.0,142.0,57.0,20.31,4.13,28229.910621,75.0,1.0,1
54616,53.0,1.0,0.0,0.0,1.0,0.0,107.69827503883357,100.66666666666667,160.0,37.0,36.11,6.02,14954.183081,78.0,2.0,0
54618,44.0,0.0,0.0,0.0,0.0,0.0,79.64993663857311,115.33333333333333,211.0,88.0,26.99,3.24,81895.402401,77.0,1.0,1
54619,39.0,1.0,0.0,0.0,0.0,0.0,105.47976297119224,108.66666666666667,169.0,55.0,31.45,8.13,23007.095535,83.0,2.0,0
54620,75.0,1.0,0.0,0.0,1.0,1.0,74.54771097397452,112.66666666666667,158.0,68.0,31.45,27.85,18888.767065,80.0,1.0,1
54628,75.0,1.0,0.0,0.0,1.0,0.0,63.27869459127227,113.33333333333333,223.0,77.0,25.41,6.71,35983.714165,85.0,1.0,1
54629,70.0,0.0,0.0,0.0,1.0,0.0,88.33428256148879,130.0,209.0,84.0,24.61,28.13,9040.211166,77.0,1.0,1
54631,64.0,0.0,0.0,1.0,1.0,0.0,98.45609819703205,170.66666666666666,206.0,42.0,26.75,5.31,7327.840584,82.0,1.0,1
54632,49.0,1.0,0.0,0.0,0.0,0.0,69.89963363007564,190.0,253.0,60.0,31.93,32.33,17774.63945,85.0,2.0,1
54634,72.0,0.0,0.0,0.0,1.0,0.0,74.56581531653582,157.33333333333334,209.0,35.0,24.86,11.28,31716.126453,85.0,1.0,1
54636,34.0,0.0,0.0,0.0,0.0,0.0,98.90651315078676,108.0,152.0,53.0,20.45,6.88,16612.722955,86.0,2.0,1
54641,41.0,0.0,1.0,0.0,0.0,0.0,104.44427033310565,100.0,225.0,45.0,40.01,1.18,13659.3528,89.0,2.0,1
54642,68.0,0.0,0.0,0.0,1.0,0.0,68.6058662774054,188.66666666666666,201.0,51.0,25.71,77.46,8652.260078,75.0,1.0,1
54643,41.0,1.0,0.0,0.0,0.0,0.0,111.35957009664503,112.66666666666667,223.0,48.0,22.96,12.91,76603.798386,77.0,1.0,0
54644,31.0,1.0,0.0,1.0,0.0,0.0,133.27244074182047,122.0,152.0,33.0,31.28,63.61,34219.951101,75.0,1.0,1
54645,59.0,0.0,0.0,0.0,1.0,1.0,63.28312034857613,126.0,214.0,43.0,33.67,50.7,22647.295921,76.0,1.0,1
54646,64.0,1.0,0.0,0.0,0.0,0.0,78.6734704571138,132.66666666666666,275.0,46.0,22.51,10.5,8175.297589,83.0,1.0,1
54647,39.0,0.0,0.0,0.0,0.0,0.0,116.79119098470599,110.0,236.0,40.0,32.41,8.39,26355.394432,86.0,2.0,1
54651,43.0,0.0,0.0,0.0,0.0,0.0,86.36230633311139,126.0,220.0,40.0,29.73,3.16,69480.454154,79.0,1.0,1
54659,45.0,1.0,0.0,0.0,0.0,0.0,95.39544540914022,101.33333333333333,181.0,56.0,20.15,3.0,21420.29799,78.0,2.0,1
54660,54.0,0.0,1.0,0.0,0.0,0.0,90.52378663211127,140.66666666666666,175.0,59.0,27.32,43.85,91372.94023,77.0,1.0,1
54663,72.0,0.0,0.0,0.0,1.0,1.0,48.38319053388574,147.33333333333334,135.0,41.0,30.32,13.2,15548.835179,83.0,2.0,1
54665,41.0,0.0,1.0,0.0,0.0,0.0,80.31839296759426,113.33333333333333,237.0,37.0,31.21,8.71,32185.696993,75.0,2.0,0
54669,70.0,0.0,1.0,1.0,1.0,0.0,80.96714473557303,110.0,158.0,25.0,25.97,2.88,34061.139515,77.0,1.0,1
54675,49.0,1.0,0.0,0.0,0.0,0.0,76.32938094900652,121.33333333333333,271.0,57.0,29.79,3.96,76603.798386,76.0,2.0,1
54679,39.0,0.0,0.0,0.0,0.0,0.0,97.01846770036433,108.0,200.0,43.0,34.48,2.65,79303.669349,79.0,2.0,1
54683,43.0,0.0,0.0,1.0,0.0,0.0,114.83063179255277,125.33333333333333,170.0,46.0,36.05,11.05,18710.928533,86.0,2.0,1
54692,47.0,0.0,0.0,0.0,1.0,1.0,106.73047899342701,116.0,180.0,40.0,27.37,7.26,80126.824664,77.0,1.0,1
54702,45.0,1.0,1.0,0.0,0.0,0.0,92.54078494722717,94.66666666666667,246.0,80.0,19.65,2.38,23499.838461,80.0,2.0,1
54704,60.0,1.0,1.0,0.0,0.0,0.0,89.6498854001211,110.0,242.0,41.0,31.4,7.41,67460.906625,76.0,1.0,1
54708,31.0,0.0,1.0,0.0,0.0,0.0,117.49586014446653,114.66666666666667,177.0,53.0,18.52,4.19,68055.064666,86.0,1.0,1
54711,41.0,0.0,0.0,0.0,0.0,0.0,116.26788421940397,123.33333333333333,163.0,62.0,26.8,5.69,18834.609067,85.0,1.0,1
54713,48.0,0.0,0.0,0.0,0.0,0.0,112.69555948032668,126.0,171.0,42.0,43.76,17.71,14144.8703,80.0,1.0,1
54717,51.0,1.0,1.0,0.0,0.0,0.0,101.16635950138888,132.66666666666666,196.0,44.0,40.4,21.04,31093.010508,83.0,1.0,0
54719,35.0,1.0,0.0,0.0,0.0,0.0,116.8202661662569,136.0,211.0,59.0,28.39,4.13,21275.206694,84.0,1.0,1
54720,66.0,1.0,1.0,1.0,0.0,0.0,99.33347957826669,106.66666666666667,271.0,39.0,29.65,94.31,5704.537759,89.0,2.0,1
54732,36.0,1.0,0.0,0.0,1.0,0.0,118.28639991589417,116.66666666666667,200.0,59.0,48.28,3.47,23007.095535,83.0,2.0,1
54733,56.0,0.0,1.0,0.0,0.0,0.0,103.8675723320331,130.66666666666666,230.0,80.0,21.01,5.0,14779.061563,75.0,1.0,1
54734,65.0,0.0,0.0,0.0,0.0,0.0,93.5328551241116,130.66666666666666,190.0,34.0,24.5,4.57,52696.446317,80.0,1.0,1
54740,51.0,1.0,0.0,0.0,0.0,0.0,107.75060076297935,97.33333333333333,138.0,65.0,19.68,6.5,108048.508847,79.0,2.0,1
54743,78.0,1.0,0.0,0.0,0.0,0.0,76.51655406885567,154.0,306.0,47.0,25.57,8.46,34966.865728,80.0,1.0,0
54746,40.0,0.0,0.0,0.0,0.0,0.0,93.0891457489064,122.66666666666667,178.0,26.0,29.41,3.33,84551.439388,76.0,2.0,1
54750,49.0,1.0,0.0,0.0,0.0,0.0,106.32257392199661,102.0,198.0,61.0,26.63,6.15,69026.344877,88.0,1.0,1
54752,66.0,1.0,0.0,0.0,0.0,1.0,89.17475816818774,108.0,201.0,69.0,26.64,7.5,58200.832529,76.0,1.0,1
54757,63.0,1.0,0.0,1.0,1.0,1.0,99.61687963349655,134.66666666666666,181.0,61.0,30.94,17.27,8780.848777,75.0,1.0,1
54758,71.0,1.0,0.0,0.0,0.0,1.0,83.7218189385857,108.0,163.0,71.0,20.74,7.66,34310.671701,88.0,2.0,1
54759,34.0,1.0,1.0,0.0,0.0,0.0,105.3843050851688,121.33333333333333,192.0,49.0,28.2,2.41,32176.069511,84.0,2.0,1
54761,43.0,1.0,0.0,0.0,0.0,0.0,119.27306705594444,137.33333333333334,194.0,31.0,28.53,14.26,14401.4831,86.0,3.0,1
54770,35.0,0.0,0.0,0.0,0.0,0.0,115.80192645862395,121.33333333333333,283.0,21.0,25.79,8.06,19201.077114,80.0,1.0,0
54771,65.0,1.0,0.0,1.0,1.0,1.0,94.29984807642703,90.66666666666667,295.0,44.0,32.83,212.09,7445.892557,82.0,2.0,1
54773,40.0,1.0,0.0,0.0,0.0,0.0,114.93600787024052,112.66666666666667,202.0,37.0,30.9,12.44,19502.935565,81.0,1.0,1
54779,54.0,0.0,0.0,0.0,0.0,0.0,102.53694126719333,106.66666666666667,183.0,41.0,27.81,5.99,102596.475739,79.0,2.0,1
54780,72.0,0.0,0.0,0.0,1.0,1.0,69.79835414050893,109.33333333333333,180.0,90.0,22.72,4.51,31112.378995,85.0,1.0,1
54784,65.0,1.0,0.0,1.0,0.0,1.0,75.98332613326322,115.33333333333333,199.0,77.0,27.32,10.35,60234.151229,85.0,1.0,1
54787,30.0,0.0,0.0,0.0,0.0,0.0,102.60380803210388,109.33333333333333,197.0,51.0,29.23,1.7,65732.423367,76.0,2.0,1
54790,54.0,0.0,0.0,0.0,0.0,0.0,101.83554461591875,126.0,200.0,63.0,30.08,4.23,18163.356744,78.0,1.0,1
54791,48.0,1.0,1.0,0.0,0.0,0.0,113.49643599580628,108.0,240.0,70.0,25.92,5.06,19571.059856,79.0,1.0,1
54794,59.0,0.0,0.0,0.0,0.0,1.0,98.71754636500404,112.66666666666667,139.0,40.0,29.72,5.06,90382.442658,79.0,1.0,1
54800,41.0,0.0,0.0,0.0,0.0,0.0,100.58007691145434,111.33333333333333,252.0,51.0,28.9,3.04,93833.198076,79.0,2.0,1
54802,60.0,0.0,0.0,0.0,0.0,0.0,70.64159418675817,144.0,183.0,76.0,24.85,7.17,19306.388893,81.0,2.0,1
54803,63.0,0.0,0.0,1.0,1.0,0.0,74.61537104360292,142.66666666666666,135.0,33.0,33.2,17.21,56375.402097,88.0,1.0,1
54808,77.0,0.0,0.0,0.0,0.0,0.0,78.45841633093849,154.66666666666666,176.0,51.0,32.69,18.5,31431.350966,77.0,1.0,1
54810,63.0,1.0,0.0,1.0,1.0,0.0,110.48239924805628,127.33333333333333,202.0,60.0,28.1,8.8,5302.202469,88.0,1.0,1
54812,63.0,1.0,0.0,0.0,0.0,0.0,47.5180446798706,112.66666666666667,280.0,46.0,37.46,7.95,26351.123265,79.0,2.0,1
54813,66.0,0.0,0.0,0.0,1.0,0.0,81.05739616261003,110.0,266.0,47.0,,240.82,19243.44915,87.0,2.0,1
54816,32.0,1.0,0.0,0.0,0.0,0.0,111.98679868928619,98.66666666666667,186.0,58.0,23.46,4.01,25247.94746,78.0,2.0,1
54818,34.0,1.0,0.0,0.0,0.0,0.0,117.54907040275397,112.0,182.0,62.0,23.51,17.11,22183.518983,85.0,2.0,1
54820,43.0,0.0,1.0,0.0,0.0,0.0,113.92159500270472,122.0,154.0,30.0,34.09,7.43,81895.402401,77.0,1.0,1
54821,58.0,1.0,1.0,0.0,0.0,1.0,103.56536832129218,149.33333333333334,225.0,42.0,33.97,5.11,24911.53081,77.0,1.0,1
54822,73.0,0.0,0.0,1.0,1.0,1.0,59.09542196426624,132.0,143.0,35.0,,1.74,12298.73433,83.0,2.0,1
54825,40.0,0.0,0.0,0.0,0.0,0.0,82.5090608178403,114.0,164.0,44.0,36.85,6.76,27028.404053,75.0,2.0,1
54826,65.0,0.0,0.0,0.0,0.0,0.0,96.431644546097,141.33333333333334,194.0,48.0,30.41,13.33,6649.123831,85.0,1.0,1
54829,50.0,1.0,0.0,0.0,0.0,0.0,95.40251300571889,115.33333333333333,194.0,69.0,33.48,1.36,106549.309737,76.0,2.0,1
54834,75.0,1.0,1.0,0.0,0.0,0.0,43.2815976288774,109.33333333333333,188.0,65.0,13.18,43.45,17688.99721,88.0,2.0,1
54846,45.0,0.0,0.0,0.0,0.0,0.0,120.12183292698573,118.0,217.0,55.0,35.01,4.3,15845.945448,86.0,3.0,1
54847,31.0,0.0,0.0,0.0,0.0,0.0,104.44457496632711,118.0,239.0,93.0,17.32,5.76,29521.921912,79.0,1.0,0
54861,63.0,1.0,0.0,1.0,1.0,1.0,68.18197896789513,105.33333333333333,198.0,53.0,37.82,7.03,54357.656009,76.0,2.0,1
54862,58.0,0.0,1.0,0.0,1.0,1.0,88.29958896613265,131.33333333333334,219.0,48.0,26.58,3.94,24081.683608,83.0,2.0,0
54866,67.0,0.0,0.0,1.0,1.0,0.0,88.85020267956338,114.0,154.0,47.0,31.6,34.27,68602.369519,83.0,1.0,1
54867,62.0,1.0,1.0,0.0,0.0,0.0,74.25827008444861,143.33333333333334,238.0,64.0,25.07,5.43,54030.555012,89.0,2.0,1
54869,53.0,1.0,0.0,0.0,0.0,0.0,99.91578547843089,118.66666666666667,188.0,58.0,41.49,4.6,104944.339751,79.0,2.0,1
54870,38.0,0.0,0.0,0.0,0.0,0.0,92.12426352112466,126.66666666666667,197.0,39.0,23.35,3.76,26851.630694,84.0,2.0,1
54874,73.0,0.0,1.0,1.0,1.0,1.0,95.28565563516416,146.0,167.0,63.0,22.02,15.5,9611.003247,81.0,1.0,1
54875,60.0,0.0,0.0,0.0,0.0,0.0,84.13926117487384,138.66666666666666,205.0,72.0,26.96,6.53,9965.448553,84.0,2.0,1
54881,78.0,0.0,0.0,0.0,1.0,0.0,65.82864898206702,114.0,197.0,43.0,,19.04,32931.023461,79.0,2.0,1
54887,39.0,0.0,1.0,0.0,0.0,0.0,117.25316687209838,118.66666666666667,157.0,28.0,24.24,2.88,21306.780287,82.0,2.0,1
54891,64.0,0.0,0.0,0.0,1.0,0.0,71.06855111296755,139.33333333333334,176.0,71.0,32.09,12.39,10650.831373,81.0,1.0,1
54892,61.0,0.0,0.0,0.0,0.0,0.0,99.57413337962339,145.33333333333334,190.0,62.0,21.06,2.56,58644.199424,75.0,2.0,1
54895,39.0,0.0,0.0,0.0,0.0,0.0,114.59310911938168,104.66666666666667,245.0,50.0,27.05,3.81,33958.460784,87.0,1.0,1
54901,44.0,1.0,0.0,0.0,0.0,0.0,87.82274910479485,118.0,246.0,35.0,34.07,2.78,18892.431453,79.0,2.0,1
54902,57.0,1.0,0.0,0.0,0.0,0.0,65.70963763906569,117.33333333333333,172.0,48.0,23.05,8.97,15819.069717,82.0,2.0,1
54903,55.0,1.0,1.0,1.0,0.0,0.0,102.07360173472713,122.0,147.0,46.0,38.55,7.68,84925.255206,86.0,2.0,1
54907,39.0,1.0,0.0,0.0,0.0,0.0,114.36367430575635,106.0,164.0,68.0,33.61,3.04,23265.911378,83.0,2.0,1
54910,47.0,1.0,0.0,0.0,0.0,0.0,86.19935276025228,120.66666666666667,180.0,71.0,21.97,5.91,19602.337447,82.0,1.0,1
54913,46.0,1.0,0.0,0.0,0.0,0.0,104.36170362805939,127.33333333333333,207.0,61.0,31.42,3.97,13694.321614,86.0,2.0,1
54914,33.0,0.0,0.0,0.0,0.0,0.0,87.08839436784812,134.66666666666666,181.0,33.0,33.02,24.89,58442.291272,84.0,1.0,1
54919,38.0,0.0,0.0,0.0,0.0,0.0,114.06352221847904,127.33333333333333,200.0,31.0,22.79,14.46,33324.854365,77.0,2.0,1
54920,50.0,0.0,0.0,0.0,0.0,0.0,71.5225257011306,147.33333333333334,188.0,71.0,28.41,11.45,17126.695224,84.0,1.0,1
54923,60.0,0.0,0.0,0.0,1.0,0.0,80.34370627388408,141.33333333333334,231.0,36.0,44.73,8.45,6649.123831,85.0,1.0,1
54925,38.0,0.0,0.0,0.0,0.0,0.0,112.87493852858447,116.0,218.0,43.0,28.58,10.61,78224.972418,77.0,2.0,1
54926,62.0,0.0,0.0,0.0,0.0,1.0,68.37532283018858,138.66666666666666,226.0,34.0,27.8,3.07,21573.134446,75.0,2.0,1
54927,71.0,1.0,0.0,0.0,1.0,0.0,72.17999115209085,120.0,248.0,52.0,34.17,5.59,38087.107887,81.0,2.0,1
54932,55.0,0.0,0.0,1.0,0.0,0.0,103.36001908922017,170.66666666666666,301.0,55.0,33.9,46.57,10760.07565,78.0,1.0,1
54933,51.0,0.0,0.0,0.0,0.0,0.0,85.94108052628269,131.33333333333334,237.0,29.0,28.06,4.68,17577.44201,78.0,1.0,1
54935,60.0,0.0,0.0,0.0,1.0,0.0,72.85871239639745,144.0,179.0,34.0,25.1,124.54,51085.435406,85.0,1.0,1
54936,47.0,0.0,0.0,0.0,0.0,0.0,75.81857982292614,100.66666666666667,168.0,62.0,24.21,2.47,21063.174792,78.0,1.0,1
54939,30.0,1.0,0.0,0.0,0.0,0.0,120.51003965628063,106.0,202.0,72.0,20.65,5.98,54729.408706,79.0,1.0,1
54941,31.0,1.0,0.0,0.0,0.0,0.0,121.55285861570307,96.66666666666667,198.0,49.0,26.89,3.8,72970.112301,87.0,1.0,1
54943,65.0,0.0,0.0,1.0,1.0,1.0,57.246531938112206,128.0,159.0,70.0,25.3,2.48,8401.91118,82.0,2.0,1
54945,54.0,1.0,0.0,0.0,0.0,0.0,103.43045297389396,123.33333333333333,221.0,59.0,24.63,3.57,107298.217979,81.0,2.0,1
54948,72.0,1.0,0.0,0.0,0.0,0.0,77.0782659638998,134.0,184.0,36.0,38.42,6.8,38913.512966,76.0,2.0,1
54950,59.0,1.0,1.0,0.0,0.0,0.0,73.6437755565096,117.33333333333333,270.0,52.0,23.98,5.22,112421.513631,80.0,2.0,1
54952,40.0,1.0,1.0,0.0,0.0,1.0,110.16310870388523,104.0,173.0,48.0,26.96,6.25,19657.057397,80.0,2.0,0
54959,40.0,1.0,0.0,0.0,0.0,0.0,113.65461952506065,90.66666666666667,140.0,71.0,34.1,10.62,62258.351172,84.0,1.0,1
54963,39.0,1.0,0.0,0.0,0.0,0.0,82.29956469009588,114.66666666666667,280.0,60.0,40.12,13.77,35207.447574,83.0,2.0,0
54966,38.0,0.0,0.0,0.0,0.0,0.0,112.49041313696821,132.66666666666666,136.0,33.0,41.18,4.3,67850.729512,85.0,2.0,1
54968,37.0,0.0,0.0,0.0,0.0,0.0,87.71108843036512,116.0,213.0,30.0,36.41,1.29,56718.456118,81.0,2.0,1
54980,60.0,1.0,0.0,0.0,0.0,0.0,102.69341062358453,116.66666666666667,174.0,66.0,26.94,5.5,70094.328293,81.0,1.0,1
54982,44.0,0.0,0.0,0.0,0.0,0.0,102.51362652617065,103.33333333333333,199.0,60.0,,3.46,81895.402401,77.0,1.0,1
54987,37.0,1.0,1.0,0.0,0.0,0.0,108.55798958578825,116.0,175.0,65.0,28.98,6.89,22407.236696,81.0,2.0,1
54989,79.0,0.0,0.0,0.0,0.0,0.0,61.51517457044046,140.0,179.0,58.0,25.95,4.78,13827.829343,82.0,1.0,0
54990,69.0,1.0,0.0,0.0,1.0,0.0,66.53305155011657,144.66666666666666,260.0,62.0,27.54,11.33,63146.96853,85.0,2.0,1
55004,51.0,0.0,0.0,0.0,0.0,0.0,65.90257951737627,127.33333333333333,284.0,31.0,28.62,13.92,14654.521299,78.0,2.0,1
55006,47.0,0.0,0.0,0.0,0.0,0.0,103.24917879855684,130.66666666666666,237.0,46.0,30.14,6.38,81137.105672,82.0,1.0,1
55007,51.0,0.0,0.0,0.0,0.0,0.0,109.70090635637733,124.0,180.0,62.0,25.06,6.29,12062.264954,86.0,2.0,1
55014,67.0,1.0,0.0,0.0,0.0,0.0,101.30234328323394,160.0,260.0,67.0,50.09,80.87,6774.929441,85.0,2.0,0
55017,46.0,0.0,0.0,0.0,0.0,0.0,84.76590615392612,118.66666666666667,287.0,59.0,33.35,6.52,23942.905374,86.0,1.0,1
55019,65.0,0.0,0.0,1.0,1.0,0.0,77.01110041819436,117.33333333333333,162.0,33.0,36.18,9.63,9357.580369,75.0,1.0,1
55020,47.0,0.0,0.0,0.0,0.0,0.0,78.99408819621465,140.66666666666666,215.0,47.0,27.42,5.85,89170.762796,81.0,2.0,1
55021,35.0,0.0,0.0,0.0,0.0,0.0,89.77860808014712,118.0,185.0,48.0,25.24,3.52,23790.496586,84.0,1.0,1
55023,33.0,0.0,0.0,0.0,1.0,0.0,104.4178662775441,123.33333333333333,187.0,34.0,48.22,6.5,65701.278468,75.0,2.0,1
55026,42.0,0.0,0.0,0.0,0.0,0.0,112.06388632665438,116.0,224.0,50.0,26.49,4.07,23620.047773,77.0,2.0,1
55033,78.0,1.0,0.0,1.0,1.0,0.0,80.15518154767507,133.33333333333334,213.0,37.0,32.24,15.56,36908.458093,84.0,2.0,1
55035,52.0,1.0,0.0,0.0,0.0,0.0,104.35720982662576,122.66666666666667,239.0,33.0,33.39,3.41,18008.917501,75.0,1.0,1
55038,53.0,1.0,0.0,0.0,1.0,1.0,89.3882825421137,129.33333333333334,195.0,58.0,26.66,4.94,21842.228822,84.0,1.0,1
55044,79.0,1.0,0.0,0.0,0.0,0.0,47.46613511698927,142.66666666666666,241.0,62.0,26.46,10.93,38826.202591,81.0,2.0,1
55045,31.0,0.0,0.0,0.0,0.0,0.0,115.55758301252014,117.33333333333333,214.0,46.0,24.6,4.43,68643.200606,87.0,2.0,1
55047,64.0,1.0,1.0,1.0,0.0,0.0,82.2269222087342,119.33333333333333,290.0,46.0,40.76,12.19,83381.248558,82.0,2.0,1
55054,32.0,0.0,1.0,0.0,0.0,0.0,125.0136162199124,114.66666666666667,215.0,28.0,27.82,4.25,69862.627307,79.0,1.0,1
55055,39.0,0.0,1.0,0.0,0.0,0.0,92.60040812740436,108.66666666666667,182.0,48.0,25.72,6.62,83194.20108,83.0,1.0,1
55057,71.0,1.0,0.0,1.0,1.0,1.0,61.708313204888555,148.0,196.0,67.0,30.8,8.29,14320.924466,77.0,1.0,1
55058,58.0,0.0,0.0,0.0,0.0,0.0,85.19237179030196,133.33333333333334,204.0,35.0,29.86,6.19,10549.18737,87.0,2.0,1
55059,52.0,0.0,0.0,0.0,0.0,0.0,107.720159681458,101.33333333333333,220.0,55.0,24.94,4.65,24026.871545,77.0,2.0,1
55063,55.0,0.0,1.0,0.0,0.0,1.0,80.15158975107062,106.0,170.0,43.0,22.28,6.43,24836.709619,83.0,1.0,1
55072,60.0,1.0,0.0,1.0,0.0,1.0,97.27831312332631,110.66666666666667,208.0,31.0,34.09,7.79,8567.6299,75.0,1.0,1
55073,52.0,1.0,1.0,1.0,1.0,1.0,102.24076532276526,100.66666666666667,184.0,56.0,37.39,7.76,21900.528534,76.0,1.0,1
55075,35.0,0.0,0.0,0.0,0.0,0.0,116.62777012572678,116.66666666666667,228.0,43.0,26.21,2.7,23709.472842,88.0,2.0,0
55079,50.0,0.0,0.0,0.0,0.0,0.0,55.47747299013163,131.33333333333334,191.0,45.0,35.4,6.26,14786.890848,79.0,2.0,1
55086,32.0,1.0,0.0,0.0,0.0,0.0,120.34162398399917,136.0,228.0,55.0,23.81,11.8,77701.102278,82.0,2.0,1
55091,50.0,0.0,1.0,0.0,0.0,0.0,87.47601069884146,126.66666666666667,259.0,36.0,28.05,8.73,25344.033903,80.0,2.0,0
55092,47.0,0.0,1.0,0.0,0.0,0.0,117.50487188929733,120.0,237.0,48.0,21.87,6.71,72766.266019,84.0,2.0,1
55094,53.0,0.0,1.0,0.0,0.0,0.0,94.5149423493131,133.33333333333334,134.0,40.0,26.29,56.41,23192.901232,81.0,2.0,0
55099,50.0,1.0,0.0,0.0,0.0,0.0,100.12642113060136,108.0,240.0,45.0,32.55,4.17,10257.596301,88.0,2.0,0
55100,36.0,0.0,0.0,0.0,0.0,0.0,82.85525311060549,113.33333333333333,230.0,60.0,24.14,4.43,68177.151381,85.0,2.0,1
55104,39.0,1.0,1.0,0.0,0.0,0.0,113.14504972452636,107.33333333333333,173.0,50.0,28.83,3.75,20095.542159,77.0,1.0,1
55108,63.0,1.0,0.0,0.0,0.0,0.0,89.40246856708235,121.33333333333333,203.0,65.0,29.34,5.47,6249.638458,86.0,2.0,1
55112,30.0,1.0,1.0,0.0,0.0,0.0,94.46122347763875,100.66666666666667,204.0,35.0,30.93,6.46,68102.336097,76.0,1.0,1
55115,36.0,1.0,0.0,0.0,0.0,0.0,86.11567769830677,133.33333333333334,223.0,39.0,35.88,2.23,36795.950229,78.0,2.0,1
55120,55.0,0.0,0.0,0.0,1.0,1.0,88.88407112743099,154.0,160.0,51.0,27.02,4.74,24653.356286,82.0,2.0,1
55123,31.0,1.0,0.0,0.0,0.0,0.0,121.55285861570307,109.33333333333333,207.0,69.0,35.09,1.94,14506.552361,89.0,1.0,1
55126,63.0,0.0,0.0,0.0,0.0,0.0,92.2648625813928,117.33333333333333,212.0,57.0,21.22,4.21,12941.542227,82.0,2.0,1
55127,35.0,1.0,0.0,0.0,0.0,0.0,118.11711889319605,114.66666666666667,221.0,29.0,39.6,3.21,62773.469744,82.0,1.0,1
55134,61.0,1.0,0.0,0.0,1.0,0.0,99.37839857417701,118.0,207.0,53.0,30.78,6.12,64090.944933,82.0,1.0,1
55138,44.0,1.0,0.0,0.0,0.0,0.0,79.7797186017523,125.33333333333333,222.0,66.0,27.84,31.64,27466.731558,78.0,1.0,1
55139,41.0,1.0,0.0,0.0,0.0,0.0,105.89068592955353,114.66666666666667,222.0,95.0,29.43,5.05,27555.629653,84.0,2.0,1
55143,36.0,0.0,0.0,0.0,0.0,0.0,100.0329513800521,123.33333333333333,206.0,66.0,35.02,2.92,33287.030545,83.0,2.0,1
55146,43.0,1.0,1.0,0.0,0.0,0.0,114.60902642795718,92.66666666666667,215.0,41.0,22.79,4.59,21594.166094,77.0,2.0,1
55147,42.0,1.0,1.0,0.0,0.0,0.0,108.80132082585563,140.0,180.0,38.0,26.34,2.02,90557.0515,83.0,1.0,1
55150,37.0,0.0,0.0,1.0,0.0,0.0,116.8958586309369,122.66666666666667,146.0,31.0,30.28,12.5,30464.274139,81.0,1.0,1
55157,36.0,0.0,0.0,0.0,0.0,0.0,112.01944372066578,116.66666666666667,200.0,34.0,23.7,11.15,26792.411843,86.0,2.0,1
55158,61.0,1.0,0.0,0.0,1.0,1.0,89.09405611064034,126.66666666666667,185.0,41.0,36.35,2.96,75906.644182,75.0,2.0,1
55163,30.0,1.0,0.0,0.0,0.0,0.0,89.38986249414431,106.66666666666667,224.0,81.0,22.08,3.43,75013.62029,78.0,2.0,1
55165,71.0,0.0,0.0,0.0,0.0,0.0,70.99377049143222,138.0,170.0,25.0,30.37,18.83,13215.497789,87.0,1.0,1
55167,43.0,1.0,0.0,0.0,0.0,0.0,101.2440856233302,124.66666666666667,275.0,62.0,25.39,14.46,21270.615657,83.0,2.0,1
55168,68.0,1.0,0.0,0.0,1.0,0.0,92.55672308639149,151.33333333333334,267.0,59.0,31.71,6.47,5483.250493,85.0,1.0,1
55170,55.0,1.0,0.0,0.0,1.0,1.0,68.16474220847095,120.66666666666667,163.0,64.0,38.5,11.18,24216.969057,84.0,2.0,1
55172,37.0,0.0,1.0,0.0,0.0,0.0,92.69899730441202,132.66666666666666,169.0,60.0,22.67,1.82,21637.39508,83.0,2.0,1
55173,36.0,0.0,0.0,0.0,0.0,0.0,121.94199268584735,102.66666666666667,221.0,43.0,27.23,17.04,24614.504514,78.0,1.0,1
55174,70.0,1.0,0.0,1.0,1.0,1.0,28.780639557317258,135.33333333333334,203.0,50.0,36.13,111.15,12306.410044,86.0,3.0,1
55177,47.0,0.0,0.0,0.0,0.0,0.0,86.1333752069656,118.66666666666667,155.0,22.0,27.96,9.29,15989.393546,85.0,2.0,1
55180,62.0,0.0,0.0,1.0,1.0,0.0,54.484790135146376,159.33333333333334,174.0,42.0,34.99,2.48,13047.249117,83.0,1.0,1
55182,31.0,1.0,0.0,0.0,0.0,0.0,119.33603422198213,91.33333333333333,175.0,64.0,21.91,15.15,56333.431437,85.0,1.0,1
55187,33.0,0.0,0.0,0.0,0.0,0.0,74.38991842310591,116.66666666666667,175.0,60.0,28.08,2.81,27801.829851,86.0,1.0,1
55189,64.0,0.0,1.0,0.0,0.0,0.0,76.63133003059869,114.66666666666667,279.0,40.0,24.93,4.5,60349.521987,85.0,2.0,1
55190,41.0,1.0,0.0,0.0,0.0,0.0,112.54135658238424,93.33333333333333,214.0,69.0,26.22,21.6,17644.519615,77.0,2.0,1
55191,45.0,1.0,0.0,0.0,0.0,0.0,112.73472028679367,113.33333333333333,185.0,60.0,21.99,41.0,68673.980843,86.0,2.0,1
55192,48.0,1.0,0.0,0.0,0.0,0.0,107.74697662863548,110.0,143.0,31.0,25.77,6.76,18820.44423,85.0,2.0,1
55193,71.0,0.0,0.0,0.0,0.0,0.0,96.09312972122198,120.0,271.0,49.0,22.81,7.01,8604.441675,86.0,3.0,1
55194,75.0,1.0,0.0,0.0,1.0,0.0,22.084156119712002,101.33333333333333,142.0,52.0,42.75,1.64,38913.512966,76.0,2.0,1
55196,60.0,0.0,1.0,0.0,0.0,0.0,99.12668769504945,116.0,200.0,46.0,33.14,3.31,6660.118587,86.0,2.0,1
55198,53.0,0.0,0.0,0.0,0.0,0.0,72.31168110662146,139.33333333333334,231.0,73.0,31.06,218.2,13828.874902,87.0,2.0,1
55202,69.0,1.0,0.0,1.0,1.0,0.0,91.98287140325584,140.0,189.0,47.0,32.17,12.95,61415.309874,76.0,1.0,1
55208,48.0,0.0,0.0,1.0,0.0,0.0,105.70741093305315,193.33333333333334,269.0,36.0,22.71,55.24,17396.219071,88.0,1.0,0
55211,36.0,0.0,0.0,0.0,0.0,0.0,98.84562093034215,117.33333333333333,164.0,29.0,30.06,7.14,90136.964446,75.0,2.0,1
55212,72.0,0.0,0.0,0.0,1.0,1.0,66.23442571205698,130.0,170.0,40.0,28.4,10.18,30233.187542,80.0,1.0,1
55214,38.0,0.0,0.0,0.0,0.0,0.0,115.7360931760583,115.33333333333333,169.0,25.0,32.26,3.77,18447.49218,86.0,3.0,1
55224,33.0,0.0,0.0,1.0,0.0,0.0,69.24544356100091,116.0,199.0,48.0,34.43,3356.52,14719.999338,82.0,1.0,0
55228,72.0,0.0,1.0,0.0,0.0,0.0,97.06946182328043,136.0,199.0,51.0,19.58,8.18,12635.930248,81.0,1.0,1
55234,48.0,1.0,0.0,1.0,0.0,1.0,114.00886853853515,114.0,205.0,61.0,36.41,66.13,18154.046598,86.0,1.0,1
55236,39.0,1.0,0.0,0.0,0.0,0.0,91.90803861162823,105.33333333333333,234.0,73.0,21.91,15.67,21014.207331,88.0,2.0,1
55239,62.0,1.0,0.0,0.0,0.0,0.0,105.47525924105814,175.33333333333334,220.0,58.0,26.65,14.72,17268.089923,81.0,2.0,1
55244,72.0,0.0,0.0,0.0,0.0,0.0,93.67734209614,130.0,230.0,73.0,31.09,14.44,16067.601956,83.0,1.0,1
55254,65.0,0.0,0.0,1.0,0.0,0.0,77.88374461139381,142.0,148.0,42.0,33.26,39.74,57944.956916,88.0,1.0,1
55256,57.0,0.0,0.0,0.0,1.0,1.0,74.23086385212079,138.66666666666666,166.0,45.0,33.55,3.53,75607.764027,84.0,1.0,1
55258,49.0,1.0,0.0,0.0,0.0,0.0,72.52899393661075,117.33333333333333,200.0,70.0,23.02,7.44,23298.133702,84.0,2.0,1
55259,77.0,1.0,0.0,0.0,1.0,0.0,49.58189243400108,106.0,195.0,60.0,34.51,10.9,21126.316524,82.0,1.0,1
55265,47.0,1.0,1.0,0.0,0.0,0.0,110.46475422089334,123.33333333333333,279.0,54.0,33.8,6.05,17216.777874,88.0,1.0,1
55270,39.0,1.0,0.0,0.0,0.0,0.0,79.15781258014536,134.0,177.0,62.0,31.08,3.57,53978.982896,84.0,1.0,1
55273,53.0,0.0,1.0,0.0,0.0,0.0,104.27587326191404,114.0,170.0,57.0,18.32,6.72,104970.129118,83.0,1.0,1
55286,47.0,1.0,1.0,0.0,0.0,0.0,109.21392336238489,134.66666666666666,161.0,74.0,25.3,10.39,31879.088907,79.0,1.0,0
55289,70.0,1.0,0.0,1.0,0.0,1.0,86.98370655224116,152.66666666666666,209.0,45.0,31.71,9.0,15940.170425,75.0,1.0,1
55292,71.0,0.0,0.0,1.0,1.0,0.0,90.10692019576665,176.0,249.0,46.0,39.17,43.31,38461.241347,80.0,2.0,1
55294,68.0,0.0,0.0,0.0,1.0,0.0,66.53566255361868,118.0,226.0,63.0,29.67,2.07,60505.945283,85.0,2.0,1
55297,68.0,1.0,0.0,0.0,0.0,0.0,81.42644591374943,137.33333333333334,203.0,68.0,26.58,6.89,26822.499799,83.0,2.0,1
55298,63.0,1.0,1.0,0.0,1.0,0.0,87.9927145903853,136.0,190.0,29.0,32.68,4.97,21922.568874,76.0,1.0,1
55303,71.0,1.0,0.0,1.0,1.0,0.0,39.87971360640675,123.33333333333333,156.0,46.0,44.14,50.36,45346.4178,80.0,2.0,1
55310,36.0,1.0,0.0,0.0,0.0,0.0,122.84308845271384,107.33333333333333,177.0,69.0,19.91,42.45,62673.30807,79.0,1.0,1
55313,73.0,1.0,0.0,0.0,1.0,1.0,74.39080185046181,193.33333333333334,183.0,47.0,31.48,5.03,38913.512966,76.0,2.0,1
55316,49.0,0.0,0.0,0.0,0.0,0.0,98.12093035908951,114.66666666666667,186.0,44.0,31.13,2.91,66479.511871,82.0,1.0,1
55317,49.0,1.0,0.0,0.0,0.0,0.0,78.36932779069296,130.0,150.0,45.0,45.12,25.7,16511.412773,78.0,1.0,1
55319,73.0,1.0,0.0,0.0,1.0,0.0,93.97179730560603,124.0,261.0,53.0,27.22,3.38,46452.563179,80.0,2.0,1
55322,33.0,1.0,1.0,0.0,0.0,0.0,83.22881593887489,113.33333333333333,196.0,61.0,24.96,3.52,27777.919682,82.0,2.0,1
55323,56.0,0.0,1.0,0.0,0.0,0.0,103.8675723320331,123.33333333333333,204.0,59.0,31.36,17.27,69168.638724,80.0,1.0,1
55324,46.0,0.0,0.0,1.0,1.0,1.0,119.96474160143883,114.0,154.0,44.0,37.14,5.9,85741.118073,79.0,2.0,1
55325,30.0,0.0,0.0,0.0,0.0,0.0,69.3418597370546,120.0,148.0,38.0,29.51,2.98,57272.360077,84.0,1.0,1
55326,51.0,1.0,0.0,0.0,1.0,1.0,110.42636666590217,154.0,247.0,56.0,28.29,6.45,11266.983257,88.0,2.0,1
55328,51.0,1.0,0.0,0.0,0.0,0.0,86.5482906610168,112.0,187.0,60.0,23.01,4.92,107298.217979,81.0,2.0,1
55330,52.0,0.0,0.0,0.0,0.0,0.0,91.65680776065304,126.66666666666667,163.0,48.0,26.96,4.19,17639.746152,78.0,1.0,1
55331,56.0,0.0,0.0,0.0,0.0,0.0,97.62870706731145,124.0,164.0,37.0,26.84,2.12,92447.874289,77.0,1.0,1
55332,74.0,1.0,0.0,1.0,1.0,1.0,71.84709820828168,116.66666666666667,134.0,35.0,41.41,22.5,18529.200927,80.0,1.0,1
55333,31.0,1.0,1.0,0.0,0.0,0.0,112.68544846979894,138.66666666666666,213.0,74.0,20.71,66.91,22905.187969,84.0,2.0,0
55336,48.0,0.0,1.0,0.0,0.0,0.0,88.57088500812246,104.0,196.0,42.0,24.51,3.46,20202.943323,76.0,1.0,1
55340,57.0,1.0,0.0,0.0,0.0,0.0,84.61493975968628,102.66666666666667,198.0,80.0,21.78,1.67,111410.02634,83.0,2.0,1
55342,61.0,1.0,0.0,0.0,1.0,0.0,98.33483510581422,137.33333333333334,221.0,94.0,24.76,2.5,65753.130715,85.0,2.0,1
55345,35.0,1.0,1.0,0.0,0.0,0.0,120.95284063066093,98.66666666666667,183.0,64.0,18.12,75.0,19099.110994,80.0,2.0,1
55349,36.0,1.0,1.0,0.0,0.0,1.0,102.46165380886283,116.66666666666667,183.0,38.0,27.25,15.64,50009.068493,80.0,1.0,1
55353,45.0,0.0,0.0,0.0,0.0,0.0,88.19967316881073,116.0,280.0,64.0,35.81,2.46,32299.780843,75.0,2.0,1
55367,72.0,0.0,0.0,0.0,1.0,0.0,78.08841414719208,126.66666666666667,171.0,56.0,29.12,3.65,34048.168813,78.0,2.0,1
55368,51.0,0.0,0.0,0.0,0.0,0.0,98.14643840148005,121.33333333333333,232.0,70.0,25.32,8.8,23240.186953,79.0,2.0,1
55369,40.0,1.0,0.0,0.0,0.0,0.0,87.52821257867093,126.0,173.0,50.0,28.99,12.07,88689.181428,83.0,2.0,1
55375,34.0,1.0,0.0,0.0,1.0,0.0,88.38387538677195,125.33333333333333,190.0,65.0,41.09,30.92,36330.97264,83.0,2.0,0
55376,68.0,1.0,1.0,0.0,0.0,0.0,91.01626153692136,116.0,243.0,38.0,25.34,5.11,7085.366775,75.0,1.0,1
55382,44.0,1.0,0.0,0.0,0.0,0.0,114.36865246094389,122.0,189.0,74.0,31.13,7.59,30844.653658,82.0,2.0,1
55384,60.0,1.0,0.0,0.0,0.0,0.0,80.65519371782192,150.66666666666666,229.0,91.0,21.15,6.96,60234.151229,85.0,1.0,1
55389,32.0,1.0,0.0,0.0,0.0,0.0,106.70332463484186,110.0,141.0,50.0,22.16,12.65,71929.361138,81.0,2.0,1
55397,42.0,1.0,0.0,0.0,0.0,0.0,88.9219632893135,96.0,185.0,37.0,53.49,4.44,26935.675201,78.0,1.0,1
55398,47.0,1.0,0.0,0.0,1.0,0.0,77.28474091086058,94.66666666666667,194.0,49.0,25.08,9.45,73240.231093,84.0,2.0,1
55400,45.0,1.0,1.0,0.0,0.0,0.0,110.99483482088922,125.33333333333333,206.0,65.0,24.64,6.56,20120.872457,81.0,2.0,0
55405,51.0,0.0,0.0,0.0,0.0,0.0,88.98314729327959,124.66666666666667,212.0,68.0,21.99,5.53,17577.44201,78.0,1.0,1
55406,61.0,0.0,0.0,0.0,0.0,0.0,63.08269521490697,120.0,169.0,72.0,23.88,3.21,57944.956916,88.0,2.0,1
55413,71.0,0.0,0.0,1.0,0.0,1.0,51.948477792391614,138.66666666666666,137.0,45.0,29.53,19.11,27796.135095,79.0,1.0,1
55417,52.0,1.0,0.0,0.0,0.0,0.0,70.30853181505444,116.0,167.0,54.0,24.47,5.17,84925.255206,86.0,2.0,1
55420,31.0,0.0,1.0,0.0,0.0,0.0,117.1000577029324,107.33333333333333,239.0,57.0,25.03,4.06,15455.722014,80.0,1.0,1
55423,67.0,0.0,0.0,0.0,1.0,1.0,96.99936643043588,123.33333333333333,205.0,45.0,45.95,9.56,5268.900286,86.0,3.0,1
55424,47.0,1.0,1.0,0.0,0.0,0.0,92.78689431000524,113.33333333333333,189.0,76.0,25.9,21.97,18372.138824,77.0,1.0,1
55427,74.0,1.0,0.0,0.0,1.0,0.0,65.33810739316206,142.66666666666666,238.0,64.0,32.51,13.41,13964.702261,82.0,2.0,1
55429,31.0,1.0,0.0,0.0,0.0,0.0,100.95952188413142,105.33333333333333,201.0,62.0,26.01,4.7,53978.982896,84.0,1.0,1
55435,46.0,1.0,0.0,0.0,0.0,0.0,104.36170362805939,112.0,159.0,59.0,27.27,4.93,79071.733525,81.0,1.0,1
55438,50.0,0.0,0.0,0.0,0.0,0.0,98.75874260563498,124.66666666666667,270.0,31.0,31.81,9.65,72579.314382,80.0,1.0,1
55441,56.0,1.0,0.0,0.0,0.0,0.0,89.0874558563461,100.0,208.0,79.0,20.92,10.5,22906.313201,77.0,1.0,1
55446,53.0,1.0,0.0,0.0,0.0,0.0,80.73000160467343,152.66666666666666,254.0,49.0,30.86,17.65,21678.824091,86.0,1.0,1
55447,65.0,1.0,0.0,0.0,1.0,0.0,97.64721745683356,139.33333333333334,236.0,41.0,27.45,26.67,60011.176768,85.0,1.0,1
55451,55.0,0.0,0.0,0.0,0.0,0.0,105.31775544273104,140.66666666666666,220.0,50.0,27.9,5.16,24730.94803,83.0,1.0,1
55453,37.0,0.0,0.0,0.0,0.0,0.0,89.64586814075305,126.66666666666667,239.0,47.0,25.06,4.89,44803.365457,75.0,1.0,1
55455,39.0,0.0,0.0,0.0,0.0,0.0,113.35632838072446,114.0,222.0,83.0,26.71,3.74,66692.699479,86.0,1.0,1
55459,36.0,0.0,0.0,0.0,0.0,0.0,90.20514000880766,110.0,182.0,42.0,23.91,8.65,24697.250831,85.0,2.0,1
55460,32.0,0.0,1.0,0.0,0.0,0.0,106.37045861360633,126.0,229.0,45.0,34.68,4.57,73733.448629,76.0,1.0,1
55464,42.0,0.0,1.0,1.0,0.0,0.0,99.95648043460334,122.66666666666667,232.0,29.0,35.0,7.72,16822.524734,80.0,1.0,1
55471,38.0,0.0,0.0,0.0,0.0,0.0,92.12426352112466,120.66666666666667,238.0,50.0,32.68,5.52,80133.964096,83.0,2.0,1
55473,54.0,0.0,0.0,0.0,1.0,0.0,98.85065537476594,136.0,169.0,26.0,40.12,8.62,101172.924903,77.0,1.0,1
55476,42.0,1.0,0.0,0.0,0.0,0.0,101.87571505668161,102.66666666666667,235.0,47.0,24.23,3.77,18820.44423,85.0,2.0,1
55477,33.0,0.0,1.0,0.0,0.0,1.0,115.65251831363415,122.0,163.0,42.0,30.94,5.08,24660.400133,81.0,1.0,1
55483,56.0,1.0,0.0,0.0,1.0,0.0,98.06885034418413,136.66666666666666,218.0,57.0,33.01,15.91,31353.938018,87.0,1.0,1
55484,59.0,1.0,0.0,0.0,1.0,0.0,101.35984032990763,154.0,204.0,66.0,35.78,15.74,76515.325955,88.0,1.0,1
55492,44.0,1.0,1.0,0.0,0.0,0.0,79.7797186017523,116.0,263.0,47.0,21.72,8.89,20013.359204,80.0,2.0,1
55493,36.0,0.0,0.0,1.0,0.0,1.0,119.9402107001822,112.66666666666667,164.0,39.0,28.38,14.38,22238.736217,86.0,2.0,1
55495,47.0,0.0,0.0,0.0,1.0,1.0,107.85436094809224,118.66666666666667,199.0,49.0,26.91,5.49,84551.439388,76.0,2.0,1
55498,78.0,0.0,1.0,0.0,0.0,0.0,84.04680825122445,128.0,244.0,59.0,30.14,10.24,13165.163911,81.0,1.0,1
55502,56.0,0.0,0.0,0.0,0.0,0.0,77.93550540250891,133.33333333333334,246.0,81.0,23.08,11.29,23716.595191,78.0,2.0,1
55503,35.0,0.0,0.0,0.0,0.0,0.0,120.20668254684914,124.0,235.0,39.0,31.79,4.43,26792.411843,86.0,2.0,1
55504,46.0,1.0,0.0,0.0,0.0,0.0,112.4904879347848,146.66666666666666,208.0,57.0,31.55,8.81,27433.931898,82.0,2.0,1
55506,30.0,0.0,0.0,0.0,0.0,0.0,107.70182113770939,113.33333333333333,192.0,32.0,32.91,4.48,33906.530295,78.0,2.0,1
55508,48.0,0.0,1.0,0.0,0.0,0.0,108.3551192593596,104.0,234.0,90.0,21.46,4.25,20583.299791,87.0,2.0,1
55511,73.0,1.0,0.0,1.0,1.0,1.0,81.39993921676408,143.33333333333334,154.0,51.0,28.6,23.5,12482.610156,82.0,1.0,1
55515,36.0,0.0,1.0,0.0,1.0,1.0,117.18467861179877,119.33333333333333,267.0,45.0,32.95,6.77,83194.20108,83.0,1.0,1
55520,61.0,1.0,0.0,1.0,1.0,0.0,54.19854571401825,123.33333333333333,290.0,59.0,38.83,7.64,6912.351852,81.0,1.0,1
55522,39.0,0.0,1.0,0.0,0.0,0.0,111.79297257551902,132.66666666666666,181.0,55.0,26.41,5.91,58510.98972,80.0,1.0,1
55523,72.0,1.0,0.0,0.0,0.0,0.0,94.19413571969443,147.33333333333334,229.0,74.0,25.11,49.05,25631.474879,80.0,2.0,0
55526,69.0,0.0,0.0,0.0,1.0,0.0,86.64460089883947,136.0,227.0,41.0,25.6,7.88,21807.213567,83.0,1.0,1
55527,78.0,0.0,0.0,0.0,1.0,0.0,88.94191472207395,125.33333333333333,141.0,28.0,32.09,7.78,10399.3983,76.0,2.0,1
55529,39.0,0.0,0.0,0.0,0.0,0.0,115.45084346071906,120.66666666666667,205.0,40.0,27.81,5.66,20657.463731,77.0,1.0,1
55532,36.0,0.0,1.0,0.0,0.0,0.0,119.9402107001822,122.0,238.0,37.0,30.86,7.52,20193.628772,86.0,2.0,1
55533,49.0,0.0,0.0,0.0,0.0,0.0,78.01759803533186,112.66666666666667,167.0,41.0,33.87,3.82,21729.182169,79.0,2.0,1
55536,53.0,1.0,0.0,0.0,0.0,0.0,106.83648525208741,107.33333333333333,219.0,77.0,27.96,5.29,14770.594178,87.0,1.0,1
55547,31.0,0.0,0.0,1.0,0.0,0.0,131.69483325748777,116.66666666666667,208.0,43.0,40.14,33.28,33211.444479,78.0,2.0,1
55557,56.0,1.0,0.0,0.0,0.0,1.0,90.47762866917799,103.33333333333333,226.0,48.0,33.43,4.74,14807.743545,89.0,2.0,1
55559,62.0,0.0,0.0,0.0,0.0,0.0,102.86878441383074,131.33333333333334,183.0,63.0,26.02,5.41,9282.841024,75.0,1.0,1
55560,65.0,0.0,0.0,0.0,0.0,0.0,93.5328551241116,100.0,246.0,75.0,24.42,2.95,74313.517349,80.0,2.0,1
55562,55.0,1.0,0.0,0.0,1.0,1.0,103.53137420718461,125.33333333333333,265.0,86.0,35.98,5.67,19760.138354,75.0,1.0,1
55563,61.0,0.0,0.0,0.0,1.0,0.0,63.674556554809556,107.33333333333333,200.0,40.0,31.93,3.2,9387.789425,84.0,2.0,1
55564,32.0,1.0,1.0,0.0,0.0,0.0,89.49011278537513,106.0,197.0,29.0,21.09,3.33,36084.51781,78.0,2.0,1
55565,45.0,1.0,1.0,0.0,0.0,0.0,111.84736209831335,112.66666666666667,279.0,39.0,19.76,11.19,21884.297388,83.0,1.0,0
55567,40.0,0.0,0.0,0.0,0.0,0.0,102.47397251795175,114.0,201.0,49.0,27.9,3.68,20708.126413,85.0,2.0,1
55576,37.0,1.0,0.0,0.0,0.0,0.0,116.6570070409707,102.0,163.0,26.0,22.27,6.9,25088.362585,75.0,1.0,0
55580,60.0,1.0,0.0,0.0,1.0,0.0,65.2775454707136,136.0,208.0,71.0,66.96,10.3,23251.55708,76.0,2.0,1
55593,53.0,0.0,0.0,0.0,0.0,0.0,104.65370210703844,125.33333333333333,223.0,97.0,24.81,10.0,90382.442658,79.0,1.0,1
55598,50.0,1.0,0.0,0.0,0.0,0.0,91.07173614677602,120.66666666666667,205.0,65.0,26.97,5.0,79719.201422,80.0,1.0,1
55600,71.0,0.0,0.0,0.0,1.0,0.0,69.48861962463256,133.33333333333334,221.0,88.0,23.81,59.53,24958.603453,86.0,3.0,1
55602,37.0,0.0,1.0,0.0,0.0,0.0,117.34076623074493,117.33333333333333,206.0,30.0,23.21,7.16,16292.456466,76.0,1.0,0
55605,72.0,1.0,0.0,0.0,0.0,0.0,94.92933701489198,139.33333333333334,236.0,75.0,18.9,14.31,34966.865728,80.0,1.0,1
55606,32.0,1.0,0.0,0.0,1.0,0.0,82.68007038905716,132.66666666666666,185.0,34.0,31.64,4.67,62158.373253,86.0,1.0,1
55607,70.0,1.0,0.0,0.0,1.0,0.0,93.63372588598125,143.33333333333334,279.0,51.0,25.03,6.49,11094.998888,83.0,2.0,0
55616,44.0,0.0,1.0,0.0,0.0,0.0,110.67860187199427,109.33333333333333,230.0,42.0,22.11,8.8,19863.690695,75.0,2.0,1
55617,33.0,0.0,0.0,0.0,0.0,0.0,99.52355921793799,122.0,189.0,42.0,35.62,3.72,69355.104673,75.0,2.0,1
55620,40.0,0.0,0.0,0.0,0.0,0.0,105.09586469420975,121.33333333333333,229.0,32.0,32.38,4.28,17582.443631,81.0,1.0,1
55622,67.0,1.0,1.0,0.0,1.0,1.0,91.58408285059505,126.0,245.0,36.0,29.03,15.91,8266.853321,82.0,2.0,0
55626,40.0,0.0,0.0,0.0,0.0,0.0,111.0998561455508,125.33333333333333,205.0,45.0,30.22,2.58,31944.033487,75.0,1.0,1
55628,57.0,1.0,0.0,0.0,0.0,0.0,84.61493975968628,128.66666666666666,224.0,61.0,29.13,5.25,98244.250886,76.0,2.0,1
55629,62.0,0.0,0.0,0.0,0.0,0.0,103.73542493745721,114.66666666666667,181.0,51.0,28.84,5.08,6764.385438,82.0,1.0,1
55633,39.0,1.0,0.0,0.0,0.0,0.0,118.4765361160405,117.33333333333333,163.0,72.0,19.49,11.18,52365.581372,82.0,1.0,1
55638,37.0,1.0,0.0,0.0,0.0,0.0,115.37618543682674,99.33333333333333,135.0,54.0,30.4,17.98,13078.496384,89.0,2.0,1
55639,33.0,0.0,1.0,0.0,0.0,0.0,119.39162301222716,122.66666666666667,280.0,72.0,26.81,2.67,71459.137381,76.0,2.0,1
55640,50.0,1.0,0.0,1.0,0.0,0.0,108.42282226099753,120.66666666666667,187.0,65.0,29.97,3.85,11395.6158,88.0,2.0,0
55647,37.0,0.0,0.0,0.0,0.0,0.0,116.8958586309369,114.0,244.0,41.0,35.05,3.53,27237.056687,76.0,2.0,1
55662,65.0,0.0,0.0,1.0,1.0,1.0,84.53793376559683,118.66666666666667,207.0,58.0,35.37,8.68,54784.845182,77.0,1.0,1
55664,62.0,0.0,0.0,0.0,1.0,1.0,99.31968379188227,148.0,187.0,62.0,26.71,2.03,58644.199424,76.0,2.0,1
55665,53.0,1.0,0.0,1.0,0.0,0.0,113.76495476495441,106.66666666666667,223.0,46.0,31.42,5.14,14378.292026,78.0,2.0,1
55666,41.0,0.0,1.0,1.0,0.0,0.0,112.35591131463279,103.33333333333333,203.0,54.0,23.86,7.08,19858.077122,75.0,2.0,1
55667,44.0,1.0,0.0,0.0,0.0,0.0,87.82274910479485,108.0,201.0,68.0,32.08,11.2,37483.453805,78.0,2.0,1
55670,31.0,1.0,0.0,0.0,0.0,0.0,105.69790986592301,120.66666666666667,191.0,51.0,25.42,4.52,36963.347796,83.0,1.0,1
55671,62.0,1.0,1.0,0.0,0.0,0.0,109.90289085266065,158.66666666666666,231.0,70.0,29.71,6.0,4987.78618,85.0,2.0,1
55672,39.0,1.0,1.0,0.0,0.0,0.0,113.94995579797829,120.66666666666667,189.0,58.0,20.1,9.69,33742.986272,75.0,1.0,1
55678,57.0,0.0,0.0,1.0,0.0,0.0,76.62320184642616,160.0,272.0,51.0,31.95,6.91,12741.448063,87.0,1.0,1
55679,52.0,0.0,0.0,0.0,0.0,1.0,71.33376787166164,122.0,217.0,64.0,23.03,10.14,12553.070826,85.0,2.0,1
55685,60.0,0.0,0.0,0.0,1.0,1.0,98.78120337095567,114.66666666666667,154.0,48.0,38.66,5.51,57398.774363,81.0,2.0,1
55686,59.0,0.0,0.0,0.0,0.0,0.0,86.700161782722,111.33333333333333,188.0,51.0,22.04,3.65,103447.755736,77.0,2.0,1
55687,60.0,1.0,0.0,1.0,1.0,1.0,79.50435272972467,144.66666666666666,185.0,65.0,29.37,5.56,65573.061923,86.0,1.0,1
55690,32.0,0.0,0.0,0.0,0.0,0.0,90.4814472002287,134.0,213.0,44.0,25.7,3.66,33061.224604,78.0,2.0,1
55691,64.0,0.0,1.0,0.0,0.0,1.0,54.71565782733128,155.33333333333334,165.0,59.0,26.08,1.37,11286.80413,78.0,2.0,1
55697,50.0,1.0,0.0,0.0,0.0,0.0,113.648234269975,124.66666666666667,215.0,44.0,35.97,16.67,11266.983257,88.0,1.0,1
55703,50.0,0.0,0.0,0.0,0.0,0.0,110.38529518653382,92.66666666666667,201.0,66.0,24.12,9.86,9605.662605,86.0,3.0,1
55704,79.0,1.0,0.0,0.0,0.0,0.0,92.38299648169587,156.66666666666666,235.0,70.0,23.79,13.0,40169.574676,87.0,2.0,1
55709,59.0,0.0,1.0,0.0,0.0,1.0,93.38271223437872,116.66666666666667,178.0,45.0,24.11,3.36,23878.577942,83.0,2.0,1
55721,60.0,0.0,0.0,0.0,0.0,1.0,74.40888008573589,136.0,168.0,41.0,28.0,5.88,61687.7486,77.0,2.0,1
55725,75.0,1.0,0.0,0.0,1.0,0.0,60.1921207066717,119.33333333333333,190.0,84.0,28.47,8.14,15296.174061,81.0,2.0,1
55732,39.0,0.0,0.0,0.0,0.0,0.0,98.18385044368304,133.33333333333334,273.0,81.0,25.27,4.14,25016.252625,79.0,1.0,1
55737,72.0,1.0,0.0,0.0,1.0,0.0,71.7324752069479,138.0,157.0,59.0,35.02,6.17,15007.097166,82.0,2.0,1
55740,39.0,1.0,0.0,0.0,0.0,0.0,86.86085615638515,106.0,201.0,47.0,28.88,4.08,18635.311995,84.0,1.0,1
55747,36.0,0.0,0.0,0.0,0.0,0.0,98.84562093034215,115.33333333333333,211.0,52.0,24.51,3.58,66800.422833,83.0,1.0,1
55750,54.0,1.0,0.0,0.0,1.0,0.0,55.450958928462335,118.0,196.0,44.0,27.87,4.71,79625.602161,84.0,1.0,1
55753,67.0,0.0,0.0,0.0,0.0,0.0,93.92610037439826,123.33333333333333,181.0,38.0,30.52,4.0,58644.199424,76.0,2.0,1
55755,44.0,1.0,0.0,0.0,0.0,0.0,95.99058704884304,142.0,209.0,62.0,33.3,4.5,26935.675201,78.0,1.0,1
55757,30.0,1.0,0.0,0.0,1.0,0.0,115.28087958949364,123.33333333333333,153.0,67.0,71.3,2.61,21861.562424,82.0,2.0,1
55760,62.0,1.0,0.0,0.0,0.0,0.0,77.41432358209563,134.0,275.0,56.0,27.15,2.73,21465.938863,82.0,2.0,1
55761,30.0,1.0,0.0,0.0,0.0,0.0,109.76977174070818,109.33333333333333,136.0,26.0,27.6,8.65,63360.142345,77.0,1.0,1
55768,48.0,0.0,0.0,1.0,1.0,0.0,60.44045796849744,126.66666666666667,181.0,35.0,33.9,2.95,18504.106473,78.0,1.0,1
55770,56.0,1.0,0.0,0.0,0.0,0.0,110.54619637965278,116.0,195.0,71.0,50.65,8.07,12763.087848,81.0,1.0,1
55774,43.0,1.0,0.0,0.0,0.0,0.0,93.69905139296438,105.33333333333333,255.0,55.0,26.82,2.98,28382.289276,78.0,1.0,1
55776,43.0,0.0,1.0,0.0,0.0,0.0,111.77752069424889,107.33333333333333,195.0,49.0,26.28,4.26,23670.603677,78.0,2.0,1
55779,59.0,1.0,0.0,0.0,1.0,0.0,90.20918233057064,120.66666666666667,193.0,61.0,27.91,80.98,8600.01821,88.0,2.0,1
55783,52.0,1.0,0.0,0.0,0.0,0.0,71.18830140728049,108.66666666666667,227.0,74.0,28.99,11.69,87766.123009,79.0,1.0,1
55784,62.0,0.0,0.0,0.0,0.0,0.0,87.18576735000006,138.66666666666666,291.0,45.0,29.17,17.89,5268.900286,86.0,3.0,1
55789,56.0,0.0,0.0,1.0,0.0,0.0,90.50063778359142,116.0,181.0,37.0,25.08,3.78,15143.499508,78.0,2.0,1
55796,72.0,1.0,0.0,0.0,1.0,1.0,94.19413571969443,161.33333333333334,184.0,65.0,29.26,5.85,18803.571105,87.0,1.0,1
55797,43.0,0.0,0.0,0.0,0.0,0.0,108.67884593806437,131.33333333333334,178.0,37.0,32.51,14.48,81895.402401,77.0,1.0,1
55800,78.0,0.0,0.0,0.0,0.0,0.0,73.49550129996777,109.33333333333333,222.0,73.0,19.35,12.3,14932.548383,83.0,2.0,1
55802,55.0,1.0,0.0,0.0,1.0,1.0,103.53137420718461,114.66666666666667,221.0,58.0,26.45,5.38,35053.704179,75.0,2.0,1
55808,49.0,0.0,0.0,0.0,0.0,0.0,69.25729395323054,116.0,173.0,47.0,31.83,6.17,28419.766067,78.0,2.0,1
55813,45.0,0.0,1.0,0.0,0.0,0.0,76.76754645447593,114.0,208.0,52.0,23.81,101.61,27028.404053,75.0,2.0,1
55814,73.0,1.0,0.0,0.0,0.0,0.0,93.61013207823231,137.33333333333334,207.0,56.0,31.63,6.64,15485.11086,81.0,2.0,1
55818,38.0,0.0,1.0,0.0,0.0,0.0,97.62373485647446,118.66666666666667,222.0,28.0,27.04,3.05,17353.932085,80.0,2.0,0
55830,67.0,1.0,0.0,0.0,1.0,1.0,56.300271574887816,149.33333333333334,200.0,81.0,21.45,30.25,20803.887002,80.0,2.0,1
55831,74.0,1.0,0.0,0.0,0.0,1.0,67.08430609360083,116.66666666666667,193.0,81.0,27.64,11.73,19441.950168,80.0,2.0,1
55839,35.0,1.0,0.0,0.0,0.0,0.0,117.24440592004692,103.33333333333333,151.0,51.0,22.41,12.05,62794.052912,76.0,1.0,1
55847,40.0,1.0,0.0,0.0,0.0,0.0,115.38006618419608,109.33333333333333,179.0,77.0,21.42,25.6,18929.8553,82.0,1.0,1
55848,55.0,1.0,0.0,1.0,0.0,1.0,88.28330392417243,132.0,157.0,50.0,29.08,5.79,35454.377793,75.0,2.0,1
55849,57.0,0.0,0.0,1.0,1.0,1.0,105.25522113966255,124.66666666666667,201.0,39.0,38.57,16.56,106748.822533,80.0,2.0,1
55853,31.0,1.0,1.0,0.0,0.0,0.0,92.56720018039833,126.0,151.0,35.0,41.65,2.97,29301.928926,86.0,1.0,0
55855,58.0,1.0,0.0,1.0,1.0,1.0,31.212028195999807,132.66666666666666,154.0,45.0,32.17,15.18,13041.111143,75.0,1.0,1
55859,49.0,0.0,1.0,0.0,0.0,0.0,113.4456335687927,108.66666666666667,272.0,56.0,30.45,11.79,23310.601215,75.0,1.0,1
55862,47.0,0.0,0.0,1.0,0.0,1.0,72.16489378748082,102.66666666666667,142.0,40.0,30.36,2.44,18943.613035,88.0,2.0,1
55864,46.0,1.0,0.0,1.0,0.0,0.0,115.4358355457845,114.66666666666667,167.0,44.0,29.19,5.22,21293.182095,77.0,2.0,1
55871,67.0,0.0,0.0,0.0,0.0,0.0,94.57302039155289,112.66666666666667,160.0,69.0,22.11,11.28,62764.490846,78.0,2.0,1
55877,54.0,0.0,0.0,0.0,0.0,1.0,81.54858678581037,124.66666666666667,176.0,35.0,33.61,4.37,25116.006657,83.0,2.0,1
55880,40.0,0.0,0.0,0.0,0.0,0.0,119.45646822701602,119.33333333333333,144.0,54.0,25.61,4.6,16557.906564,88.0,1.0,1
55881,42.0,1.0,0.0,0.0,0.0,0.0,117.29182873442791,100.66666666666667,230.0,55.0,26.59,4.15,21971.086171,78.0,2.0,1
55883,45.0,1.0,0.0,0.0,0.0,0.0,112.28652785867963,118.66666666666667,200.0,67.0,37.62,6.0,15149.357206,88.0,1.0,1
55884,55.0,1.0,0.0,0.0,0.0,0.0,89.6432439689536,117.33333333333333,274.0,55.0,30.34,4.55,92450.79523,79.0,1.0,1
55885,54.0,1.0,0.0,0.0,0.0,0.0,107.92380148433976,111.33333333333333,204.0,37.0,27.81,6.62,25541.92132,77.0,2.0,1
55891,61.0,0.0,0.0,0.0,1.0,0.0,70.20361630280026,158.0,269.0,59.0,23.73,3.85,9165.436092,84.0,1.0,1
55892,66.0,0.0,0.0,0.0,0.0,0.0,74.85159467666058,142.66666666666666,212.0,47.0,31.12,8.51,54784.845182,77.0,1.0,1
55896,53.0,0.0,1.0,0.0,0.0,0.0,86.86029175261116,138.66666666666666,197.0,64.0,25.82,9.94,12664.205092,89.0,1.0,0
55901,54.0,1.0,0.0,0.0,0.0,0.0,100.97690996778198,115.33333333333333,225.0,44.0,25.66,10.69,93463.959795,77.0,1.0,1
55902,39.0,1.0,0.0,0.0,0.0,0.0,90.59663468220573,137.33333333333334,156.0,56.0,35.32,4.59,36330.97264,83.0,2.0,1
55903,47.0,0.0,1.0,0.0,0.0,0.0,71.47266622013055,119.33333333333333,294.0,38.0,32.87,17.83,28419.766067,78.0,2.0,1
55907,57.0,1.0,0.0,0.0,0.0,0.0,100.81181278246719,144.0,228.0,54.0,26.59,6.9,13053.566436,84.0,2.0,1
55912,54.0,1.0,0.0,0.0,1.0,0.0,103.43045297389396,130.0,191.0,61.0,32.91,8.68,110561.264867,79.0,2.0,1
55913,55.0,1.0,0.0,0.0,0.0,0.0,104.69862897275345,143.33333333333334,314.0,36.0,26.25,9.54,8824.569908,86.0,2.0,1
55916,36.0,1.0,0.0,0.0,0.0,0.0,114.87686724967725,97.33333333333333,212.0,45.0,24.23,2.73,71930.983258,77.0,2.0,1
55920,60.0,0.0,0.0,1.0,1.0,0.0,100.93613039622149,142.66666666666666,210.0,57.0,33.85,12.02,12579.260134,83.0,2.0,0
55922,30.0,0.0,0.0,0.0,0.0,0.0,119.0431856369515,132.0,184.0,42.0,26.19,2.46,25867.069216,84.0,2.0,1
55924,60.0,1.0,0.0,0.0,0.0,0.0,79.50435272972467,110.0,229.0,54.0,23.85,4.17,69974.023405,78.0,2.0,1
55926,66.0,1.0,0.0,1.0,1.0,1.0,54.23234413157523,118.0,159.0,46.0,38.05,13.4,21641.273271,83.0,1.0,1
55927,43.0,1.0,0.0,0.0,0.0,0.0,95.12412369209073,110.0,248.0,45.0,27.86,2.41,23925.794123,75.0,2.0,1
55932,46.0,1.0,0.0,0.0,0.0,0.0,110.72611517141623,90.0,132.0,56.0,21.27,31.55,86908.80185,78.0,2.0,1
55936,39.0,0.0,0.0,0.0,0.0,0.0,83.02380843010697,146.0,320.0,40.0,26.67,3.18,19292.646206,84.0,2.0,1
55940,32.0,0.0,0.0,0.0,0.0,0.0,120.13646912077596,116.0,277.0,30.0,35.45,2.52,23502.59786,86.0,1.0,1
55941,70.0,1.0,0.0,1.0,1.0,1.0,75.7918072167958,155.33333333333334,259.0,96.0,28.16,13.23,16144.881595,88.0,1.0,1
55947,75.0,0.0,1.0,0.0,1.0,0.0,55.24309835882166,165.33333333333334,178.0,60.0,21.35,897.96,39207.596253,75.0,2.0,1
55948,58.0,1.0,0.0,0.0,0.0,1.0,71.24403796295566,96.66666666666667,158.0,35.0,25.68,6.59,77428.916401,80.0,1.0,1
55949,78.0,1.0,0.0,0.0,1.0,0.0,81.4393683859347,163.33333333333334,211.0,41.0,26.88,7.55,36352.628295,77.0,1.0,1
55951,33.0,1.0,1.0,0.0,0.0,0.0,120.51409308392347,105.33333333333333,158.0,35.0,26.04,6.86,75128.509487,87.0,1.0,1
55953,57.0,0.0,0.0,0.0,0.0,0.0,100.29479212866424,135.33333333333334,234.0,47.0,32.07,4.77,89543.78448,77.0,1.0,1
55954,52.0,0.0,0.0,0.0,0.0,0.0,90.55802889550912,112.0,225.0,54.0,24.51,3.29,91372.94023,76.0,2.0,1
55964,30.0,1.0,0.0,0.0,0.0,0.0,111.55221895065435,108.66666666666667,211.0,71.0,24.25,3.0,59497.522458,79.0,1.0,1
55965,63.0,1.0,0.0,1.0,1.0,0.0,100.79513131538381,124.0,223.0,41.0,25.63,90.63,17147.257573,82.0,1.0,1
55967,41.0,0.0,0.0,0.0,0.0,0.0,94.69299184319358,122.66666666666667,197.0,66.0,28.34,3.41,20517.18759,82.0,2.0,1
55969,42.0,0.0,1.0,0.0,0.0,0.0,78.21331316040836,118.66666666666667,230.0,53.0,22.02,3.19,25040.876065,82.0,2.0,1
55970,33.0,1.0,0.0,0.0,0.0,0.0,104.39131881124081,103.33333333333333,173.0,64.0,24.37,4.56,54009.255077,76.0,2.0,1
55972,63.0,1.0,0.0,0.0,0.0,0.0,93.89101435166032,115.33333333333333,253.0,89.0,20.95,4.86,68773.599629,77.0,2.0,1
55973,35.0,0.0,0.0,0.0,0.0,0.0,74.15431674509976,142.0,236.0,46.0,41.31,10.31,23902.887883,80.0,1.0,1
55974,62.0,0.0,0.0,0.0,0.0,0.0,103.73542493745721,124.66666666666667,193.0,41.0,36.56,5.0,5606.604384,80.0,2.0,1
55985,44.0,1.0,0.0,0.0,1.0,0.0,102.2501861304978,170.66666666666666,267.0,36.0,32.05,8.55,17361.209897,86.0,2.0,1
55996,43.0,1.0,0.0,0.0,0.0,0.0,121.69409930614512,127.33333333333333,207.0,36.0,26.65,10.36,15149.357206,88.0,2.0,1
55997,45.0,1.0,0.0,0.0,0.0,0.0,114.13696043719831,95.33333333333333,187.0,54.0,28.67,3.08,20721.886535,84.0,2.0,1
56000,32.0,0.0,0.0,0.0,0.0,0.0,121.04697973929053,110.66666666666667,159.0,49.0,26.41,3.42,28758.098318,86.0,1.0,0
56005,60.0,0.0,0.0,1.0,1.0,0.0,85.13992274000184,128.0,154.0,34.0,36.88,9.51,5156.301912,78.0,1.0,1
56010,40.0,0.0,0.0,0.0,0.0,1.0,110.72559960355491,112.0,144.0,41.0,25.52,6.57,93833.198076,79.0,2.0,1
56015,39.0,1.0,1.0,0.0,1.0,0.0,84.5238364292932,118.66666666666667,189.0,55.0,22.84,4.12,22157.972966,81.0,2.0,1
56021,43.0,0.0,1.0,0.0,0.0,0.0,80.98388756730253,107.33333333333333,181.0,65.0,36.09,7.69,32185.696993,75.0,2.0,1
56028,52.0,0.0,1.0,1.0,1.0,0.0,106.48391533721266,156.66666666666666,187.0,30.0,32.16,24.62,19364.17167,75.0,1.0,1
56032,66.0,0.0,0.0,0.0,0.0,0.0,89.40451064556588,120.66666666666667,196.0,82.0,19.31,5.34,60762.062662,87.0,2.0,1
56033,30.0,1.0,0.0,0.0,0.0,0.0,111.55221895065435,104.66666666666667,218.0,55.0,35.34,5.27,18281.683005,82.0,1.0,1
56035,55.0,0.0,0.0,0.0,0.0,0.0,85.78656304449378,151.33333333333334,283.0,75.0,22.78,5.61,20666.658529,80.0,2.0,1
56039,38.0,1.0,0.0,0.0,0.0,0.0,109.68550036217519,108.0,152.0,52.0,28.02,9.03,18926.031583,78.0,1.0,1
56040,38.0,1.0,0.0,0.0,0.0,0.0,102.7949798467782,105.33333333333333,178.0,59.0,24.87,6.26,19933.667798,85.0,1.0,1
56041,62.0,1.0,0.0,0.0,0.0,0.0,71.33035139760756,133.33333333333334,200.0,44.0,31.45,3.44,21589.08157,81.0,2.0,1
56042,71.0,1.0,1.0,0.0,1.0,0.0,66.56862295163037,175.33333333333334,181.0,89.0,17.77,6.4,41432.419968,82.0,1.0,1
56052,47.0,0.0,1.0,0.0,0.0,0.0,112.00920736127244,130.66666666666666,317.0,36.0,21.54,4.5,80663.67915,86.0,1.0,0
56053,32.0,0.0,0.0,0.0,0.0,0.0,114.84112599784251,129.33333333333334,226.0,55.0,24.75,55.32,60193.00099,78.0,1.0,1
56054,48.0,0.0,0.0,0.0,1.0,0.0,84.6491272461845,110.66666666666667,171.0,50.0,38.63,5.62,28520.501382,78.0,2.0,1
56057,60.0,1.0,1.0,0.0,0.0,0.0,88.25456511874229,130.0,262.0,49.0,35.28,52.76,6347.437545,87.0,2.0,1
56058,48.0,1.0,0.0,0.0,0.0,0.0,88.17825856896944,144.0,176.0,44.0,46.05,18.97,25343.501721,84.0,1.0,1
56062,55.0,1.0,1.0,0.0,0.0,0.0,106.36695635004453,97.33333333333333,156.0,48.0,29.91,5.74,10456.85874,88.0,2.0,1
56066,60.0,0.0,0.0,0.0,0.0,0.0,83.15995212456842,158.0,180.0,40.0,23.2,7.0,9679.797799,85.0,1.0,1
56078,43.0,1.0,1.0,0.0,0.0,0.0,115.56553067861383,133.33333333333334,184.0,44.0,33.57,6.3,13949.293547,89.0,1.0,1
56079,71.0,1.0,0.0,1.0,1.0,1.0,79.92128471129446,121.33333333333333,193.0,41.0,29.94,6.12,36689.33505,76.0,1.0,1
56083,52.0,0.0,0.0,1.0,0.0,1.0,107.30120953752784,118.66666666666667,217.0,40.0,26.7,25.07,26859.304357,75.0,2.0,0
56084,39.0,1.0,1.0,0.0,0.0,0.0,113.14504972452636,113.33333333333333,207.0,58.0,37.28,2.58,62857.617176,86.0,1.0,1
56088,40.0,1.0,0.0,1.0,1.0,0.0,115.83310301534061,136.66666666666666,179.0,47.0,39.02,4.7,24882.496233,75.0,2.0,1
56089,34.0,0.0,0.0,0.0,0.0,0.0,120.01146965916602,124.0,194.0,38.0,40.68,6.56,67374.750669,76.0,1.0,1
56090,61.0,1.0,0.0,1.0,1.0,1.0,66.48121696247952,143.33333333333334,171.0,36.0,25.78,203.64,6912.351852,75.0,1.0,1
56091,44.0,1.0,0.0,0.0,0.0,0.0,109.68077731874413,126.66666666666667,221.0,61.0,29.23,5.1,21270.615657,83.0,2.0,1
56096,40.0,0.0,0.0,0.0,0.0,0.0,76.86121675141463,132.66666666666666,208.0,43.0,34.32,6.85,91316.255685,81.0,2.0,1
56099,59.0,0.0,0.0,1.0,1.0,1.0,66.97517941419434,126.66666666666667,179.0,73.0,30.82,29.56,10326.372769,88.0,1.0,1
56106,48.0,1.0,0.0,0.0,0.0,0.0,108.13817395799143,128.0,185.0,52.0,30.53,8.05,16538.27432,79.0,2.0,1
56107,61.0,0.0,0.0,0.0,1.0,0.0,101.07057527797411,125.33333333333333,201.0,65.0,19.81,4.71,10167.570645,86.0,2.0,1
56109,36.0,1.0,0.0,1.0,0.0,0.0,118.7508483909006,110.66666666666667,211.0,48.0,38.06,8.1,25879.036132,77.0,1.0,1
56114,50.0,0.0,0.0,0.0,1.0,0.0,107.01568095132788,118.0,145.0,37.0,49.46,15.5,72494.098147,84.0,1.0,1
56116,40.0,1.0,0.0,0.0,1.0,0.0,94.05116481788573,134.66666666666666,214.0,45.0,37.33,10.86,62130.73418,76.0,1.0,1
56123,39.0,0.0,0.0,0.0,0.0,0.0,112.17511390970725,121.33333333333333,246.0,58.0,20.73,5.39,56330.12625,88.0,1.0,1
56126,44.0,1.0,0.0,0.0,1.0,1.0,112.54514197858055,127.33333333333333,230.0,72.0,27.66,16.0,16643.301733,79.0,1.0,1
56128,61.0,1.0,1.0,1.0,1.0,0.0,98.67642132440872,136.0,240.0,38.0,26.2,5.97,55139.141581,80.0,1.0,1
56129,44.0,0.0,0.0,0.0,0.0,0.0,82.19414639036681,129.33333333333334,175.0,34.0,28.61,3.48,19102.531525,86.0,2.0,1
56131,59.0,1.0,0.0,0.0,0.0,0.0,109.04327798382737,136.66666666666666,153.0,49.0,42.57,15.63,14770.594178,87.0,1.0,1
56132,34.0,1.0,0.0,0.0,0.0,0.0,117.54907040275397,123.33333333333333,151.0,62.0,22.82,4.2,62837.280927,87.0,2.0,0
56140,52.0,0.0,0.0,0.0,1.0,1.0,93.92925546336984,138.0,162.0,37.0,36.8,3.38,14984.141601,87.0,1.0,1
56146,48.0,1.0,0.0,0.0,0.0,0.0,93.63206839188908,138.0,207.0,76.0,30.59,5.2,21081.607689,80.0,2.0,1
56147,65.0,1.0,0.0,0.0,0.0,0.0,79.3312666714415,117.33333333333333,190.0,57.0,35.27,11.18,65138.423846,76.0,2.0,1
56149,44.0,1.0,0.0,0.0,0.0,0.0,85.37761710130829,102.0,262.0,52.0,20.02,5.4,73812.908056,86.0,1.0,1
56150,52.0,1.0,1.0,0.0,1.0,0.0,89.94594741609347,127.0,235.0,62.0,40.46,2.86,26694.913266,87.0,2.0,1
56155,41.0,0.0,0.0,0.0,0.0,0.0,105.79338330762911,112.0,281.0,39.0,27.16,5.65,18583.885455,76.0,1.0,1
56159,49.0,1.0,0.0,0.0,0.0,0.0,99.11949239568213,116.66666666666667,239.0,54.0,32.27,4.96,74567.776013,76.0,1.0,1
56161,42.0,1.0,0.0,0.0,0.0,0.0,116.78359796470373,126.0,222.0,77.0,27.95,6.32,14913.095055,86.0,3.0,1
56163,61.0,0.0,0.0,1.0,0.0,0.0,81.69169092087093,168.66666666666666,191.0,43.0,27.69,803.0,6162.897031,88.0,1.0,1
56167,76.0,1.0,0.0,0.0,1.0,1.0,90.20409624879971,135.33333333333334,159.0,56.0,39.93,4.53,46891.216111,75.0,2.0,1
56171,48.0,1.0,0.0,0.0,0.0,0.0,115.62116716318796,113.33333333333333,204.0,34.0,40.45,6.55,12521.170471,80.0,1.0,1
56173,56.0,0.0,0.0,0.0,0.0,0.0,100.92049922385212,129.33333333333334,196.0,50.0,29.95,3.91,88043.968813,86.0,1.0,1
56176,61.0,0.0,0.0,0.0,0.0,0.0,93.41967550533249,158.66666666666666,249.0,94.0,22.43,14.79,10492.23524,84.0,2.0,1
56179,41.0,0.0,0.0,0.0,0.0,0.0,104.44427033310565,102.66666666666667,202.0,30.0,25.59,5.67,72486.78935,85.0,1.0,1
56180,61.0,0.0,0.0,0.0,0.0,0.0,94.63951366707937,146.66666666666666,212.0,36.0,25.3,3.85,62997.695381,78.0,2.0,1
56187,56.0,0.0,0.0,0.0,1.0,1.0,80.54051903734238,131.33333333333334,176.0,49.0,40.46,9.58,23200.619065,81.0,2.0,1
56188,55.0,0.0,0.0,0.0,0.0,0.0,106.14717977631172,123.33333333333333,272.0,90.0,28.58,21.07,24446.253808,78.0,2.0,1
56190,47.0,1.0,1.0,0.0,1.0,0.0,100.36009979085276,114.0,188.0,46.0,24.77,5.77,28434.973166,84.0,2.0,1
56191,52.0,1.0,0.0,0.0,1.0,0.0,88.5984503448326,136.66666666666666,174.0,58.0,25.09,3.33,98244.250886,76.0,2.0,1
56193,31.0,1.0,0.0,0.0,0.0,0.0,105.69790986592301,105.33333333333333,155.0,48.0,30.4,4.63,22971.587367,85.0,2.0,1
56195,58.0,1.0,0.0,0.0,0.0,0.0,102.37399952783213,119.33333333333333,223.0,44.0,31.28,25.19,82726.284588,85.0,1.0,1
56196,71.0,0.0,0.0,0.0,1.0,0.0,65.9704441521665,128.66666666666666,165.0,43.0,34.17,18.3,31906.735861,86.0,1.0,1
56198,47.0,1.0,0.0,0.0,1.0,0.0,108.8128134010781,140.0,215.0,69.0,21.28,3.75,18753.071105,81.0,1.0,1
56200,57.0,0.0,1.0,0.0,0.0,0.0,89.93953382933316,126.66666666666667,168.0,55.0,22.13,3.55,17066.203194,84.0,1.0,1
56201,55.0,1.0,0.0,0.0,0.0,0.0,84.42177217074423,125.33333333333333,241.0,45.0,32.92,5.08,11755.17247,85.0,1.0,1
56204,37.0,0.0,1.0,0.0,0.0,0.0,95.94832669968798,114.66666666666667,241.0,36.0,28.24,2.35,21937.76209,86.0,1.0,1
56211,62.0,1.0,0.0,1.0,0.0,1.0,63.69774153736978,99.33333333333333,187.0,53.0,26.72,5.45,22635.586307,75.0,1.0,1
56212,63.0,0.0,0.0,1.0,1.0,1.0,89.93889576461594,130.0,201.0,42.0,25.07,7.29,57239.917128,87.0,2.0,1
56215,36.0,0.0,1.0,0.0,0.0,0.0,116.32464212141966,116.66666666666667,222.0,73.0,22.33,90.7,17888.196218,77.0,1.0,1
56219,74.0,0.0,0.0,0.0,0.0,0.0,92.51934401117803,146.0,199.0,76.0,30.23,12.56,32931.023461,81.0,2.0,1
56220,45.0,1.0,0.0,0.0,1.0,0.0,113.65956681568603,120.0,193.0,46.0,33.72,4.56,88626.466787,83.0,1.0,1
56221,72.0,0.0,0.0,0.0,0.0,0.0,88.38150982912829,162.66666666666666,158.0,57.0,20.65,4.52,10341.056904,86.0,1.0,1
56222,50.0,0.0,0.0,0.0,0.0,0.0,106.2397055420496,108.0,211.0,60.0,23.58,11.69,12815.795366,85.0,2.0,1
56225,32.0,0.0,0.0,0.0,0.0,0.0,87.63171097589868,116.66666666666667,225.0,75.0,24.34,3.85,69862.627307,79.0,1.0,1
56228,39.0,0.0,0.0,0.0,0.0,0.0,113.35632838072446,116.66666666666667,195.0,48.0,23.33,6.6,56323.413154,79.0,1.0,1
56231,45.0,1.0,0.0,0.0,0.0,0.0,103.28891875590945,102.66666666666667,172.0,90.0,23.3,5.76,17268.46456,86.0,2.0,1
56232,38.0,1.0,1.0,0.0,0.0,0.0,93.83645525481496,99.33333333333333,264.0,48.0,31.09,3.21,62794.052912,80.0,2.0,1
56233,38.0,1.0,0.0,0.0,0.0,0.0,116.37457921366499,102.66666666666667,238.0,47.0,32.37,3.48,21627.405372,85.0,2.0,1
56234,44.0,0.0,0.0,0.0,0.0,0.0,106.58236455643373,104.0,197.0,56.0,23.53,2.93,92556.868952,77.0,2.0,1
56235,55.0,1.0,1.0,0.0,0.0,0.0,100.35085312598174,114.66666666666667,225.0,76.0,28.67,5.77,30952.198201,78.0,2.0,1
56240,53.0,0.0,0.0,0.0,0.0,0.0,69.52162763358469,145.33333333333334,240.0,63.0,29.18,3.92,71543.096157,89.0,2.0,1
56242,56.0,1.0,0.0,0.0,0.0,0.0,83.89835718328561,138.66666666666666,155.0,31.0,29.79,2.46,25086.627681,81.0,2.0,1
56243,33.0,0.0,0.0,0.0,0.0,0.0,118.51538941537396,119.33333333333333,214.0,71.0,26.55,4.75,29044.352085,85.0,2.0,1
56244,30.0,1.0,0.0,0.0,0.0,0.0,123.26584766497518,103.33333333333333,186.0,58.0,23.11,1.6,26824.964193,82.0,2.0,1
56245,34.0,0.0,0.0,1.0,1.0,1.0,128.0072236378041,136.66666666666666,196.0,36.0,28.66,4.26,20386.220301,81.0,2.0,1
56251,34.0,1.0,0.0,0.0,0.0,0.0,102.15008294189599,124.0,159.0,30.0,24.42,5.85,25897.157431,78.0,2.0,0
56253,33.0,0.0,0.0,0.0,0.0,0.0,124.23853179934895,113.33333333333333,153.0,35.0,25.57,4.4,28457.847841,83.0,1.0,1
56258,69.0,0.0,0.0,0.0,1.0,1.0,74.28503381446077,126.66666666666667,163.0,47.0,39.39,139.44,55292.275546,76.0,1.0,1
56259,31.0,0.0,0.0,0.0,0.0,0.0,108.37338553925159,108.0,232.0,46.0,27.22,4.73,18009.045899,85.0,2.0,0
56260,45.0,1.0,0.0,0.0,0.0,0.0,82.53952338250114,108.66666666666667,171.0,42.0,32.47,53.45,29327.016939,84.0,2.0,1
56264,56.0,0.0,1.0,0.0,0.0,0.0,98.91752920163769,182.0,150.0,40.0,25.88,8.44,25838.904871,82.0,2.0,1
56265,50.0,1.0,0.0,0.0,0.0,1.0,105.66337396368023,112.66666666666667,275.0,57.0,29.63,6.88,75805.437378,76.0,1.0,1
56267,50.0,1.0,0.0,0.0,0.0,0.0,87.08823773497362,102.66666666666667,186.0,65.0,29.54,6.84,9424.601406,86.0,3.0,1
56275,75.0,0.0,0.0,0.0,0.0,1.0,72.36744724548797,163.33333333333334,182.0,67.0,28.58,10.31,36143.255804,78.0,2.0,1
56276,65.0,1.0,0.0,1.0,0.0,0.0,41.75104679388652,143.33333333333334,186.0,47.0,27.92,99.54,6792.427299,75.0,1.0,1
56278,38.0,0.0,1.0,0.0,0.0,0.0,112.11147229501812,138.66666666666666,260.0,45.0,28.47,8.61,18656.505193,77.0,1.0,1
56280,71.0,1.0,0.0,0.0,0.0,0.0,94.07058107064435,126.66666666666667,229.0,73.0,31.09,7.48,36352.628295,77.0,1.0,1
56283,66.0,1.0,0.0,0.0,0.0,0.0,95.65514903430172,135.33333333333334,275.0,58.0,28.04,9.59,8266.853321,82.0,2.0,1
56288,43.0,0.0,1.0,0.0,0.0,0.0,109.41893638089017,148.0,154.0,31.0,36.57,7.6,19102.531525,86.0,2.0,0
56292,41.0,1.0,0.0,0.0,0.0,0.0,100.89482303978211,98.0,190.0,76.0,22.77,5.56,73932.132112,83.0,1.0,1
56293,38.0,1.0,0.0,0.0,0.0,0.0,96.65854024893135,101.33333333333333,178.0,100.0,24.1,5.38,57097.484011,85.0,1.0,1
56294,38.0,1.0,0.0,0.0,0.0,0.0,96.65854024893135,116.0,222.0,71.0,27.79,5.14,60973.74887,79.0,2.0,1
56297,61.0,1.0,0.0,0.0,0.0,0.0,82.53592430394467,120.66666666666667,240.0,46.0,26.81,10.39,7084.376544,81.0,1.0,0
56299,60.0,1.0,0.0,1.0,1.0,1.0,63.72948382446315,132.66666666666666,197.0,51.0,43.03,2.22,15534.684571,89.0,2.0,1
56302,60.0,0.0,1.0,0.0,0.0,0.0,98.10549757754102,92.0,169.0,63.0,28.6,8.22,18419.451973,88.0,1.0,1
56304,32.0,0.0,0.0,0.0,0.0,0.0,125.0136162199124,110.0,225.0,66.0,29.03,5.06,33958.460784,87.0,1.0,1
56307,43.0,0.0,0.0,0.0,0.0,0.0,99.3367502559088,123.33333333333333,283.0,50.0,23.59,4.88,17000.069364,89.0,2.0,1
56308,43.0,1.0,0.0,0.0,0.0,0.0,117.08122615673184,117.33333333333333,173.0,50.0,32.5,32.72,13694.321614,86.0,2.0,1
56314,44.0,1.0,0.0,0.0,0.0,0.0,102.2501861304978,113.33333333333333,215.0,72.0,22.08,4.72,76603.798386,77.0,1.0,1
56317,47.0,0.0,1.0,0.0,0.0,0.0,72.86951269184044,142.0,187.0,41.0,33.18,9.31,22235.596677,84.0,2.0,1
56319,72.0,0.0,0.0,0.0,1.0,0.0,85.04298252766228,131.33333333333334,185.0,52.0,29.07,3.29,33645.553037,76.0,2.0,1
56323,53.0,1.0,0.0,0.0,0.0,0.0,85.47841877311319,121.33333333333333,193.0,58.0,28.42,3.77,98244.250886,77.0,1.0,1
56326,60.0,1.0,0.0,0.0,1.0,0.0,62.24742345550428,116.66666666666667,264.0,52.0,31.13,5.36,13610.328052,78.0,1.0,1
56328,47.0,0.0,0.0,0.0,1.0,0.0,101.91836798194,141.33333333333334,175.0,38.0,28.7,5.62,98607.65508,83.0,1.0,1
56329,39.0,1.0,1.0,0.0,0.0,0.0,110.85038106649752,109.33333333333333,178.0,34.0,27.46,5.44,25418.306514,75.0,2.0,1
56330,44.0,0.0,1.0,0.0,0.0,0.0,108.74053897532865,143.33333333333334,200.0,42.0,29.27,5.52,25429.74678,75.0,1.0,1
56331,59.0,0.0,0.0,0.0,1.0,0.0,89.9277705591563,120.0,199.0,98.0,20.53,8.1,24180.777895,80.0,2.0,1
56332,36.0,0.0,1.0,0.0,1.0,0.0,112.01944372066578,144.0,200.0,32.0,35.95,4.57,14796.340278,81.0,2.0,1
56335,34.0,1.0,0.0,0.0,0.0,0.0,117.13011737580138,117.33333333333333,141.0,45.0,33.14,12.51,20178.305263,86.0,2.0,1
56336,36.0,0.0,0.0,0.0,0.0,0.0,113.5146909581791,102.66666666666667,133.0,27.0,22.46,2.73,80133.964096,83.0,2.0,1
56337,36.0,0.0,0.0,0.0,0.0,0.0,75.08939709238084,109.33333333333333,154.0,40.0,32.4,2.89,90136.964446,75.0,2.0,1
56349,34.0,0.0,1.0,0.0,0.0,0.0,121.44141605118388,109.33333333333333,238.0,78.0,36.06,8.86,21317.822373,82.0,1.0,1
56352,71.0,1.0,0.0,1.0,1.0,0.0,64.05405666310824,161.33333333333334,198.0,62.0,37.11,47.83,35645.410956,80.0,1.0,1
56355,67.0,0.0,0.0,0.0,1.0,0.0,63.72441025824611,129.33333333333334,248.0,61.0,27.92,1.93,13193.366177,82.0,2.0,1
56357,70.0,1.0,0.0,0.0,1.0,0.0,86.98370655224116,134.0,198.0,84.0,21.12,3.19,13553.34411,89.0,2.0,1
56358,40.0,0.0,1.0,0.0,0.0,0.0,119.45646822701602,119.33333333333333,236.0,44.0,24.13,18.82,22585.941768,76.0,1.0,1
56359,46.0,1.0,1.0,0.0,0.0,0.0,93.36576203461988,132.66666666666666,206.0,61.0,44.5,7.94,28995.589268,84.0,2.0,1
56363,43.0,1.0,0.0,0.0,0.0,0.0,73.44663238756164,100.66666666666667,235.0,73.0,22.7,3.2,80201.026305,79.0,2.0,0
56365,58.0,1.0,1.0,0.0,0.0,0.0,93.72382425083185,111.33333333333333,208.0,71.0,24.35,102.88,10257.596301,88.0,1.0,1
56368,43.0,1.0,0.0,0.0,0.0,0.0,70.83657098801189,103.33333333333333,167.0,91.0,23.75,4.57,64135.851222,76.0,2.0,1
56369,51.0,0.0,1.0,0.0,0.0,0.0,80.39710193197172,104.0,237.0,60.0,26.47,3.68,19140.868791,84.0,2.0,1
56371,37.0,1.0,0.0,0.0,0.0,0.0,121.5327450996981,100.66666666666667,232.0,49.0,24.12,7.42,19399.182373,78.0,1.0,0
56374,32.0,1.0,1.0,0.0,0.0,0.0,117.77052579331631,102.0,219.0,39.0,39.29,10.58,16432.42479,86.0,1.0,1
56375,37.0,1.0,1.0,0.0,0.0,0.0,110.36979307926666,102.0,177.0,31.0,37.42,8.64,61676.117922,76.0,1.0,0
56377,67.0,1.0,0.0,0.0,1.0,1.0,59.595617859317855,138.66666666666666,208.0,68.0,29.94,35.71,67490.818023,87.0,2.0,1
56380,62.0,0.0,0.0,1.0,1.0,1.0,100.06309588894229,127.33333333333333,211.0,27.0,35.96,5.91,7737.568458,75.0,1.0,1
56382,69.0,0.0,0.0,1.0,0.0,1.0,76.8391714193786,122.0,179.0,32.0,23.96,7.99,61916.952446,76.0,1.0,1
56390,44.0,1.0,0.0,0.0,0.0,0.0,110.06734800595726,100.66666666666667,226.0,68.0,33.83,4.17,21363.982592,78.0,2.0,1
56396,38.0,0.0,0.0,0.0,0.0,0.0,86.23418040672956,120.66666666666667,207.0,28.0,29.9,10.19,24272.731935,87.0,2.0,1
56399,69.0,1.0,0.0,0.0,0.0,1.0,94.89817757649139,108.0,190.0,95.0,21.34,7.21,69974.023405,78.0,2.0,1
56401,31.0,1.0,0.0,0.0,0.0,0.0,112.68544846979894,97.33333333333333,190.0,55.0,30.23,4.93,19827.180131,85.0,1.0,1
56402,45.0,1.0,0.0,0.0,0.0,0.0,109.00075649936791,90.66666666666667,159.0,67.0,20.71,3.74,16685.203751,82.0,2.0,1
56403,45.0,0.0,0.0,0.0,0.0,0.0,98.10879305741537,110.0,175.0,46.0,25.9,4.22,18607.909455,85.0,1.0,1
56408,44.0,1.0,0.0,0.0,0.0,0.0,90.39940001702745,106.66666666666667,212.0,60.0,23.1,1.88,85773.925002,76.0,2.0,1
56411,50.0,0.0,0.0,1.0,0.0,0.0,113.74822078851547,119.33333333333333,262.0,39.0,24.74,8.41,12536.751266,86.0,1.0,1
56416,46.0,1.0,1.0,0.0,0.0,0.0,109.0955680386797,110.0,237.0,38.0,23.26,5.45,14635.730871,77.0,2.0,1
56420,61.0,1.0,0.0,0.0,0.0,0.0,99.02420707990402,119.33333333333333,226.0,33.0,33.06,3.73,18400.081764,77.0,2.0,1
56426,36.0,1.0,1.0,0.0,0.0,0.0,102.46165380886283,103.33333333333333,167.0,59.0,27.52,3.59,60104.196641,83.0,2.0,1
56430,43.0,0.0,0.0,0.0,0.0,0.0,120.46472781679812,112.0,171.0,66.0,25.96,6.26,23760.051347,77.0,2.0,1
56432,64.0,1.0,0.0,0.0,1.0,0.0,97.19375269953703,130.0,219.0,37.0,28.45,4.91,6249.638458,86.0,2.0,1
56435,40.0,1.0,0.0,0.0,0.0,0.0,85.1465380320185,97.33333333333333,195.0,72.0,22.38,2.83,80201.026305,79.0,2.0,1
56436,37.0,1.0,0.0,0.0,0.0,0.0,117.55302423641562,138.0,193.0,75.0,23.54,6.39,23804.612833,81.0,1.0,1
56438,52.0,1.0,0.0,0.0,0.0,0.0,107.93210283621393,132.66666666666666,214.0,38.0,35.3,9.4,12719.508666,87.0,2.0,1
56439,52.0,1.0,0.0,0.0,1.0,1.0,81.23365023613746,118.0,172.0,55.0,38.01,2.24,29615.973733,83.0,2.0,1
56441,66.0,1.0,0.0,0.0,1.0,0.0,70.50647339516557,115.33333333333333,165.0,21.0,35.53,2.19,69974.023405,78.0,2.0,1
56442,46.0,1.0,0.0,0.0,0.0,0.0,102.64852745962281,125.33333333333333,174.0,45.0,55.04,5.43,19980.435015,76.0,2.0,1
56443,52.0,1.0,0.0,0.0,0.0,0.0,86.01169125891848,93.33333333333333,223.0,51.0,29.11,6.01,22290.186406,82.0,1.0,1
56449,51.0,0.0,0.0,0.0,0.0,0.0,76.25676570893545,117.33333333333333,211.0,46.0,26.87,7.38,23716.595191,78.0,2.0,1
56450,56.0,1.0,1.0,0.0,1.0,1.0,103.65534124798963,131.33333333333334,245.0,52.0,30.98,6.67,14495.000318,76.0,1.0,1
56455,74.0,0.0,0.0,0.0,1.0,0.0,92.51934401117803,118.0,250.0,82.0,27.38,5.31,29609.395167,77.0,1.0,1
56462,42.0,0.0,0.0,0.0,0.0,0.0,87.8675526574244,112.0,264.0,50.0,28.09,2.96,78869.850375,79.0,2.0,1
56466,74.0,0.0,0.0,0.0,1.0,0.0,93.57987279799293,129.33333333333334,211.0,52.0,33.26,6.36,10178.546598,85.0,2.0,1
56469,77.0,1.0,0.0,1.0,1.0,1.0,33.26077552664452,114.66666666666667,145.0,56.0,39.53,9.07,14565.033195,89.0,2.0,1
56470,60.0,1.0,0.0,0.0,0.0,0.0,102.28513880686644,125.33333333333333,225.0,53.0,29.82,8.71,6774.929441,85.0,2.0,1
56472,32.0,1.0,0.0,0.0,0.0,0.0,119.4524751675974,110.66666666666667,175.0,77.0,29.29,106.03,21627.405372,85.0,2.0,0
56475,66.0,0.0,0.0,1.0,1.0,1.0,70.92952200375034,130.0,187.0,28.0,35.29,3.19,57701.152929,82.0,1.0,1
56479,56.0,0.0,1.0,0.0,0.0,0.0,100.5766984210164,118.0,164.0,34.0,32.66,3.48,8891.878614,85.0,1.0,1
56481,41.0,0.0,0.0,0.0,0.0,0.0,98.14672466577782,128.0,232.0,42.0,27.11,6.19,74096.101449,85.0,1.0,1
56489,46.0,1.0,0.0,0.0,0.0,0.0,108.32495180907185,104.0,159.0,35.0,33.82,4.08,30213.404713,78.0,1.0,1
56494,58.0,0.0,1.0,0.0,0.0,0.0,70.80510347319591,142.0,238.0,91.0,24.68,4.66,20088.350472,80.0,2.0,1
56496,35.0,1.0,1.0,0.0,0.0,0.0,109.91673186170055,100.0,177.0,50.0,37.38,3.15,25897.157431,78.0,2.0,1
56502,69.0,0.0,1.0,0.0,0.0,0.0,80.50524637231642,127.33333333333333,182.0,48.0,20.22,7.8,12080.674109,83.0,2.0,0
56503,43.0,0.0,0.0,0.0,0.0,0.0,94.63469369527397,112.66666666666667,232.0,57.0,23.82,2.96,15845.945448,86.0,3.0,0
56506,50.0,1.0,0.0,0.0,0.0,0.0,108.00553999344656,112.0,147.0,46.0,34.15,6.89,71724.177475,86.0,3.0,1
56507,45.0,0.0,1.0,0.0,0.0,0.0,112.5133463707831,126.66666666666667,207.0,36.0,25.61,6.48,79718.736557,76.0,1.0,0
56508,36.0,1.0,0.0,0.0,0.0,0.0,119.2248431977211,106.66666666666667,182.0,37.0,40.84,9.37,18499.4128,85.0,2.0,1
56510,66.0,0.0,0.0,0.0,0.0,0.0,95.16303118489925,132.66666666666666,225.0,48.0,32.11,5.51,6230.506123,89.0,2.0,1
56511,38.0,1.0,0.0,0.0,0.0,0.0,116.82419548614985,112.0,164.0,48.0,47.99,5.67,53950.890966,81.0,1.0,1
56514,39.0,0.0,1.0,0.0,0.0,0.0,99.37515662693103,120.66666666666667,164.0,25.0,33.58,1.85,78752.983185,81.0,2.0,1
56522,39.0,0.0,0.0,0.0,0.0,0.0,83.89850807898857,124.66666666666667,276.0,61.0,22.63,2.25,22591.314467,89.0,2.0,1
56525,30.0,0.0,0.0,0.0,0.0,0.0,111.83962537807189,120.0,167.0,66.0,23.44,4.03,57714.14322,78.0,1.0,1
56526,35.0,0.0,1.0,0.0,0.0,0.0,104.40420937362191,124.66666666666667,290.0,32.0,26.53,7.01,23998.324651,88.0,2.0,1
56527,49.0,1.0,0.0,0.0,0.0,0.0,100.75107781304223,134.66666666666666,264.0,54.0,26.19,11.21,27974.327374,85.0,1.0,1
56529,70.0,1.0,0.0,0.0,1.0,0.0,74.71036020406885,118.0,259.0,68.0,22.24,5.56,38449.528758,88.0,2.0,1
56531,38.0,0.0,0.0,0.0,0.0,0.0,113.66133730581124,120.0,230.0,42.0,27.18,14.24,34020.301436,83.0,1.0,1
56532,56.0,0.0,1.0,0.0,0.0,1.0,79.65464989461398,123.33333333333333,210.0,31.0,34.08,8.6,16287.454934,80.0,1.0,1
56536,67.0,1.0,0.0,0.0,0.0,0.0,64.04613334433898,118.66666666666667,271.0,56.0,29.69,11.31,78374.05594,87.0,1.0,1
56537,44.0,0.0,0.0,0.0,0.0,0.0,110.27902147031381,121.33333333333333,191.0,47.0,29.58,5.65,19102.531525,86.0,2.0,1
56542,76.0,0.0,0.0,0.0,1.0,0.0,60.84384413268728,135.33333333333334,188.0,62.0,28.74,62.8,11412.729249,82.0,1.0,1
56543,51.0,0.0,1.0,1.0,0.0,0.0,51.07518532624309,114.0,211.0,31.0,35.28,2.45,14984.141601,87.0,1.0,1
56546,39.0,0.0,0.0,0.0,0.0,0.0,85.69952848820785,124.66666666666667,194.0,38.0,34.39,7.97,57949.119795,76.0,2.0,1
56550,52.0,1.0,1.0,0.0,0.0,0.0,83.56010305475766,112.0,167.0,46.0,23.91,10.95,30131.467942,83.0,1.0,0
56562,42.0,0.0,0.0,0.0,0.0,1.0,84.11537970335522,118.0,172.0,28.0,29.7,2.5,29520.027261,75.0,1.0,1
56564,40.0,1.0,0.0,0.0,0.0,0.0,113.65461952506065,106.0,232.0,46.0,34.06,5.1,21396.703193,87.0,1.0,1
56567,74.0,0.0,0.0,0.0,0.0,0.0,92.17714171258639,110.66666666666667,175.0,48.0,35.4,8.01,33645.553037,76.0,2.0,1
56570,52.0,1.0,0.0,0.0,1.0,0.0,60.45926845655638,118.0,173.0,52.0,30.38,13.09,8061.512183,86.0,3.0,1
56573,74.0,0.0,0.0,0.0,1.0,1.0,74.48651152060778,139.33333333333334,244.0,79.0,27.3,30.58,12768.79408,80.0,2.0,1
56575,30.0,0.0,0.0,0.0,0.0,0.0,70.54954615984308,134.66666666666666,211.0,58.0,23.74,0.89,34401.297181,82.0,2.0,1
56580,79.0,1.0,0.0,0.0,0.0,0.0,80.93444430194191,119.33333333333333,175.0,65.0,28.3,13.51,38087.107887,81.0,2.0,1
56583,63.0,0.0,1.0,0.0,1.0,0.0,63.48211863669866,143.33333333333334,144.0,34.0,22.4,14.32,11505.828824,78.0,2.0,1
56586,40.0,0.0,1.0,0.0,0.0,0.0,95.28375110001366,117.33333333333333,179.0,77.0,19.25,13.33,24513.286055,82.0,1.0,1
56594,62.0,1.0,0.0,0.0,1.0,0.0,91.42100066267957,141.33333333333334,184.0,37.0,36.26,6.81,5153.07283,85.0,2.0,1
56596,45.0,1.0,0.0,0.0,1.0,0.0,93.94824112962354,118.66666666666667,242.0,46.0,35.43,7.69,25343.501721,84.0,1.0,0
56597,48.0,0.0,0.0,1.0,0.0,1.0,109.58165022341532,108.66666666666667,147.0,43.0,21.14,4.26,94447.574489,77.0,2.0,1
56598,44.0,0.0,0.0,0.0,0.0,0.0,117.54591923787689,122.0,180.0,40.0,30.05,3.91,16557.906564,88.0,2.0,1
56599,70.0,0.0,0.0,1.0,1.0,1.0,68.46544195692064,136.66666666666666,150.0,42.0,31.91,1635.8,15281.510397,75.0,1.0,1
56602,51.0,1.0,1.0,0.0,1.0,0.0,113.48391933118842,128.0,182.0,80.0,28.62,145.38,27375.396445,84.0,2.0,1
56608,36.0,1.0,1.0,0.0,0.0,0.0,116.94700184091356,102.66666666666667,246.0,60.0,22.36,7.14,64508.601789,77.0,1.0,0
56609,64.0,1.0,0.0,0.0,0.0,0.0,82.2269222087342,111.33333333333333,213.0,46.0,29.34,3.29,66402.459548,76.0,2.0,1
56610,54.0,1.0,0.0,0.0,1.0,1.0,99.29630760846462,146.0,141.0,54.0,31.94,8.93,18999.168205,75.0,1.0,1
56613,41.0,0.0,1.0,0.0,1.0,0.0,99.34974429573082,99.33333333333333,192.0,43.0,21.8,2.92,17679.560516,83.0,2.0,1
56615,45.0,1.0,1.0,0.0,0.0,0.0,99.99255078425227,117.33333333333333,151.0,49.0,25.61,13.17,27466.731558,78.0,1.0,1
56617,41.0,0.0,0.0,0.0,0.0,0.0,110.41103703744838,101.33333333333333,235.0,41.0,36.18,4.86,19708.285303,75.0,2.0,1
56618,42.0,0.0,1.0,0.0,1.0,0.0,105.1374643311218,146.0,278.0,36.0,29.55,5.02,24714.75305,77.0,1.0,1
56619,40.0,0.0,0.0,0.0,0.0,0.0,111.0998561455508,100.0,178.0,67.0,22.09,3.41,21137.834292,78.0,1.0,0
56623,56.0,1.0,0.0,0.0,0.0,0.0,94.89689794863783,131.33333333333334,253.0,60.0,40.71,8.93,11755.17247,85.0,1.0,1
56624,34.0,0.0,1.0,1.0,0.0,0.0,121.44141605118388,120.0,220.0,68.0,28.59,64.0,38399.517701,75.0,2.0,1
56625,41.0,1.0,1.0,0.0,0.0,0.0,117.51217344003192,105.33333333333333,230.0,53.0,29.57,4.59,21594.166094,77.0,2.0,1
56626,37.0,0.0,0.0,1.0,0.0,0.0,124.46076546577008,122.66666666666667,273.0,30.0,37.31,7.45,11532.93882,86.0,3.0,0
56628,57.0,1.0,0.0,0.0,0.0,0.0,108.2987006484483,136.0,196.0,68.0,24.86,10.33,20502.782804,85.0,1.0,1
56632,79.0,0.0,0.0,0.0,1.0,1.0,66.82487096900527,115.33333333333333,200.0,54.0,26.24,41.04,15661.814696,75.0,1.0,1
56633,66.0,1.0,0.0,1.0,0.0,0.0,107.20254255291245,116.0,181.0,44.0,19.16,15.4,22769.495307,87.0,2.0,1
56634,77.0,1.0,0.0,0.0,1.0,0.0,58.72819957477249,154.66666666666666,180.0,67.0,28.44,24.82,20884.924641,76.0,2.0,1
56635,62.0,0.0,0.0,0.0,0.0,0.0,100.44393771125067,119.33333333333333,198.0,29.0,28.83,22.64,7931.238404,75.0,1.0,1
56638,33.0,0.0,1.0,0.0,0.0,0.0,97.23130127154721,115.33333333333333,178.0,32.0,22.47,2.98,24590.022505,78.0,1.0,1
56639,31.0,0.0,0.0,1.0,0.0,0.0,131.04970772692127,123.33333333333333,163.0,37.0,33.36,7.3,22238.736217,86.0,2.0,1
56640,40.0,0.0,0.0,0.0,0.0,0.0,114.7350482312626,112.66666666666667,220.0,34.0,38.33,6.26,69149.727092,84.0,1.0,1
56641,44.0,1.0,0.0,0.0,0.0,0.0,112.11199431587151,115.33333333333333,198.0,52.0,29.92,8.3,90501.144518,80.0,2.0,1
56642,59.0,1.0,0.0,1.0,1.0,0.0,84.82406333577323,102.66666666666667,182.0,42.0,37.49,88.38,30353.751983,78.0,2.0,1
56646,37.0,0.0,0.0,0.0,0.0,0.0,79.87752128190608,117.33333333333333,146.0,34.0,28.31,2.58,28059.136418,82.0,2.0,1
56648,62.0,1.0,0.0,0.0,0.0,0.0,96.07580141895353,108.0,223.0,85.0,24.73,6.44,51293.622038,86.0,3.0,1
56650,60.0,1.0,0.0,0.0,0.0,0.0,108.36720966032765,164.0,237.0,65.0,30.2,5.07,6774.929441,85.0,2.0,1
56651,61.0,0.0,0.0,0.0,0.0,0.0,76.37419935789183,127.33333333333333,191.0,52.0,28.7,2.56,12428.596949,82.0,2.0,1
56652,62.0,0.0,0.0,1.0,1.0,0.0,38.658777322170344,145.33333333333334,174.0,50.0,27.47,54.66,9357.580369,75.0,1.0,1
56658,38.0,0.0,0.0,0.0,0.0,0.0,112.49041313696821,126.66666666666667,255.0,34.0,26.87,4.74,67160.811695,87.0,2.0,1
56659,53.0,0.0,1.0,1.0,0.0,0.0,69.52162763358469,131.33333333333334,256.0,41.0,33.08,6.12,15686.03941,82.0,2.0,1
56660,45.0,1.0,0.0,0.0,1.0,0.0,112.28652785867963,110.66666666666667,243.0,48.0,44.2,12.48,59173.068083,80.0,1.0,1
56673,50.0,1.0,1.0,0.0,0.0,0.0,84.60596476455257,108.66666666666667,229.0,43.0,16.56,26.67,15221.770678,84.0,2.0,1
56675,50.0,1.0,0.0,0.0,1.0,0.0,98.50495154282892,130.0,225.0,84.0,24.95,4.09,95158.077948,77.0,1.0,1
56681,30.0,1.0,0.0,0.0,0.0,0.0,113.38845690259502,112.66666666666667,219.0,69.0,32.76,3.21,72738.522735,81.0,2.0,1
56682,31.0,1.0,0.0,0.0,0.0,0.0,92.56720018039833,96.66666666666667,178.0,70.0,19.32,14.77,71929.361138,81.0,2.0,1
56683,32.0,0.0,1.0,0.0,0.0,0.0,87.63171097589868,130.0,191.0,47.0,25.95,4.76,15307.30365,77.0,1.0,0
56689,59.0,0.0,1.0,0.0,0.0,0.0,89.9277705591563,131.33333333333334,161.0,36.0,22.09,6.83,23591.325205,81.0,2.0,1
56690,62.0,0.0,1.0,0.0,0.0,0.0,100.06309588894229,132.0,212.0,47.0,23.69,3.38,21309.916507,75.0,2.0,1
56691,61.0,1.0,0.0,0.0,0.0,0.0,99.37839857417701,120.66666666666667,236.0,64.0,26.34,6.15,67032.592835,85.0,2.0,0
56694,43.0,1.0,0.0,0.0,1.0,1.0,22.261177360230516,121.33333333333333,240.0,47.0,31.39,590.16,21052.826838,77.0,2.0,1
56696,46.0,0.0,0.0,0.0,0.0,0.0,110.11861928173762,123.33333333333333,227.0,41.0,26.9,11.47,15521.102658,86.0,3.0,1
56703,40.0,1.0,0.0,1.0,1.0,0.0,95.46368990413177,120.0,248.0,51.0,47.92,2.65,29981.196622,83.0,2.0,1
56705,31.0,1.0,0.0,0.0,0.0,0.0,85.37090332295682,122.0,227.0,51.0,40.23,9.38,25966.025398,84.0,1.0,1
56706,45.0,1.0,0.0,1.0,0.0,1.0,118.96330051883258,98.0,184.0,52.0,30.68,24.18,16283.76628,78.0,1.0,1
56710,71.0,1.0,0.0,0.0,1.0,1.0,60.23029162812202,148.66666666666666,230.0,70.0,26.54,7.58,31237.299447,86.0,3.0,1
56716,44.0,0.0,0.0,0.0,1.0,0.0,98.72086240432216,124.0,222.0,48.0,36.22,6.86,18451.210124,86.0,2.0,1
56717,75.0,0.0,0.0,0.0,1.0,0.0,90.94140688448358,156.66666666666666,166.0,85.0,21.6,23.03,12711.35088,77.0,2.0,1
56720,67.0,1.0,0.0,0.0,0.0,0.0,88.62187466754497,118.66666666666667,159.0,40.0,26.09,22.96,7084.376544,81.0,1.0,0
56727,76.0,1.0,0.0,0.0,1.0,0.0,64.53042645833504,131.33333333333334,238.0,82.0,21.41,9.88,16322.933104,82.0,1.0,1
56734,73.0,1.0,0.0,0.0,0.0,0.0,89.72282356945743,138.66666666666666,151.0,39.0,30.79,34.41,8570.219254,78.0,1.0,1
56736,38.0,0.0,0.0,0.0,0.0,0.0,120.4345994267417,112.66666666666667,190.0,43.0,34.27,2.99,67052.170574,76.0,1.0,1
56739,76.0,0.0,0.0,0.0,1.0,0.0,47.1944004549266,132.66666666666666,189.0,89.0,23.89,5.0,12868.360204,81.0,2.0,1
56740,56.0,1.0,0.0,0.0,0.0,0.0,104.0494974731224,149.33333333333334,194.0,51.0,35.97,10.76,12457.066775,85.0,2.0,1
56747,33.0,0.0,0.0,0.0,0.0,0.0,116.84268207294753,113.33333333333333,181.0,50.0,27.87,1.31,84125.898782,82.0,2.0,1
56748,34.0,0.0,1.0,0.0,0.0,0.0,102.51392552827187,119.33333333333333,138.0,54.0,19.58,6.85,17236.479268,75.0,1.0,1
56751,47.0,0.0,0.0,0.0,0.0,0.0,107.47406937112633,130.0,230.0,51.0,32.41,12.09,20257.239026,86.0,1.0,0
56753,61.0,0.0,0.0,0.0,0.0,0.0,101.85630565937318,139.33333333333334,193.0,41.0,38.97,8.41,48643.772078,89.0,2.0,1
56755,40.0,1.0,0.0,0.0,0.0,0.0,112.05430679879757,122.66666666666667,168.0,34.0,32.22,38.33,15810.153943,84.0,1.0,1
56756,64.0,1.0,0.0,0.0,1.0,0.0,71.38895221126222,118.66666666666667,209.0,43.0,39.85,4.54,52724.982158,81.0,2.0,1
56757,51.0,1.0,0.0,0.0,0.0,0.0,107.75060076297935,111.33333333333333,246.0,50.0,32.68,7.27,14417.566562,77.0,2.0,1
56761,73.0,1.0,0.0,1.0,1.0,1.0,43.02168301097819,94.66666666666667,165.0,41.0,24.73,22.04,18085.577777,75.0,2.0,1
56762,36.0,0.0,0.0,0.0,0.0,0.0,116.75124637328403,129.33333333333334,222.0,39.0,24.79,19.19,13780.597684,86.0,3.0,1
56763,61.0,0.0,0.0,0.0,0.0,0.0,99.57413337962339,140.66666666666666,235.0,48.0,33.83,1.33,8050.612715,87.0,1.0,1
56764,78.0,1.0,0.0,0.0,1.0,0.0,40.22605014508334,136.0,208.0,70.0,25.91,5.46,13632.860954,84.0,1.0,1
56767,67.0,1.0,0.0,0.0,0.0,1.0,93.1341548464394,168.66666666666666,216.0,80.0,25.28,13.4,5629.002315,86.0,2.0,1
56769,55.0,0.0,1.0,0.0,0.0,0.0,96.97156395755158,126.66666666666667,240.0,45.0,29.31,4.19,13008.286545,81.0,1.0,1
56772,30.0,0.0,0.0,0.0,0.0,0.0,126.04480206316572,114.0,212.0,45.0,32.17,7.1,22053.726896,88.0,1.0,1
56773,62.0,0.0,0.0,0.0,0.0,0.0,103.73542493745721,117.33333333333333,208.0,45.0,34.06,4.4,8441.471308,87.0,1.0,0
56780,56.0,1.0,0.0,0.0,0.0,0.0,101.79312063902118,95.33333333333333,259.0,83.0,19.56,8.33,107546.131922,77.0,2.0,1
56785,49.0,0.0,0.0,0.0,0.0,0.0,109.74885836492489,124.0,246.0,76.0,25.42,5.67,17110.395133,88.0,2.0,1
56792,52.0,0.0,0.0,0.0,1.0,0.0,75.00736809042279,112.66666666666667,204.0,60.0,32.63,5.23,24653.356286,82.0,2.0,1
56794,71.0,1.0,0.0,0.0,1.0,0.0,89.33383337589149,100.66666666666667,192.0,66.0,41.72,5.08,49128.3912,80.0,2.0,1
56798,70.0,0.0,0.0,0.0,0.0,0.0,78.14553247040998,138.66666666666666,210.0,43.0,45.65,5.74,9873.315888,80.0,2.0,1
56805,56.0,0.0,0.0,0.0,0.0,0.0,93.94087570324906,113.33333333333333,240.0,59.0,25.71,18.96,12815.795366,85.0,2.0,1
56809,52.0,1.0,0.0,0.0,0.0,0.0,89.94594741609347,117.33333333333333,283.0,56.0,36.59,4.51,23748.745332,84.0,2.0,1
56814,65.0,0.0,0.0,0.0,0.0,0.0,80.61376271449062,120.66666666666667,293.0,52.0,28.27,1.85,13193.366177,82.0,2.0,1
56816,56.0,0.0,0.0,0.0,1.0,0.0,97.62870706731145,173.33333333333334,149.0,43.0,27.77,4.29,25115.577435,83.0,2.0,0
56824,66.0,0.0,0.0,1.0,1.0,1.0,43.91108306427053,132.0,133.0,42.0,33.76,7.6,12159.018408,75.0,2.0,1
56827,53.0,0.0,0.0,1.0,1.0,1.0,65.68919362137045,129.33333333333334,208.0,50.0,40.4,4796.61,19601.897646,75.0,1.0,1
56829,53.0,0.0,0.0,1.0,0.0,1.0,107.05229469143296,118.0,166.0,39.0,35.36,13.07,19184.005021,75.0,1.0,1
56830,71.0,1.0,0.0,0.0,0.0,1.0,79.92128471129446,127.33333333333333,225.0,68.0,35.21,5.26,34966.865728,80.0,1.0,1
56831,50.0,0.0,0.0,1.0,0.0,1.0,105.48741997642325,110.0,160.0,53.0,33.3,12.5,12437.325513,82.0,2.0,1
56834,49.0,1.0,0.0,0.0,0.0,0.0,85.13379428914527,117.33333333333333,178.0,90.0,20.43,28.46,22786.453748,87.0,1.0,1
56835,60.0,1.0,1.0,0.0,1.0,0.0,66.89597198881015,126.66666666666667,175.0,57.0,28.76,42.25,22061.230347,83.0,1.0,1
56837,76.0,0.0,0.0,1.0,0.0,1.0,90.05513669767039,100.0,136.0,58.0,27.85,98.91,31722.475671,76.0,1.0,1
56839,56.0,0.0,0.0,0.0,0.0,0.0,86.25866343385943,126.0,264.0,31.0,29.46,3.28,19952.378405,75.0,1.0,1
56840,41.0,1.0,1.0,0.0,0.0,0.0,102.51128502382936,100.66666666666667,219.0,54.0,23.74,2.31,90501.144518,80.0,2.0,1
56843,32.0,1.0,1.0,0.0,0.0,0.0,84.84160372235449,102.0,132.0,58.0,23.94,4.15,71929.361138,81.0,2.0,0
56844,70.0,1.0,1.0,0.0,1.0,1.0,96.89282500943602,124.0,186.0,65.0,26.51,6.67,8352.460062,86.0,2.0,1
56846,32.0,0.0,0.0,0.0,0.0,0.0,119.69211906277245,122.66666666666667,225.0,31.0,33.41,6.51,66692.699479,86.0,1.0,0
56847,58.0,1.0,0.0,0.0,1.0,0.0,85.35325350751985,132.0,218.0,49.0,28.94,19.83,95401.863692,81.0,1.0,1
56850,53.0,0.0,0.0,0.0,0.0,0.0,96.93319531439386,121.33333333333333,255.0,38.0,29.5,4.64,13666.884857,81.0,1.0,1
56852,44.0,1.0,1.0,0.0,0.0,0.0,109.30109753836736,124.0,216.0,33.0,36.67,3.85,85415.930989,81.0,2.0,1
56854,49.0,1.0,0.0,0.0,0.0,0.0,109.52761285439362,139.0,200.0,45.0,33.15,52.95,19014.020892,75.0,1.0,1
56862,45.0,0.0,0.0,0.0,0.0,0.0,103.19400688974802,118.66666666666667,246.0,36.0,28.28,4.67,19102.531525,86.0,2.0,1
56865,30.0,0.0,1.0,0.0,0.0,0.0,111.83962537807189,105.33333333333333,152.0,71.0,27.4,2.19,33061.224604,78.0,2.0,0
56866,46.0,0.0,0.0,1.0,0.0,0.0,95.14167061519963,128.66666666666666,217.0,46.0,31.97,18.73,32203.666103,75.0,1.0,1
56867,30.0,0.0,0.0,0.0,0.0,0.0,101.39789095079487,112.66666666666667,184.0,35.0,27.37,8.1,20151.605562,85.0,1.0,1
56868,33.0,1.0,0.0,0.0,0.0,0.0,99.71150469678942,116.66666666666667,155.0,40.0,34.48,5.0,26824.964193,82.0,2.0,0
56870,53.0,0.0,0.0,0.0,0.0,0.0,105.03750482912729,126.0,233.0,42.0,23.53,10.28,11948.020306,76.0,1.0,1
56871,31.0,0.0,0.0,0.0,0.0,0.0,119.9987613031485,106.0,196.0,35.0,29.63,3.01,21381.512204,84.0,2.0,0
56872,31.0,1.0,0.0,0.0,0.0,0.0,122.99056536408828,108.66666666666667,182.0,53.0,32.63,3.32,36330.97264,83.0,2.0,1
56874,39.0,1.0,0.0,0.0,0.0,0.0,118.98298879500065,127.33333333333333,217.0,40.0,40.15,7.55,31444.075415,80.0,2.0,1
56877,72.0,1.0,0.0,1.0,1.0,0.0,51.14793879129853,129.33333333333334,241.0,46.0,45.93,36.78,21736.812302,75.0,2.0,1
56878,73.0,1.0,0.0,0.0,1.0,0.0,50.83082157079248,106.66666666666667,219.0,82.0,27.59,30.0,36689.33505,76.0,1.0,1
56881,42.0,1.0,0.0,1.0,1.0,1.0,113.95378857325616,120.66666666666667,150.0,54.0,34.44,4.27,16306.175177,82.0,2.0,1
56882,60.0,1.0,0.0,0.0,0.0,0.0,91.08618933780032,102.0,176.0,63.0,20.88,11.27,5815.537765,86.0,2.0,1
56890,75.0,0.0,0.0,0.0,0.0,0.0,82.42867271188574,139.33333333333334,250.0,53.0,26.22,6.67,33464.063035,76.0,1.0,0
56900,31.0,0.0,0.0,0.0,0.0,0.0,92.04006108219069,111.33333333333333,151.0,51.0,26.09,0.78,57949.119795,79.0,2.0,1
56902,45.0,0.0,0.0,0.0,0.0,0.0,107.33540586327024,130.66666666666666,230.0,66.0,25.11,4.82,16582.348771,89.0,1.0,0
56906,53.0,1.0,0.0,0.0,1.0,0.0,85.47841877311319,144.0,240.0,76.0,29.61,60.0,25871.281028,78.0,2.0,1
56908,59.0,1.0,0.0,0.0,1.0,0.0,81.15837564683227,109.33333333333333,246.0,57.0,34.2,22.18,77428.916401,80.0,1.0,1
56909,48.0,1.0,0.0,0.0,1.0,0.0,85.66491677313871,144.0,215.0,41.0,39.68,5.69,70653.154593,79.0,1.0,1
56911,43.0,0.0,0.0,0.0,0.0,0.0,95.77144262118296,120.0,197.0,57.0,28.44,6.76,73330.100722,76.0,1.0,1
56913,40.0,1.0,0.0,0.0,0.0,0.0,117.74198159212105,150.0,260.0,63.0,30.45,10.93,32228.450566,76.0,2.0,1
56916,53.0,0.0,0.0,1.0,0.0,0.0,84.87871470289221,115.33333333333333,186.0,48.0,36.49,3.03,21948.739149,77.0,1.0,1
56921,63.0,1.0,0.0,0.0,1.0,0.0,89.40246856708235,119.0,167.0,37.0,37.33,20.74,7692.636623,82.0,2.0,1
56925,66.0,1.0,1.0,0.0,1.0,1.0,76.59225581350421,180.66666666666666,143.0,52.0,26.4,8.57,64787.055786,77.0,2.0,1
56926,69.0,1.0,0.0,0.0,0.0,0.0,71.09478981102292,146.66666666666666,274.0,89.0,23.36,4.9,21780.871124,86.0,1.0,1
56930,71.0,0.0,0.0,0.0,0.0,0.0,81.44146611609162,111.33333333333333,212.0,70.0,26.29,3.8,31722.475671,76.0,1.0,1
56931,39.0,1.0,0.0,0.0,0.0,0.0,107.21604348404415,118.66666666666667,165.0,67.0,21.45,8.7,58690.581834,84.0,2.0,1
56936,42.0,0.0,1.0,0.0,0.0,0.0,80.64685760770217,130.66666666666666,220.0,43.0,25.65,6.55,18226.446244,85.0,1.0,1
56938,45.0,0.0,0.0,0.0,1.0,0.0,103.19400688974802,121.33333333333333,180.0,21.0,42.97,52.29,98436.529013,83.0,1.0,0
56941,41.0,0.0,0.0,0.0,0.0,0.0,101.83863388834045,121.33333333333333,205.0,41.0,24.5,3.63,91316.255685,81.0,2.0,1
56943,60.0,1.0,1.0,0.0,1.0,0.0,51.30782503678909,115.33333333333333,201.0,61.0,27.53,16.94,18363.914422,78.0,2.0,1
56946,41.0,0.0,1.0,0.0,0.0,0.0,101.83863388834045,119.33333333333333,131.0,39.0,23.87,6.6,21063.174792,78.0,1.0,1
56949,44.0,1.0,0.0,0.0,0.0,0.0,74.8198255522872,121.33333333333333,207.0,96.0,31.89,1.52,17671.587506,76.0,2.0,1
56950,58.0,0.0,0.0,0.0,0.0,0.0,100.01757664571628,108.0,232.0,50.0,25.63,6.31,13442.33475,75.0,1.0,0
56954,75.0,1.0,1.0,1.0,1.0,1.0,75.65348051269324,152.0,167.0,81.0,35.01,3.67,13897.411766,84.0,1.0,0
56956,59.0,0.0,0.0,1.0,0.0,1.0,117.4954890026704,116.0,220.0,48.0,29.94,10.88,23031.021983,76.0,2.0,1
56957,61.0,0.0,1.0,0.0,0.0,0.0,73.94754502920432,126.0,177.0,36.0,29.14,3.32,59396.048135,76.0,2.0,1
56959,32.0,1.0,0.0,0.0,0.0,0.0,117.77052579331631,104.66666666666667,190.0,52.0,21.57,11.15,70271.285873,80.0,2.0,1
56963,74.0,0.0,0.0,0.0,1.0,0.0,62.82931858952449,123.33333333333333,203.0,40.0,25.87,3.09,34298.457694,77.0,1.0,1
56965,68.0,0.0,1.0,0.0,0.0,0.0,93.02931609009187,129.33333333333334,189.0,57.0,17.47,5.76,18897.23409,81.0,1.0,0
56967,42.0,1.0,0.0,0.0,0.0,0.0,111.053572721151,105.33333333333333,182.0,58.0,23.27,9.17,18840.45707,77.0,1.0,1
56969,68.0,0.0,0.0,0.0,0.0,0.0,90.60777101764879,140.66666666666666,190.0,26.0,31.29,4.59,6580.447866,87.0,1.0,1
56971,65.0,0.0,0.0,0.0,0.0,0.0,70.62792609606716,131.33333333333334,229.0,46.0,36.38,2.47,18245.83232,81.0,2.0,1
56973,46.0,0.0,0.0,0.0,0.0,0.0,108.91580072966724,110.66666666666667,220.0,50.0,31.31,9.37,78869.850375,79.0,2.0,1
56974,50.0,1.0,0.0,0.0,0.0,0.0,88.38002146930783,101.33333333333333,202.0,68.0,25.43,4.69,23649.212232,77.0,1.0,1
56978,55.0,0.0,0.0,0.0,1.0,0.0,73.6208630172731,146.66666666666666,187.0,54.0,27.04,2.55,89543.78448,75.0,2.0,1
56980,46.0,1.0,0.0,0.0,0.0,0.0,109.8952740615666,98.0,217.0,62.0,30.41,6.15,17565.443509,77.0,2.0,1
56983,39.0,0.0,0.0,0.0,0.0,0.0,90.52729142032571,152.0,251.0,39.0,27.2,267.55,68643.200606,87.0,2.0,0
56984,43.0,0.0,0.0,0.0,0.0,0.0,94.63469369527397,110.66666666666667,164.0,60.0,29.96,2.08,16685.646624,88.0,1.0,1
56985,78.0,1.0,0.0,1.0,1.0,0.0,49.79821554632225,110.66666666666667,200.0,38.0,34.38,3.96,19444.889193,83.0,2.0,1
56987,30.0,1.0,0.0,0.0,0.0,0.0,125.83282369612573,102.66666666666667,153.0,39.0,25.5,7.93,19433.955197,85.0,1.0,1
56989,49.0,1.0,0.0,0.0,0.0,0.0,100.75107781304223,116.66666666666667,233.0,47.0,35.49,5.57,17646.68998,75.0,2.0,1
56990,36.0,0.0,1.0,0.0,0.0,0.0,116.75124637328403,112.0,169.0,60.0,31.62,6.04,25362.195537,78.0,1.0,1
57009,49.0,0.0,0.0,1.0,1.0,0.0,75.64349298204237,130.66666666666666,213.0,40.0,34.18,5.39,24063.682199,83.0,1.0,1
57011,33.0,1.0,1.0,0.0,0.0,0.0,83.22881593887489,116.66666666666667,150.0,49.0,47.87,0.95,29104.51615,75.0,2.0,1
57014,64.0,0.0,1.0,0.0,1.0,0.0,78.36963635680601,143.33333333333334,215.0,37.0,26.42,3.03,7591.775942,77.0,2.0,1
57021,48.0,1.0,0.0,0.0,0.0,0.0,84.45695700861891,100.0,203.0,96.0,20.86,4.17,76304.674546,85.0,2.0,1
57022,61.0,0.0,0.0,0.0,0.0,0.0,79.84557529498599,141.33333333333334,200.0,42.0,23.14,4.03,68338.840828,75.0,2.0,1
57023,55.0,0.0,1.0,1.0,1.0,0.0,81.95272616847748,188.66666666666666,285.0,57.0,29.84,1302.04,19952.378405,75.0,1.0,1
57024,34.0,0.0,0.0,0.0,0.0,0.0,116.11825744409524,124.0,236.0,36.0,31.06,2.56,21506.882987,82.0,2.0,1
57026,41.0,1.0,1.0,0.0,0.0,0.0,113.36632135685505,123.33333333333333,199.0,32.0,45.45,5.98,81961.347896,80.0,2.0,1
57028,55.0,0.0,0.0,1.0,0.0,0.0,107.44610113576555,156.66666666666666,170.0,66.0,34.92,20.74,11532.548251,88.0,1.0,1
57034,64.0,1.0,0.0,0.0,0.0,1.0,83.47751447557206,153.33333333333334,242.0,59.0,27.66,12.81,22614.903074,85.0,2.0,1
57050,78.0,0.0,0.0,1.0,1.0,1.0,54.221934197473175,146.66666666666666,177.0,53.0,31.74,3.36,12397.842008,77.0,2.0,1
57054,49.0,1.0,0.0,0.0,0.0,0.0,95.99769873789384,109.33333333333333,210.0,75.0,22.31,8.24,85417.857252,77.0,2.0,1
57055,33.0,1.0,0.0,0.0,0.0,0.0,106.04176402210587,118.0,146.0,63.0,24.09,2.14,28789.114826,84.0,2.0,1
57058,40.0,0.0,0.0,0.0,0.0,0.0,101.20756380705811,116.0,204.0,40.0,25.01,4.22,71221.191038,78.0,1.0,1
57060,39.0,0.0,1.0,0.0,0.0,0.0,118.20131464881989,112.66666666666667,184.0,41.0,25.14,5.32,33706.739675,78.0,2.0,1
57061,34.0,1.0,0.0,0.0,0.0,0.0,116.7187413338814,92.66666666666667,160.0,59.0,25.85,8.09,30625.012229,82.0,2.0,1
57063,78.0,1.0,0.0,0.0,1.0,1.0,44.11800821633197,158.0,209.0,79.0,30.17,7.16,18655.826903,80.0,2.0,1
57064,32.0,0.0,1.0,0.0,0.0,0.0,111.883894368309,117.33333333333333,275.0,43.0,32.45,5.88,33128.491208,77.0,2.0,1
57069,48.0,0.0,0.0,0.0,0.0,0.0,114.657779347345,120.66666666666667,189.0,48.0,26.5,11.39,18364.946313,78.0,1.0,1
57070,30.0,1.0,0.0,0.0,0.0,0.0,129.31695975066629,111.33333333333333,184.0,43.0,27.9,61.3,18011.429607,76.0,1.0,1
57079,73.0,1.0,0.0,0.0,0.0,0.0,80.14924350192531,166.0,214.0,51.0,22.6,9.08,11583.362083,81.0,1.0,1
57082,53.0,0.0,1.0,0.0,0.0,0.0,113.74055262470671,106.66666666666667,223.0,48.0,24.65,6.1,11723.777579,88.0,1.0,1
57086,45.0,1.0,0.0,0.0,0.0,0.0,103.28891875590945,109.33333333333333,180.0,72.0,26.61,3.71,59173.068083,80.0,1.0,1
57089,35.0,1.0,0.0,0.0,0.0,0.0,120.45556916715888,101.33333333333333,154.0,37.0,30.35,73.67,25536.197439,78.0,2.0,1
57095,61.0,0.0,0.0,1.0,0.0,0.0,97.16880939309705,130.0,201.0,69.0,22.6,40.5,7200.115955,81.0,1.0,1
57100,69.0,0.0,1.0,1.0,1.0,0.0,77.72662757254427,145.33333333333334,188.0,43.0,34.94,25.95,8365.161334,78.0,1.0,1
57102,58.0,1.0,1.0,0.0,0.0,0.0,90.77196853549066,104.0,289.0,70.0,18.19,12.06,107639.840916,87.0,1.0,1
57108,38.0,1.0,0.0,0.0,0.0,0.0,117.75103814504187,101.33333333333333,143.0,78.0,21.89,6.78,19493.542121,79.0,2.0,1
57109,41.0,1.0,0.0,0.0,0.0,0.0,116.52256251235403,110.66666666666667,254.0,68.0,20.02,21.13,15384.834197,88.0,2.0,1
57111,57.0,0.0,0.0,1.0,0.0,1.0,101.35090569700348,103.33333333333333,151.0,46.0,28.86,98.31,14173.048393,80.0,2.0,1
57113,56.0,0.0,0.0,0.0,0.0,0.0,100.92049922385212,123.33333333333333,137.0,40.0,29.8,5.82,14507.466366,77.0,2.0,1
57117,32.0,0.0,1.0,0.0,0.0,0.0,83.23208214604304,131.33333333333334,239.0,54.0,27.41,2.48,33866.422992,83.0,1.0,0
57119,60.0,0.0,0.0,0.0,1.0,1.0,91.6327190932268,100.66666666666667,159.0,66.0,30.3,5.25,52391.133413,76.0,2.0,1
57120,65.0,1.0,0.0,1.0,1.0,0.0,98.3854595988943,139.33333333333334,229.0,82.0,31.13,28.09,6260.61572,77.0,2.0,1
57122,65.0,0.0,0.0,0.0,0.0,0.0,100.55324940318538,150.66666666666666,210.0,39.0,19.56,23.59,55281.20886,85.0,1.0,1
57129,79.0,0.0,0.0,0.0,1.0,0.0,77.4885479099586,129.33333333333334,191.0,65.0,41.63,15.07,9873.315888,80.0,2.0,1
57131,47.0,1.0,0.0,0.0,0.0,0.0,102.01210658937315,115.33333333333333,191.0,61.0,20.05,6.29,73812.908056,86.0,1.0,1
57133,55.0,1.0,1.0,0.0,0.0,0.0,89.6432439689536,123.33333333333333,167.0,58.0,18.37,15.26,30353.751983,78.0,2.0,0
57134,31.0,1.0,0.0,0.0,0.0,0.0,122.99056536408828,104.66666666666667,162.0,64.0,26.7,5.44,25897.157431,78.0,2.0,1
57142,39.0,1.0,0.0,0.0,0.0,0.0,102.15765097172819,128.0,189.0,44.0,43.48,16.82,58438.276253,79.0,1.0,1
57145,55.0,0.0,0.0,0.0,0.0,0.0,79.27800559870124,172.0,258.0,33.0,32.61,8.75,12815.795366,85.0,2.0,1
57150,33.0,0.0,0.0,0.0,0.0,0.0,115.65251831363415,111.33333333333333,189.0,51.0,33.29,7.27,35121.28555,82.0,2.0,0
57154,60.0,0.0,0.0,0.0,0.0,0.0,68.54510655730316,116.0,221.0,49.0,35.09,6.03,8634.150642,84.0,1.0,1
57159,39.0,1.0,0.0,0.0,0.0,0.0,89.31913283408254,120.66666666666667,203.0,71.0,21.81,5.58,26477.964406,84.0,1.0,1
57160,49.0,0.0,0.0,0.0,0.0,0.0,87.0167432185838,122.66666666666667,277.0,56.0,30.94,1.48,24174.776339,78.0,2.0,1
57165,48.0,0.0,0.0,0.0,1.0,0.0,89.60377807020258,124.66666666666667,145.0,47.0,27.36,3.11,27067.934054,80.0,2.0,1
57170,56.0,1.0,0.0,0.0,1.0,0.0,102.517269872571,143.33333333333334,200.0,87.0,28.85,3.92,99626.593895,79.0,2.0,1
57171,38.0,1.0,1.0,0.0,0.0,0.0,120.24631827128792,112.0,141.0,40.0,42.75,7.4,22865.162453,81.0,1.0,1
57175,49.0,0.0,0.0,0.0,0.0,0.0,85.06863232134218,128.66666666666666,253.0,43.0,25.82,3.08,75648.543242,79.0,2.0,1
57177,53.0,1.0,0.0,1.0,1.0,0.0,105.60748702038678,152.0,271.0,72.0,32.88,163.0,11193.671799,85.0,1.0,1
57178,46.0,0.0,0.0,0.0,0.0,0.0,102.55420404703159,120.0,233.0,54.0,25.35,3.3,143399.727954,79.0,2.0,1
57179,53.0,1.0,0.0,1.0,0.0,0.0,101.60687257776412,170.66666666666666,262.0,59.0,30.54,7.32,10656.402922,78.0,1.0,1
57181,62.0,0.0,1.0,1.0,1.0,1.0,94.05274868234349,115.33333333333333,166.0,56.0,27.01,9.3,57398.774363,81.0,2.0,1
57184,34.0,0.0,0.0,0.0,0.0,0.0,102.51392552827187,123.33333333333333,175.0,46.0,31.23,3.86,69862.627307,79.0,1.0,1
57185,53.0,0.0,0.0,0.0,0.0,0.0,104.65370210703844,121.33333333333333,203.0,41.0,24.75,7.35,11569.725441,87.0,1.0,1
57187,43.0,1.0,0.0,0.0,0.0,0.0,111.55372316553999,103.33333333333333,184.0,43.0,26.86,6.41,16538.27432,79.0,2.0,1
57189,72.0,1.0,0.0,0.0,0.0,0.0,84.53575627811387,132.66666666666666,261.0,90.0,19.13,4.49,45032.656482,75.0,2.0,1
57198,51.0,0.0,0.0,0.0,1.0,1.0,92.22862523712321,106.66666666666667,177.0,45.0,52.73,14.63,14106.78685,84.0,1.0,1
57203,51.0,0.0,1.0,0.0,0.0,0.0,107.14823439043337,107.33333333333333,182.0,39.0,,5.0,27553.096049,80.0,2.0,1
57204,56.0,1.0,0.0,0.0,0.0,0.0,74.04238663056476,135.33333333333334,215.0,57.0,36.91,6.54,79625.602161,84.0,1.0,1
57208,46.0,0.0,0.0,0.0,0.0,0.0,114.58907449422529,117.33333333333333,215.0,75.0,19.46,6.27,80523.693485,86.0,1.0,1
57210,79.0,1.0,0.0,1.0,0.0,0.0,42.61425905724319,160.0,207.0,64.0,40.77,2.54,12842.615886,84.0,1.0,1
57211,40.0,1.0,0.0,0.0,0.0,0.0,110.16310870388523,104.0,170.0,58.0,28.44,4.41,16970.739474,79.0,2.0,1
57213,77.0,1.0,0.0,0.0,1.0,1.0,96.0805515844251,161.33333333333334,222.0,34.0,26.69,16.67,21020.708228,75.0,2.0,1
57214,41.0,0.0,0.0,0.0,0.0,0.0,112.35591131463279,120.0,265.0,39.0,37.13,5.47,77775.512186,79.0,2.0,1
57215,40.0,1.0,0.0,0.0,0.0,0.0,75.75653809613844,124.66666666666667,170.0,72.0,24.91,10.51,69605.408779,86.0,2.0,1
57217,60.0,1.0,0.0,0.0,0.0,0.0,78.38326299054908,131.33333333333334,170.0,43.0,38.2,4.87,58315.346509,80.0,1.0,1
57222,65.0,1.0,0.0,0.0,0.0,0.0,72.88561202675902,144.0,198.0,61.0,37.1,8.31,68773.599629,77.0,2.0,1
57223,76.0,0.0,0.0,0.0,0.0,1.0,63.950562682937644,135.33333333333334,192.0,53.0,23.0,7.23,28480.684717,80.0,1.0,1
57224,30.0,0.0,1.0,0.0,0.0,0.0,96.82379252665463,123.33333333333333,186.0,48.0,28.41,2.33,28516.746202,82.0,1.0,1
57225,31.0,0.0,0.0,0.0,0.0,0.0,114.05195330282343,103.33333333333333,209.0,58.0,29.24,3.64,62367.862156,88.0,2.0,1
57229,60.0,1.0,0.0,0.0,0.0,0.0,94.08894899177962,144.66666666666666,256.0,50.0,22.36,6.61,61835.25213,86.0,2.0,1
57230,64.0,1.0,0.0,0.0,0.0,0.0,82.2269222087342,100.66666666666667,215.0,75.0,20.93,4.25,60234.151229,85.0,1.0,1
57231,57.0,1.0,0.0,0.0,0.0,0.0,68.1558268823069,108.66666666666667,189.0,63.0,19.55,15.5,87766.123009,79.0,1.0,1
57234,48.0,1.0,0.0,0.0,0.0,0.0,64.79941755203274,108.66666666666667,218.0,82.0,33.46,11.52,18967.985218,76.0,2.0,1
57249,68.0,1.0,0.0,0.0,0.0,0.0,79.01980726960552,146.66666666666666,175.0,57.0,33.62,3.5,21271.030737,83.0,2.0,1
57250,37.0,0.0,1.0,0.0,0.0,0.0,111.32492316959765,114.0,203.0,40.0,26.06,4.13,19395.917386,89.0,1.0,1
57259,40.0,0.0,1.0,0.0,0.0,0.0,111.0998561455508,119.33333333333333,258.0,40.0,29.14,2.88,19863.690695,75.0,2.0,1
57262,38.0,1.0,0.0,0.0,0.0,0.0,106.13781743931601,111.33333333333333,188.0,47.0,22.54,5.4,64508.601789,77.0,1.0,1
57266,45.0,1.0,1.0,0.0,0.0,0.0,111.84736209831335,162.66666666666666,216.0,62.0,22.05,8.65,21255.5746,83.0,1.0,0
57267,56.0,0.0,1.0,0.0,0.0,0.0,81.44461926623293,128.0,191.0,60.0,19.55,3.14,18554.055335,78.0,1.0,1
57268,48.0,0.0,0.0,0.0,0.0,0.0,108.75738136236926,109.33333333333333,246.0,43.0,25.36,3.01,20096.584068,82.0,2.0,1
57270,73.0,1.0,0.0,1.0,1.0,1.0,78.93333295505872,123.33333333333333,227.0,76.0,27.08,11.55,14822.816187,84.0,2.0,1
57276,74.0,1.0,0.0,0.0,0.0,0.0,65.33810739316206,130.66666666666666,218.0,84.0,23.43,12.31,47930.8449,82.0,2.0,1
57281,62.0,1.0,0.0,0.0,0.0,0.0,71.33035139760756,106.0,178.0,41.0,29.5,2.67,23607.25865,78.0,2.0,1
57284,53.0,1.0,0.0,0.0,1.0,1.0,103.71019512570068,140.66666666666666,284.0,43.0,25.03,8.23,93463.959795,77.0,1.0,1
57287,33.0,1.0,0.0,1.0,0.0,0.0,117.44691218945603,128.0,148.0,50.0,42.83,7.54,19518.20924,77.0,1.0,1
57288,30.0,1.0,0.0,0.0,0.0,0.0,117.23202281816458,105.33333333333333,162.0,42.0,54.55,9.64,15076.958957,80.0,1.0,1
57290,34.0,0.0,0.0,0.0,0.0,0.0,125.64949103335965,124.0,203.0,45.0,27.28,5.5,23709.472842,88.0,1.0,1
57293,51.0,1.0,0.0,0.0,0.0,0.0,90.50709138266602,130.0,234.0,47.0,36.08,17.8,10312.68772,88.0,2.0,1
57294,60.0,0.0,0.0,0.0,0.0,0.0,91.6327190932268,153.33333333333334,262.0,42.0,28.6,4.81,62920.012242,79.0,1.0,1
57295,40.0,0.0,0.0,0.0,0.0,0.0,93.0891457489064,104.66666666666667,200.0,59.0,20.97,3.9,23456.48286,77.0,2.0,1
57297,33.0,0.0,0.0,0.0,0.0,0.0,97.23130127154721,124.66666666666667,198.0,65.0,30.15,5.67,90136.964446,75.0,2.0,1
57305,67.0,0.0,0.0,0.0,1.0,1.0,100.99095187272347,118.66666666666667,130.0,37.0,34.68,12.07,54228.877032,85.0,1.0,1
57308,57.0,0.0,1.0,0.0,0.0,0.0,87.78532534914498,132.0,178.0,65.0,24.59,8.63,21368.439802,85.0,2.0,1
57309,66.0,1.0,0.0,0.0,1.0,1.0,82.44560217173141,132.66666666666666,174.0,60.0,25.38,12.05,58532.020031,80.0,1.0,1
57310,30.0,1.0,0.0,0.0,0.0,0.0,98.62332818482211,108.66666666666667,203.0,52.0,38.62,4.2,36330.97264,83.0,2.0,1
57316,71.0,1.0,0.0,1.0,1.0,1.0,30.356174896822733,136.66666666666666,197.0,40.0,32.45,120.73,40933.068037,77.0,2.0,1
57328,67.0,1.0,0.0,0.0,1.0,1.0,95.73835223595192,107.33333333333333,200.0,71.0,31.32,6.67,60234.151229,85.0,1.0,1
57330,69.0,1.0,0.0,1.0,1.0,1.0,52.11121025687,135.33333333333334,169.0,40.0,35.63,327.27,8213.407304,75.0,1.0,1
57334,57.0,1.0,0.0,1.0,1.0,1.0,59.9129309220677,155.33333333333334,142.0,41.0,39.62,425.53,19267.498554,84.0,2.0,1
57335,58.0,1.0,0.0,0.0,1.0,0.0,84.09032713317622,180.0,231.0,75.0,25.4,8.77,11550.549181,76.0,1.0,1
57336,39.0,1.0,0.0,0.0,0.0,0.0,121.69529171007626,101.33333333333333,191.0,34.0,37.36,8.54,25936.820943,87.0,1.0,1
57343,58.0,0.0,0.0,1.0,0.0,0.0,101.44941757797542,144.66666666666666,212.0,41.0,37.55,6.49,20506.179986,82.0,1.0,1
57348,62.0,1.0,0.0,1.0,1.0,0.0,67.74164021881768,110.66666666666667,130.0,49.0,42.07,9.85,15659.991046,80.0,1.0,1
57357,63.0,1.0,1.0,0.0,0.0,0.0,101.2042315325947,109.33333333333333,293.0,38.0,27.4,423.53,20615.124346,82.0,2.0,1
57360,31.0,1.0,0.0,0.0,0.0,0.0,124.52037187299477,105.33333333333333,133.0,51.0,24.61,7.82,18499.4128,85.0,2.0,1
57361,30.0,1.0,0.0,0.0,0.0,0.0,128.10038971949345,111.33333333333333,257.0,51.0,22.33,11.8,18071.103937,79.0,1.0,0
57363,58.0,1.0,1.0,0.0,0.0,0.0,101.24999649000503,112.66666666666667,230.0,25.0,25.34,3.53,14748.006458,78.0,2.0,1
57366,65.0,1.0,0.0,0.0,1.0,0.0,41.04639293083624,114.66666666666667,246.0,61.0,26.94,38.0,20280.664408,88.0,1.0,0
57367,43.0,1.0,0.0,0.0,0.0,0.0,110.75402294823633,116.66666666666667,204.0,67.0,26.29,5.3,86576.383051,77.0,2.0,1
57369,56.0,0.0,1.0,1.0,0.0,0.0,111.63806779885743,107.33333333333333,226.0,41.0,36.22,10.98,9812.82322,86.0,2.0,1
57371,69.0,1.0,1.0,0.0,0.0,0.0,71.09478981102292,136.0,267.0,28.0,27.51,3.7,57414.809741,80.0,1.0,0
57372,33.0,1.0,0.0,0.0,0.0,0.0,92.71511547649165,120.0,214.0,77.0,25.6,3.3,64508.601789,77.0,1.0,1
57373,61.0,1.0,0.0,0.0,0.0,0.0,100.48162450764946,151.33333333333334,267.0,65.0,23.78,3.13,5308.299831,89.0,2.0,1
57375,39.0,0.0,0.0,0.0,0.0,0.0,112.56295143600661,126.0,183.0,33.0,41.17,6.69,56137.422196,76.0,1.0,0
57377,36.0,1.0,0.0,0.0,0.0,0.0,119.70874463832251,116.66666666666667,188.0,65.0,28.68,8.93,61193.639148,83.0,2.0,1
57379,39.0,1.0,0.0,0.0,0.0,0.0,82.29956469009588,100.0,202.0,53.0,28.02,9.43,63976.263039,87.0,2.0,0
57380,39.0,1.0,1.0,0.0,0.0,0.0,117.4959382705357,110.66666666666667,138.0,39.0,21.42,26.5,22444.203247,78.0,2.0,1
57382,61.0,0.0,0.0,0.0,1.0,1.0,88.81612302772305,144.66666666666666,156.0,56.0,29.48,5.06,51157.204847,84.0,1.0,1
57384,64.0,1.0,0.0,0.0,1.0,0.0,100.5767652970926,117.33333333333333,185.0,39.0,53.89,6.09,5697.985261,88.0,1.0,1
57392,33.0,0.0,0.0,0.0,0.0,0.0,116.0434280195391,101.33333333333333,182.0,34.0,27.82,3.97,60502.550662,85.0,1.0,1
57393,67.0,0.0,1.0,0.0,0.0,0.0,95.92691763867045,114.66666666666667,196.0,36.0,26.89,5.1,7225.124488,78.0,2.0,1
57396,45.0,0.0,0.0,0.0,0.0,0.0,113.87181982163489,108.0,236.0,34.0,37.49,4.83,24028.911704,83.0,2.0,1
57400,30.0,0.0,1.0,0.0,0.0,0.0,93.6348093305535,120.0,156.0,27.0,28.44,2.96,33287.030545,83.0,2.0,1
57403,55.0,1.0,0.0,0.0,0.0,0.0,97.06075278137192,112.66666666666667,243.0,82.0,23.09,6.07,105631.466784,77.0,2.0,1
57408,57.0,1.0,0.0,0.0,1.0,1.0,101.16200329105925,108.66666666666667,268.0,50.0,31.27,9.49,95185.415335,79.0,1.0,1
57411,52.0,0.0,1.0,0.0,0.0,0.0,108.57971214959564,118.0,214.0,26.0,27.44,3.55,78821.803811,76.0,1.0,1
57413,37.0,0.0,1.0,1.0,1.0,0.0,94.84229787924407,196.0,184.0,30.0,51.46,399.16,20133.290922,81.0,2.0,1
57414,57.0,1.0,0.0,0.0,0.0,1.0,63.419732022320524,125.33333333333333,233.0,44.0,32.01,8.42,32061.10982,82.0,2.0,1
57417,72.0,0.0,0.0,0.0,1.0,1.0,61.18074957644862,132.0,148.0,54.0,29.96,5.79,33464.063035,77.0,2.0,1
57422,35.0,0.0,0.0,0.0,0.0,0.0,107.04731131823684,129.33333333333334,160.0,45.0,30.44,4.84,63837.745058,79.0,1.0,1
57424,30.0,1.0,0.0,0.0,0.0,0.0,126.94054562516726,118.66666666666667,204.0,51.0,41.28,13.82,19219.968571,82.0,2.0,1
57433,30.0,0.0,1.0,0.0,0.0,0.0,127.12171591498485,110.66666666666667,204.0,60.0,31.76,4.34,23998.324651,88.0,2.0,1
57435,56.0,1.0,0.0,0.0,0.0,0.0,55.91040927790378,144.66666666666666,238.0,54.0,25.63,7.98,22940.074853,78.0,1.0,1
57439,47.0,0.0,0.0,0.0,1.0,0.0,82.42224212302202,150.66666666666666,220.0,51.0,29.47,6.58,84551.439388,76.0,2.0,1
57456,54.0,0.0,1.0,0.0,1.0,0.0,78.91096806895133,126.66666666666667,152.0,34.0,27.75,3.16,107001.979585,87.0,1.0,1
57457,77.0,1.0,0.0,0.0,0.0,0.0,72.56299665138742,152.0,243.0,55.0,28.55,11.23,38087.107887,81.0,2.0,1
57459,46.0,1.0,0.0,0.0,0.0,0.0,104.36170362805939,101.33333333333333,274.0,90.0,25.74,8.65,21478.807878,77.0,2.0,1
57460,60.0,1.0,0.0,1.0,0.0,1.0,103.11021544385689,123.33333333333333,202.0,57.0,33.11,7.37,8780.848777,75.0,1.0,1
57462,36.0,0.0,1.0,0.0,0.0,0.0,113.89837473009679,127.33333333333333,212.0,32.0,24.28,11.92,77850.443105,77.0,2.0,1
57466,61.0,0.0,0.0,0.0,0.0,0.0,100.68735750547624,146.66666666666666,186.0,36.0,32.03,13.92,51609.176198,77.0,1.0,1
57470,44.0,0.0,0.0,0.0,0.0,0.0,91.8608272408737,101.33333333333333,247.0,37.0,32.4,4.2,21459.071325,81.0,1.0,1
57471,57.0,0.0,0.0,0.0,0.0,0.0,75.01292518820475,127.33333333333333,201.0,34.0,30.4,3.77,23031.021983,77.0,1.0,1
57472,57.0,0.0,0.0,0.0,0.0,0.0,70.53496055256451,134.66666666666666,292.0,43.0,32.1,6.91,19200.925759,85.0,1.0,1
57475,52.0,0.0,0.0,1.0,1.0,0.0,105.30660304592317,120.0,258.0,51.0,28.13,116.96,17971.288694,75.0,1.0,1
57478,68.0,1.0,1.0,0.0,1.0,1.0,80.20658108888541,112.0,142.0,45.0,28.25,10.08,5184.204509,86.0,3.0,1
57479,45.0,1.0,0.0,0.0,0.0,0.0,86.04753873445065,106.0,217.0,77.0,25.76,2.1,21052.826838,77.0,2.0,1
57481,34.0,0.0,1.0,0.0,0.0,0.0,95.52519628520233,128.66666666666666,231.0,22.0,26.06,5.75,58510.98972,80.0,1.0,1
57482,53.0,0.0,0.0,0.0,0.0,0.0,85.85902378541412,102.66666666666667,201.0,39.0,27.18,23.83,61026.808084,80.0,1.0,1
57483,54.0,1.0,1.0,0.0,0.0,1.0,111.38617835081007,108.66666666666667,254.0,40.0,33.6,6.67,10054.161288,88.0,1.0,1
57489,58.0,0.0,1.0,0.0,0.0,1.0,81.34931065854836,126.66666666666667,165.0,42.0,28.59,50.0,61026.808084,80.0,1.0,0
57492,61.0,0.0,0.0,0.0,0.0,0.0,91.06459623484878,130.0,239.0,72.0,26.84,8.02,74313.517349,80.0,2.0,1
57498,31.0,1.0,0.0,0.0,0.0,0.0,84.27053116611671,90.0,211.0,49.0,32.22,42.22,36084.51781,78.0,2.0,1
57502,39.0,0.0,0.0,0.0,0.0,0.0,69.10576860789536,100.0,189.0,69.0,31.12,3.61,23339.041345,82.0,1.0,1
57503,44.0,1.0,0.0,0.0,0.0,0.0,99.02979047617373,100.0,164.0,53.0,32.8,3.86,26829.082247,75.0,1.0,0
57506,63.0,1.0,0.0,0.0,0.0,0.0,98.1499265374984,114.0,257.0,59.0,24.48,5.77,7692.636623,82.0,2.0,1
57512,55.0,1.0,0.0,1.0,1.0,0.0,102.07360173472713,135.33333333333334,152.0,38.0,30.83,86.28,12542.221496,87.0,2.0,1
57516,57.0,1.0,1.0,1.0,0.0,0.0,101.88166279936107,121.33333333333333,205.0,70.0,31.46,12.83,14714.001115,87.0,1.0,1
57520,46.0,1.0,0.0,0.0,0.0,0.0,102.64852745962281,113.33333333333333,151.0,58.0,21.71,37.69,15979.688031,81.0,1.0,1
57521,46.0,0.0,0.0,0.0,0.0,0.0,96.30785621911429,105.33333333333333,234.0,52.0,24.21,4.76,20754.570941,77.0,1.0,1
57524,42.0,0.0,0.0,0.0,0.0,0.0,105.1374643311218,93.0,162.0,61.0,24.03,20.12,79039.183921,83.0,1.0,1
57526,56.0,1.0,1.0,1.0,1.0,1.0,90.47762866917799,116.66666666666667,148.0,36.0,31.74,9.09,30421.204657,77.0,2.0,1
57528,77.0,0.0,0.0,1.0,1.0,0.0,59.881924457268816,102.66666666666667,157.0,32.0,38.66,5.84,11112.872016,84.0,1.0,1
57530,56.0,1.0,1.0,1.0,0.0,0.0,103.65534124798963,111.33333333333333,161.0,44.0,32.21,11.71,84218.741868,88.0,2.0,1
57531,62.0,1.0,0.0,0.0,0.0,0.0,96.07580141895353,136.66666666666666,242.0,52.0,27.29,6.0,62173.905587,76.0,1.0,1
57533,73.0,0.0,1.0,0.0,0.0,1.0,79.4704736778846,149.33333333333334,138.0,29.0,22.59,6.44,11046.661885,82.0,1.0,1
57534,47.0,0.0,0.0,0.0,0.0,0.0,98.1084736956462,131.33333333333334,255.0,62.0,27.81,8.46,20708.126413,85.0,2.0,1
57535,62.0,0.0,1.0,0.0,0.0,1.0,96.89276058290638,103.33333333333333,227.0,99.0,30.19,4.01,51609.176198,77.0,1.0,1
57536,72.0,0.0,0.0,0.0,0.0,0.0,91.36150997025644,142.0,190.0,55.0,25.51,6.67,9751.593752,86.0,2.0,1
57537,40.0,0.0,1.0,0.0,0.0,1.0,94.17472971693599,108.66666666666667,206.0,31.0,32.62,8.6,16822.524734,80.0,1.0,1
57541,50.0,0.0,0.0,0.0,0.0,0.0,109.49984334088548,140.0,207.0,42.0,24.34,10.0,10676.688351,76.0,1.0,1
57542,47.0,1.0,0.0,1.0,0.0,0.0,122.77039972898312,116.66666666666667,175.0,56.0,22.6,29.06,12812.019149,88.0,2.0,1
57545,53.0,1.0,1.0,0.0,1.0,1.0,103.71019512570068,143.33333333333334,181.0,47.0,26.31,7.27,70447.257704,86.0,3.0,1
57549,43.0,0.0,0.0,1.0,0.0,0.0,104.48561205226885,110.66666666666667,171.0,49.0,26.31,2.9,91799.434449,77.0,2.0,1
57550,45.0,0.0,0.0,0.0,0.0,0.0,95.73522903521797,124.66666666666667,205.0,48.0,18.51,3.33,88104.450949,80.0,2.0,1
57553,47.0,0.0,0.0,0.0,0.0,0.0,109.43588384219085,123.33333333333333,222.0,62.0,30.61,6.37,19335.257103,86.0,2.0,1
57554,60.0,1.0,0.0,0.0,0.0,1.0,103.53588084139965,141.33333333333334,194.0,89.0,28.98,6.56,14321.334085,84.0,1.0,1
57555,71.0,0.0,0.0,0.0,1.0,0.0,59.83507685693788,97.33333333333333,155.0,52.0,30.63,4.53,12378.492771,75.0,2.0,1
57556,43.0,1.0,0.0,1.0,1.0,0.0,111.55372316553999,130.66666666666666,195.0,39.0,41.19,9.17,13939.012804,80.0,1.0,1
57557,56.0,0.0,0.0,0.0,0.0,0.0,111.10837732708937,116.66666666666667,158.0,39.0,31.58,6.94,69149.091341,80.0,1.0,1
57560,61.0,0.0,0.0,0.0,0.0,0.0,60.26874313725815,139.33333333333334,185.0,44.0,28.12,5.18,9590.4584,75.0,1.0,0
57561,43.0,0.0,0.0,0.0,0.0,0.0,85.42103065275387,152.66666666666666,179.0,82.0,28.97,3.75,20547.166359,80.0,1.0,1
57562,45.0,1.0,1.0,0.0,0.0,0.0,93.94824112962354,96.0,218.0,81.0,23.07,20.74,18377.416844,79.0,1.0,1
57569,60.0,0.0,0.0,1.0,0.0,1.0,79.44349957363035,132.0,141.0,65.0,22.0,4.51,8365.161334,78.0,1.0,1
57570,67.0,1.0,0.0,0.0,0.0,0.0,71.01514667323134,142.0,259.0,76.0,21.5,12.84,53528.54999,84.0,1.0,1
57571,70.0,1.0,0.0,0.0,1.0,1.0,95.37309596788722,152.66666666666666,197.0,70.0,20.92,23.23,19554.878853,86.0,1.0,1
57573,74.0,1.0,0.0,1.0,1.0,1.0,75.01279027367127,152.66666666666666,211.0,59.0,26.0,123.06,21141.633727,85.0,2.0,1
57577,52.0,0.0,0.0,0.0,1.0,0.0,72.04179357699718,116.0,214.0,48.0,26.9,3.74,13047.341046,82.0,1.0,1
57586,37.0,0.0,1.0,0.0,0.0,0.0,121.70619734494883,126.66666666666667,199.0,40.0,31.96,1.83,60123.4098,79.0,2.0,1
57587,47.0,0.0,0.0,0.0,0.0,0.0,112.00920736127244,123.33333333333333,208.0,42.0,31.94,15.53,31289.178968,75.0,1.0,1
57588,67.0,1.0,0.0,0.0,0.0,0.0,102.24582029546441,118.0,182.0,97.0,34.6,4.03,69714.993936,78.0,2.0,1
57589,49.0,0.0,0.0,0.0,0.0,0.0,104.69814147034143,140.0,230.0,53.0,21.3,4.47,75533.702614,79.0,1.0,1
57592,48.0,1.0,1.0,0.0,0.0,0.0,109.77987274472379,106.66666666666667,162.0,78.0,21.67,19.17,14931.623428,84.0,1.0,1
57593,41.0,0.0,0.0,0.0,0.0,0.0,91.45572262631296,116.66666666666667,185.0,43.0,23.39,2.17,72089.239678,84.0,2.0,0
57596,77.0,0.0,0.0,0.0,0.0,0.0,78.45841633093849,127.33333333333333,225.0,79.0,22.81,10.59,33244.381206,88.0,2.0,1
57598,42.0,1.0,0.0,1.0,0.0,1.0,21.240682302261966,125.33333333333333,202.0,90.0,42.9,36.14,19775.585933,81.0,1.0,1
57601,41.0,0.0,0.0,0.0,1.0,0.0,73.4841018370287,155.33333333333334,233.0,60.0,32.36,42.94,24485.910944,82.0,1.0,1
57606,54.0,1.0,0.0,0.0,0.0,1.0,81.36345538746542,106.0,220.0,74.0,40.74,3.56,79719.201422,80.0,1.0,1
57612,52.0,0.0,0.0,0.0,0.0,0.0,92.78027814981152,112.66666666666667,214.0,58.0,27.77,4.16,105788.374004,83.0,2.0,1
57613,36.0,1.0,0.0,0.0,0.0,0.0,118.7508483909006,114.0,182.0,40.0,27.56,4.22,25575.308112,87.0,1.0,1
57623,60.0,1.0,0.0,1.0,1.0,0.0,88.25456511874229,148.0,226.0,50.0,36.58,15.42,19747.049961,80.0,1.0,1
57624,63.0,1.0,0.0,0.0,1.0,0.0,81.515651523506,160.66666666666666,269.0,67.0,30.41,15.71,20803.887002,80.0,2.0,1
57626,54.0,1.0,0.0,0.0,0.0,0.0,103.80040480458719,123.33333333333333,209.0,52.0,22.91,3.06,125317.169771,75.0,2.0,1
57638,57.0,1.0,0.0,0.0,0.0,0.0,104.62744031263121,115.33333333333333,189.0,52.0,40.74,8.31,23973.179657,88.0,2.0,1
57639,44.0,1.0,1.0,0.0,0.0,0.0,112.11199431587151,107.33333333333333,191.0,54.0,21.16,3.65,72667.288792,83.0,2.0,1
57640,72.0,1.0,0.0,0.0,0.0,0.0,78.23588038036311,110.66666666666667,228.0,62.0,30.37,4.52,41085.156853,77.0,2.0,1
57641,40.0,1.0,0.0,0.0,0.0,0.0,112.4435504162343,106.66666666666667,223.0,59.0,28.5,6.33,76603.798386,77.0,1.0,1
57647,34.0,0.0,0.0,0.0,0.0,0.0,115.32395876581796,116.0,159.0,63.0,30.48,4.4,25958.756366,84.0,2.0,1
57649,30.0,0.0,1.0,0.0,0.0,0.0,116.27850977311344,130.66666666666666,214.0,50.0,26.22,13.66,68573.493519,82.0,1.0,1
57658,68.0,1.0,0.0,1.0,1.0,1.0,52.43631541242706,130.0,206.0,33.0,,11.0,24124.996937,79.0,1.0,1
57659,54.0,0.0,1.0,0.0,0.0,0.0,78.06625010376752,108.66666666666667,168.0,44.0,26.35,10.0,15865.344137,89.0,2.0,1
57661,41.0,0.0,0.0,0.0,0.0,0.0,91.45572262631296,138.0,307.0,52.0,25.91,4.62,81895.402401,77.0,1.0,1
57665,47.0,0.0,0.0,0.0,0.0,0.0,112.46418648860056,124.0,169.0,36.0,30.3,3.26,24255.893217,83.0,1.0,1
57666,30.0,1.0,0.0,0.0,0.0,0.0,117.23202281816458,102.66666666666667,153.0,43.0,22.85,6.28,30285.838991,83.0,1.0,1
57667,53.0,1.0,0.0,0.0,1.0,1.0,80.73000160467343,154.66666666666666,245.0,51.0,29.2,5.57,22972.84107,87.0,2.0,1
57668,31.0,1.0,1.0,0.0,0.0,0.0,120.19770091325961,102.0,208.0,79.0,17.4,6.39,25879.036132,75.0,2.0,1
57674,44.0,1.0,0.0,0.0,0.0,0.0,111.68729605643915,128.66666666666666,237.0,36.0,29.27,6.1,59173.068083,80.0,1.0,1
57677,42.0,0.0,0.0,0.0,0.0,0.0,91.93841868838255,146.0,186.0,33.0,27.7,5.89,24119.920015,82.0,2.0,1
57681,51.0,1.0,0.0,0.0,0.0,0.0,84.08140778301235,150.66666666666666,212.0,49.0,32.53,5.48,22940.074853,78.0,1.0,1
57685,54.0,0.0,0.0,0.0,1.0,0.0,104.3862722991867,118.0,221.0,34.0,41.32,4.31,97006.438984,76.0,2.0,1
57686,69.0,1.0,0.0,0.0,1.0,0.0,95.60455559128292,124.0,195.0,49.0,46.36,22.42,75906.644182,80.0,2.0,1
57688,79.0,0.0,0.0,0.0,0.0,0.0,94.5523420962267,138.0,180.0,37.0,22.06,5.27,30233.187542,80.0,1.0,1
57689,54.0,0.0,0.0,0.0,0.0,0.0,86.32175794374498,104.66666666666667,215.0,62.0,28.73,3.02,89543.78448,77.0,1.0,1
57691,55.0,0.0,0.0,0.0,1.0,1.0,51.3375848772376,141.33333333333334,180.0,37.0,27.05,46.64,20473.460219,79.0,1.0,0
57698,59.0,1.0,0.0,0.0,0.0,1.0,72.6737191608886,124.66666666666667,223.0,69.0,30.23,13.85,22816.868232,85.0,2.0,1
57702,51.0,1.0,0.0,0.0,0.0,0.0,94.81101742508345,120.66666666666667,158.0,65.0,26.19,5.54,31446.532741,80.0,2.0,1
57704,72.0,1.0,0.0,0.0,1.0,0.0,83.20274366116648,164.0,195.0,89.0,21.68,5.89,9993.180213,80.0,1.0,1
57707,33.0,1.0,1.0,0.0,0.0,0.0,117.44691218945603,115.33333333333333,202.0,30.0,38.42,6.03,33362.098901,75.0,1.0,1
57708,30.0,0.0,1.0,0.0,0.0,0.0,117.8306074692417,112.66666666666667,234.0,30.0,28.6,3.75,21023.855466,78.0,2.0,1
57710,37.0,0.0,0.0,0.0,0.0,0.0,119.68075548863801,128.0,215.0,50.0,30.54,3.35,65657.589992,83.0,2.0,1
57713,74.0,1.0,0.0,1.0,0.0,0.0,48.965355181933276,147.33333333333334,173.0,49.0,52.87,3.91,46488.224683,79.0,2.0,1
57715,48.0,0.0,0.0,0.0,0.0,0.0,91.73717092431419,116.66666666666667,170.0,40.0,44.48,9.39,20450.553653,84.0,1.0,1
57722,36.0,0.0,0.0,0.0,0.0,0.0,81.18704393309118,110.0,180.0,39.0,31.72,1.43,24614.504514,78.0,1.0,0
57729,58.0,1.0,0.0,0.0,0.0,0.0,62.300001554729796,148.66666666666666,227.0,38.0,46.27,2.44,18836.676039,76.0,2.0,1
57734,69.0,0.0,0.0,0.0,1.0,1.0,75.97011671946372,131.33333333333334,178.0,43.0,28.52,83.48,8365.161334,78.0,1.0,1
57740,63.0,1.0,0.0,0.0,0.0,1.0,54.09251885103197,114.66666666666667,218.0,64.0,31.89,8.7,57324.346253,77.0,1.0,0
57746,62.0,1.0,0.0,0.0,0.0,0.0,76.33538367974322,134.0,203.0,53.0,29.19,5.05,6912.351852,81.0,1.0,1
57748,58.0,1.0,0.0,0.0,1.0,0.0,72.17431518597164,115.33333333333333,179.0,55.0,34.16,3.17,107546.131922,81.0,2.0,1
57751,36.0,1.0,0.0,0.0,0.0,0.0,100.88734856260477,131.33333333333334,223.0,63.0,31.09,21.78,28232.49081,84.0,2.0,1
57753,74.0,0.0,0.0,0.0,0.0,1.0,93.22054528466887,129.33333333333334,163.0,38.0,22.83,12.16,10249.464781,81.0,2.0,1
57754,44.0,1.0,0.0,0.0,0.0,0.0,113.43803611067987,110.66666666666667,227.0,62.0,28.4,6.18,18387.0062,82.0,2.0,1
57756,65.0,0.0,1.0,0.0,0.0,0.0,77.01110041819436,116.66666666666667,272.0,50.0,25.5,5.24,8809.825372,82.0,2.0,1
57762,67.0,1.0,0.0,0.0,0.0,0.0,85.83070615374714,170.0,220.0,63.0,31.13,3.0,20167.97853,80.0,1.0,1
57763,31.0,1.0,1.0,0.0,0.0,0.0,110.8605951931603,122.66666666666667,190.0,36.0,31.71,3.5,61739.600243,75.0,2.0,1
57765,43.0,0.0,0.0,0.0,0.0,0.0,88.30300764060775,124.66666666666667,229.0,56.0,24.74,4.07,92556.868952,77.0,2.0,1
57773,30.0,1.0,0.0,0.0,0.0,0.0,121.39341747138397,110.66666666666667,151.0,54.0,20.26,7.12,59587.981851,79.0,2.0,1
57774,45.0,1.0,0.0,0.0,0.0,0.0,110.58087548960214,112.0,155.0,47.0,34.45,37.2,83446.970885,80.0,2.0,1
57780,65.0,0.0,1.0,0.0,1.0,1.0,98.96725367677509,97.33333333333333,203.0,38.0,34.57,7.35,22253.348328,80.0,2.0,1
57781,61.0,0.0,0.0,0.0,0.0,0.0,74.74054588331187,107.33333333333333,159.0,55.0,33.36,2.59,10283.689262,81.0,2.0,1
57785,48.0,0.0,0.0,0.0,1.0,0.0,105.35131965218496,129.33333333333334,149.0,34.0,39.63,3.59,100092.522328,83.0,1.0,1
57788,35.0,0.0,0.0,0.0,0.0,0.0,92.8076031708332,130.0,166.0,29.0,31.18,6.39,78224.972418,77.0,2.0,1
57789,61.0,1.0,1.0,0.0,0.0,0.0,99.02420707990402,124.0,162.0,49.0,38.49,14.38,62173.905587,76.0,1.0,1
57790,36.0,0.0,1.0,0.0,0.0,0.0,97.68387435408253,104.0,168.0,48.0,20.79,2.09,15307.30365,76.0,2.0,1
57791,42.0,1.0,0.0,0.0,0.0,0.0,105.23416367679029,99.33333333333333,235.0,70.0,24.7,2.86,88087.54939,78.0,2.0,1
57794,32.0,0.0,0.0,0.0,0.0,0.0,85.82178156112595,115.33333333333333,178.0,42.0,21.31,3.2,56035.530926,84.0,1.0,1
57806,50.0,1.0,1.0,0.0,0.0,0.0,106.80141743231928,120.66666666666667,189.0,39.0,26.09,7.06,22320.066258,86.0,1.0,1
57808,50.0,1.0,0.0,0.0,0.0,0.0,98.50495154282892,123.33333333333333,183.0,36.0,31.97,6.93,14748.006458,78.0,2.0,1
57814,56.0,1.0,0.0,0.0,0.0,0.0,93.38057929023518,106.0,242.0,78.0,19.54,7.5,85173.261497,85.0,1.0,1
57815,53.0,0.0,0.0,0.0,1.0,1.0,92.2050404252827,121.33333333333333,186.0,45.0,25.13,3.33,82587.952309,79.0,1.0,1
57816,30.0,0.0,0.0,0.0,0.0,0.0,114.7634869217382,108.0,164.0,57.0,25.52,2.99,68055.064666,86.0,1.0,1
57818,44.0,0.0,0.0,0.0,0.0,0.0,97.51327238651655,119.33333333333333,191.0,48.0,23.91,2.73,78911.724158,86.0,1.0,1
57819,56.0,1.0,1.0,0.0,1.0,0.0,102.517269872571,127.33333333333333,203.0,33.0,23.87,8.65,26047.980138,83.0,2.0,1
57821,37.0,0.0,0.0,0.0,0.0,0.0,118.25298232084404,122.0,248.0,46.0,26.94,5.1,60025.516642,79.0,1.0,1
57825,41.0,1.0,1.0,0.0,0.0,0.0,107.65797284621458,104.66666666666667,194.0,77.0,18.65,5.88,15963.089497,78.0,1.0,1
57829,48.0,1.0,0.0,0.0,0.0,0.0,76.80557551721324,92.66666666666667,179.0,62.0,26.05,10.73,74543.333554,82.0,1.0,1
57831,70.0,0.0,0.0,0.0,0.0,0.0,74.65317640148112,108.0,204.0,46.0,34.17,3.8,35466.889558,76.0,2.0,1
57832,49.0,1.0,0.0,0.0,0.0,0.0,83.9333238751655,135.33333333333334,210.0,54.0,31.43,7.19,18820.44423,85.0,2.0,1
57833,42.0,0.0,0.0,0.0,1.0,1.0,85.95394511245107,132.66666666666666,210.0,47.0,35.39,26.53,22235.596677,84.0,2.0,1
57839,39.0,1.0,1.0,0.0,0.0,0.0,100.5676585064542,152.0,199.0,42.0,31.34,41.99,73247.152332,79.0,2.0,1
57841,31.0,0.0,1.0,0.0,0.0,0.0,114.05195330282343,100.66666666666667,247.0,40.0,27.12,6.9,24272.731935,87.0,2.0,1
57843,43.0,0.0,0.0,1.0,1.0,1.0,76.18923008856092,126.0,144.0,28.0,35.86,2.15,22432.189735,84.0,2.0,0
57844,57.0,0.0,0.0,0.0,0.0,0.0,88.8504618294754,114.0,310.0,26.0,36.84,16.16,90382.442658,79.0,1.0,1
57848,65.0,0.0,0.0,0.0,0.0,0.0,100.55324940318538,139.33333333333334,191.0,46.0,33.37,6.88,6487.668059,85.0,1.0,1
57849,31.0,0.0,0.0,0.0,0.0,0.0,120.88596208570735,103.33333333333333,179.0,58.0,23.23,4.32,61262.628714,85.0,1.0,1
57858,62.0,1.0,0.0,0.0,1.0,1.0,88.54167296275436,131.33333333333334,156.0,33.0,28.15,13.09,20212.610371,77.0,1.0,1
57859,52.0,1.0,0.0,0.0,0.0,0.0,107.08254703824886,122.0,217.0,61.0,26.7,8.67,87899.561678,79.0,2.0,1
57867,32.0,1.0,0.0,0.0,0.0,0.0,122.22802385883092,113.33333333333333,240.0,66.0,22.0,7.85,62125.389482,79.0,2.0,1
57869,73.0,1.0,0.0,1.0,1.0,1.0,96.72450642876036,162.66666666666666,158.0,41.0,23.55,4.04,11591.498545,88.0,1.0,1
57870,38.0,1.0,0.0,0.0,0.0,0.0,117.75103814504187,125.33333333333333,206.0,54.0,42.72,6.14,62691.610913,85.0,2.0,1
57875,55.0,0.0,1.0,0.0,0.0,0.0,82.88136593884091,119.33333333333333,191.0,40.0,23.49,4.29,105475.128046,83.0,1.0,1
57876,45.0,0.0,1.0,0.0,0.0,0.0,110.3957761655357,114.0,207.0,38.0,29.71,4.6,23386.274409,87.0,1.0,1
57877,43.0,0.0,0.0,0.0,1.0,1.0,101.85156416378037,126.66666666666667,190.0,41.0,29.48,1.67,20754.570941,76.0,2.0,1
57878,49.0,0.0,1.0,0.0,1.0,1.0,106.145522214151,130.66666666666666,246.0,64.0,18.83,10.37,18379.766094,84.0,2.0,1
57884,48.0,0.0,0.0,0.0,1.0,0.0,93.9655711453896,95.33333333333333,251.0,57.0,33.48,3.49,89211.284608,80.0,2.0,1
57885,47.0,1.0,0.0,0.0,1.0,1.0,107.65333710785559,109.33333333333333,205.0,43.0,41.37,4.52,20013.359204,80.0,2.0,1
57888,76.0,1.0,0.0,0.0,0.0,1.0,48.3600670059305,120.0,180.0,59.0,27.19,5.63,41432.419968,82.0,1.0,1
57889,39.0,1.0,0.0,0.0,0.0,0.0,110.85038106649752,122.0,240.0,52.0,34.76,5.0,63360.142345,77.0,1.0,1
57890,77.0,0.0,0.0,0.0,0.0,0.0,91.15045097241463,141.33333333333334,186.0,41.0,22.77,4.08,7704.529661,78.0,1.0,1
57893,43.0,0.0,0.0,0.0,0.0,0.0,113.4785259544943,117.33333333333333,208.0,32.0,30.81,3.56,20257.239026,86.0,1.0,0
57894,33.0,0.0,0.0,0.0,0.0,0.0,114.1291110166559,111.33333333333333,218.0,53.0,32.93,2.39,82900.756723,87.0,1.0,1
57895,61.0,1.0,0.0,0.0,0.0,1.0,87.70738681500607,130.66666666666666,193.0,74.0,21.4,6.25,61835.25213,86.0,2.0,1
57898,40.0,0.0,1.0,0.0,0.0,0.0,125.78590278126441,110.66666666666667,177.0,58.0,26.66,7.66,23816.877423,87.0,1.0,1
57907,48.0,0.0,0.0,0.0,0.0,0.0,93.9655711453896,108.66666666666667,219.0,50.0,25.57,3.08,91316.255685,81.0,2.0,1
57914,79.0,1.0,0.0,0.0,1.0,1.0,55.30981879058777,142.0,155.0,78.0,20.92,17.85,34245.404778,76.0,2.0,1
57916,71.0,0.0,0.0,0.0,1.0,1.0,84.50498658380886,146.0,181.0,46.0,28.82,4.83,12868.360204,81.0,2.0,1
57917,54.0,0.0,0.0,0.0,1.0,0.0,101.49249629792372,132.0,233.0,52.0,25.57,1.69,12664.205092,89.0,1.0,1
57918,49.0,1.0,0.0,0.0,1.0,0.0,85.13379428914527,111.33333333333333,210.0,34.0,33.49,2.0,85773.925002,76.0,2.0,1
57919,36.0,0.0,0.0,0.0,0.0,0.0,85.4785725106418,128.66666666666666,181.0,68.0,24.47,1.55,32609.226951,77.0,2.0,1
57920,66.0,1.0,0.0,1.0,0.0,0.0,69.57774242051342,127.33333333333333,147.0,64.0,39.12,8.01,4877.462322,78.0,1.0,1
57925,42.0,1.0,0.0,0.0,0.0,0.0,115.80012262477743,134.66666666666666,197.0,47.0,26.51,4.17,26829.082247,75.0,1.0,1
57926,56.0,0.0,0.0,0.0,0.0,0.0,75.4809068104294,109.33333333333333,204.0,61.0,26.82,1.56,103268.230044,77.0,2.0,1
57930,61.0,1.0,0.0,0.0,1.0,0.0,95.06618064770778,168.0,279.0,64.0,40.34,5.89,6385.326701,88.0,1.0,1
57932,38.0,0.0,0.0,0.0,0.0,0.0,91.09206220600294,112.66666666666667,225.0,93.0,28.77,3.81,69214.37238,75.0,2.0,0
57933,56.0,1.0,0.0,0.0,0.0,0.0,103.65534124798963,122.66666666666667,215.0,45.0,31.75,18.64,11395.6158,88.0,1.0,1
57934,74.0,1.0,0.0,0.0,1.0,1.0,78.44394629073736,138.66666666666666,195.0,71.0,25.83,23.49,41874.156478,81.0,1.0,1
57936,52.0,1.0,0.0,0.0,0.0,0.0,92.75668945378085,92.66666666666667,262.0,99.0,25.17,6.87,92722.673705,75.0,1.0,1
57938,38.0,1.0,0.0,0.0,0.0,0.0,80.68051805819022,93.33333333333333,179.0,61.0,17.23,15.53,20367.103539,77.0,1.0,0
57939,71.0,1.0,0.0,0.0,1.0,0.0,42.39251748256169,152.0,235.0,48.0,44.95,7.57,15296.174061,77.0,2.0,1
57940,66.0,1.0,0.0,1.0,1.0,0.0,78.83941281807857,138.0,201.0,42.0,35.02,3.04,15571.383249,84.0,2.0,1
57942,31.0,1.0,0.0,0.0,0.0,0.0,118.50525839536759,112.0,145.0,37.0,21.28,34.39,74559.64857,87.0,1.0,0
57945,67.0,1.0,0.0,0.0,1.0,0.0,67.36579790284041,126.66666666666667,192.0,38.0,28.97,4.6,55139.141581,80.0,1.0,1
57948,75.0,1.0,0.0,0.0,0.0,0.0,75.65348051269324,132.0,311.0,61.0,23.1,13.95,20182.640339,81.0,2.0,1
57957,30.0,1.0,1.0,0.0,0.0,0.0,78.66726359075254,104.66666666666667,210.0,94.0,25.95,3.59,66115.828737,77.0,1.0,0
57966,43.0,0.0,0.0,0.0,1.0,0.0,65.07004778115389,118.66666666666667,223.0,91.0,37.03,5.36,28768.364972,83.0,2.0,1
57973,50.0,1.0,1.0,0.0,0.0,0.0,111.1152814106482,101.33333333333333,135.0,51.0,22.74,8.47,29299.509716,76.0,2.0,1
57977,53.0,0.0,0.0,0.0,1.0,0.0,83.9187323843338,103.33333333333333,232.0,54.0,29.81,1.85,101172.924903,76.0,2.0,1
57978,32.0,0.0,1.0,0.0,0.0,0.0,105.06929591219973,146.66666666666666,263.0,43.0,30.07,7.74,62271.42409,76.0,1.0,1
57985,61.0,1.0,0.0,1.0,1.0,0.0,102.47093210810496,119.33333333333333,245.0,52.0,29.42,23.04,5642.636108,88.0,2.0,0
57986,50.0,0.0,0.0,0.0,0.0,1.0,104.75757480612519,106.66666666666667,185.0,51.0,25.74,4.22,90003.659124,85.0,2.0,1
57988,40.0,1.0,0.0,0.0,0.0,0.0,112.05430679879757,125.33333333333333,201.0,56.0,39.55,7.26,20781.988696,87.0,1.0,1
57989,50.0,0.0,0.0,0.0,0.0,0.0,72.22660133769361,106.0,213.0,55.0,29.05,4.69,71543.096157,89.0,2.0,0
57993,30.0,0.0,0.0,0.0,0.0,0.0,88.72853407356106,115.33333333333333,155.0,50.0,23.25,1.83,79303.669349,79.0,2.0,1
57997,37.0,1.0,0.0,0.0,0.0,0.0,116.22193042949988,90.66666666666667,178.0,64.0,22.77,9.2,16974.922049,86.0,3.0,1
58000,60.0,1.0,0.0,0.0,1.0,1.0,99.29203192232717,130.0,197.0,55.0,29.58,12.86,6950.891576,77.0,2.0,1
58003,32.0,1.0,0.0,0.0,0.0,0.0,122.72411439869488,101.33333333333333,153.0,40.0,31.8,5.0,74292.761076,87.0,1.0,1
58004,78.0,0.0,0.0,0.0,0.0,1.0,60.68326881963101,147.33333333333334,176.0,65.0,22.62,11.62,27132.900048,81.0,2.0,1
58011,46.0,1.0,1.0,0.0,0.0,0.0,93.36576203461988,109.33333333333333,139.0,50.0,19.02,6.26,21396.703193,87.0,1.0,1
58014,62.0,1.0,1.0,0.0,0.0,0.0,98.41025699600861,141.33333333333334,189.0,34.0,27.7,65.63,7261.697214,75.0,1.0,0
58027,57.0,1.0,0.0,1.0,0.0,0.0,102.6284885488131,136.66666666666666,268.0,59.0,28.46,5.31,12633.150263,85.0,2.0,1
58028,57.0,0.0,0.0,0.0,0.0,0.0,82.79321821454194,114.0,241.0,56.0,29.85,2.15,23963.216783,83.0,2.0,1
58032,67.0,1.0,0.0,0.0,0.0,0.0,95.73835223595192,157.33333333333334,203.0,35.0,24.56,11.34,25361.584944,83.0,2.0,1
58033,37.0,0.0,0.0,0.0,1.0,0.0,98.23277808057402,126.66666666666667,258.0,49.0,42.37,27.58,53465.061204,80.0,1.0,1
58035,58.0,1.0,0.0,1.0,0.0,0.0,103.16031203721438,132.0,201.0,34.0,28.37,22.38,93732.074167,85.0,2.0,1
58042,38.0,1.0,0.0,0.0,0.0,0.0,115.07715265219998,122.66666666666667,208.0,39.0,35.08,7.0,52862.262186,81.0,2.0,1
58048,40.0,0.0,1.0,0.0,0.0,0.0,98.75903065584406,115.33333333333333,234.0,22.0,28.42,4.13,19947.3615,80.0,2.0,1
58053,48.0,0.0,0.0,0.0,0.0,0.0,67.76398982890707,113.33333333333333,223.0,89.0,28.67,2.53,21023.171896,77.0,1.0,1
58058,62.0,0.0,0.0,0.0,0.0,0.0,99.31968379188227,120.0,187.0,51.0,27.35,2.54,71422.848504,79.0,2.0,1
58060,45.0,0.0,0.0,0.0,0.0,0.0,91.29129011198029,108.0,247.0,42.0,25.69,5.63,75533.702614,79.0,1.0,1
58067,37.0,0.0,0.0,0.0,0.0,0.0,118.25298232084404,130.0,229.0,42.0,27.44,25.03,22592.829185,88.0,1.0,1
58068,32.0,0.0,0.0,0.0,0.0,0.0,121.04697973929053,126.0,183.0,37.0,31.99,0.47,79205.918379,76.0,2.0,1
58072,65.0,0.0,0.0,0.0,0.0,0.0,75.31856980947936,109.33333333333333,205.0,72.0,21.48,3.25,60762.062662,87.0,2.0,1
58075,41.0,1.0,0.0,0.0,0.0,0.0,115.57441982189357,94.0,182.0,73.0,24.81,7.78,67803.115123,85.0,1.0,1
58083,45.0,0.0,0.0,0.0,0.0,0.0,104.54147450817814,118.66666666666667,210.0,33.0,33.33,3.1,17433.429974,81.0,1.0,1
58088,49.0,1.0,0.0,1.0,1.0,1.0,112.29507367922099,126.66666666666667,207.0,40.0,31.19,5.37,26156.510064,81.0,1.0,1
58089,32.0,1.0,0.0,0.0,0.0,0.0,95.99763881847846,110.0,170.0,84.0,22.97,9.13,54009.255077,76.0,2.0,1
58092,34.0,0.0,0.0,0.0,0.0,0.0,107.71514521859211,118.0,195.0,39.0,28.77,4.71,61975.358191,76.0,1.0,1
58094,50.0,0.0,0.0,0.0,0.0,0.0,105.48741997642325,116.0,182.0,59.0,24.17,3.74,101172.924903,76.0,2.0,1
58106,45.0,1.0,0.0,0.0,0.0,0.0,99.99255078425227,111.33333333333333,178.0,42.0,30.21,6.09,23566.720348,82.0,2.0,1
58108,61.0,0.0,0.0,0.0,1.0,0.0,95.88887467635615,120.0,197.0,27.0,29.51,6.03,7178.894889,79.0,1.0,1
58115,79.0,1.0,0.0,0.0,0.0,0.0,86.43644302725696,151.33333333333334,230.0,63.0,26.91,11.02,47495.638631,83.0,2.0,1
58118,48.0,0.0,0.0,0.0,0.0,0.0,91.73717092431419,142.0,257.0,31.0,32.08,5.13,24527.536669,82.0,2.0,1
58119,78.0,0.0,1.0,0.0,1.0,0.0,75.22818043390552,139.33333333333334,176.0,67.0,22.19,4.09,11940.973058,88.0,1.0,1
58121,35.0,0.0,1.0,0.0,0.0,0.0,116.21168573810714,104.66666666666667,169.0,45.0,20.92,6.22,23368.36266,89.0,1.0,1
58122,43.0,0.0,1.0,0.0,0.0,0.0,110.18125721930724,127.33333333333333,184.0,26.0,20.38,3.43,23723.440024,80.0,2.0,1
58125,46.0,1.0,1.0,0.0,0.0,0.0,90.60624516720716,97.0,178.0,42.0,27.93,6.94,18202.025089,82.0,1.0,1
58127,75.0,0.0,0.0,1.0,1.0,0.0,86.74778483823152,116.0,158.0,54.0,26.89,9.14,9054.477513,80.0,1.0,1
58132,33.0,1.0,0.0,0.0,0.0,0.0,115.06499845094459,109.33333333333333,163.0,56.0,32.54,41.58,17353.617927,85.0,1.0,1
58134,41.0,1.0,0.0,0.0,0.0,0.0,81.28221368320538,126.0,146.0,45.0,44.73,18.16,18406.786809,82.0,1.0,1
58135,70.0,1.0,0.0,1.0,1.0,1.0,89.89115855895703,141.33333333333334,211.0,49.0,36.35,159.67,52908.792884,75.0,1.0,1
58141,72.0,1.0,0.0,0.0,1.0,0.0,92.1514784180481,121.33333333333333,156.0,35.0,36.23,16.58,47729.011075,87.0,1.0,1
58152,75.0,0.0,0.0,0.0,1.0,0.0,65.01008776226762,130.66666666666666,239.0,68.0,25.1,31.3,36205.396154,81.0,1.0,1
58162,32.0,1.0,0.0,1.0,0.0,0.0,103.42862205919808,125.33333333333333,315.0,36.0,45.47,4.12,18807.106364,86.0,1.0,1
58164,40.0,1.0,0.0,0.0,0.0,0.0,115.83310301534061,102.66666666666667,187.0,73.0,26.49,8.33,75455.84218,85.0,2.0,1
58165,72.0,1.0,0.0,0.0,0.0,1.0,66.15589748933027,131.33333333333334,184.0,40.0,35.92,2.7,23863.137941,76.0,2.0,1
58167,62.0,0.0,0.0,0.0,0.0,0.0,83.09916864950496,149.33333333333334,261.0,57.0,27.12,1.76,58644.199424,76.0,2.0,1
58168,36.0,0.0,0.0,0.0,0.0,0.0,56.91137825174099,110.0,203.0,48.0,26.15,4.89,25867.069216,84.0,2.0,1
58170,76.0,1.0,0.0,0.0,0.0,1.0,74.08551516593587,143.33333333333334,162.0,51.0,31.87,8.31,25631.474879,80.0,2.0,1
58171,43.0,0.0,0.0,0.0,0.0,0.0,101.85156416378037,118.66666666666667,222.0,75.0,26.43,2.5,79718.736557,76.0,1.0,1
58172,32.0,0.0,0.0,0.0,0.0,0.0,107.70147054890822,138.66666666666666,168.0,38.0,26.77,10.63,24590.022505,78.0,1.0,1
58173,47.0,0.0,0.0,0.0,0.0,0.0,98.1084736956462,132.0,198.0,55.0,27.52,3.27,29520.027261,75.0,1.0,1
58175,78.0,1.0,0.0,1.0,1.0,1.0,82.76178504634444,144.0,151.0,43.0,23.78,44.76,38675.440785,76.0,1.0,1
58176,73.0,0.0,0.0,0.0,1.0,0.0,60.80142892907463,163.33333333333334,185.0,27.0,25.56,79.88,12151.431033,82.0,2.0,1
58183,48.0,0.0,0.0,0.0,0.0,0.0,95.11734087599032,128.66666666666666,317.0,61.0,29.4,4.17,23880.427736,75.0,1.0,1
58185,69.0,0.0,0.0,0.0,1.0,0.0,69.61839558246693,129.33333333333334,143.0,38.0,21.87,17.91,54028.132863,85.0,1.0,1
58187,72.0,1.0,0.0,0.0,1.0,0.0,72.74635666092712,142.0,229.0,43.0,30.12,3.14,44483.204428,80.0,2.0,1
58190,40.0,1.0,0.0,0.0,0.0,0.0,103.15082010850207,109.33333333333333,234.0,54.0,23.31,10.56,52207.814643,80.0,1.0,1
58192,75.0,1.0,0.0,0.0,0.0,0.0,96.82892480130226,142.0,212.0,46.0,24.13,8.89,36940.207383,86.0,2.0,1
58195,50.0,0.0,0.0,0.0,0.0,0.0,89.53828465816017,127.0,272.0,28.0,44.42,12.36,72625.916577,76.0,1.0,1
58202,39.0,0.0,0.0,0.0,0.0,0.0,83.02380843010697,129.33333333333334,214.0,46.0,31.84,7.37,32781.284729,77.0,2.0,1
58206,63.0,1.0,0.0,1.0,1.0,1.0,44.957386604995506,167.33333333333334,236.0,45.0,32.38,7351.35,6351.961557,86.0,2.0,1
58207,68.0,0.0,1.0,1.0,0.0,0.0,90.60777101764879,128.0,237.0,57.0,25.45,5.71,23171.774599,80.0,2.0,1
58211,36.0,0.0,1.0,0.0,0.0,0.0,98.84562093034215,165.33333333333334,156.0,51.0,34.46,8.54,33061.224604,78.0,2.0,0
58214,50.0,0.0,0.0,0.0,0.0,0.0,80.0326779581384,120.66666666666667,229.0,70.0,29.34,2.6,95390.188569,76.0,1.0,1
58215,54.0,1.0,0.0,0.0,0.0,0.0,103.06719191592134,126.0,288.0,62.0,24.15,5.11,96228.548493,77.0,1.0,1
58219,46.0,0.0,0.0,0.0,0.0,0.0,73.32412224978913,110.66666666666667,176.0,56.0,25.12,3.35,72806.577513,86.0,2.0,1
58221,68.0,0.0,0.0,0.0,1.0,0.0,58.75192788487624,172.0,215.0,83.0,20.69,2.25,12080.674109,83.0,2.0,1
58225,41.0,0.0,0.0,0.0,1.0,0.0,111.56031676866206,135.33333333333334,269.0,50.0,34.04,10.94,83700.795178,85.0,2.0,1
58227,71.0,1.0,0.0,0.0,1.0,1.0,93.38603106700617,133.33333333333334,134.0,51.0,30.08,14.67,11967.214768,81.0,1.0,1
58228,36.0,0.0,0.0,0.0,1.0,0.0,97.68387435408253,114.0,164.0,35.0,37.56,4.74,33904.285463,83.0,1.0,1
58229,39.0,0.0,0.0,0.0,0.0,0.0,100.59323358832692,121.33333333333333,197.0,33.0,30.19,3.06,24660.400133,81.0,1.0,1
58230,60.0,0.0,0.0,0.0,1.0,1.0,103.7292284191516,152.66666666666666,231.0,55.0,33.81,6.74,7673.435685,84.0,2.0,1
58234,53.0,0.0,0.0,1.0,0.0,1.0,102.12567548593653,126.0,146.0,68.0,21.55,4.92,101689.877671,78.0,2.0,1
58236,50.0,1.0,0.0,0.0,1.0,0.0,98.50495154282892,100.0,181.0,46.0,33.67,4.65,106104.605651,81.0,2.0,1
58237,42.0,1.0,0.0,1.0,1.0,1.0,111.053572721151,181.33333333333334,261.0,39.0,40.35,282.14,35459.954056,83.0,2.0,1
58238,47.0,1.0,0.0,0.0,0.0,0.0,79.35022029994394,141.33333333333334,168.0,67.0,38.09,19.57,37739.463274,83.0,2.0,1
58243,48.0,0.0,1.0,0.0,0.0,0.0,107.56943152399941,135.33333333333334,213.0,73.0,22.24,3.1,27580.526805,75.0,2.0,1
58251,37.0,0.0,0.0,0.0,0.0,0.0,120.67516115392809,112.66666666666667,202.0,62.0,26.73,5.52,33958.460784,87.0,1.0,1
58257,38.0,0.0,0.0,0.0,0.0,0.0,121.47834552002392,129.33333333333334,187.0,80.0,20.19,10.43,19492.691872,84.0,1.0,1
58259,52.0,1.0,1.0,0.0,0.0,1.0,94.22318911704791,106.0,181.0,51.0,31.01,4.85,22498.50756,75.0,2.0,1
58260,46.0,1.0,0.0,0.0,0.0,0.0,102.64852745962281,128.0,148.0,60.0,35.01,5.54,26935.675201,78.0,1.0,1
58261,34.0,0.0,0.0,0.0,0.0,0.0,111.94371226087188,118.66666666666667,276.0,50.0,32.76,3.33,66657.309609,79.0,2.0,1
58263,35.0,0.0,1.0,0.0,0.0,0.0,105.71061766200616,113.33333333333333,207.0,30.0,29.49,11.3,15574.203466,83.0,2.0,1
58267,32.0,0.0,0.0,0.0,0.0,0.0,88.56313482239625,119.33333333333333,185.0,34.0,31.34,4.11,51042.814293,86.0,3.0,1
58269,60.0,0.0,0.0,1.0,1.0,1.0,56.093902503857606,160.66666666666666,195.0,44.0,30.28,11.0,8809.825372,82.0,2.0,1
58272,41.0,0.0,0.0,0.0,0.0,0.0,95.8191680907782,124.0,181.0,44.0,27.92,31.49,16843.854657,80.0,1.0,1
58274,47.0,1.0,0.0,0.0,0.0,0.0,77.28474091086058,130.66666666666666,189.0,59.0,31.51,2.65,20763.896331,77.0,2.0,1
58280,77.0,1.0,1.0,0.0,0.0,0.0,89.32998667260341,120.66666666666667,179.0,52.0,19.38,5.58,14719.459819,75.0,2.0,1
58282,35.0,0.0,0.0,0.0,0.0,1.0,107.04731131823684,124.0,231.0,27.0,32.43,5.98,14859.616641,81.0,2.0,1
58284,72.0,1.0,0.0,0.0,0.0,0.0,72.74635666092712,104.0,207.0,75.0,25.19,8.61,49310.93014,80.0,2.0,1
58285,32.0,1.0,0.0,0.0,0.0,0.0,120.7992308922857,120.0,212.0,51.0,22.87,5.73,14823.350914,89.0,2.0,1
58287,33.0,1.0,0.0,0.0,0.0,0.0,117.04034853339776,113.33333333333333,149.0,61.0,17.48,14.47,26477.964406,84.0,1.0,1
58288,79.0,1.0,0.0,0.0,0.0,0.0,65.90811598187526,137.33333333333334,242.0,56.0,38.09,12.16,28866.428142,86.0,3.0,1
58289,60.0,1.0,0.0,0.0,0.0,0.0,100.36145308671233,130.0,203.0,47.0,26.32,5.48,27847.660373,80.0,2.0,0
58290,53.0,0.0,0.0,0.0,0.0,0.0,104.27587326191404,112.0,243.0,49.0,26.63,10.93,87610.035587,77.0,1.0,1
58291,43.0,0.0,0.0,1.0,1.0,0.0,95.77144262118296,144.0,215.0,53.0,42.97,3.62,24510.801633,87.0,2.0,1
58292,49.0,0.0,0.0,0.0,0.0,0.0,86.03257969536385,109.33333333333333,177.0,76.0,23.17,7.32,20708.126413,85.0,2.0,1
58294,39.0,1.0,0.0,0.0,1.0,0.0,82.29956469009588,118.66666666666667,182.0,44.0,26.95,3.82,61676.117922,76.0,1.0,1
58302,60.0,1.0,0.0,0.0,0.0,0.0,98.94831465668567,146.66666666666666,190.0,47.0,31.49,6.43,6024.938037,87.0,1.0,0
58304,60.0,1.0,1.0,0.0,0.0,0.0,103.9707528939343,134.0,266.0,65.0,37.77,9.43,18698.164623,79.0,1.0,1
58306,49.0,0.0,1.0,0.0,0.0,0.0,90.09688534731352,110.66666666666667,201.0,55.0,21.86,5.11,20727.40116,81.0,1.0,1
58307,47.0,1.0,0.0,1.0,1.0,0.0,115.78857665271583,124.66666666666667,240.0,38.0,28.72,6.41,16785.174371,88.0,1.0,1
58310,32.0,1.0,0.0,0.0,0.0,0.0,123.23075099836379,111.33333333333333,172.0,59.0,17.59,8.24,49169.502888,86.0,3.0,1
58314,31.0,1.0,0.0,0.0,0.0,0.0,126.15351424229122,98.0,161.0,41.0,32.79,5.09,19933.667798,85.0,1.0,1
58315,37.0,1.0,1.0,0.0,0.0,0.0,100.26184700151661,113.33333333333333,205.0,29.0,31.91,2.84,61051.755394,86.0,1.0,1
58316,73.0,0.0,0.0,1.0,1.0,1.0,68.6296318838255,110.0,164.0,35.0,36.45,179.66,11966.819162,82.0,1.0,1
58319,42.0,0.0,0.0,0.0,0.0,0.0,85.95394511245107,124.0,260.0,42.0,25.43,4.23,92556.868952,77.0,2.0,1
58321,61.0,1.0,0.0,1.0,0.0,1.0,112.53291365864405,125.33333333333333,155.0,32.0,31.22,278.85,6024.136659,75.0,2.0,1
58322,47.0,0.0,0.0,1.0,0.0,0.0,96.89601532550854,120.0,254.0,34.0,34.33,6.76,96465.970305,83.0,1.0,1
58323,40.0,0.0,0.0,0.0,0.0,0.0,113.8826318428415,116.66666666666667,224.0,39.0,34.26,3.27,17222.002528,75.0,1.0,1
58325,68.0,1.0,0.0,0.0,1.0,1.0,71.5383274411581,124.0,160.0,36.0,42.08,3.0,6592.294836,81.0,1.0,1
58326,72.0,1.0,0.0,0.0,1.0,1.0,94.19413571969443,109.33333333333333,153.0,63.0,32.83,13.41,39280.737137,85.0,2.0,1
58327,54.0,0.0,1.0,0.0,0.0,0.0,88.37700857622673,111.33333333333333,228.0,46.0,23.33,3.71,72579.314382,80.0,1.0,1
58328,50.0,0.0,1.0,0.0,0.0,0.0,110.83979119133289,116.66666666666667,170.0,35.0,36.78,8.24,15686.03941,82.0,2.0,1
58329,63.0,1.0,0.0,0.0,0.0,1.0,85.29223669906257,114.0,219.0,91.0,25.1,3.97,6086.158846,82.0,2.0,1
58331,45.0,1.0,0.0,0.0,0.0,0.0,96.88405178364057,132.66666666666666,211.0,77.0,25.61,4.52,17828.403033,88.0,2.0,1
58332,42.0,1.0,0.0,0.0,0.0,0.0,111.44498183561716,102.66666666666667,215.0,47.0,21.79,16.11,15280.853623,80.0,2.0,1
58334,42.0,0.0,1.0,0.0,0.0,0.0,102.48698346124004,130.0,231.0,53.0,29.46,21.9,16031.994042,80.0,1.0,1
58335,68.0,1.0,0.0,0.0,1.0,0.0,95.4902169214041,134.66666666666666,179.0,50.0,21.43,17.29,25703.907887,75.0,2.0,1
58339,41.0,1.0,0.0,0.0,0.0,0.0,96.31472393084532,106.66666666666667,162.0,81.0,26.72,4.5,20004.003655,79.0,2.0,1
58343,50.0,0.0,0.0,1.0,1.0,0.0,96.29494657209744,113.33333333333333,222.0,39.0,34.01,6.61,89543.78448,77.0,1.0,1
58344,32.0,0.0,0.0,0.0,0.0,0.0,98.97885901986604,118.0,189.0,30.0,32.82,2.1,57949.119795,76.0,2.0,1
58347,51.0,0.0,0.0,0.0,0.0,1.0,105.96357722471642,146.66666666666666,170.0,51.0,21.87,4.87,80353.75661,86.0,2.0,1
58348,62.0,1.0,0.0,0.0,1.0,1.0,94.476770327692,125.33333333333333,227.0,76.0,31.21,5.97,76199.355886,83.0,1.0,1
58350,59.0,1.0,0.0,0.0,0.0,0.0,86.11415561698738,136.0,240.0,43.0,35.73,70.28,95337.536404,82.0,1.0,1
58351,36.0,1.0,0.0,0.0,0.0,0.0,117.83115611991063,115.33333333333333,228.0,61.0,23.25,6.76,108341.785183,79.0,2.0,1
58352,46.0,0.0,1.0,0.0,0.0,0.0,74.04593300160977,121.33333333333333,207.0,35.0,30.31,3.93,24485.910944,82.0,1.0,1
58355,61.0,1.0,0.0,0.0,0.0,0.0,99.37839857417701,114.66666666666667,273.0,69.0,25.81,9.92,51293.622038,86.0,3.0,1
58359,49.0,0.0,1.0,0.0,0.0,1.0,109.74885836492489,94.0,189.0,34.0,35.47,4.94,105778.527027,75.0,2.0,1
58362,34.0,1.0,0.0,0.0,0.0,0.0,123.82157683473228,126.0,137.0,60.0,39.86,6.8,29767.703776,83.0,2.0,0
58372,57.0,0.0,0.0,0.0,0.0,0.0,89.93953382933316,106.0,206.0,58.0,23.96,7.87,18719.899451,84.0,2.0,1
58375,75.0,1.0,1.0,0.0,1.0,0.0,82.97311972751723,116.66666666666667,227.0,53.0,22.81,8.62,21736.812302,77.0,1.0,0
58377,38.0,1.0,0.0,0.0,0.0,0.0,116.82419548614985,108.0,202.0,73.0,21.95,11.67,57761.756191,76.0,1.0,1
58378,49.0,1.0,1.0,0.0,0.0,0.0,86.36612254006826,116.0,243.0,46.0,26.59,11.25,88626.466787,83.0,1.0,1
58380,73.0,0.0,0.0,0.0,1.0,0.0,57.47516766005108,184.0,199.0,58.0,25.15,5.29,12637.696457,75.0,1.0,1
58384,36.0,0.0,0.0,0.0,0.0,0.0,94.34435583981103,133.33333333333334,177.0,39.0,33.1,3.32,68012.325768,82.0,1.0,1
58385,30.0,0.0,0.0,1.0,1.0,0.0,68.17154155135677,135.33333333333334,175.0,55.0,35.18,567.5,18764.720918,79.0,1.0,1
58388,76.0,1.0,0.0,0.0,1.0,0.0,59.094586008022226,138.66666666666666,272.0,92.0,39.16,5.43,13632.860954,84.0,1.0,1
58390,57.0,0.0,0.0,0.0,0.0,0.0,56.20569474226359,111.33333333333333,178.0,47.0,33.49,17.4,23716.595191,78.0,2.0,1
58394,48.0,0.0,0.0,1.0,0.0,0.0,102.60903389000578,112.0,239.0,44.0,26.51,16.6,22314.411887,84.0,2.0,1
58397,66.0,0.0,0.0,0.0,1.0,0.0,75.68404724654566,129.33333333333334,184.0,44.0,26.6,9.63,73052.830524,79.0,2.0,1
58398,65.0,0.0,0.0,0.0,1.0,0.0,93.5328551241116,137.33333333333334,221.0,96.0,27.02,4.68,54784.845182,77.0,1.0,1
58405,61.0,0.0,1.0,1.0,0.0,0.0,103.94263094895351,102.0,131.0,41.0,33.98,189.27,5649.592847,84.0,1.0,1
58407,45.0,0.0,0.0,0.0,0.0,0.0,100.59251994227594,132.66666666666666,251.0,42.0,31.35,5.28,22608.618809,80.0,2.0,1
58408,51.0,1.0,0.0,0.0,1.0,1.0,115.18886887893349,110.0,134.0,44.0,32.49,5.41,18999.168205,75.0,1.0,1
58410,38.0,1.0,1.0,0.0,0.0,0.0,102.7949798467782,110.66666666666667,217.0,44.0,23.97,3.67,23578.571759,79.0,2.0,0
58411,79.0,0.0,0.0,0.0,0.0,1.0,73.03982919190797,122.66666666666667,162.0,51.0,23.89,4.18,34738.18151,76.0,2.0,1
58413,74.0,0.0,0.0,0.0,1.0,1.0,77.12311953040673,156.0,151.0,47.0,27.66,88.24,12635.930248,81.0,1.0,1
58415,46.0,0.0,0.0,0.0,0.0,0.0,99.96884631863384,114.0,231.0,30.0,35.43,5.18,22608.618809,80.0,2.0,1
58416,49.0,1.0,0.0,0.0,0.0,0.0,107.46771727945188,133.33333333333334,233.0,62.0,30.65,20.53,16662.798511,87.0,1.0,1
58417,45.0,1.0,0.0,0.0,0.0,1.0,109.38493044832033,92.0,187.0,57.0,20.27,7.99,88087.54939,78.0,2.0,1
58418,62.0,0.0,0.0,0.0,0.0,0.0,50.29430918508156,133.33333333333334,212.0,42.0,33.0,5.16,5734.821408,88.0,2.0,1
58419,75.0,1.0,0.0,1.0,1.0,1.0,63.27869459127227,116.0,164.0,96.0,40.74,10.85,38913.512966,76.0,2.0,1
58421,49.0,1.0,0.0,0.0,1.0,0.0,85.13379428914527,172.0,176.0,54.0,41.43,6.4,35241.053632,81.0,2.0,1
58430,68.0,0.0,0.0,0.0,1.0,1.0,70.79730196937929,129.33333333333334,211.0,48.0,30.37,18.0,10283.689262,81.0,2.0,1
58433,55.0,0.0,0.0,0.0,0.0,0.0,105.31775544273104,116.66666666666667,141.0,60.0,26.29,4.47,81016.09058,85.0,1.0,1
58435,69.0,1.0,0.0,0.0,0.0,0.0,101.46498365429962,113.33333333333333,188.0,55.0,24.49,8.85,22598.518481,82.0,1.0,1
58436,63.0,0.0,0.0,0.0,0.0,0.0,101.39991769559944,126.0,172.0,39.0,,8.18,56750.654207,86.0,2.0,1
58440,74.0,1.0,0.0,0.0,1.0,1.0,50.515670477053575,129.33333333333334,156.0,41.0,23.38,13.93,41432.419968,82.0,1.0,1
58444,54.0,1.0,0.0,1.0,1.0,0.0,54.33450830990054,115.33333333333333,185.0,44.0,46.11,1.42,29615.973733,83.0,2.0,1
58447,61.0,1.0,1.0,0.0,0.0,0.0,98.67642132440872,116.66666666666667,218.0,45.0,27.5,5.27,8066.115416,82.0,2.0,1
58449,54.0,0.0,0.0,0.0,1.0,1.0,109.9721578941105,135.33333333333334,213.0,35.0,27.77,5.54,10247.317308,88.0,1.0,1
58450,43.0,1.0,0.0,0.0,0.0,0.0,98.09667977649853,113.33333333333333,166.0,37.0,28.98,6.61,18598.939847,76.0,1.0,1
58451,33.0,1.0,0.0,0.0,0.0,0.0,117.44691218945603,114.66666666666667,221.0,58.0,29.81,4.7,25452.884514,77.0,2.0,0
58452,34.0,1.0,0.0,0.0,0.0,0.0,96.200122257178,120.0,182.0,52.0,47.94,5.07,59497.522458,79.0,1.0,1
58454,68.0,1.0,0.0,1.0,1.0,1.0,53.56194775565213,149.33333333333334,166.0,64.0,27.84,451.56,6466.48719,86.0,1.0,1
58456,38.0,0.0,1.0,0.0,0.0,0.0,92.12426352112466,105.33333333333333,193.0,39.0,27.28,5.0,69862.627307,79.0,1.0,1
58458,41.0,0.0,0.0,1.0,0.0,0.0,111.56031676866206,118.66666666666667,205.0,45.0,37.72,10.97,17155.534685,88.0,1.0,1
58459,63.0,0.0,0.0,0.0,0.0,0.0,102.230997950465,150.66666666666666,204.0,45.0,25.64,14.14,6250.708337,77.0,1.0,1
58460,76.0,1.0,0.0,0.0,1.0,1.0,86.5986122184451,150.66666666666666,199.0,47.0,33.6,4.47,16322.933104,82.0,1.0,1
58461,50.0,0.0,1.0,0.0,0.0,0.0,70.15149982236703,116.0,254.0,60.0,32.78,4.08,17217.09175,84.0,1.0,1
58465,49.0,0.0,0.0,0.0,0.0,0.0,66.72743470512981,121.33333333333333,252.0,52.0,36.49,8.8,19171.77998,79.0,1.0,1
58471,40.0,0.0,0.0,0.0,0.0,0.0,102.47397251795175,116.66666666666667,238.0,48.0,24.73,8.77,75533.702614,79.0,1.0,1
58473,57.0,1.0,0.0,0.0,0.0,0.0,68.1558268823069,136.66666666666666,233.0,79.0,25.28,4.25,29433.149209,81.0,2.0,1
58474,49.0,0.0,1.0,0.0,0.0,0.0,106.145522214151,114.66666666666667,262.0,62.0,27.8,2.9,23780.455805,78.0,2.0,1
58488,77.0,0.0,0.0,0.0,1.0,1.0,73.95401620041032,110.0,148.0,32.0,40.17,8.96,15661.814696,75.0,1.0,1
58489,30.0,1.0,0.0,0.0,0.0,0.0,123.75786412164246,108.66666666666667,157.0,62.0,25.23,4.59,13593.335914,89.0,1.0,1
58491,70.0,0.0,0.0,0.0,0.0,0.0,92.5050162792939,115.33333333333333,230.0,86.0,26.34,3.15,29665.826508,88.0,2.0,1
58492,40.0,0.0,0.0,0.0,0.0,0.0,112.65351914476398,139.33333333333334,176.0,28.0,36.32,10.3,20828.511365,82.0,1.0,1
58493,75.0,0.0,1.0,1.0,1.0,1.0,58.364910359929645,129.33333333333334,139.0,45.0,30.67,4.55,35141.525644,82.0,1.0,1
58495,38.0,1.0,0.0,0.0,0.0,0.0,89.87636630517463,108.66666666666667,195.0,70.0,23.87,4.55,34219.951101,75.0,1.0,1
58497,46.0,1.0,0.0,0.0,0.0,0.0,76.76453392968925,97.33333333333333,154.0,54.0,25.44,2.53,79088.217729,76.0,2.0,1
58498,45.0,1.0,1.0,0.0,0.0,0.0,113.65956681568603,102.66666666666667,187.0,86.0,24.24,5.37,88087.54939,78.0,2.0,1
58505,48.0,1.0,0.0,0.0,0.0,0.0,103.07163016695893,92.66666666666667,211.0,69.0,18.88,5.38,87550.314744,77.0,2.0,1
58507,42.0,1.0,0.0,1.0,0.0,0.0,81.85650066463332,118.0,197.0,53.0,21.84,3.21,13037.179493,88.0,1.0,1
58514,34.0,0.0,0.0,0.0,0.0,0.0,121.44141605118388,120.66666666666667,159.0,35.0,27.44,4.42,66692.699479,86.0,1.0,1
58515,48.0,0.0,1.0,0.0,0.0,0.0,113.65841877365995,118.0,233.0,39.0,25.67,6.07,21459.071325,81.0,1.0,1
58517,32.0,0.0,1.0,0.0,0.0,0.0,89.51287076736732,111.33333333333333,179.0,92.0,20.11,0.91,17616.92681,86.0,1.0,1
58519,50.0,1.0,0.0,0.0,0.0,0.0,109.72656156782712,100.66666666666667,165.0,54.0,21.98,4.44,10778.06461,78.0,1.0,1
58520,56.0,0.0,0.0,1.0,0.0,0.0,89.40477141223123,123.33333333333333,169.0,81.0,23.72,11.0,17577.44201,78.0,1.0,1
58522,75.0,0.0,0.0,0.0,1.0,1.0,95.27514074933418,125.33333333333333,151.0,40.0,25.06,5.85,30819.873958,80.0,1.0,1
58525,41.0,0.0,0.0,0.0,0.0,0.0,118.71583812400851,138.0,201.0,31.0,30.78,11.21,18943.613035,88.0,1.0,1
58530,36.0,1.0,0.0,0.0,0.0,0.0,105.74910868510132,128.0,204.0,41.0,33.81,3.79,16637.651093,79.0,2.0,1
58532,37.0,1.0,0.0,0.0,0.0,0.0,97.26156193291541,100.0,176.0,36.0,24.71,9.55,56333.431437,85.0,1.0,1
58537,32.0,1.0,0.0,0.0,0.0,0.0,85.96161995603993,109.33333333333333,157.0,52.0,23.99,8.76,49830.060206,80.0,1.0,1
58552,41.0,1.0,1.0,0.0,0.0,0.0,118.54664765451194,94.0,205.0,50.0,32.52,4.02,18179.455559,82.0,2.0,1
58557,31.0,1.0,0.0,0.0,0.0,0.0,129.78577984819066,101.33333333333333,170.0,71.0,23.7,5.96,25897.157431,78.0,2.0,0
58558,34.0,0.0,0.0,0.0,0.0,0.0,107.71514521859211,125.33333333333333,166.0,40.0,24.15,7.3,12460.439152,80.0,1.0,1
58559,53.0,1.0,0.0,0.0,0.0,0.0,105.21362000147177,134.0,234.0,70.0,25.36,12.67,10312.68772,88.0,1.0,1
58560,51.0,0.0,0.0,0.0,0.0,0.0,110.61239126740459,142.66666666666666,210.0,36.0,26.48,138.89,14704.563313,77.0,2.0,1
58561,66.0,0.0,0.0,0.0,0.0,0.0,84.01379857625014,127.33333333333333,243.0,43.0,22.26,6.59,6797.608313,75.0,2.0,1
58562,74.0,0.0,0.0,0.0,0.0,0.0,94.69488457022615,122.66666666666667,247.0,56.0,27.11,93.53,33464.063035,77.0,2.0,0
58563,74.0,1.0,0.0,0.0,1.0,0.0,96.12481448890206,128.66666666666666,305.0,91.0,26.66,30.0,37142.518016,76.0,1.0,1
58564,40.0,1.0,0.0,0.0,0.0,0.0,112.4435504162343,94.0,183.0,53.0,31.25,6.0,17216.777874,88.0,1.0,1
58565,59.0,1.0,0.0,0.0,0.0,0.0,88.80515709271712,104.0,264.0,67.0,19.78,10.34,109191.710721,80.0,2.0,1
58570,50.0,1.0,0.0,0.0,0.0,0.0,72.99074543941663,104.66666666666667,163.0,82.0,21.14,8.33,92722.673705,86.0,1.0,1
58571,54.0,1.0,0.0,0.0,0.0,0.0,72.10720646379148,94.0,243.0,59.0,32.64,3.04,18638.575391,80.0,1.0,1
58572,50.0,1.0,0.0,1.0,0.0,1.0,119.78603660805145,112.0,231.0,57.0,33.82,40.45,20535.113756,86.0,2.0,1
58573,43.0,0.0,0.0,1.0,0.0,1.0,119.35042979990702,116.66666666666667,152.0,55.0,33.61,26.67,61758.398834,88.0,1.0,1
58576,33.0,1.0,1.0,1.0,0.0,0.0,117.44691218945603,106.0,252.0,40.0,30.78,11.57,23477.141681,80.0,2.0,1
58577,46.0,0.0,0.0,0.0,0.0,0.0,86.67073375625436,110.0,229.0,76.0,30.18,3.91,24174.776339,78.0,2.0,1
58581,47.0,1.0,1.0,0.0,0.0,0.0,90.04448644717048,110.0,210.0,78.0,23.4,6.22,91247.966335,83.0,1.0,1
58583,74.0,1.0,0.0,0.0,1.0,1.0,82.17422795323435,124.0,175.0,49.0,33.37,8.84,25117.615493,83.0,1.0,1
58586,35.0,0.0,0.0,0.0,0.0,0.0,120.20668254684914,115.33333333333333,154.0,41.0,23.19,9.11,33958.460784,87.0,1.0,1
58590,71.0,0.0,0.0,1.0,1.0,1.0,68.04095621678773,100.66666666666667,151.0,40.0,29.03,1063.87,10272.513252,76.0,2.0,1
58591,53.0,0.0,0.0,0.0,0.0,1.0,84.87871470289221,122.0,144.0,31.0,32.65,4.85,70704.283055,80.0,1.0,1
58596,33.0,0.0,1.0,0.0,0.0,0.0,118.95002792458327,104.0,212.0,35.0,29.63,3.02,30963.06541,87.0,2.0,1
58598,33.0,0.0,0.0,0.0,0.0,0.0,97.23130127154721,111.33333333333333,208.0,33.0,38.74,4.39,57886.498141,75.0,1.0,1
58601,45.0,0.0,0.0,0.0,0.0,0.0,105.92155389618384,115.33333333333333,233.0,39.0,34.72,4.08,20257.239026,86.0,1.0,1
58610,53.0,0.0,0.0,0.0,0.0,0.0,84.87871470289221,112.0,180.0,32.0,27.46,3.97,27459.086612,75.0,2.0,1
58611,48.0,0.0,0.0,0.0,1.0,1.0,93.9655711453896,155.33333333333334,161.0,36.0,41.54,35.22,81895.402401,77.0,1.0,1
58613,45.0,0.0,0.0,0.0,1.0,0.0,111.2220932895185,129.33333333333334,239.0,48.0,36.44,3.37,85635.432201,76.0,2.0,1
58615,48.0,0.0,1.0,0.0,0.0,1.0,86.56930941372897,124.0,267.0,53.0,24.79,5.75,24742.376291,80.0,2.0,1
58626,66.0,1.0,0.0,1.0,1.0,0.0,100.16249713831769,133.33333333333334,255.0,49.0,27.27,4.06,6443.674009,81.0,2.0,0
58629,40.0,1.0,1.0,0.0,0.0,0.0,113.24346607203083,98.66666666666667,156.0,61.0,23.08,6.48,76603.798386,77.0,1.0,1
58631,33.0,0.0,0.0,0.0,0.0,0.0,119.84037399022378,108.0,153.0,37.0,29.52,3.15,18283.028607,77.0,1.0,1
58633,61.0,1.0,0.0,0.0,0.0,0.0,100.48162450764946,97.33333333333333,196.0,84.0,29.03,4.79,5308.299831,89.0,2.0,1
58638,60.0,0.0,1.0,0.0,0.0,0.0,88.27700889203955,140.66666666666666,247.0,43.0,30.75,3.0,72823.681176,83.0,1.0,1
58640,65.0,0.0,0.0,0.0,0.0,0.0,89.96227676148709,134.0,190.0,28.0,35.68,15.12,22668.81211,83.0,2.0,1
58642,57.0,0.0,0.0,0.0,0.0,0.0,92.19268074278332,122.0,292.0,30.0,30.21,5.77,20995.496487,77.0,1.0,1
58647,51.0,0.0,1.0,1.0,0.0,0.0,104.46802416171006,135.33333333333334,217.0,66.0,25.53,15.7,17126.695224,84.0,1.0,1
58650,65.0,1.0,0.0,0.0,0.0,0.0,98.76557443076275,110.66666666666667,239.0,85.0,24.55,6.33,21718.587077,79.0,2.0,1
58653,55.0,0.0,1.0,0.0,0.0,0.0,75.15995818481993,161.33333333333334,169.0,50.0,23.23,6.36,27004.324803,75.0,2.0,1
58656,68.0,0.0,0.0,1.0,1.0,1.0,56.18833447067497,130.0,182.0,35.0,26.35,47.14,5470.463343,76.0,1.0,1
58659,30.0,0.0,0.0,0.0,1.0,0.0,93.6348093305535,150.66666666666666,208.0,43.0,28.57,3.6,83194.20108,83.0,1.0,1
58661,78.0,1.0,0.0,0.0,1.0,1.0,85.52811827759007,121.33333333333333,166.0,68.0,35.48,6.46,36689.33505,76.0,1.0,0
58665,35.0,0.0,1.0,0.0,0.0,0.0,122.70274973419939,126.0,232.0,46.0,21.08,5.05,22579.355998,87.0,2.0,1
58670,54.0,0.0,0.0,0.0,0.0,0.0,92.76814333620408,157.33333333333334,173.0,41.0,25.71,5.24,105070.747861,78.0,2.0,0
58671,61.0,1.0,0.0,1.0,1.0,0.0,107.6953329604336,127.33333333333333,215.0,44.0,28.47,4.63,65917.895564,78.0,2.0,1
58673,75.0,0.0,0.0,0.0,0.0,0.0,89.9827369408367,136.66666666666666,184.0,56.0,27.63,7.41,10064.393928,88.0,2.0,1
58677,75.0,0.0,0.0,0.0,1.0,0.0,90.29744888998528,122.66666666666667,224.0,46.0,29.5,26.08,42248.55886,82.0,2.0,1
58681,46.0,0.0,0.0,0.0,0.0,0.0,101.2463981810498,107.33333333333333,201.0,48.0,25.39,5.05,20708.126413,85.0,2.0,1
58683,46.0,0.0,1.0,1.0,1.0,0.0,117.14424685264405,164.66666666666666,185.0,47.0,25.87,10.65,15643.490933,86.0,3.0,1
58686,38.0,0.0,0.0,0.0,0.0,0.0,86.23418040672956,115.33333333333333,245.0,36.0,29.43,4.7,24503.169767,78.0,1.0,1
58688,73.0,1.0,0.0,0.0,1.0,0.0,91.5801392518562,197.33333333333334,232.0,45.0,24.56,20.81,12008.781111,78.0,2.0,1
58689,52.0,1.0,0.0,0.0,0.0,0.0,80.11447795287263,113.33333333333333,201.0,82.0,25.04,5.54,23748.745332,84.0,2.0,1
58690,66.0,0.0,0.0,0.0,1.0,0.0,79.19045669694431,110.0,162.0,90.0,36.22,8.75,59368.56666,76.0,2.0,1
58692,45.0,1.0,1.0,0.0,0.0,0.0,99.99255078425227,96.0,196.0,53.0,27.28,3.23,14191.669922,80.0,1.0,1
58693,68.0,1.0,0.0,0.0,0.0,0.0,77.86483468616312,129.33333333333334,268.0,48.0,29.08,3.69,63755.08114,81.0,2.0,1
58696,44.0,1.0,1.0,0.0,0.0,0.0,57.821029135276795,102.66666666666667,154.0,26.0,24.7,333.33,20891.930664,83.0,2.0,1
58699,53.0,0.0,0.0,0.0,1.0,1.0,107.90651793426815,134.66666666666666,196.0,42.0,25.95,4.85,14961.227317,78.0,2.0,1
58700,54.0,1.0,1.0,0.0,0.0,0.0,106.5978936710779,136.66666666666666,222.0,43.0,26.53,9.52,26340.221216,78.0,2.0,1
58702,76.0,1.0,0.0,0.0,1.0,0.0,56.3514711321278,134.66666666666666,213.0,74.0,23.07,5.52,35645.410956,81.0,2.0,1
58704,47.0,1.0,0.0,0.0,0.0,0.0,109.62276551056073,124.66666666666667,202.0,48.0,35.91,49.45,22004.736599,87.0,1.0,1
58706,34.0,0.0,0.0,0.0,0.0,0.0,88.40635204460426,127.33333333333333,140.0,49.0,25.82,6.7,30097.596014,81.0,1.0,1
58708,72.0,0.0,1.0,0.0,0.0,0.0,50.77891093652396,110.66666666666667,261.0,46.0,24.91,6.79,15281.510397,75.0,1.0,1
58710,43.0,1.0,0.0,0.0,0.0,0.0,95.12412369209073,114.0,253.0,51.0,28.36,5.97,15756.9598,75.0,1.0,1
58711,56.0,1.0,0.0,0.0,0.0,0.0,96.45897611412741,122.66666666666667,177.0,46.0,36.91,7.5,109191.710721,76.0,1.0,1
58715,34.0,1.0,0.0,0.0,0.0,0.0,103.74409263461112,108.66666666666667,157.0,44.0,46.42,6.47,43181.860913,80.0,1.0,1
58717,35.0,0.0,0.0,0.0,0.0,0.0,97.1492428946852,107.33333333333333,132.0,50.0,30.06,2.81,33906.530295,78.0,2.0,1
58719,75.0,0.0,0.0,0.0,1.0,0.0,63.701173469395286,128.66666666666666,272.0,57.0,28.2,224.26,31431.350966,77.0,1.0,1
58728,66.0,0.0,0.0,0.0,0.0,0.0,100.34126630276072,133.33333333333334,179.0,50.0,28.77,11.35,5791.074815,88.0,2.0,1
58730,38.0,0.0,1.0,0.0,0.0,0.0,96.47634928022208,117.33333333333333,293.0,51.0,25.47,3.8,61239.793623,78.0,1.0,1
58735,59.0,0.0,0.0,0.0,0.0,0.0,99.74510736068571,105.33333333333333,239.0,76.0,23.27,1.92,10483.516539,89.0,1.0,1
58738,53.0,1.0,0.0,0.0,1.0,0.0,88.04913995269463,113.33333333333333,221.0,63.0,32.84,3.72,24174.291319,86.0,2.0,1
58740,55.0,0.0,1.0,1.0,0.0,0.0,100.86324282087661,112.66666666666667,147.0,45.0,26.03,3.08,99945.359619,77.0,2.0,1
58741,60.0,0.0,0.0,0.0,0.0,0.0,100.93613039622149,123.33333333333333,222.0,53.0,30.26,12.5,6614.887669,84.0,2.0,1
58743,40.0,1.0,1.0,0.0,0.0,0.0,91.33820877223613,120.0,161.0,27.0,43.01,21.59,27130.100002,83.0,1.0,1
58748,42.0,1.0,0.0,0.0,0.0,0.0,112.66345016444254,100.66666666666667,165.0,61.0,23.29,3.35,85035.046516,77.0,2.0,1
58749,63.0,0.0,0.0,0.0,1.0,0.0,85.5960342791,146.0,278.0,42.0,29.24,27.5,9131.507529,84.0,1.0,1
58750,45.0,0.0,0.0,0.0,0.0,0.0,113.87181982163489,134.0,217.0,44.0,26.56,12.35,23760.051347,77.0,2.0,0
58754,35.0,1.0,1.0,0.0,0.0,0.0,101.51675242765624,96.66666666666667,183.0,65.0,22.16,3.08,68102.336097,76.0,1.0,0
58756,64.0,1.0,0.0,0.0,0.0,0.0,58.004473070671104,134.0,193.0,49.0,35.45,9.04,75906.644182,75.0,2.0,1
58759,64.0,1.0,0.0,1.0,1.0,1.0,101.84968361057217,162.0,152.0,49.0,28.74,10.83,8499.199919,75.0,1.0,1
58760,41.0,1.0,0.0,0.0,0.0,0.0,93.46804759601483,94.0,144.0,46.0,32.18,3.13,19622.263832,87.0,2.0,1
58763,44.0,1.0,0.0,0.0,0.0,0.0,113.43803611067987,109.33333333333333,237.0,44.0,29.64,3.43,18684.981597,87.0,2.0,1
58764,67.0,0.0,0.0,1.0,1.0,1.0,93.60969620657262,161.33333333333334,219.0,46.0,32.92,14.82,54784.845182,77.0,1.0,1
58765,70.0,0.0,0.0,0.0,0.0,0.0,68.46544195692064,139.33333333333334,224.0,41.0,31.66,4.66,33645.553037,76.0,2.0,1
58767,59.0,1.0,0.0,0.0,0.0,0.0,99.56562151004796,135.33333333333334,266.0,58.0,28.27,5.15,94880.080398,76.0,2.0,1
58769,32.0,0.0,0.0,0.0,0.0,1.0,80.78213295435144,117.33333333333333,179.0,37.0,34.24,3.38,18056.193274,77.0,1.0,1
58772,74.0,0.0,0.0,0.0,1.0,0.0,82.94291880849843,98.66666666666667,185.0,32.0,23.81,18.72,33570.062401,81.0,2.0,1
58777,55.0,1.0,0.0,0.0,0.0,0.0,86.96071522622101,136.0,243.0,58.0,29.56,11.47,13946.154951,87.0,2.0,1
58779,69.0,1.0,0.0,1.0,1.0,1.0,74.1163921159566,154.0,160.0,80.0,42.17,5.06,10683.933636,78.0,1.0,1
58780,37.0,0.0,1.0,0.0,0.0,0.0,93.75942083360421,127.33333333333333,304.0,37.0,36.77,8.11,25541.745017,82.0,2.0,1
58784,61.0,1.0,0.0,0.0,0.0,0.0,101.65097094626387,157.33333333333334,234.0,46.0,35.05,9.79,7921.201859,87.0,1.0,1
58785,38.0,1.0,1.0,0.0,0.0,0.0,77.66453329654655,125.33333333333333,187.0,57.0,34.43,3.66,52320.731799,76.0,1.0,1
58791,49.0,1.0,0.0,0.0,0.0,0.0,107.07894537353795,104.66666666666667,164.0,60.0,34.33,5.35,11532.553544,89.0,2.0,1
58797,41.0,1.0,0.0,0.0,0.0,0.0,115.57441982189357,106.66666666666667,153.0,62.0,20.58,6.85,14575.106081,88.0,2.0,0
58798,69.0,1.0,0.0,1.0,1.0,0.0,51.03491480134414,142.66666666666666,219.0,75.0,25.62,12.95,13070.875072,78.0,1.0,1
58800,62.0,1.0,0.0,0.0,0.0,0.0,84.52234248352268,122.66666666666667,191.0,40.0,38.69,15.02,6385.326701,88.0,1.0,1
58801,71.0,1.0,0.0,0.0,1.0,0.0,82.41876370948471,114.0,196.0,54.0,30.23,6.67,44645.637846,79.0,2.0,1
58802,62.0,0.0,0.0,1.0,0.0,1.0,107.54897252535655,128.0,216.0,74.0,22.39,2481.43,5791.074815,88.0,1.0,0
58803,41.0,1.0,0.0,0.0,0.0,0.0,105.89068592955353,104.66666666666667,182.0,71.0,25.47,5.56,19622.263832,87.0,2.0,1
58806,52.0,0.0,0.0,0.0,0.0,0.0,97.53793048339087,130.66666666666666,176.0,30.0,25.54,8.49,12332.261331,86.0,1.0,1
58809,57.0,0.0,1.0,0.0,0.0,1.0,83.74944079721223,108.66666666666667,177.0,75.0,26.49,3.05,19517.435829,84.0,2.0,1
58810,38.0,0.0,0.0,0.0,0.0,0.0,103.75656552812156,104.0,238.0,45.0,24.53,4.3,70628.249043,77.0,1.0,0
58812,32.0,1.0,0.0,0.0,0.0,0.0,90.7258736311395,101.33333333333333,163.0,49.0,23.95,8.21,54729.408706,79.0,1.0,1
58819,79.0,1.0,0.0,0.0,1.0,1.0,69.64728548678421,118.66666666666667,234.0,77.0,32.15,6.09,12842.615886,84.0,1.0,1
58822,61.0,1.0,0.0,0.0,0.0,0.0,104.21941074485083,116.0,174.0,50.0,28.95,13.57,8780.848777,75.0,1.0,1
58826,60.0,1.0,0.0,0.0,0.0,0.0,100.7314093198622,141.33333333333334,292.0,27.0,24.42,11.0,55139.141581,80.0,1.0,1
58830,46.0,0.0,0.0,0.0,0.0,0.0,110.11861928173762,114.0,269.0,27.0,32.47,3.68,22500.372169,80.0,2.0,1
58838,62.0,0.0,0.0,0.0,0.0,0.0,82.13196538678343,146.0,278.0,56.0,29.59,6.21,49641.833867,80.0,1.0,1
58839,37.0,1.0,0.0,0.0,0.0,0.0,115.79508216160191,112.66666666666667,150.0,38.0,40.87,3.02,20293.289262,88.0,1.0,1
58840,34.0,1.0,0.0,0.0,0.0,0.0,93.45813356340176,109.33333333333333,211.0,69.0,24.36,7.14,18635.311995,84.0,1.0,1
58842,60.0,0.0,1.0,0.0,0.0,0.0,94.00249094921764,128.0,212.0,42.0,25.21,10.0,6675.344268,83.0,2.0,1
58847,70.0,1.0,0.0,0.0,1.0,1.0,66.98392327594121,149.33333333333334,155.0,57.0,24.28,16.53,41802.286673,78.0,2.0,1
58852,48.0,0.0,0.0,0.0,0.0,0.0,99.99483475515086,110.66666666666667,138.0,79.0,24.32,10.48,96465.970305,83.0,1.0,1
58853,35.0,1.0,0.0,0.0,0.0,0.0,101.51675242765624,100.0,199.0,62.0,32.32,7.88,64639.765926,75.0,2.0,1
58854,44.0,0.0,1.0,0.0,0.0,0.0,97.51327238651655,102.66666666666667,232.0,73.0,19.25,1.47,15175.607764,89.0,1.0,1
58855,37.0,0.0,0.0,0.0,0.0,0.0,117.7930674440931,116.66666666666667,255.0,53.0,27.21,2.54,33324.854365,76.0,1.0,1
58856,40.0,0.0,1.0,0.0,0.0,1.0,112.65351914476398,122.66666666666667,164.0,43.0,33.85,3.8,87242.435903,77.0,2.0,1
58861,45.0,1.0,0.0,0.0,0.0,0.0,91.17150852003137,100.66666666666667,201.0,62.0,24.34,15.43,88087.54939,78.0,2.0,1
58862,31.0,1.0,0.0,0.0,0.0,0.0,107.36901251241888,104.66666666666667,194.0,56.0,24.14,3.59,25452.884514,75.0,1.0,1
58864,39.0,1.0,0.0,0.0,0.0,0.0,115.65305682254028,114.66666666666667,164.0,42.0,33.42,20.31,18108.840553,88.0,2.0,1
58867,47.0,0.0,1.0,1.0,1.0,1.0,69.46723857619797,91.33333333333333,157.0,35.0,28.71,9.55,72878.957161,88.0,1.0,1
58869,51.0,0.0,0.0,0.0,1.0,1.0,107.97062742757883,150.0,142.0,37.0,25.79,123.03,11662.920771,76.0,1.0,1
58870,55.0,0.0,0.0,1.0,0.0,1.0,103.73907741093174,106.0,255.0,55.0,28.32,13.72,77544.892734,85.0,1.0,1
58872,31.0,0.0,0.0,0.0,0.0,0.0,97.32422666646775,122.66666666666667,191.0,39.0,41.46,5.28,12460.439152,80.0,1.0,0
58873,41.0,1.0,0.0,1.0,0.0,0.0,120.76592224979055,119.33333333333333,188.0,47.0,36.5,163.81,17896.144335,87.0,2.0,1
58876,64.0,0.0,0.0,0.0,1.0,1.0,80.1816266861224,119.33333333333333,178.0,57.0,31.86,5.78,61916.952446,77.0,2.0,1
58877,70.0,0.0,0.0,1.0,1.0,1.0,82.95403843463129,135.33333333333334,196.0,40.0,31.29,7.67,34048.168813,78.0,2.0,1
58879,58.0,1.0,0.0,0.0,1.0,0.0,100.53479887065467,117.33333333333333,192.0,78.0,41.5,6.55,125317.169771,75.0,2.0,1
58884,59.0,1.0,0.0,0.0,1.0,1.0,74.63783768716046,132.0,192.0,48.0,23.18,5.13,97686.556803,76.0,2.0,1
58887,60.0,1.0,0.0,0.0,0.0,1.0,63.72948382446315,129.33333333333334,263.0,50.0,34.66,15.31,74461.687039,75.0,2.0,1
58889,57.0,0.0,1.0,0.0,0.0,0.0,101.35090569700348,125.33333333333333,189.0,76.0,17.93,79.41,16016.361825,89.0,1.0,0
58890,32.0,1.0,0.0,0.0,0.0,0.0,118.59615080980583,116.66666666666667,172.0,62.0,26.78,8.14,22065.012384,85.0,2.0,1
58894,63.0,0.0,1.0,0.0,0.0,0.0,84.56991177163052,148.0,182.0,87.0,24.48,2.04,9365.664257,89.0,2.0,1
58897,46.0,1.0,0.0,0.0,0.0,0.0,111.59035138595583,129.33333333333334,237.0,66.0,27.35,10.61,18820.44423,85.0,2.0,1
58898,66.0,1.0,0.0,0.0,0.0,0.0,56.028398178711,146.66666666666666,224.0,65.0,33.33,6.11,60851.686967,77.0,1.0,1
58905,57.0,1.0,0.0,0.0,0.0,0.0,106.3816537565299,122.66666666666667,208.0,66.0,23.32,24.48,75491.432648,88.0,2.0,1
58909,75.0,1.0,0.0,0.0,0.0,0.0,47.68201301537922,113.33333333333333,196.0,67.0,30.8,2.52,41004.399554,78.0,2.0,1
58916,54.0,0.0,0.0,0.0,1.0,1.0,98.85065537476594,112.66666666666667,170.0,39.0,37.97,7.92,56484.240674,86.0,3.0,1
58922,56.0,0.0,0.0,0.0,0.0,0.0,101.98320154659235,110.0,201.0,58.0,23.04,8.0,100716.412783,77.0,2.0,1
58926,57.0,1.0,0.0,0.0,0.0,0.0,101.88166279936107,130.0,246.0,43.0,29.47,13.45,94786.503036,85.0,2.0,1
58928,35.0,0.0,0.0,0.0,0.0,0.0,116.62777012572678,122.0,196.0,46.0,23.91,3.09,26416.635007,85.0,1.0,1
58933,62.0,1.0,0.0,0.0,0.0,0.0,101.42395986655644,116.0,217.0,60.0,29.48,5.86,6323.300843,88.0,1.0,1
58935,61.0,1.0,0.0,1.0,1.0,0.0,36.46540678976619,106.66666666666667,188.0,29.0,35.06,2.68,21589.08157,81.0,2.0,1
58938,52.0,0.0,0.0,0.0,0.0,0.0,108.14625445743651,113.33333333333333,170.0,47.0,28.45,4.43,15166.692956,87.0,1.0,1
58942,39.0,1.0,0.0,0.0,0.0,0.0,113.54383026470859,119.33333333333333,232.0,80.0,24.29,6.67,62158.373253,86.0,1.0,1
58944,59.0,0.0,1.0,0.0,0.0,0.0,64.47152518163384,149.33333333333334,153.0,38.0,22.36,4.29,23800.659876,78.0,2.0,1
58947,57.0,0.0,0.0,1.0,1.0,0.0,110.94591177850452,128.66666666666666,186.0,41.0,30.93,6.72,11656.317466,85.0,1.0,1
58954,61.0,0.0,1.0,0.0,1.0,1.0,79.84557529498599,103.0,137.0,31.0,43.44,2.5,18527.676335,76.0,1.0,1
58955,41.0,1.0,0.0,0.0,0.0,0.0,104.17586855243808,108.66666666666667,175.0,76.0,20.87,12.51,14200.752219,86.0,3.0,1
58959,34.0,1.0,0.0,0.0,0.0,0.0,114.35159546054872,116.66666666666667,145.0,43.0,24.36,7.03,64527.134074,79.0,1.0,1
58960,50.0,0.0,1.0,0.0,0.0,0.0,87.47601069884146,158.66666666666666,265.0,50.0,25.97,12.5,12741.448063,87.0,1.0,1
58961,48.0,0.0,0.0,0.0,0.0,0.0,69.68936803504783,110.66666666666667,140.0,41.0,32.95,37.14,24510.801633,87.0,2.0,1
58962,74.0,1.0,0.0,0.0,1.0,0.0,70.8457499107287,120.66666666666667,231.0,68.0,27.33,5.19,21020.708228,77.0,1.0,1
58965,48.0,1.0,1.0,0.0,0.0,0.0,69.49253277221659,113.33333333333333,215.0,74.0,16.38,47.41,88626.466787,83.0,1.0,0
58967,72.0,0.0,0.0,0.0,0.0,1.0,61.18074957644862,114.0,202.0,47.0,26.35,6.7,31722.475671,76.0,1.0,1
58971,49.0,0.0,0.0,1.0,1.0,1.0,103.31902828697396,105.33333333333333,154.0,43.0,33.18,2.53,67328.829565,89.0,1.0,1
58974,74.0,1.0,0.0,0.0,0.0,0.0,90.69728676056808,166.0,259.0,54.0,41.89,14.32,38425.45991,86.0,1.0,1
58978,41.0,1.0,1.0,1.0,0.0,0.0,117.51217344003192,141.33333333333334,130.0,28.0,39.06,79.72,18409.494551,80.0,2.0,1
58979,64.0,1.0,0.0,0.0,0.0,0.0,83.47751447557206,118.66666666666667,271.0,62.0,28.78,4.78,68773.599629,77.0,2.0,1
58980,54.0,1.0,0.0,0.0,0.0,0.0,108.85682581951033,142.66666666666666,172.0,61.0,22.13,10.87,11550.549181,76.0,1.0,1
58981,44.0,1.0,0.0,0.0,0.0,0.0,111.68729605643915,110.0,168.0,29.0,34.29,3.55,15363.496835,88.0,2.0,1
58986,48.0,0.0,0.0,1.0,0.0,0.0,108.75738136236926,110.0,298.0,32.0,27.29,6.97,23620.047773,77.0,2.0,1
58987,60.0,1.0,0.0,0.0,1.0,0.0,95.65926810998974,128.0,235.0,74.0,39.49,11.0,6380.844626,81.0,1.0,1
58989,45.0,1.0,0.0,0.0,0.0,0.0,86.04753873445065,112.66666666666667,205.0,52.0,27.69,5.35,66895.80466,85.0,1.0,1
58990,43.0,1.0,0.0,0.0,0.0,0.0,80.27743872182762,112.0,189.0,58.0,31.55,2.4,20765.143267,84.0,1.0,1
58996,70.0,0.0,0.0,1.0,0.0,0.0,82.95403843463129,129.33333333333334,215.0,79.0,20.79,6.05,28480.684717,80.0,1.0,1
58999,44.0,1.0,0.0,1.0,0.0,0.0,112.54514197858055,100.0,200.0,64.0,31.88,5.77,58388.657969,86.0,3.0,1
59000,53.0,0.0,0.0,1.0,0.0,1.0,102.12567548593653,132.66666666666666,161.0,42.0,26.91,5.34,15512.315894,83.0,1.0,1
59002,54.0,0.0,0.0,1.0,0.0,0.0,101.83554461591875,104.0,262.0,44.0,25.16,5.13,80686.340356,88.0,1.0,1
59006,58.0,1.0,0.0,0.0,0.0,0.0,104.83176499428237,130.66666666666666,220.0,96.0,27.86,19.09,79719.201422,80.0,1.0,1
59009,55.0,0.0,0.0,0.0,1.0,0.0,96.97156395755158,171.33333333333334,225.0,58.0,28.48,19.0,19745.915356,86.0,2.0,1
59014,31.0,1.0,0.0,0.0,0.0,0.0,122.0224813079607,98.0,206.0,40.0,40.18,323.0,18926.031583,78.0,1.0,0
59018,51.0,0.0,0.0,1.0,0.0,1.0,110.15258448594663,109.33333333333333,224.0,43.0,29.9,5.64,14269.110522,77.0,2.0,1
59024,44.0,1.0,1.0,0.0,0.0,0.0,75.76591014045789,124.0,170.0,57.0,47.85,1.95,29559.749743,83.0,1.0,1
59026,73.0,1.0,0.0,0.0,0.0,0.0,91.26311809274307,137.33333333333334,219.0,83.0,24.99,7.88,41750.739821,79.0,1.0,1
59028,47.0,0.0,0.0,1.0,1.0,0.0,95.71074751055578,134.0,209.0,44.0,35.67,13.99,15587.478458,86.0,3.0,0
59030,52.0,0.0,0.0,1.0,0.0,0.0,103.46260775970478,112.0,147.0,27.0,33.16,21.44,101172.924903,76.0,2.0,1
59035,52.0,1.0,0.0,0.0,1.0,0.0,107.50300387611935,130.66666666666666,222.0,50.0,29.25,166.67,10679.045427,88.0,1.0,1
59036,38.0,0.0,0.0,0.0,0.0,0.0,113.66133730581124,129.33333333333334,206.0,36.0,31.21,10.99,24825.853087,88.0,1.0,1
59038,62.0,1.0,0.0,0.0,0.0,0.0,105.47525924105814,144.66666666666666,171.0,55.0,30.54,10.97,8780.848777,75.0,1.0,1
59039,74.0,0.0,0.0,0.0,1.0,1.0,69.68145644210134,164.0,183.0,49.0,23.78,7.14,9741.625189,86.0,1.0,1
59043,31.0,1.0,1.0,0.0,0.0,0.0,116.50518427669196,104.0,175.0,46.0,21.71,27.4,30625.012229,82.0,2.0,1
59049,39.0,1.0,0.0,0.0,0.0,0.0,107.21604348404415,116.0,247.0,38.0,44.98,4.15,16169.588736,80.0,1.0,1
59052,38.0,1.0,0.0,0.0,0.0,0.0,106.13781743931601,112.66666666666667,196.0,50.0,27.42,3.85,75985.765771,83.0,1.0,1
59056,42.0,1.0,0.0,0.0,0.0,0.0,101.87571505668161,102.0,221.0,44.0,33.81,3.64,14040.455584,86.0,3.0,1
59059,58.0,0.0,0.0,0.0,0.0,1.0,97.69475422935989,119.33333333333333,196.0,53.0,29.79,4.67,105070.747861,78.0,2.0,1
59060,40.0,0.0,0.0,0.0,0.0,0.0,75.37599010744154,108.66666666666667,159.0,53.0,25.41,1.63,68566.199782,77.0,1.0,1
59064,77.0,0.0,1.0,0.0,0.0,0.0,91.15045097241463,180.66666666666666,155.0,31.0,27.77,68.67,14301.239911,79.0,2.0,1
59072,68.0,0.0,0.0,0.0,0.0,1.0,74.74847435546465,129.33333333333334,159.0,58.0,29.94,3.7,59272.778583,79.0,1.0,1
59075,76.0,1.0,0.0,0.0,0.0,0.0,57.01507788354888,166.66666666666666,194.0,34.0,23.56,11.67,39412.404158,76.0,2.0,1
59078,61.0,0.0,0.0,0.0,0.0,0.0,92.22835623413071,150.0,229.0,58.0,28.21,7.28,74502.064579,79.0,2.0,1
59079,42.0,0.0,0.0,0.0,0.0,0.0,105.1374643311218,117.33333333333333,205.0,62.0,25.44,3.27,75533.702614,79.0,1.0,1
59081,34.0,1.0,0.0,0.0,0.0,0.0,96.200122257178,115.33333333333333,189.0,64.0,29.2,3.88,25473.286702,82.0,1.0,0
59082,33.0,1.0,0.0,0.0,0.0,0.0,123.50681422712124,106.0,180.0,75.0,25.07,8.0,73247.152332,79.0,2.0,1
59089,39.0,0.0,0.0,0.0,0.0,0.0,57.14266313085417,112.66666666666667,198.0,50.0,33.92,3.45,78203.311818,76.0,2.0,1
59091,76.0,1.0,0.0,0.0,0.0,0.0,89.88728785731878,128.66666666666666,199.0,57.0,29.48,8.15,11931.943523,79.0,1.0,1
59095,68.0,0.0,1.0,1.0,0.0,0.0,94.98799521368966,176.0,181.0,38.0,22.32,17.12,9660.441095,88.0,1.0,1
59098,47.0,1.0,0.0,0.0,0.0,1.0,103.71466106556544,99.33333333333333,217.0,59.0,23.26,4.92,91247.966335,83.0,1.0,0
59102,72.0,1.0,0.0,1.0,0.0,1.0,93.14399251451393,147.33333333333334,162.0,38.0,25.05,30.79,12759.573149,75.0,1.0,1
59106,72.0,0.0,0.0,0.0,1.0,1.0,72.91188103140776,159.33333333333334,193.0,59.0,24.25,5.26,10026.5297,87.0,2.0,1
59109,68.0,0.0,0.0,1.0,0.0,0.0,93.662835034341,152.66666666666666,190.0,40.0,26.97,29.66,8651.550531,87.0,1.0,1
59110,51.0,0.0,1.0,1.0,1.0,0.0,109.70090635637733,100.66666666666667,189.0,27.0,26.75,12.92,10291.139832,88.0,1.0,1
59113,46.0,0.0,0.0,0.0,0.0,0.0,108.52722977268286,141.33333333333334,253.0,32.0,29.52,4.49,25345.948319,82.0,2.0,1
59117,56.0,0.0,0.0,1.0,1.0,1.0,92.76784135921042,132.0,165.0,60.0,54.93,84.67,18035.587579,80.0,1.0,1
59122,63.0,0.0,0.0,1.0,1.0,0.0,71.5119250482668,154.66666666666666,276.0,29.0,34.43,219.39,51690.620582,81.0,2.0,1
59124,54.0,0.0,1.0,0.0,0.0,0.0,101.83554461591875,113.33333333333333,222.0,55.0,23.25,7.08,67492.475976,86.0,3.0,1
59125,73.0,0.0,0.0,1.0,0.0,0.0,90.18094673195955,178.0,269.0,43.0,26.98,57.37,12635.930248,81.0,1.0,1
59128,70.0,0.0,0.0,0.0,1.0,1.0,77.24472248159451,112.66666666666667,191.0,53.0,26.72,9.64,9246.720042,86.0,3.0,1
59130,43.0,0.0,0.0,0.0,0.0,0.0,99.3367502559088,138.0,196.0,78.0,26.73,3.73,17524.4626,84.0,1.0,1
59133,60.0,0.0,0.0,0.0,0.0,0.0,94.00249094921764,131.33333333333334,299.0,42.0,23.62,25.48,8651.550531,87.0,1.0,1
59137,35.0,0.0,0.0,0.0,0.0,0.0,100.6570249346469,106.66666666666667,224.0,49.0,42.86,2.41,33986.464261,83.0,1.0,1
59140,58.0,0.0,0.0,0.0,0.0,0.0,99.67296441746652,109.33333333333333,245.0,79.0,27.87,3.88,87163.835282,76.0,1.0,1
59146,51.0,1.0,0.0,0.0,0.0,0.0,105.00826104510543,120.66666666666667,237.0,56.0,32.05,4.32,100459.275616,76.0,1.0,1
59148,64.0,0.0,0.0,0.0,0.0,1.0,91.69282043338816,98.66666666666667,165.0,49.0,26.39,6.23,54228.877032,85.0,1.0,1
59152,57.0,0.0,0.0,0.0,0.0,0.0,102.45670058117187,141.33333333333334,203.0,48.0,28.12,7.75,14873.069878,78.0,2.0,1
59153,35.0,1.0,0.0,0.0,0.0,0.0,87.83589535937396,122.66666666666667,145.0,60.0,40.85,7.8,25473.286702,82.0,1.0,1
59156,40.0,0.0,0.0,0.0,0.0,0.0,87.02976882152447,134.66666666666666,189.0,47.0,24.67,2.48,24174.776339,78.0,2.0,1
59161,33.0,1.0,0.0,0.0,0.0,0.0,119.59550591529838,99.33333333333333,223.0,55.0,23.58,4.11,74179.149936,78.0,2.0,1
59162,61.0,1.0,0.0,0.0,0.0,0.0,85.04965031547864,114.0,198.0,33.0,32.93,9.15,70094.328293,81.0,1.0,1
59165,43.0,1.0,0.0,0.0,0.0,0.0,101.2440856233302,101.33333333333333,171.0,58.0,22.12,2806.67,13949.293547,89.0,1.0,1
59167,45.0,0.0,0.0,0.0,0.0,0.0,95.73522903521797,121.33333333333333,253.0,40.0,33.27,3.37,98436.529013,83.0,1.0,0
59171,74.0,1.0,0.0,0.0,1.0,1.0,79.65231819221339,124.0,143.0,57.0,32.03,5.62,49310.93014,75.0,2.0,1
59178,31.0,1.0,0.0,0.0,0.0,0.0,126.15351424229122,99.33333333333333,167.0,63.0,30.29,7.71,22183.518983,85.0,2.0,1
59179,66.0,0.0,0.0,0.0,0.0,1.0,99.52554849853037,129.33333333333334,213.0,39.0,29.62,15.89,7110.277146,86.0,2.0,1
59186,45.0,1.0,0.0,0.0,0.0,0.0,108.62343073362948,115.33333333333333,201.0,79.0,23.53,5.0,73812.908056,86.0,1.0,1
59190,54.0,1.0,1.0,0.0,1.0,0.0,61.726487120608155,112.66666666666667,221.0,56.0,,8.43,22498.50756,77.0,1.0,1
59196,65.0,1.0,0.0,0.0,1.0,0.0,98.01275965987278,127.33333333333333,203.0,65.0,26.25,7.91,65917.895564,78.0,2.0,1
59197,60.0,1.0,0.0,0.0,0.0,0.0,97.27831312332631,134.0,213.0,79.0,31.24,7.41,8780.848777,75.0,1.0,0
59200,54.0,0.0,1.0,0.0,0.0,0.0,103.25965192949795,116.0,264.0,64.0,26.49,4.0,80686.340356,88.0,2.0,1
59201,33.0,0.0,0.0,0.0,0.0,0.0,130.06687967448534,116.0,184.0,35.0,,11.08,20494.089252,77.0,2.0,1
59204,72.0,1.0,0.0,0.0,0.0,0.0,95.69507853951238,152.0,245.0,51.0,25.06,5.83,11444.484233,85.0,2.0,1
59205,69.0,1.0,0.0,0.0,0.0,0.0,94.55487685048607,109.33333333333333,222.0,85.0,15.22,20.59,74733.588906,79.0,2.0,1
59206,58.0,0.0,0.0,1.0,1.0,0.0,93.96529707625147,139.33333333333334,209.0,49.0,38.41,10.54,103598.034594,81.0,2.0,1
59210,53.0,1.0,0.0,0.0,0.0,0.0,92.1815979791674,96.0,226.0,65.0,20.12,21.7,21678.824091,86.0,1.0,1
59211,63.0,1.0,0.0,0.0,0.0,0.0,97.45662682162178,154.0,230.0,47.0,29.72,154.84,15329.331216,87.0,2.0,1
59213,62.0,0.0,0.0,0.0,0.0,0.0,87.18576735000006,143.33333333333334,213.0,74.0,31.72,5.73,5734.821408,88.0,1.0,1
59216,41.0,0.0,0.0,0.0,0.0,0.0,100.58007691145434,102.0,178.0,46.0,26.31,8.9,24255.893217,83.0,1.0,1
59217,73.0,1.0,0.0,0.0,1.0,0.0,85.37581984075626,166.0,214.0,50.0,19.6,23.64,11802.767141,77.0,2.0,1
59218,31.0,1.0,0.0,0.0,0.0,0.0,125.596877107096,101.33333333333333,186.0,43.0,26.0,7.61,19833.340548,78.0,1.0,1
59219,32.0,0.0,0.0,0.0,0.0,0.0,92.47733701692529,122.0,197.0,49.0,21.3,2.4,25958.756366,84.0,2.0,0
59223,71.0,0.0,0.0,1.0,1.0,1.0,90.10692019576665,143.33333333333334,166.0,51.0,23.96,61.58,13399.455117,81.0,2.0,1
59224,39.0,0.0,0.0,0.0,0.0,0.0,112.56295143600661,107.33333333333333,170.0,61.0,25.21,4.27,58721.807158,79.0,1.0,1
59226,64.0,0.0,1.0,1.0,0.0,0.0,98.45609819703205,145.33333333333334,230.0,37.0,29.25,59.42,22253.348328,80.0,2.0,1
59230,67.0,1.0,0.0,0.0,1.0,0.0,88.62187466754497,136.0,179.0,68.0,24.22,47.78,65138.423846,76.0,2.0,1
59237,55.0,0.0,0.0,0.0,0.0,0.0,98.23778131144239,144.66666666666666,173.0,48.0,37.59,7.0,98371.365395,79.0,2.0,1
59239,78.0,0.0,0.0,1.0,1.0,1.0,57.28603975870531,138.66666666666666,169.0,43.0,23.31,12.09,35823.460214,82.0,1.0,1
59245,40.0,1.0,0.0,0.0,0.0,0.0,113.65461952506065,113.33333333333333,218.0,33.0,29.77,8.1,21284.906566,75.0,1.0,1
59246,47.0,0.0,0.0,0.0,0.0,0.0,55.21206125659183,120.0,149.0,41.0,26.22,4.78,22829.548546,79.0,2.0,1
59247,48.0,1.0,0.0,0.0,1.0,0.0,90.83017609546867,143.33333333333334,199.0,54.0,40.18,24.6,36077.168304,83.0,1.0,0
59248,50.0,0.0,0.0,0.0,0.0,0.0,71.5225257011306,114.0,209.0,62.0,28.13,3.23,17066.203194,84.0,1.0,1
59250,66.0,1.0,0.0,1.0,0.0,0.0,52.539095947477556,147.33333333333334,164.0,40.0,31.29,20.97,19084.542922,78.0,2.0,1
59251,43.0,1.0,1.0,0.0,0.0,0.0,79.231483159181,100.0,260.0,39.0,21.31,5.38,20085.254705,80.0,2.0,0
59253,37.0,1.0,0.0,0.0,0.0,0.0,115.79508216160191,106.66666666666667,136.0,46.0,34.9,3.5,40866.112466,75.0,2.0,1
59264,35.0,1.0,1.0,0.0,0.0,0.0,117.24440592004692,114.66666666666667,243.0,54.0,28.38,3.93,71608.615622,77.0,2.0,1
59271,43.0,1.0,0.0,0.0,0.0,0.0,104.5817118619942,123.33333333333333,209.0,47.0,32.42,2.38,14787.213711,81.0,2.0,1
59273,48.0,1.0,0.0,0.0,0.0,0.0,93.63206839188908,124.66666666666667,245.0,53.0,28.97,18.3,78547.963093,76.0,1.0,1
59274,68.0,1.0,1.0,1.0,0.0,1.0,77.86483468616312,139.33333333333334,237.0,52.0,26.56,7.52,7084.376544,81.0,1.0,1
59282,42.0,1.0,1.0,0.0,0.0,0.0,106.99049341456805,121.33333333333333,245.0,57.0,32.76,6.33,13939.012804,80.0,1.0,1
59290,45.0,1.0,0.0,0.0,0.0,0.0,83.67930417000305,128.0,184.0,27.0,29.57,3.28,21698.029982,87.0,1.0,1
59291,30.0,1.0,1.0,0.0,0.0,0.0,98.62332818482211,112.66666666666667,211.0,42.0,27.79,5.24,16117.498368,76.0,1.0,0
59293,35.0,0.0,1.0,0.0,0.0,0.0,118.80943620495869,130.66666666666666,264.0,26.0,34.25,3.53,30097.596014,81.0,1.0,1
59294,43.0,0.0,0.0,0.0,0.0,0.0,104.48561205226885,110.0,202.0,52.0,24.12,2.71,23449.987728,76.0,2.0,1
59295,45.0,0.0,0.0,0.0,0.0,0.0,108.4399793910444,115.33333333333333,283.0,51.0,26.63,2.86,18719.828589,82.0,2.0,1
59296,72.0,1.0,0.0,0.0,1.0,1.0,68.84080662378484,126.0,169.0,45.0,26.45,5.14,38557.556002,81.0,2.0,1
59304,42.0,0.0,0.0,1.0,0.0,0.0,95.22508924861539,111.33333333333333,188.0,40.0,44.81,13.95,27655.499497,81.0,2.0,1
59308,33.0,0.0,0.0,0.0,0.0,0.0,121.71122313429714,112.0,194.0,26.0,29.11,4.91,33324.854365,77.0,2.0,1
59310,30.0,0.0,0.0,0.0,0.0,1.0,118.63302035564686,131.33333333333334,224.0,29.0,22.78,5.28,21167.446985,83.0,2.0,1
59314,47.0,1.0,0.0,0.0,0.0,0.0,108.8128134010781,113.33333333333333,180.0,57.0,38.31,9.63,21698.029982,87.0,1.0,1
59316,54.0,0.0,1.0,0.0,0.0,0.0,83.39843624355093,107.33333333333333,157.0,50.0,18.29,2.93,24300.320276,80.0,2.0,1
59320,72.0,0.0,0.0,0.0,1.0,0.0,82.94318880349778,132.0,201.0,41.0,28.47,7.27,34497.820791,76.0,2.0,1
59324,65.0,0.0,0.0,0.0,0.0,0.0,88.82711070828788,112.66666666666667,192.0,36.0,33.99,6.85,59368.56666,76.0,2.0,1
59326,66.0,1.0,0.0,0.0,0.0,0.0,93.71518901835319,172.66666666666666,279.0,71.0,30.39,14.52,6337.115735,85.0,2.0,1
59327,44.0,1.0,0.0,0.0,0.0,0.0,110.06734800595726,108.0,234.0,95.0,18.64,5.25,89003.614046,79.0,2.0,1
59328,31.0,0.0,0.0,0.0,0.0,0.0,108.37338553925159,114.0,220.0,45.0,25.38,4.73,56323.413154,79.0,1.0,1
59333,72.0,1.0,0.0,0.0,1.0,0.0,93.83731318939333,102.0,227.0,49.0,35.1,5.52,11802.767141,77.0,2.0,1
59334,52.0,0.0,0.0,0.0,0.0,0.0,91.65680776065304,103.33333333333333,153.0,45.0,32.9,2.02,116611.689747,75.0,2.0,1
59340,64.0,1.0,0.0,0.0,1.0,1.0,72.35257817155274,134.0,170.0,60.0,34.24,10.5,7728.857154,87.0,1.0,1
59342,46.0,1.0,0.0,0.0,0.0,0.0,70.36232082280696,105.33333333333333,192.0,40.0,39.1,2.53,22758.235199,82.0,2.0,1
59345,76.0,0.0,0.0,0.0,0.0,0.0,63.950562682937644,144.0,253.0,56.0,29.78,6.55,10395.438142,78.0,2.0,0
59349,63.0,1.0,0.0,1.0,1.0,0.0,67.321642049461,130.66666666666666,229.0,58.0,45.39,8.5,67460.906625,77.0,2.0,1
59356,32.0,0.0,0.0,0.0,0.0,0.0,122.47054048530603,122.66666666666667,176.0,43.0,32.13,4.83,24399.209353,88.0,2.0,1
59358,49.0,1.0,0.0,0.0,0.0,0.0,107.86386889590537,116.0,213.0,43.0,32.72,10.0,14251.534831,85.0,2.0,0
59360,48.0,1.0,1.0,0.0,0.0,0.0,81.01378703394356,124.66666666666667,185.0,57.0,20.09,5.88,117706.403288,75.0,1.0,1
59367,40.0,0.0,0.0,0.0,1.0,0.0,103.76973932002895,116.66666666666667,186.0,40.0,39.1,3.29,75648.543242,79.0,2.0,1
59372,40.0,1.0,0.0,0.0,0.0,0.0,80.7236532975235,115.33333333333333,285.0,97.0,26.82,3.91,76603.798386,77.0,1.0,1
59378,57.0,0.0,1.0,0.0,0.0,0.0,88.8504618294754,139.33333333333334,214.0,62.0,27.28,3.6,13983.156639,84.0,1.0,1
59379,53.0,0.0,0.0,0.0,0.0,0.0,86.86029175261116,122.0,240.0,71.0,20.93,4.42,81363.220281,86.0,2.0,1
59384,42.0,0.0,0.0,0.0,0.0,0.0,109.72648860781621,110.66666666666667,222.0,43.0,30.06,3.52,69231.012046,80.0,1.0,1
59385,43.0,1.0,0.0,0.0,0.0,0.0,89.64982944285553,132.66666666666666,188.0,58.0,27.33,3.57,24862.576212,82.0,1.0,1
59388,61.0,1.0,0.0,1.0,0.0,0.0,109.97752111145955,154.0,197.0,48.0,31.64,20.0,7084.376544,81.0,1.0,1
59390,64.0,0.0,0.0,0.0,0.0,1.0,57.10313687787574,119.33333333333333,173.0,43.0,29.51,3.98,67037.944217,75.0,2.0,1
59397,65.0,0.0,0.0,0.0,0.0,1.0,69.18163604517318,122.66666666666667,150.0,32.0,37.32,22.56,60126.120447,85.0,2.0,1
59398,45.0,0.0,1.0,0.0,0.0,0.0,108.06634763368162,102.66666666666667,226.0,46.0,28.55,4.4,14077.146805,80.0,1.0,1
59399,55.0,0.0,0.0,0.0,0.0,0.0,70.01516899852547,115.33333333333333,201.0,59.0,22.92,1.95,17597.093492,78.0,1.0,1
59404,31.0,0.0,1.0,0.0,0.0,0.0,97.32422666646775,119.33333333333333,185.0,34.0,35.06,3.08,12991.036303,80.0,1.0,0
59405,62.0,0.0,0.0,1.0,0.0,0.0,96.56636277485984,123.33333333333333,149.0,29.0,32.84,33.26,62687.095274,79.0,1.0,1
59406,77.0,1.0,0.0,1.0,1.0,1.0,36.84558816088419,154.66666666666666,196.0,68.0,,52.37,16447.481776,79.0,1.0,1
59408,48.0,0.0,1.0,0.0,1.0,1.0,81.91122422185927,132.0,174.0,31.0,36.81,6.61,29998.785485,78.0,2.0,1
59418,48.0,0.0,0.0,0.0,1.0,0.0,97.50020115873319,108.66666666666667,202.0,53.0,26.33,4.29,80126.824664,76.0,2.0,1
59419,71.0,0.0,0.0,1.0,1.0,1.0,65.30575626541567,100.66666666666667,149.0,49.0,46.02,3.21,12484.718098,88.0,2.0,0
59420,76.0,0.0,0.0,0.0,1.0,1.0,74.41539162850705,127.33333333333333,163.0,71.0,25.8,9.38,34845.170911,77.0,2.0,1
59426,45.0,0.0,0.0,0.0,1.0,0.0,96.90869009772015,127.33333333333333,222.0,58.0,25.2,5.78,17836.160373,79.0,1.0,1
59428,48.0,0.0,0.0,0.0,0.0,0.0,96.29526003049038,118.0,266.0,58.0,25.47,7.68,66642.641207,79.0,1.0,1
59432,44.0,0.0,0.0,0.0,0.0,0.0,78.03269619358716,115.33333333333333,256.0,51.0,26.44,3.0,23458.877905,78.0,2.0,1
59433,63.0,0.0,0.0,0.0,1.0,0.0,99.07033426950296,136.0,199.0,67.0,24.15,4.55,59035.504595,86.0,1.0,1
59437,60.0,0.0,0.0,1.0,0.0,0.0,86.16262077966914,131.33333333333334,171.0,38.0,26.19,5.32,4687.555424,88.0,2.0,1
59439,42.0,1.0,0.0,0.0,0.0,0.0,97.19203218623511,104.66666666666667,206.0,43.0,24.98,4.71,27433.931898,82.0,2.0,1
59440,48.0,0.0,0.0,0.0,0.0,0.0,99.99483475515086,106.0,186.0,40.0,26.51,5.07,78911.724158,86.0,1.0,1
59441,62.0,0.0,0.0,0.0,0.0,0.0,87.18576735000006,114.0,299.0,35.0,30.04,6.4,7399.58979,85.0,2.0,1
59442,40.0,0.0,1.0,0.0,0.0,0.0,114.7350482312626,115.33333333333333,192.0,45.0,27.47,9.23,20708.126413,85.0,2.0,0
59443,30.0,0.0,0.0,0.0,0.0,0.0,89.67161588242378,140.0,150.0,33.0,29.52,2.17,19308.187017,89.0,2.0,1
59446,43.0,1.0,0.0,0.0,0.0,0.0,87.12453388757395,110.66666666666667,282.0,47.0,32.43,4.5,73624.439794,80.0,2.0,1
59447,37.0,0.0,0.0,0.0,0.0,0.0,116.02738864576968,124.0,229.0,43.0,30.07,5.26,24660.400133,81.0,1.0,1
59448,46.0,0.0,0.0,0.0,0.0,0.0,110.53251631112349,118.66666666666667,190.0,38.0,23.13,16.47,31289.178968,75.0,1.0,1
59460,46.0,0.0,1.0,0.0,0.0,0.0,110.11861928173762,91.33333333333333,184.0,59.0,18.19,3.67,90183.305903,81.0,2.0,1
59461,59.0,0.0,0.0,0.0,0.0,0.0,88.82774088552983,116.0,221.0,52.0,26.75,4.41,8139.940051,86.0,3.0,1
59462,39.0,1.0,0.0,0.0,0.0,0.0,114.7852460631798,117.33333333333333,152.0,71.0,28.05,4.84,64256.707482,85.0,2.0,1
59463,54.0,1.0,0.0,0.0,0.0,0.0,80.22947559472446,139.33333333333334,222.0,61.0,38.4,4.55,91073.461981,75.0,2.0,1
59464,36.0,1.0,0.0,0.0,0.0,0.0,112.93803135216743,110.0,230.0,49.0,35.07,5.19,24814.811919,77.0,2.0,1
59468,72.0,1.0,0.0,0.0,0.0,0.0,67.92395210295867,139.33333333333334,204.0,82.0,26.06,21.27,36689.33505,76.0,1.0,1
59469,66.0,0.0,0.0,0.0,0.0,1.0,94.19369712877099,109.33333333333333,177.0,42.0,23.29,4.39,53193.80154,85.0,1.0,1
59471,52.0,1.0,1.0,0.0,0.0,0.0,107.08254703824886,104.66666666666667,278.0,64.0,28.2,4.18,26284.468736,76.0,1.0,1
59478,32.0,1.0,0.0,0.0,0.0,0.0,122.72411439869488,128.66666666666666,212.0,40.0,59.2,10.47,35207.447574,83.0,2.0,1
59480,67.0,1.0,0.0,1.0,1.0,0.0,96.0859498102275,148.66666666666666,172.0,85.0,26.83,7.24,5302.202469,88.0,2.0,1
59484,37.0,0.0,0.0,0.0,0.0,0.0,118.72074042814532,118.0,237.0,47.0,33.28,7.55,33958.460784,87.0,1.0,1
59486,79.0,0.0,0.0,0.0,1.0,0.0,69.0379613650615,141.33333333333334,167.0,44.0,23.19,4.51,11046.661885,82.0,1.0,1
59493,52.0,1.0,0.0,0.0,0.0,0.0,103.9959585346828,125.33333333333333,202.0,55.0,25.26,8.46,14224.31646,81.0,2.0,1
59495,79.0,0.0,0.0,0.0,0.0,0.0,90.71464650784597,110.0,227.0,73.0,21.95,5.1,29609.395167,77.0,1.0,1
59497,46.0,0.0,0.0,0.0,0.0,0.0,107.03047456623212,125.33333333333333,192.0,41.0,43.17,1.8,77051.220886,83.0,2.0,1
59499,67.0,0.0,0.0,0.0,0.0,1.0,63.72441025824611,114.0,191.0,67.0,24.73,2.34,55613.441061,86.0,1.0,1
59501,30.0,1.0,1.0,0.0,0.0,0.0,121.39341747138397,97.33333333333333,220.0,44.0,31.63,7.83,17191.429295,89.0,2.0,1
59502,69.0,1.0,0.0,0.0,1.0,1.0,91.98287140325584,108.0,194.0,75.0,32.14,10.0,7072.217427,78.0,2.0,1
59508,34.0,1.0,0.0,0.0,0.0,0.0,103.74409263461112,104.0,228.0,59.0,23.75,4.47,52664.220216,84.0,1.0,1
59509,67.0,1.0,0.0,0.0,1.0,1.0,85.83070615374714,126.66666666666667,223.0,65.0,23.09,5.22,8266.853321,82.0,2.0,1
59510,32.0,1.0,0.0,0.0,0.0,0.0,119.4524751675974,117.33333333333333,193.0,53.0,25.69,50.4,54729.408706,79.0,1.0,1
59514,41.0,1.0,0.0,1.0,0.0,1.0,93.46804759601483,138.0,233.0,50.0,51.3,102.55,15109.329324,81.0,2.0,1
59516,62.0,1.0,0.0,1.0,1.0,1.0,76.33538367974322,165.33333333333334,151.0,52.0,32.35,3.0,17208.930385,86.0,1.0,1
59521,53.0,0.0,0.0,0.0,0.0,0.0,92.2050404252827,133.33333333333334,230.0,43.0,24.19,2.45,13280.538343,81.0,1.0,1
59522,37.0,0.0,0.0,1.0,1.0,0.0,113.97182093885148,96.66666666666667,153.0,53.0,63.91,2.92,37644.36001,75.0,2.0,1
59530,42.0,1.0,0.0,0.0,0.0,0.0,97.19203218623511,106.0,222.0,61.0,22.62,4.64,73932.132112,83.0,1.0,1
59531,37.0,1.0,1.0,0.0,0.0,0.0,89.17663540082094,97.33333333333333,194.0,45.0,24.19,9.52,43181.860913,81.0,2.0,1
59533,42.0,1.0,0.0,0.0,0.0,0.0,97.19203218623511,127.33333333333333,156.0,44.0,30.4,5.72,26935.675201,78.0,1.0,1
59534,39.0,1.0,1.0,0.0,0.0,0.0,110.85038106649752,118.66666666666667,183.0,38.0,26.98,4.11,19018.998244,75.0,2.0,1
59537,58.0,0.0,0.0,1.0,0.0,0.0,83.23019426426951,104.66666666666667,248.0,36.0,30.52,3.0,87163.835282,76.0,1.0,1
59539,42.0,0.0,1.0,0.0,0.0,0.0,85.0255524385543,116.0,252.0,54.0,27.18,4.42,25225.930312,82.0,2.0,1
59541,49.0,0.0,0.0,1.0,1.0,0.0,106.90250104855062,94.66666666666667,244.0,30.0,34.6,4.48,80281.921306,85.0,2.0,1
59542,58.0,0.0,0.0,0.0,0.0,1.0,83.23019426426951,131.33333333333334,144.0,38.0,32.46,2.91,20010.297039,86.0,1.0,1
59546,49.0,0.0,0.0,0.0,0.0,0.0,110.18297780326571,144.0,286.0,52.0,34.23,254.44,19305.950807,76.0,1.0,1
59547,51.0,1.0,1.0,0.0,1.0,0.0,82.8957770560832,142.66666666666666,221.0,49.0,19.15,264.14,26284.468736,80.0,2.0,1
59556,45.0,0.0,0.0,0.0,1.0,0.0,83.45386204593456,109.0,225.0,45.0,31.19,8.04,23760.051347,77.0,2.0,1
59558,47.0,1.0,0.0,0.0,0.0,0.0,113.70059034885377,118.66666666666667,212.0,64.0,21.96,5.25,23925.794123,75.0,2.0,1
59560,66.0,0.0,0.0,0.0,0.0,0.0,83.00664385952577,114.66666666666667,239.0,71.0,24.46,2.39,62920.012242,79.0,1.0,1
59561,67.0,0.0,0.0,0.0,0.0,0.0,101.43075268766957,116.66666666666667,192.0,47.0,28.04,6.96,7237.546495,81.0,1.0,1
59562,45.0,1.0,0.0,0.0,0.0,0.0,108.62343073362948,126.66666666666667,188.0,55.0,26.11,5.54,29032.124332,75.0,1.0,1
59565,42.0,1.0,1.0,0.0,1.0,1.0,112.24967112652445,163.33333333333334,181.0,25.0,34.72,2.89,23499.838461,75.0,2.0,1
59566,55.0,0.0,0.0,0.0,0.0,0.0,103.36001908922017,184.66666666666666,239.0,85.0,18.11,8.24,68871.178599,86.0,3.0,1
59567,33.0,1.0,0.0,0.0,0.0,0.0,77.21310564819024,115.33333333333333,212.0,51.0,36.86,1.7,17856.435749,88.0,2.0,1
59570,72.0,1.0,0.0,1.0,1.0,0.0,47.150050429987445,126.66666666666667,183.0,34.0,27.57,47.35,41101.228745,87.0,2.0,1
59571,35.0,0.0,0.0,0.0,0.0,0.0,103.12709855848226,127.33333333333333,242.0,36.0,29.39,2.44,56137.422196,77.0,2.0,1
59582,71.0,0.0,0.0,1.0,1.0,1.0,37.24804605747576,180.66666666666666,148.0,40.0,35.33,709.62,15281.510397,75.0,1.0,1
59586,60.0,1.0,0.0,0.0,0.0,1.0,57.52476157193409,132.66666666666666,143.0,45.0,29.97,5.51,6782.108201,75.0,1.0,1
59588,53.0,1.0,1.0,0.0,0.0,0.0,93.63900534452222,133.33333333333334,218.0,60.0,35.51,12.35,20180.00055,75.0,1.0,1
59593,31.0,1.0,0.0,0.0,0.0,0.0,92.56720018039833,144.66666666666666,172.0,44.0,25.16,6.06,18922.649546,84.0,1.0,0
59594,42.0,0.0,0.0,0.0,0.0,0.0,113.74802947808789,110.66666666666667,276.0,30.0,27.37,8.51,98380.122663,83.0,2.0,1
59598,43.0,0.0,1.0,0.0,0.0,0.0,111.36909023142913,117.33333333333333,154.0,34.0,23.78,3.89,16904.448733,88.0,2.0,1
59600,52.0,0.0,0.0,0.0,0.0,1.0,88.43145178006125,107.33333333333333,198.0,35.0,29.85,3.64,92447.874289,76.0,2.0,1
59603,54.0,1.0,0.0,0.0,0.0,0.0,108.38514429682519,101.33333333333333,192.0,60.0,27.08,14.59,14378.292026,78.0,2.0,1
59604,78.0,0.0,0.0,0.0,1.0,1.0,65.82864898206702,151.33333333333334,193.0,57.0,26.18,7.2,27648.775659,84.0,1.0,1
59605,47.0,0.0,0.0,0.0,0.0,1.0,83.32220929240275,122.0,224.0,63.0,26.32,4.29,82662.426594,79.0,1.0,1
59606,30.0,1.0,0.0,0.0,0.0,0.0,120.0805335298673,110.66666666666667,228.0,56.0,28.12,11.92,24814.811919,77.0,2.0,1
59607,71.0,1.0,0.0,1.0,1.0,1.0,94.07058107064435,118.0,177.0,62.0,34.38,13.9,36689.33505,76.0,1.0,1
59608,36.0,1.0,0.0,0.0,0.0,0.0,83.84951614793273,113.33333333333333,201.0,54.0,24.64,4.07,18108.840553,88.0,1.0,1
59610,39.0,1.0,0.0,0.0,0.0,0.0,99.02245416409656,120.66666666666667,230.0,65.0,37.98,5.37,13232.962282,84.0,1.0,1
59612,69.0,0.0,0.0,1.0,1.0,1.0,59.467243663401554,132.0,142.0,31.0,31.62,11.43,7591.775942,77.0,2.0,1
59615,70.0,0.0,0.0,0.0,1.0,1.0,93.14949797414734,131.33333333333334,178.0,70.0,29.24,17.06,8695.598223,80.0,1.0,1
59616,43.0,0.0,0.0,0.0,0.0,0.0,100.5797495052117,114.66666666666667,221.0,62.0,23.96,2.48,92531.23983,76.0,2.0,1
59622,60.0,1.0,0.0,0.0,0.0,0.0,105.33437748936937,139.33333333333334,315.0,59.0,26.65,57.69,8342.548871,76.0,1.0,1
59627,71.0,1.0,0.0,1.0,1.0,0.0,97.9351375071634,136.0,208.0,59.0,39.82,8.86,15815.078363,78.0,2.0,1
59631,64.0,0.0,0.0,0.0,0.0,0.0,103.79762220334052,136.66666666666666,230.0,57.0,20.77,4.31,67282.737786,79.0,2.0,1
59632,54.0,0.0,1.0,0.0,0.0,0.0,69.09059354225647,134.0,176.0,38.0,27.34,4.74,22997.291583,81.0,2.0,0
59636,47.0,1.0,0.0,0.0,0.0,0.0,110.03961325735344,135.33333333333334,243.0,41.0,31.33,14.44,21698.029982,87.0,1.0,0
59637,40.0,1.0,1.0,0.0,1.0,0.0,103.15082010850207,111.33333333333333,197.0,42.0,45.66,5.91,20085.254705,80.0,2.0,1
59638,40.0,0.0,1.0,0.0,0.0,0.0,97.57511057093221,105.33333333333333,165.0,48.0,27.22,30.51,31944.033487,75.0,1.0,1
59640,54.0,0.0,0.0,0.0,1.0,0.0,96.33220950344462,138.0,150.0,32.0,41.79,5.26,21948.739149,76.0,2.0,1
59642,49.0,0.0,0.0,0.0,0.0,0.0,93.38298460428818,118.66666666666667,194.0,32.0,24.17,2.76,99538.926616,82.0,2.0,1
59644,64.0,1.0,0.0,1.0,1.0,1.0,43.498604971157135,157.33333333333334,164.0,56.0,32.59,586.21,8780.848777,75.0,1.0,1
59651,67.0,1.0,0.0,0.0,0.0,0.0,83.19657984631601,137.33333333333334,214.0,73.0,22.65,23.28,71331.895741,78.0,2.0,1
59665,42.0,1.0,0.0,0.0,0.0,0.0,119.44576418191338,106.0,183.0,32.0,28.93,5.81,17387.624199,86.0,1.0,1
59666,66.0,0.0,0.0,1.0,0.0,0.0,75.68404724654566,134.66666666666666,145.0,41.0,27.62,2.5,7880.264766,78.0,1.0,1
59667,75.0,1.0,0.0,1.0,0.0,1.0,39.57247152947288,121.33333333333333,131.0,68.0,25.74,30.62,15940.170425,75.0,1.0,0
59668,63.0,1.0,0.0,0.0,1.0,1.0,97.45662682162178,116.66666666666667,158.0,45.0,29.03,5.5,79332.173069,79.0,2.0,1
59674,61.0,1.0,0.0,0.0,0.0,0.0,67.31309542200452,132.0,192.0,43.0,35.34,3.6,77758.252044,80.0,2.0,1
59678,51.0,0.0,0.0,0.0,0.0,0.0,92.22862523712321,126.66666666666667,215.0,56.0,30.89,10.65,13839.65312,84.0,2.0,1
59688,39.0,1.0,0.0,1.0,0.0,1.0,90.59663468220573,124.0,236.0,37.0,67.83,6.33,13592.020382,80.0,1.0,1
59689,44.0,0.0,0.0,0.0,1.0,0.0,96.33249047617024,131.33333333333334,184.0,37.0,35.93,4.35,78710.236967,80.0,2.0,1
59692,65.0,0.0,0.0,1.0,0.0,1.0,57.752019079696694,104.0,191.0,40.0,26.44,5.31,58285.415253,77.0,2.0,1
59693,59.0,1.0,0.0,0.0,0.0,1.0,81.15837564683227,114.0,197.0,64.0,30.55,3.23,108048.508847,76.0,2.0,1
59694,42.0,0.0,1.0,0.0,0.0,0.0,110.10156609065221,137.33333333333334,184.0,26.0,41.04,7.35,15714.553251,87.0,2.0,1
59697,49.0,0.0,1.0,0.0,0.0,0.0,78.01759803533186,120.0,225.0,31.0,29.58,0.32,20362.063056,84.0,2.0,0
59710,44.0,0.0,1.0,0.0,0.0,0.0,94.04795859436328,110.0,144.0,49.0,24.23,4.83,67765.448326,84.0,1.0,1
59712,32.0,0.0,0.0,0.0,0.0,0.0,116.37403734517422,122.66666666666667,145.0,52.0,20.58,2.37,17976.796601,86.0,1.0,1
59713,65.0,1.0,1.0,0.0,0.0,0.0,72.88561202675902,152.66666666666666,196.0,52.0,25.7,7.5,20038.030035,83.0,2.0,1
59715,41.0,0.0,1.0,0.0,0.0,0.0,95.8191680907782,104.66666666666667,188.0,48.0,21.0,268.41,26693.065901,75.0,2.0,1
59716,41.0,0.0,0.0,0.0,0.0,1.0,63.66372285980919,122.66666666666667,197.0,63.0,24.85,3.11,66788.7487,81.0,2.0,1
59728,72.0,0.0,0.0,0.0,1.0,1.0,75.4188056113002,148.66666666666666,185.0,46.0,30.35,224.83,15503.272961,80.0,2.0,1
59736,52.0,1.0,0.0,0.0,0.0,0.0,83.56010305475766,106.0,235.0,74.0,26.98,313.95,95158.077948,75.0,2.0,1
59739,76.0,1.0,0.0,1.0,1.0,0.0,73.0156939539016,160.0,151.0,67.0,23.98,1750.0,10681.574979,88.0,1.0,1
59742,55.0,0.0,0.0,0.0,0.0,0.0,81.95272616847748,118.66666666666667,166.0,43.0,44.13,7.56,24020.218472,76.0,2.0,1
59746,46.0,1.0,0.0,0.0,0.0,0.0,114.91698925348257,110.66666666666667,210.0,51.0,28.9,9.91,12009.770903,86.0,3.0,1
59748,48.0,1.0,1.0,0.0,0.0,0.0,104.8161303302511,120.66666666666667,230.0,65.0,23.11,13.25,83895.254212,81.0,2.0,1
59749,52.0,0.0,0.0,0.0,0.0,0.0,107.720159681458,132.66666666666666,178.0,60.0,20.76,3.66,99844.470859,81.0,2.0,1
59751,51.0,0.0,0.0,0.0,0.0,0.0,104.46802416171006,127.33333333333333,183.0,67.0,21.72,5.91,12018.327827,79.0,2.0,1
59752,46.0,0.0,0.0,0.0,0.0,0.0,98.72054105015717,113.33333333333333,197.0,55.0,22.98,6.18,23760.051347,77.0,2.0,1
59753,47.0,0.0,1.0,0.0,0.0,0.0,106.36688562392148,114.0,244.0,43.0,28.38,4.41,21279.296579,77.0,1.0,1
59754,50.0,0.0,0.0,0.0,0.0,1.0,104.40070243035957,124.66666666666667,160.0,41.0,33.43,7.5,102124.753156,78.0,2.0,1
59758,54.0,1.0,0.0,0.0,0.0,1.0,80.22947559472446,116.66666666666667,160.0,48.0,26.56,7.74,87437.275895,86.0,2.0,1
59759,32.0,1.0,0.0,0.0,0.0,0.0,90.7258736311395,105.33333333333333,191.0,38.0,31.82,24.39,32951.979324,87.0,2.0,1
59760,67.0,1.0,0.0,1.0,1.0,0.0,97.92768449891999,130.66666666666666,288.0,39.0,40.76,13.11,22843.967725,77.0,2.0,1
59767,31.0,0.0,0.0,0.0,0.0,0.0,123.23459497414575,108.66666666666667,224.0,44.0,34.13,11.37,16541.846096,85.0,1.0,1
59768,64.0,0.0,1.0,0.0,0.0,1.0,97.03325070043974,116.0,206.0,68.0,18.46,5.49,7064.450206,77.0,2.0,1
59774,38.0,0.0,0.0,0.0,0.0,0.0,98.7963880495905,128.66666666666666,236.0,51.0,36.34,1.03,78203.311818,76.0,2.0,1
59779,47.0,0.0,1.0,0.0,0.0,0.0,93.41830841115338,137.33333333333334,190.0,29.0,25.51,7.01,76687.41821,75.0,2.0,0
59782,71.0,0.0,0.0,0.0,0.0,0.0,96.47827765306923,111.33333333333333,203.0,78.0,25.81,3.01,32041.288195,77.0,1.0,1
59792,77.0,0.0,0.0,0.0,0.0,0.0,57.64342901862076,133.33333333333334,223.0,44.0,28.35,9.72,42635.408342,75.0,2.0,1
59794,36.0,0.0,0.0,0.0,0.0,0.0,118.07281770048795,114.0,154.0,42.0,24.88,6.79,81528.772006,83.0,1.0,1
59795,62.0,1.0,1.0,0.0,1.0,1.0,100.6256310015295,138.66666666666666,207.0,61.0,30.55,13.37,5250.697876,88.0,2.0,1
59796,40.0,0.0,1.0,0.0,1.0,0.0,119.97668366317743,136.0,186.0,30.0,44.96,46.97,14077.146805,80.0,1.0,1
59800,45.0,0.0,0.0,0.0,0.0,0.0,75.24741234946737,112.0,251.0,33.0,27.23,46.01,81895.402401,77.0,1.0,1
59801,65.0,0.0,0.0,0.0,1.0,0.0,89.96227676148709,120.66666666666667,237.0,32.0,37.98,5.31,70059.588852,79.0,2.0,1
59802,44.0,0.0,0.0,0.0,0.0,0.0,111.91597231788941,126.0,232.0,37.0,30.42,3.31,95439.731732,82.0,2.0,1
59803,77.0,1.0,0.0,0.0,1.0,0.0,53.49933542701644,122.0,255.0,71.0,34.65,7.31,38557.556002,81.0,2.0,1
59804,37.0,1.0,0.0,0.0,0.0,0.0,115.79508216160191,105.33333333333333,170.0,59.0,28.65,10.67,63360.142345,77.0,1.0,1
59806,53.0,1.0,0.0,0.0,0.0,0.0,85.47841877311319,114.0,170.0,50.0,33.64,10.74,23748.745332,84.0,2.0,1
59808,62.0,0.0,0.0,0.0,0.0,1.0,76.73704787212746,103.33333333333333,195.0,68.0,28.44,4.11,19233.534936,81.0,2.0,1
59809,57.0,0.0,0.0,0.0,0.0,0.0,103.22359338357451,138.66666666666666,253.0,45.0,24.36,9.18,14873.069878,78.0,2.0,1
59810,52.0,1.0,0.0,0.0,0.0,1.0,75.90745650750783,106.66666666666667,178.0,83.0,25.56,10.82,87766.123009,79.0,1.0,1
59812,61.0,0.0,1.0,0.0,1.0,1.0,82.6443604213961,123.33333333333333,159.0,37.0,20.8,87.46,5156.301912,78.0,1.0,1
59813,43.0,0.0,1.0,0.0,0.0,0.0,108.67884593806437,128.66666666666666,148.0,24.0,32.38,10.79,23865.90915,78.0,2.0,1
59816,52.0,1.0,1.0,1.0,1.0,0.0,66.19328036039376,134.0,273.0,53.0,31.68,76.4,31805.975379,80.0,2.0,1
59818,51.0,1.0,0.0,1.0,0.0,0.0,112.94361521750118,124.66666666666667,182.0,44.0,30.82,8.06,19216.077316,75.0,1.0,1
59826,67.0,1.0,0.0,0.0,0.0,0.0,76.11738382746049,118.66666666666667,171.0,66.0,20.5,33.98,50601.994384,76.0,1.0,1
59827,77.0,1.0,0.0,0.0,1.0,0.0,49.064967104863214,154.0,228.0,69.0,26.58,4.24,12442.515575,78.0,1.0,1
59829,53.0,1.0,1.0,0.0,0.0,0.0,92.1815979791674,117.33333333333333,225.0,60.0,34.53,3.64,25086.627681,81.0,2.0,0
59833,62.0,1.0,0.0,0.0,1.0,0.0,47.366584595671874,143.33333333333334,196.0,44.0,36.45,6.98,75381.430287,75.0,2.0,1
59836,39.0,1.0,0.0,0.0,0.0,0.0,114.36367430575635,110.66666666666667,221.0,51.0,22.48,3.51,59587.981851,76.0,2.0,1
59837,31.0,0.0,0.0,0.0,0.0,0.0,104.44457496632711,134.66666666666666,182.0,45.0,31.15,3.37,57993.252772,79.0,1.0,1
59838,37.0,1.0,0.0,0.0,0.0,0.0,115.79508216160191,106.0,192.0,51.0,31.72,8.21,18926.031583,78.0,1.0,1
59844,79.0,1.0,0.0,0.0,1.0,0.0,43.844476565390714,161.33333333333334,169.0,55.0,42.14,4.97,16726.08148,78.0,2.0,1
59852,46.0,1.0,0.0,0.0,0.0,0.0,114.40993192679991,112.0,205.0,64.0,30.36,7.11,18558.120945,85.0,2.0,0
59859,35.0,0.0,0.0,0.0,0.0,0.0,98.29329276925189,111.33333333333333,148.0,71.0,22.77,2.86,84125.898782,82.0,2.0,1
59862,76.0,1.0,0.0,0.0,0.0,1.0,69.00599540034219,123.33333333333333,234.0,63.0,25.53,24.83,10283.785318,85.0,1.0,1
59863,73.0,1.0,0.0,1.0,1.0,0.0,95.89546959412927,124.66666666666667,286.0,50.0,29.29,8.8,39668.644373,76.0,2.0,1
59864,50.0,0.0,1.0,0.0,0.0,0.0,105.1197667153452,115.33333333333333,264.0,29.0,24.96,7.08,18584.577393,88.0,1.0,1
59867,39.0,1.0,0.0,0.0,0.0,0.0,110.85038106649752,106.66666666666667,164.0,62.0,35.03,13.48,20293.289262,88.0,2.0,1
59870,35.0,0.0,1.0,0.0,0.0,0.0,115.39832424794186,133.33333333333334,240.0,51.0,29.76,118.09,41403.555697,75.0,1.0,0
59873,55.0,1.0,0.0,1.0,1.0,0.0,92.4814811616156,102.66666666666667,188.0,40.0,44.51,2.5,21316.375215,89.0,2.0,1
59876,55.0,1.0,0.0,0.0,1.0,0.0,88.28330392417243,121.33333333333333,220.0,71.0,22.21,3.91,22498.50756,77.0,1.0,1
59878,51.0,0.0,0.0,0.0,0.0,0.0,52.63073853511847,125.33333333333333,272.0,66.0,27.5,1.58,26889.332908,80.0,1.0,1
59879,75.0,0.0,0.0,0.0,0.0,0.0,79.44042389737128,150.66666666666666,219.0,77.0,19.56,13.62,10540.567732,78.0,1.0,1
59880,45.0,1.0,0.0,0.0,0.0,1.0,110.58087548960214,105.33333333333333,212.0,47.0,36.91,4.82,15725.694504,84.0,1.0,1
59882,49.0,1.0,0.0,0.0,1.0,0.0,90.26702900367677,99.33333333333333,179.0,72.0,27.32,3.0,31930.036639,82.0,1.0,1
59888,65.0,1.0,0.0,0.0,0.0,0.0,94.29984807642703,138.0,204.0,67.0,26.65,3.7,8266.853321,82.0,2.0,1
59890,48.0,1.0,0.0,0.0,0.0,0.0,112.02714804531053,130.66666666666666,234.0,67.0,25.42,8.33,83446.970885,80.0,2.0,1
59893,46.0,0.0,1.0,0.0,0.0,0.0,111.81576362328424,112.66666666666667,248.0,46.0,26.75,4.62,18778.011327,85.0,1.0,1
59895,47.0,1.0,0.0,0.0,0.0,0.0,116.34249060493859,112.0,217.0,46.0,28.55,27.89,17119.225725,86.0,2.0,1
59897,37.0,0.0,1.0,0.0,0.0,0.0,112.8108998742384,133.33333333333334,212.0,84.0,21.85,2.16,17498.238159,75.0,2.0,1
59908,71.0,0.0,1.0,1.0,1.0,0.0,63.38347124442428,138.0,183.0,56.0,25.59,9.7,11112.872016,84.0,1.0,1
59909,60.0,1.0,0.0,0.0,1.0,0.0,71.28212805834134,99.0,230.0,40.0,45.76,4.21,22002.262721,80.0,2.0,1
59910,67.0,1.0,0.0,0.0,0.0,0.0,73.99814874184378,146.0,214.0,44.0,33.6,9.17,61835.25213,86.0,2.0,1
59911,66.0,1.0,0.0,0.0,1.0,1.0,95.99228629391655,102.0,261.0,62.0,27.28,5.29,56822.323859,84.0,1.0,1
59914,63.0,0.0,0.0,0.0,0.0,1.0,82.58395380387805,139.33333333333334,228.0,59.0,27.21,5.41,16689.054661,80.0,1.0,1
59918,30.0,1.0,1.0,0.0,0.0,0.0,120.0805335298673,91.33333333333333,149.0,68.0,22.27,6.17,25897.157431,78.0,2.0,0
59921,70.0,1.0,0.0,0.0,0.0,1.0,95.37309596788722,115.33333333333333,154.0,71.0,30.27,4.79,10457.218908,89.0,1.0,1
59922,64.0,1.0,1.0,0.0,0.0,0.0,77.55090599096587,120.0,225.0,57.0,23.84,7.84,60851.686967,77.0,1.0,1
59924,68.0,0.0,0.0,0.0,0.0,0.0,76.4440699531734,134.0,202.0,79.0,,4.28,9387.789425,84.0,2.0,1
59931,78.0,1.0,0.0,0.0,1.0,0.0,75.3702452525864,130.0,161.0,57.0,31.6,36.54,34245.404778,77.0,1.0,1
59935,55.0,0.0,0.0,0.0,1.0,0.0,83.82948137836954,124.0,192.0,56.0,51.85,3.5,20607.556278,82.0,1.0,1
59937,49.0,0.0,1.0,0.0,0.0,0.0,73.39855996331181,126.0,254.0,46.0,30.88,3.77,75533.702614,79.0,1.0,1
59938,50.0,0.0,0.0,0.0,1.0,0.0,110.38529518653382,124.0,211.0,52.0,28.69,4.94,14984.141601,87.0,1.0,1
59943,73.0,1.0,0.0,1.0,1.0,0.0,66.6136575399139,142.66666666666666,161.0,69.0,26.86,43.33,34708.180518,77.0,1.0,1
59945,48.0,0.0,1.0,1.0,0.0,0.0,111.76690853237123,123.33333333333333,228.0,40.0,23.95,10.5,19992.772305,86.0,1.0,1
59953,42.0,0.0,0.0,0.0,0.0,0.0,86.90109311039585,112.0,198.0,41.0,35.53,3.25,21301.379538,79.0,1.0,1
59956,54.0,0.0,1.0,0.0,0.0,0.0,102.53694126719333,105.33333333333333,199.0,27.0,26.36,3.13,82713.518143,79.0,2.0,1
59957,43.0,0.0,0.0,0.0,0.0,0.0,104.48561205226885,128.0,226.0,36.0,26.7,3.33,21040.278969,87.0,2.0,1
59958,33.0,0.0,1.0,0.0,0.0,0.0,121.71122313429714,113.33333333333333,172.0,47.0,19.49,5.52,33239.730849,78.0,2.0,1
59964,42.0,0.0,0.0,0.0,0.0,0.0,113.74802947808789,138.0,192.0,60.0,27.15,11.3,19102.531525,86.0,2.0,1
59965,30.0,1.0,1.0,0.0,0.0,0.0,123.75786412164246,118.0,151.0,30.0,28.41,4.57,26824.964193,82.0,2.0,0
59966,58.0,0.0,1.0,0.0,1.0,0.0,90.48880112613836,110.66666666666667,188.0,62.0,27.34,5.0,9691.241194,81.0,1.0,1
59968,72.0,1.0,0.0,0.0,0.0,0.0,50.61468635181956,126.0,294.0,54.0,23.12,4.05,36689.33505,76.0,1.0,1
59969,30.0,1.0,0.0,0.0,0.0,0.0,113.38845690259502,111.33333333333333,175.0,33.0,25.29,6.85,31623.241623,75.0,1.0,1
59971,36.0,1.0,1.0,0.0,0.0,0.0,104.0815906748002,114.66666666666667,226.0,62.0,37.54,4.55,15350.24237,80.0,1.0,0
59972,55.0,0.0,0.0,1.0,1.0,0.0,80.15158975107062,125.33333333333333,188.0,42.0,24.83,5.0,25770.395449,80.0,2.0,1
59976,31.0,1.0,1.0,0.0,0.0,0.0,121.09239684443466,94.66666666666667,172.0,55.0,32.38,22.05,14155.8285,86.0,3.0,1
59977,44.0,0.0,0.0,0.0,0.0,1.0,111.08450006594455,134.66666666666666,182.0,61.0,30.72,8.73,108829.922217,75.0,2.0,1
59979,49.0,0.0,0.0,0.0,0.0,0.0,98.12093035908951,116.66666666666667,177.0,35.0,27.44,12.84,20443.550612,85.0,2.0,1
59980,50.0,0.0,0.0,0.0,0.0,0.0,105.86068189464811,112.66666666666667,290.0,63.0,29.43,11.8,19873.306414,86.0,1.0,1
59984,48.0,1.0,0.0,0.0,0.0,0.0,78.85824893408427,121.33333333333333,233.0,46.0,21.58,6.22,21270.615657,83.0,2.0,1
59985,67.0,0.0,0.0,1.0,1.0,0.0,82.49200266759671,150.66666666666666,161.0,62.0,29.14,4.56,8634.150642,84.0,1.0,1
59989,68.0,1.0,0.0,1.0,1.0,0.0,66.9481299558428,144.0,310.0,35.0,,131.34,75906.644182,75.0,2.0,1
59990,38.0,1.0,0.0,0.0,0.0,0.0,124.88883440513004,123.33333333333333,211.0,38.0,39.72,3.45,25710.607951,83.0,2.0,1
59992,56.0,0.0,0.0,1.0,1.0,1.0,86.25866343385943,136.66666666666666,199.0,40.0,37.14,827.4,13666.884857,81.0,1.0,1
59999,75.0,1.0,0.0,0.0,1.0,1.0,93.17457597324052,120.0,199.0,50.0,23.25,4.66,24029.402386,75.0,2.0,1
60000,42.0,1.0,0.0,0.0,0.0,0.0,95.71757264247408,112.66666666666667,155.0,59.0,31.31,4.66,76603.798386,77.0,1.0,1
60002,42.0,0.0,1.0,0.0,0.0,0.0,82.34765100930741,107.33333333333333,258.0,49.0,22.15,3.59,22314.411887,84.0,2.0,1
60004,62.0,1.0,0.0,0.0,0.0,0.0,96.07580141895353,112.66666666666667,271.0,45.0,28.85,9.35,23694.972574,78.0,2.0,1
60018,35.0,1.0,1.0,0.0,0.0,0.0,113.64261556869333,136.0,151.0,57.0,20.69,4.23,35207.447574,83.0,2.0,1
60023,34.0,1.0,1.0,0.0,0.0,0.0,89.60436030069577,102.66666666666667,135.0,62.0,22.42,2.84,16637.651093,76.0,2.0,1
60024,41.0,1.0,0.0,0.0,0.0,0.0,107.65797284621458,142.66666666666666,266.0,68.0,27.2,8.65,78512.376245,77.0,1.0,0
60030,71.0,1.0,0.0,0.0,1.0,0.0,69.27028237450679,132.66666666666666,221.0,85.0,29.08,3.85,32939.969593,80.0,1.0,1
60033,53.0,0.0,1.0,0.0,0.0,0.0,105.03750482912729,126.66666666666667,181.0,38.0,24.51,3.71,7885.120366,88.0,2.0,1
60034,56.0,0.0,0.0,0.0,0.0,0.0,106.34208664924064,144.66666666666666,197.0,43.0,27.27,4.58,19364.17167,75.0,1.0,1
60036,65.0,0.0,0.0,0.0,0.0,0.0,75.31856980947936,115.33333333333333,184.0,62.0,28.02,3.51,59197.620739,85.0,2.0,1
60039,72.0,0.0,0.0,0.0,0.0,0.0,68.33150522599864,134.0,226.0,38.0,25.26,6.6,31722.475671,76.0,1.0,1
60042,41.0,0.0,1.0,0.0,0.0,0.0,107.17479258271909,118.0,209.0,37.0,23.58,4.46,16640.26685,81.0,2.0,1
60043,38.0,0.0,0.0,0.0,0.0,0.0,91.09206220600294,122.0,187.0,62.0,25.02,2.68,27703.632907,86.0,1.0,1
60044,64.0,1.0,0.0,0.0,1.0,0.0,62.16363053385288,144.66666666666666,211.0,68.0,36.31,2.57,13070.875072,78.0,1.0,1
60045,46.0,0.0,1.0,0.0,0.0,0.0,107.39633627835279,126.0,222.0,54.0,27.0,10.59,24211.80189,87.0,1.0,1
60046,34.0,1.0,0.0,0.0,0.0,0.0,96.200122257178,117.33333333333333,240.0,59.0,28.57,5.47,21283.182024,88.0,1.0,1
60047,41.0,0.0,0.0,1.0,1.0,0.0,111.56031676866206,114.0,193.0,30.0,37.58,3.21,65879.008324,76.0,1.0,1
60049,49.0,0.0,1.0,0.0,0.0,0.0,105.05202498526823,132.0,274.0,43.0,24.51,6.9,22949.926788,77.0,2.0,1
60057,61.0,1.0,0.0,0.0,1.0,0.0,62.58998331345209,108.66666666666667,157.0,51.0,39.37,13.11,22952.970528,82.0,1.0,1
60058,56.0,0.0,0.0,0.0,1.0,0.0,70.27170424370331,139.33333333333334,244.0,46.0,27.3,10.0,101884.043891,81.0,2.0,1
60060,51.0,0.0,0.0,0.0,0.0,0.0,104.10807784232722,125.33333333333333,229.0,48.0,25.05,3.53,14961.227317,78.0,2.0,1
60062,53.0,1.0,0.0,1.0,1.0,1.0,85.47841877311319,110.0,248.0,85.0,36.04,27.96,33312.890502,80.0,1.0,1
60063,71.0,0.0,0.0,1.0,0.0,0.0,97.67504711539588,98.66666666666667,243.0,44.0,27.59,5.35,9805.000357,76.0,1.0,1
60066,37.0,0.0,0.0,0.0,0.0,0.0,108.45823598683084,101.0,209.0,39.0,27.07,4.89,71223.780444,87.0,2.0,1
60069,49.0,1.0,0.0,0.0,0.0,0.0,111.3325797274296,142.66666666666666,273.0,60.0,28.28,7.73,21052.826838,77.0,2.0,1
60072,74.0,1.0,0.0,0.0,0.0,1.0,80.89525959362015,121.33333333333333,184.0,59.0,34.12,20.68,37142.518016,84.0,2.0,1
60073,51.0,1.0,0.0,0.0,0.0,0.0,94.81101742508345,116.66666666666667,214.0,43.0,21.49,10.74,77338.006191,84.0,1.0,1
60077,32.0,0.0,0.0,1.0,0.0,0.0,119.69211906277245,122.66666666666667,177.0,43.0,36.55,2.83,35121.28555,82.0,2.0,0
60086,67.0,0.0,0.0,0.0,0.0,0.0,96.63614526296638,120.66666666666667,204.0,41.0,24.48,5.16,6974.064996,88.0,2.0,1
60090,51.0,0.0,0.0,1.0,0.0,0.0,82.17054568207935,135.33333333333334,275.0,47.0,25.78,1.7,10461.78449,88.0,1.0,0
60091,69.0,1.0,0.0,0.0,1.0,0.0,73.08341618628255,139.33333333333334,176.0,50.0,46.01,2.74,6950.891576,77.0,2.0,1
60095,69.0,0.0,1.0,1.0,1.0,1.0,92.4525343303333,116.66666666666667,142.0,46.0,31.03,6.39,55292.275546,76.0,1.0,1
60098,42.0,0.0,0.0,0.0,0.0,0.0,71.66136450772787,120.0,298.0,44.0,29.82,5.12,23423.703168,88.0,1.0,1
60101,63.0,1.0,0.0,1.0,0.0,0.0,106.36405064032323,116.0,194.0,41.0,30.9,20.68,7072.217427,78.0,2.0,1
60102,46.0,1.0,0.0,0.0,0.0,0.0,111.15390845330381,100.66666666666667,186.0,65.0,22.01,5.78,19502.935565,81.0,1.0,1
60103,62.0,1.0,0.0,0.0,1.0,0.0,89.96022194312974,122.0,191.0,30.0,38.62,9.58,6086.158846,82.0,2.0,0
60104,74.0,1.0,0.0,1.0,1.0,0.0,80.89525959362015,130.66666666666666,216.0,55.0,36.22,137.93,14030.454612,87.0,1.0,1
60105,58.0,1.0,0.0,1.0,1.0,1.0,87.98619592553051,117.33333333333333,210.0,54.0,40.23,7.73,23515.651999,84.0,2.0,1
60106,44.0,1.0,0.0,0.0,0.0,0.0,90.39940001702745,108.0,209.0,52.0,47.96,25.75,16785.174371,88.0,1.0,1
60108,61.0,1.0,0.0,0.0,0.0,0.0,96.6751875819617,110.0,232.0,60.0,27.14,8.04,67032.592835,85.0,2.0,1
60109,49.0,0.0,0.0,0.0,0.0,0.0,105.41112377352103,118.0,203.0,51.0,24.92,7.64,19102.531525,86.0,2.0,1
60110,44.0,1.0,0.0,0.0,0.0,0.0,73.89517633162427,99.33333333333333,241.0,55.0,35.67,3.33,62130.73418,76.0,1.0,1
60112,48.0,1.0,0.0,0.0,0.0,0.0,104.8161303302511,114.66666666666667,203.0,67.0,44.27,4.81,77465.544561,77.0,1.0,1
60116,69.0,1.0,0.0,1.0,1.0,0.0,94.21787672165551,144.66666666666666,155.0,77.0,29.48,9.72,7084.376544,81.0,1.0,1
60118,41.0,1.0,1.0,0.0,0.0,0.0,76.22891074157766,114.0,174.0,72.0,39.25,4.3,25343.501721,84.0,1.0,0
60122,37.0,1.0,1.0,0.0,0.0,1.0,116.22193042949988,102.66666666666667,187.0,44.0,35.95,4.27,54009.255077,76.0,2.0,1
60124,54.0,0.0,0.0,1.0,0.0,0.0,61.29997046015957,149.33333333333334,214.0,54.0,26.79,957.69,20527.025155,87.0,2.0,1
60125,72.0,0.0,0.0,0.0,1.0,1.0,66.92019874930271,128.66666666666666,166.0,29.0,26.68,2.41,33337.784141,81.0,2.0,1
60131,75.0,1.0,0.0,1.0,0.0,1.0,76.78969652121293,118.66666666666667,281.0,57.0,31.16,10.34,10343.744487,88.0,1.0,1
60133,39.0,1.0,0.0,0.0,0.0,0.0,107.21604348404415,96.0,161.0,48.0,33.28,170.19,26743.869183,78.0,1.0,1
60135,69.0,0.0,0.0,1.0,0.0,1.0,96.1649205031554,125.33333333333333,180.0,54.0,30.56,9.43,6649.123831,85.0,1.0,1
60138,66.0,0.0,0.0,1.0,1.0,1.0,81.05739616261003,124.66666666666667,138.0,25.0,31.7,7.34,52501.374891,80.0,1.0,1
60142,49.0,1.0,0.0,0.0,1.0,1.0,106.32257392199661,106.0,211.0,53.0,29.59,6.02,20891.930664,83.0,2.0,1
60143,32.0,0.0,1.0,0.0,0.0,0.0,120.58801971244091,113.33333333333333,138.0,35.0,31.6,6.45,43884.893895,75.0,1.0,0
60144,57.0,0.0,1.0,0.0,0.0,0.0,69.83601967739236,118.66666666666667,224.0,37.0,28.25,3.56,102596.475739,79.0,2.0,1
60145,67.0,1.0,0.0,0.0,1.0,1.0,98.31856350757893,130.66666666666666,163.0,86.0,25.15,3.64,74461.687039,75.0,2.0,1
60146,70.0,1.0,0.0,0.0,0.0,1.0,88.41552731451887,126.66666666666667,206.0,49.0,33.93,16.82,32939.969593,80.0,1.0,1
60148,49.0,0.0,0.0,1.0,0.0,0.0,105.77557528209418,115.33333333333333,179.0,43.0,30.99,22.29,20708.126413,85.0,2.0,1
60151,71.0,0.0,0.0,1.0,1.0,0.0,70.23380372359522,147.33333333333334,239.0,32.0,39.44,12.7,27570.101749,81.0,2.0,1
60152,42.0,0.0,0.0,0.0,0.0,1.0,106.51030886870623,106.66666666666667,174.0,44.0,25.95,5.45,94172.422984,78.0,2.0,1
60154,74.0,1.0,1.0,0.0,0.0,0.0,100.88781284106555,124.0,260.0,81.0,19.79,12.6,48322.345424,83.0,1.0,1
60156,47.0,1.0,0.0,0.0,0.0,0.0,110.89849120736291,122.66666666666667,167.0,69.0,22.2,9.08,16911.675887,85.0,1.0,1
60158,59.0,1.0,0.0,0.0,0.0,0.0,106.95995976246047,125.33333333333333,175.0,62.0,28.55,6.0,15318.38871,83.0,1.0,1
60159,69.0,0.0,0.0,0.0,0.0,1.0,91.23472370695357,144.0,223.0,64.0,32.08,7.24,55292.275546,76.0,1.0,1
60160,63.0,1.0,0.0,0.0,1.0,1.0,63.30281553983809,151.33333333333334,205.0,44.0,33.43,4.19,63755.08114,81.0,2.0,1
60161,38.0,1.0,0.0,0.0,0.0,0.0,117.75103814504187,106.0,182.0,50.0,28.29,11.15,18281.683005,82.0,1.0,1
60162,45.0,1.0,0.0,0.0,0.0,0.0,77.24344327801293,104.0,160.0,62.0,21.34,3.52,16056.799743,78.0,1.0,1
60163,73.0,1.0,0.0,1.0,1.0,1.0,53.05688254329038,126.0,167.0,47.0,34.13,5.12,19249.520038,82.0,2.0,1
60164,30.0,1.0,0.0,0.0,0.0,0.0,122.78374049905484,99.33333333333333,205.0,77.0,21.42,3.82,25247.94746,78.0,2.0,1
60166,63.0,1.0,0.0,0.0,1.0,0.0,92.34972245409921,114.66666666666667,185.0,67.0,17.91,41.3,67032.592835,85.0,2.0,1
60167,42.0,0.0,0.0,0.0,0.0,0.0,105.1374643311218,137.33333333333334,270.0,40.0,24.8,6.21,23386.274409,87.0,1.0,1
60169,32.0,1.0,0.0,0.0,0.0,0.0,126.51686906595255,118.0,164.0,45.0,28.35,22.5,21854.311513,88.0,2.0,0
60170,65.0,0.0,0.0,0.0,0.0,0.0,95.1017058169569,132.66666666666666,215.0,80.0,24.42,5.43,54784.845182,77.0,1.0,1
60173,67.0,0.0,0.0,0.0,0.0,0.0,81.51287263820598,122.0,213.0,39.0,26.12,3.48,9590.4584,75.0,1.0,1
60176,58.0,1.0,0.0,0.0,0.0,0.0,103.56536832129218,110.0,187.0,44.0,31.88,7.62,9637.428563,88.0,2.0,1
60181,59.0,0.0,0.0,0.0,1.0,0.0,58.398561239434876,139.33333333333334,141.0,52.0,39.14,102.55,18761.435679,86.0,2.0,1
60183,65.0,0.0,0.0,1.0,0.0,1.0,98.96725367677509,148.0,182.0,57.0,37.38,10.5,55847.965781,77.0,1.0,1
60184,60.0,1.0,0.0,0.0,0.0,0.0,92.56525157392575,96.66666666666667,250.0,69.0,22.28,4.26,67032.592835,85.0,2.0,1
60192,59.0,1.0,1.0,0.0,0.0,0.0,96.25605565505104,112.0,256.0,91.0,29.02,8.53,107298.217979,81.0,2.0,1
60194,55.0,0.0,0.0,0.0,0.0,0.0,102.25760869372719,132.66666666666666,195.0,53.0,25.78,3.67,24566.27985,82.0,2.0,1
60198,61.0,1.0,0.0,1.0,0.0,0.0,99.02420707990402,152.66666666666666,253.0,45.0,38.81,92.79,8780.848777,75.0,1.0,1
60214,32.0,0.0,0.0,0.0,0.0,0.0,89.51287076736732,106.0,213.0,55.0,24.52,3.1,33986.464261,83.0,1.0,1
60216,35.0,1.0,0.0,0.0,0.0,0.0,118.5662669751566,114.66666666666667,225.0,68.0,35.93,5.32,25966.025398,84.0,1.0,1
60217,32.0,0.0,0.0,0.0,0.0,0.0,124.48669167977377,138.0,167.0,47.0,57.94,3.43,69862.627307,79.0,1.0,1
60218,70.0,1.0,0.0,0.0,0.0,1.0,55.2595656529818,136.0,216.0,58.0,41.07,11.49,31381.159247,81.0,2.0,1
60219,57.0,0.0,1.0,0.0,1.0,0.0,103.22359338357451,174.66666666666666,215.0,74.0,19.42,16.25,102596.475739,79.0,2.0,1
60221,38.0,0.0,1.0,0.0,0.0,0.0,119.92697515477373,96.66666666666667,158.0,33.0,24.61,5.32,68012.325768,82.0,1.0,0
60223,63.0,1.0,0.0,0.0,0.0,1.0,97.45662682162178,118.0,212.0,74.0,31.29,8.7,20605.918934,77.0,1.0,1
60226,59.0,0.0,0.0,0.0,0.0,0.0,105.24360610037972,140.66666666666666,141.0,59.0,18.21,20.36,23918.32307,78.0,2.0,1
60229,50.0,0.0,0.0,1.0,0.0,0.0,98.75874260563498,126.0,266.0,43.0,31.85,67.39,18114.448606,75.0,1.0,1
60231,62.0,1.0,0.0,0.0,1.0,0.0,87.16360101675303,105.33333333333333,319.0,25.0,33.66,21.05,58063.664648,89.0,2.0,1
60235,41.0,1.0,0.0,0.0,0.0,0.0,104.17586855243808,91.33333333333333,186.0,69.0,19.87,3.83,69500.810327,79.0,2.0,1
60236,42.0,1.0,0.0,0.0,0.0,0.0,100.26927513693546,102.0,208.0,61.0,31.09,7.26,36343.314607,78.0,2.0,1
60241,64.0,1.0,0.0,0.0,1.0,0.0,68.63450104921823,144.0,262.0,58.0,29.97,5.6,15361.086222,80.0,1.0,1
60243,36.0,1.0,0.0,0.0,0.0,0.0,122.29094898339515,111.33333333333333,206.0,71.0,26.26,4.4,19114.88725,88.0,2.0,0
60252,39.0,0.0,0.0,0.0,0.0,0.0,112.17511390970725,112.0,205.0,32.0,29.44,3.69,26792.411843,86.0,2.0,1
60254,31.0,1.0,0.0,0.0,0.0,0.0,100.95952188413142,109.33333333333333,177.0,78.0,21.16,4.2,28322.731949,85.0,1.0,1
60255,41.0,1.0,1.0,0.0,0.0,0.0,112.14025139426158,114.66666666666667,249.0,92.0,30.76,4.91,18646.910739,82.0,2.0,1
60256,45.0,0.0,0.0,0.0,1.0,0.0,85.29473350163626,134.0,169.0,50.0,29.14,4.92,27932.217099,77.0,2.0,1
60269,62.0,0.0,0.0,1.0,0.0,0.0,100.8311084819863,140.66666666666666,174.0,49.0,35.19,22.26,21723.44348,76.0,2.0,1
60270,75.0,0.0,0.0,1.0,1.0,0.0,58.364910359929645,139.33333333333334,196.0,34.0,26.76,26.9,34860.620863,87.0,2.0,1
60273,39.0,0.0,0.0,0.0,0.0,0.0,98.18385044368304,122.66666666666667,219.0,33.0,37.52,5.1,25258.869167,83.0,1.0,1
60291,35.0,0.0,0.0,0.0,0.0,0.0,111.24966124485447,138.0,292.0,72.0,25.63,4.63,33730.850082,81.0,2.0,1
60296,47.0,1.0,0.0,0.0,1.0,1.0,107.28067567720989,125.33333333333333,181.0,61.0,32.54,118.28,88626.466787,83.0,1.0,1
60297,39.0,1.0,0.0,0.0,0.0,0.0,115.21494444901332,100.66666666666667,185.0,44.0,29.93,2.71,22023.850176,87.0,2.0,1
60299,59.0,1.0,0.0,0.0,0.0,0.0,107.97575902636123,112.66666666666667,237.0,92.0,43.44,17.92,23985.061787,86.0,2.0,1
60301,61.0,0.0,0.0,0.0,0.0,1.0,82.6443604213961,114.66666666666667,185.0,49.0,31.49,4.58,55975.240157,76.0,1.0,1
60305,43.0,1.0,0.0,0.0,0.0,0.0,111.55372316553999,114.0,159.0,75.0,22.48,6.41,17901.936127,86.0,1.0,1
60306,50.0,0.0,0.0,0.0,0.0,0.0,104.75757480612519,102.0,167.0,48.0,25.88,3.4,79256.481474,85.0,1.0,1
60315,41.0,1.0,0.0,1.0,0.0,0.0,105.89068592955353,125.33333333333333,219.0,67.0,44.05,4.93,76826.282354,87.0,2.0,1
60318,39.0,1.0,0.0,0.0,0.0,0.0,113.54383026470859,95.33333333333333,195.0,65.0,25.2,4.35,31623.241623,75.0,1.0,0
60320,31.0,0.0,0.0,0.0,0.0,0.0,119.56553254499951,109.33333333333333,167.0,47.0,25.15,2.42,62514.071126,85.0,1.0,1
60321,38.0,1.0,0.0,0.0,0.0,0.0,113.45680996255834,118.0,169.0,34.0,36.02,65.0,112955.253604,79.0,2.0,1
60323,57.0,0.0,0.0,0.0,0.0,1.0,97.02340908349413,120.66666666666667,224.0,35.0,31.2,5.97,11723.777579,88.0,1.0,1
60328,39.0,1.0,0.0,1.0,0.0,0.0,121.69529171007626,113.33333333333333,190.0,53.0,44.66,4.88,25936.820943,87.0,1.0,1
60330,61.0,1.0,0.0,0.0,0.0,0.0,90.52145496390595,127.33333333333333,193.0,53.0,26.05,4.52,8266.853321,82.0,2.0,1
60334,40.0,0.0,0.0,0.0,0.0,0.0,87.98877158972857,122.0,184.0,43.0,31.78,5.35,96465.970305,83.0,1.0,1
60335,36.0,1.0,0.0,0.0,0.0,0.0,100.88734856260477,98.0,146.0,56.0,22.76,13.23,64508.601789,76.0,2.0,1
60344,53.0,1.0,0.0,0.0,1.0,1.0,110.51814774912278,118.0,216.0,53.0,35.96,7.49,12067.640013,86.0,2.0,1
60347,45.0,0.0,0.0,0.0,1.0,0.0,114.81796009527541,108.66666666666667,190.0,51.0,29.17,5.27,79337.055328,76.0,1.0,1
60348,49.0,1.0,0.0,1.0,0.0,0.0,95.99769873789384,101.33333333333333,231.0,56.0,31.45,4.45,16925.98566,86.0,2.0,1
60359,57.0,1.0,0.0,0.0,1.0,1.0,79.85945855974425,162.66666666666666,183.0,74.0,30.12,8.4,22527.449241,84.0,1.0,1
60360,53.0,0.0,1.0,0.0,1.0,0.0,61.682401348520386,120.0,256.0,63.0,23.04,4.39,17971.39667,75.0,2.0,1
60361,74.0,1.0,0.0,0.0,1.0,0.0,25.887389106078707,140.0,279.0,44.0,27.04,2974.14,37401.305445,84.0,2.0,1
60367,53.0,1.0,1.0,0.0,0.0,0.0,92.1815979791674,112.66666666666667,256.0,70.0,21.99,4.86,125317.169771,77.0,1.0,0
60368,44.0,0.0,1.0,0.0,0.0,1.0,113.66311223449333,121.33333333333333,268.0,43.0,22.56,6.26,17058.978632,88.0,2.0,1
60369,38.0,1.0,1.0,0.0,0.0,0.0,89.87636630517463,140.66666666666666,192.0,60.0,29.32,1.77,27271.143945,78.0,1.0,0
60373,40.0,0.0,1.0,0.0,0.0,0.0,111.47962820346706,112.0,206.0,32.0,29.52,7.82,16098.694746,87.0,2.0,1
60374,75.0,1.0,0.0,1.0,0.0,1.0,60.1921207066717,124.0,169.0,44.0,24.84,2.97,38703.606665,77.0,2.0,1
60377,60.0,0.0,0.0,0.0,0.0,0.0,72.85871239639745,121.33333333333333,206.0,45.0,30.01,3.33,10255.228054,87.0,2.0,1
60379,66.0,1.0,0.0,0.0,0.0,0.0,99.33347957826669,115.33333333333333,191.0,38.0,24.83,3.57,22635.586307,86.0,1.0,1
60387,50.0,1.0,0.0,0.0,0.0,0.0,108.84854165469638,122.0,222.0,63.0,21.64,27.29,14287.411057,75.0,1.0,1
60388,51.0,1.0,0.0,0.0,0.0,0.0,107.3359056454872,117.33333333333333,175.0,67.0,29.49,12.23,14495.000318,77.0,2.0,1
60397,45.0,1.0,0.0,0.0,1.0,0.0,122.15921834728276,107.33333333333333,212.0,74.0,26.95,9.34,21478.807878,77.0,2.0,1
60406,37.0,1.0,0.0,0.0,1.0,0.0,101.82639155524788,120.66666666666667,156.0,48.0,38.12,4.19,67454.60469,76.0,2.0,1
60414,45.0,1.0,1.0,0.0,0.0,0.0,93.94824112962354,148.0,194.0,68.0,24.48,4.17,37651.728634,80.0,2.0,1
60421,75.0,1.0,0.0,0.0,1.0,0.0,71.40164619939033,147.33333333333334,226.0,77.0,27.62,7.04,24615.557009,80.0,2.0,1
60427,51.0,1.0,0.0,1.0,1.0,0.0,110.90693138823089,122.66666666666667,177.0,38.0,38.9,7.92,72196.801892,80.0,1.0,0
60429,40.0,0.0,0.0,0.0,0.0,0.0,114.30541451609687,159.33333333333334,209.0,50.0,36.75,36.81,24451.259246,77.0,2.0,0
60431,33.0,1.0,0.0,0.0,0.0,0.0,125.15659794391749,106.0,159.0,62.0,24.07,7.41,18108.840553,88.0,1.0,1
60439,37.0,1.0,0.0,0.0,0.0,0.0,84.44194201013264,96.0,212.0,66.0,27.21,4.0,20095.542159,75.0,2.0,0
60440,45.0,1.0,0.0,0.0,0.0,0.0,75.29616149758705,120.66666666666667,196.0,81.0,20.01,4.18,76603.798386,77.0,1.0,1
60442,35.0,1.0,1.0,0.0,0.0,0.0,119.96864882040761,103.33333333333333,199.0,48.0,37.34,213.53,18807.106364,86.0,1.0,0
60454,65.0,0.0,0.0,0.0,0.0,0.0,67.78873172307848,114.66666666666667,225.0,78.0,27.53,3.96,60181.110845,86.0,1.0,1
60456,52.0,0.0,0.0,0.0,0.0,0.0,82.5692717932388,128.66666666666666,165.0,32.0,36.03,6.21,74094.204586,84.0,1.0,1
60457,55.0,0.0,0.0,0.0,0.0,0.0,101.20416423930007,133.33333333333334,233.0,69.0,24.5,11.57,15686.03941,82.0,2.0,1
60459,60.0,1.0,0.0,0.0,0.0,0.0,102.28513880686644,121.33333333333333,131.0,49.0,25.95,5.87,6950.891576,77.0,2.0,1
60461,67.0,0.0,0.0,0.0,1.0,0.0,78.69947586542327,123.33333333333333,271.0,90.0,29.43,347.18,56750.654207,86.0,2.0,1
60465,39.0,1.0,0.0,1.0,0.0,0.0,107.21604348404415,106.66666666666667,158.0,82.0,23.15,10.53,43964.570897,80.0,1.0,1
60468,33.0,0.0,0.0,0.0,0.0,0.0,115.65251831363415,102.66666666666667,204.0,49.0,28.72,2.15,19141.578997,79.0,2.0,1
60470,30.0,1.0,0.0,0.0,0.0,0.0,101.58937601542708,98.0,214.0,46.0,40.14,3.13,28789.114826,84.0,2.0,1
60471,61.0,1.0,1.0,1.0,1.0,1.0,118.75034409786323,120.66666666666667,187.0,77.0,27.29,23.81,14415.438206,78.0,2.0,1
60485,53.0,1.0,0.0,0.0,0.0,0.0,105.60748702038678,127.33333333333333,235.0,56.0,25.37,5.47,13091.269928,81.0,1.0,1
60486,49.0,1.0,0.0,0.0,0.0,0.0,110.86691581606563,120.66666666666667,189.0,58.0,21.47,9.49,62336.581801,79.0,1.0,1
60489,67.0,0.0,1.0,1.0,0.0,0.0,63.113146371074016,118.0,191.0,41.0,29.94,26.43,62997.695381,78.0,2.0,1
60490,36.0,1.0,0.0,0.0,0.0,0.0,115.27591560975816,116.0,212.0,45.0,41.57,12.73,31623.241623,77.0,2.0,1
60493,33.0,1.0,1.0,0.0,0.0,0.0,99.71150469678942,101.33333333333333,191.0,42.0,29.33,2.92,47756.89245,86.0,3.0,1
60498,34.0,0.0,0.0,0.0,0.0,0.0,119.55065023642452,115.33333333333333,188.0,50.0,23.72,6.67,25129.664069,78.0,1.0,1
60499,51.0,1.0,1.0,0.0,0.0,0.0,107.3359056454872,135.33333333333334,158.0,48.0,22.55,10.83,92063.343443,85.0,2.0,1
60501,60.0,0.0,0.0,0.0,0.0,0.0,76.8506735338014,140.0,205.0,48.0,27.36,4.32,55613.441061,86.0,1.0,1
60502,55.0,0.0,1.0,0.0,0.0,0.0,104.12420272599617,112.0,213.0,72.0,24.75,3.79,9605.662605,86.0,3.0,1
60506,62.0,1.0,0.0,1.0,1.0,0.0,92.92586280348077,156.66666666666666,144.0,68.0,47.22,9.53,15361.086222,80.0,1.0,1
60508,30.0,1.0,0.0,0.0,0.0,0.0,124.26016386998351,104.0,198.0,53.0,30.02,6.52,15101.432598,88.0,2.0,1
60517,50.0,0.0,0.0,0.0,0.0,0.0,102.67845031159472,114.66666666666667,221.0,43.0,27.76,2.31,13621.741028,76.0,2.0,1
60519,50.0,0.0,0.0,0.0,0.0,0.0,91.6914786098333,122.0,239.0,61.0,26.77,2.67,20180.207538,75.0,2.0,1
60525,70.0,0.0,0.0,0.0,0.0,0.0,87.2078139396054,117.33333333333333,207.0,59.0,19.14,3.59,9741.625189,86.0,1.0,1
60526,32.0,0.0,0.0,0.0,0.0,0.0,128.3918644782487,120.66666666666667,223.0,96.0,26.4,18.3,25435.818025,78.0,1.0,1
60528,78.0,1.0,0.0,0.0,1.0,0.0,59.811105788251474,122.0,276.0,86.0,26.39,13.43,37981.69775,87.0,2.0,1
60535,71.0,0.0,0.0,0.0,1.0,0.0,81.44146611609162,117.33333333333333,241.0,94.0,26.22,17.22,15851.39333,83.0,2.0,1
60540,34.0,1.0,0.0,0.0,0.0,0.0,99.09329336766932,97.33333333333333,153.0,52.0,28.47,3.24,75888.916793,87.0,1.0,1
60544,33.0,1.0,0.0,0.0,0.0,0.0,117.04034853339776,97.33333333333333,153.0,58.0,19.55,6.04,22312.481006,82.0,1.0,1
60545,53.0,0.0,0.0,0.0,0.0,0.0,79.40326833261354,144.0,209.0,36.0,25.73,2.86,101200.947582,77.0,2.0,1
60549,34.0,0.0,0.0,0.0,0.0,0.0,109.09169090709395,126.66666666666667,256.0,48.0,23.81,2.83,33128.491208,77.0,2.0,1
60550,31.0,0.0,1.0,0.0,0.0,0.0,105.7247896077679,136.66666666666666,220.0,46.0,26.52,3.83,68573.493519,82.0,1.0,1
60551,68.0,1.0,0.0,1.0,1.0,0.0,60.63625074687978,140.0,190.0,51.0,41.27,10.45,58315.346509,80.0,1.0,1
60555,51.0,1.0,1.0,0.0,0.0,0.0,93.33536873996866,117.33333333333333,223.0,43.0,23.95,5.36,79719.201422,80.0,1.0,1
60556,62.0,0.0,0.0,0.0,0.0,0.0,85.097516373144,133.33333333333334,233.0,44.0,26.61,3.13,62920.012242,79.0,1.0,1
60559,42.0,1.0,0.0,0.0,0.0,0.0,106.99049341456805,113.33333333333333,166.0,68.0,28.94,5.8,86576.383051,77.0,2.0,1
60562,49.0,0.0,0.0,0.0,1.0,0.0,99.37486677966893,140.66666666666666,204.0,48.0,27.87,2.5,28419.766067,78.0,2.0,1
60564,60.0,1.0,1.0,0.0,0.0,0.0,103.9707528939343,108.0,206.0,32.0,20.22,29.17,20796.775893,76.0,1.0,1
60567,65.0,1.0,0.0,0.0,0.0,0.0,98.3854595988943,122.0,201.0,50.0,44.4,15.44,5642.636108,88.0,1.0,1
60568,30.0,0.0,0.0,0.0,0.0,0.0,71.79636188871584,117.33333333333333,144.0,46.0,30.59,3.43,18854.3858,84.0,2.0,1
60576,31.0,0.0,1.0,0.0,0.0,0.0,87.2590965176734,111.33333333333333,210.0,55.0,23.26,5.57,33061.224604,78.0,2.0,1
60577,65.0,1.0,0.0,0.0,0.0,0.0,100.78737888741969,102.0,210.0,60.0,34.61,6.59,5821.57009,75.0,2.0,1
60584,43.0,0.0,0.0,0.0,0.0,0.0,104.48561205226885,123.33333333333333,172.0,45.0,32.68,4.91,28613.871158,83.0,2.0,0
60586,64.0,0.0,0.0,0.0,0.0,0.0,89.38127461087531,119.33333333333333,141.0,58.0,25.84,4.92,60762.062662,87.0,2.0,0
60587,56.0,0.0,0.0,0.0,0.0,0.0,100.23789071538717,126.0,187.0,53.0,28.12,15.9,11483.439467,88.0,2.0,1
60599,50.0,1.0,1.0,0.0,0.0,0.0,89.70737342385397,126.66666666666667,200.0,67.0,24.11,5.56,109191.710721,80.0,2.0,1
60601,51.0,0.0,1.0,1.0,1.0,1.0,107.14823439043337,126.0,189.0,32.0,32.15,36.78,11822.128672,86.0,2.0,1
60605,35.0,0.0,0.0,0.0,0.0,0.0,127.82977554226822,121.33333333333333,206.0,62.0,24.58,7.43,19679.777822,88.0,1.0,1
60606,32.0,1.0,0.0,0.0,0.0,0.0,120.7992308922857,121.33333333333333,180.0,48.0,29.65,6.83,53978.982896,84.0,1.0,1
60612,45.0,1.0,0.0,0.0,0.0,0.0,112.28652785867963,135.33333333333334,260.0,91.0,25.39,16.67,75240.005755,77.0,1.0,1
60618,65.0,1.0,0.0,0.0,1.0,0.0,65.6591916769494,156.0,225.0,50.0,29.4,1.75,8567.6299,75.0,1.0,1
60619,49.0,0.0,1.0,0.0,0.0,0.0,105.77557528209418,116.66666666666667,131.0,31.0,25.88,9.69,22608.618809,80.0,2.0,1
60628,60.0,0.0,0.0,0.0,0.0,0.0,91.6327190932268,182.66666666666666,194.0,48.0,40.33,997.3,7737.568458,81.0,1.0,1
60636,43.0,0.0,1.0,0.0,0.0,0.0,94.63469369527397,112.66666666666667,173.0,68.0,24.21,3.57,28419.766067,78.0,2.0,1
60638,67.0,0.0,0.0,0.0,1.0,0.0,101.43075268766957,134.0,176.0,44.0,34.43,57.72,16431.333354,80.0,1.0,1
60639,49.0,0.0,0.0,0.0,0.0,0.0,103.31902828697396,153.33333333333334,230.0,45.0,29.21,8.4,19566.546628,86.0,1.0,1
60640,62.0,0.0,0.0,0.0,1.0,1.0,75.08087245281033,124.66666666666667,187.0,56.0,25.76,2.14,21387.731102,79.0,2.0,1
60643,71.0,1.0,0.0,1.0,0.0,1.0,92.72638198636355,136.0,158.0,48.0,29.36,9.62,20758.149798,86.0,1.0,1
60644,50.0,1.0,0.0,0.0,1.0,1.0,106.03578528392184,149.33333333333334,156.0,49.0,35.48,3.45,96228.548493,77.0,1.0,0
60653,50.0,1.0,0.0,0.0,1.0,0.0,98.50495154282892,106.66666666666667,221.0,57.0,27.64,2.15,14378.292026,78.0,2.0,1
60655,69.0,0.0,0.0,0.0,0.0,0.0,68.18050990648548,146.66666666666666,247.0,94.0,20.27,3.08,54784.845182,77.0,1.0,1
60658,55.0,0.0,1.0,0.0,0.0,0.0,81.04298554773835,114.66666666666667,313.0,50.0,26.57,7.8,95390.188569,76.0,1.0,1
60660,43.0,1.0,0.0,1.0,0.0,0.0,112.38407733592186,112.0,185.0,56.0,31.46,36.25,19231.099573,81.0,1.0,1
60663,45.0,1.0,0.0,1.0,1.0,0.0,118.37360872588046,148.0,218.0,46.0,35.91,6.53,26829.082247,81.0,1.0,1
60664,70.0,1.0,0.0,0.0,1.0,0.0,72.6302990059276,129.33333333333334,202.0,57.0,45.17,3.82,36266.584603,89.0,1.0,1
60665,33.0,0.0,0.0,0.0,0.0,0.0,107.033721431505,115.33333333333333,191.0,43.0,27.52,7.72,52169.443051,86.0,3.0,1
60666,59.0,1.0,0.0,0.0,0.0,0.0,75.65677947398473,103.33333333333333,214.0,82.0,25.9,2.75,72531.030881,86.0,3.0,0
60667,71.0,1.0,0.0,1.0,1.0,1.0,99.26796977380918,158.0,155.0,63.0,27.34,28.7,11478.900917,88.0,2.0,1
60668,71.0,1.0,0.0,1.0,1.0,1.0,50.93045517389772,108.0,157.0,52.0,23.4,9.72,48417.309426,83.0,2.0,1
60673,52.0,1.0,0.0,0.0,0.0,0.0,107.50300387611935,132.0,200.0,46.0,34.12,22.23,9637.428563,88.0,1.0,1
60676,58.0,1.0,0.0,0.0,0.0,0.0,103.56536832129218,97.33333333333333,178.0,38.0,46.42,7.97,12091.865593,86.0,2.0,1
60677,46.0,0.0,0.0,0.0,0.0,0.0,107.76765151881993,102.66666666666667,178.0,51.0,20.76,8.9,78911.724158,86.0,1.0,1
60680,48.0,0.0,0.0,0.0,0.0,0.0,96.29526003049038,106.66666666666667,214.0,38.0,25.23,5.18,23715.458562,87.0,1.0,1
60681,60.0,0.0,0.0,0.0,0.0,0.0,99.12668769504945,116.0,239.0,38.0,34.56,4.16,5606.604384,76.0,1.0,1
60682,46.0,1.0,0.0,0.0,0.0,0.0,80.9230322511963,108.66666666666667,231.0,96.0,26.13,3.85,70653.154593,79.0,1.0,1
60685,30.0,0.0,0.0,0.0,0.0,0.0,106.38437271862337,128.0,192.0,55.0,36.62,2.31,30101.236356,79.0,2.0,1
60689,65.0,1.0,1.0,0.0,0.0,0.0,96.25191088176868,110.0,211.0,70.0,32.11,6.8,69271.720998,88.0,2.0,1
60690,35.0,0.0,0.0,0.0,0.0,0.0,99.46228711042679,114.0,166.0,52.0,23.02,2.91,33178.411806,78.0,2.0,0
60696,44.0,0.0,0.0,0.0,0.0,0.0,108.00503709324838,124.0,191.0,68.0,26.63,2.36,20517.18759,82.0,2.0,1
60698,60.0,1.0,0.0,0.0,0.0,1.0,83.05083950889986,133.33333333333334,220.0,52.0,22.83,10.78,67032.592835,85.0,2.0,1
60699,30.0,0.0,1.0,0.0,0.0,0.0,106.38437271862337,110.66666666666667,187.0,37.0,25.73,3.97,19476.746003,77.0,2.0,0
60700,40.0,1.0,1.0,0.0,0.0,0.0,113.65461952506065,114.0,160.0,44.0,18.42,9.29,19657.057397,80.0,2.0,1
60702,33.0,1.0,0.0,0.0,0.0,0.0,119.14947006386863,104.66666666666667,185.0,48.0,21.94,9.01,20463.530223,86.0,2.0,1
60705,60.0,1.0,0.0,0.0,1.0,0.0,99.29203192232717,128.0,241.0,77.0,30.79,5.5,5941.801085,88.0,1.0,1
60706,50.0,1.0,0.0,0.0,0.0,0.0,84.60596476455257,136.0,206.0,54.0,24.88,4.7,30223.31635,79.0,2.0,1
60707,34.0,0.0,1.0,0.0,0.0,0.0,111.94371226087188,109.33333333333333,219.0,59.0,23.03,1.05,18239.134291,82.0,2.0,1
60711,30.0,1.0,0.0,0.0,0.0,0.0,120.51003965628063,120.0,234.0,50.0,38.27,5.88,31182.470273,75.0,1.0,1
60713,68.0,0.0,1.0,1.0,1.0,0.0,56.68447772373141,131.33333333333334,245.0,34.0,28.7,7.38,9928.558508,84.0,2.0,1
60717,39.0,0.0,0.0,0.0,0.0,0.0,69.72974717034218,156.0,225.0,59.0,28.21,164.16,34245.695441,82.0,2.0,0
60722,39.0,0.0,0.0,0.0,1.0,0.0,113.76218944519088,119.33333333333333,238.0,33.0,51.46,3.71,33986.464261,83.0,1.0,1
60738,67.0,1.0,0.0,0.0,0.0,0.0,69.14636041750623,116.0,290.0,59.0,49.47,23.12,21662.492013,80.0,2.0,1
60742,31.0,1.0,0.0,0.0,0.0,0.0,96.59653735004878,110.66666666666667,161.0,67.0,20.89,9.17,73726.740832,77.0,2.0,1
60743,37.0,1.0,0.0,0.0,0.0,0.0,78.14905745275362,102.66666666666667,132.0,51.0,33.29,3.04,31089.71015,82.0,1.0,1
60749,51.0,1.0,0.0,0.0,0.0,0.0,89.15118770862608,103.33333333333333,233.0,52.0,30.83,3.89,13556.336626,81.0,1.0,1
60750,30.0,1.0,0.0,0.0,0.0,0.0,120.51003965628063,105.33333333333333,144.0,58.0,23.84,8.75,75525.958273,83.0,2.0,0
60753,66.0,1.0,0.0,0.0,0.0,0.0,86.366176447723,108.0,245.0,50.0,31.96,5.35,59667.855973,80.0,1.0,1
60756,64.0,1.0,0.0,0.0,0.0,1.0,97.54139699296591,118.0,146.0,53.0,30.08,4.71,15146.292374,84.0,1.0,1
60760,66.0,0.0,0.0,0.0,0.0,0.0,82.02140535138454,128.0,197.0,67.0,23.49,32.08,23171.774599,80.0,2.0,1
60761,61.0,1.0,0.0,0.0,1.0,0.0,98.67642132440872,145.33333333333334,167.0,59.0,37.01,5.94,21641.273271,83.0,1.0,1
60763,45.0,0.0,0.0,0.0,0.0,0.0,98.10879305741537,127.33333333333333,255.0,34.0,41.87,9.09,24022.121021,83.0,2.0,1
60766,30.0,0.0,0.0,0.0,0.0,0.0,101.39789095079487,98.66666666666667,146.0,61.0,26.27,2.38,56502.621397,89.0,2.0,1
60771,42.0,1.0,1.0,0.0,0.0,0.0,115.32403544773312,118.66666666666667,227.0,61.0,30.88,6.99,22004.736599,87.0,1.0,1
60772,71.0,1.0,0.0,0.0,1.0,0.0,89.33383337589149,118.66666666666667,289.0,79.0,26.47,3.6,44645.637846,79.0,2.0,1
60778,53.0,1.0,0.0,1.0,1.0,0.0,105.21362000147177,192.66666666666666,183.0,58.0,26.53,7.87,24216.969057,84.0,2.0,1
60782,41.0,1.0,0.0,0.0,0.0,0.0,79.18914527122384,106.0,140.0,68.0,22.29,3.79,62336.581801,79.0,1.0,1
60784,34.0,1.0,0.0,0.0,0.0,0.0,123.82157683473228,110.66666666666667,194.0,56.0,27.63,7.89,18108.840553,88.0,1.0,1
60785,48.0,0.0,0.0,0.0,0.0,1.0,109.16616197879256,128.0,216.0,35.0,25.94,5.33,18698.417079,88.0,2.0,0
60787,31.0,1.0,0.0,0.0,0.0,0.0,91.29188330764693,110.66666666666667,218.0,66.0,26.07,1.85,51077.07672,89.0,2.0,1
60791,54.0,1.0,0.0,0.0,0.0,0.0,104.17727330165486,128.0,167.0,51.0,31.53,6.0,18999.168205,75.0,1.0,1
60797,36.0,1.0,0.0,0.0,0.0,0.0,119.70874463832251,120.66666666666667,177.0,58.0,30.69,7.41,18625.872132,87.0,2.0,1
60799,76.0,0.0,0.0,1.0,1.0,0.0,62.67369266058556,120.66666666666667,182.0,38.0,35.92,123.58,36799.195814,79.0,1.0,1
60802,63.0,0.0,1.0,0.0,1.0,1.0,79.76065625826563,135.33333333333334,209.0,43.0,27.15,9.84,49641.833867,80.0,1.0,1
60803,53.0,0.0,0.0,0.0,0.0,0.0,100.7804475435393,119.33333333333333,257.0,46.0,26.65,3.87,89543.78448,77.0,1.0,1
60804,46.0,0.0,1.0,0.0,0.0,0.0,108.91580072966724,98.0,168.0,64.0,20.45,10.14,19567.327178,79.0,1.0,1
60806,40.0,1.0,1.0,0.0,1.0,0.0,78.66703414214847,109.33333333333333,165.0,40.0,39.89,12.69,36343.314607,78.0,2.0,1
60810,38.0,1.0,0.0,0.0,0.0,0.0,96.65854024893135,115.33333333333333,227.0,47.0,32.04,3.54,59497.522458,79.0,1.0,1
60812,74.0,1.0,0.0,0.0,1.0,0.0,75.01279027367127,200.0,222.0,43.0,25.57,299.07,21160.969531,86.0,1.0,1
60816,39.0,1.0,0.0,0.0,0.0,0.0,102.15765097172819,99.33333333333333,189.0,85.0,21.24,4.65,74179.149936,78.0,2.0,1
60820,64.0,1.0,1.0,0.0,1.0,0.0,93.30889006268,112.0,246.0,52.0,34.21,20.31,8567.6299,75.0,1.0,1
60827,72.0,0.0,0.0,0.0,1.0,0.0,46.186845853600275,152.0,269.0,44.0,31.23,19.29,23591.577327,88.0,1.0,1
60828,39.0,1.0,0.0,0.0,0.0,0.0,79.15781258014536,99.33333333333333,159.0,63.0,20.64,6.47,69108.500669,79.0,2.0,1
60829,58.0,0.0,0.0,0.0,0.0,0.0,79.54491257883113,135.33333333333334,200.0,54.0,24.51,2.9,103268.230044,77.0,2.0,1
60836,30.0,0.0,0.0,0.0,0.0,0.0,96.82379252665463,118.66666666666667,168.0,56.0,23.54,6.39,62271.42409,76.0,1.0,1
60839,42.0,1.0,0.0,0.0,0.0,0.0,117.29182873442791,112.66666666666667,161.0,64.0,29.63,5.0,17361.209897,86.0,2.0,1
60842,48.0,1.0,0.0,1.0,1.0,0.0,109.35736765515784,146.66666666666666,188.0,44.0,45.59,29.88,27466.731558,78.0,1.0,0
60844,45.0,1.0,0.0,0.0,0.0,0.0,76.25840878658154,126.0,157.0,96.0,25.89,5.88,26102.697054,78.0,1.0,1
60845,64.0,1.0,0.0,0.0,1.0,0.0,94.88815463516505,116.0,218.0,70.0,27.71,8.74,6876.207042,82.0,1.0,1
60850,38.0,1.0,0.0,0.0,1.0,0.0,115.93373359731667,110.0,155.0,46.0,22.88,9.6,41887.382839,89.0,2.0,1
60853,32.0,1.0,0.0,1.0,0.0,1.0,122.22802385883092,118.66666666666667,206.0,40.0,38.95,20.78,21432.603538,83.0,1.0,1
60856,46.0,1.0,1.0,0.0,0.0,0.0,96.283370662582,107.33333333333333,204.0,33.0,28.77,12.22,20394.232563,77.0,2.0,1
60861,34.0,1.0,0.0,0.0,0.0,0.0,112.44839242943972,105.33333333333333,195.0,56.0,41.94,6.71,25535.793785,79.0,1.0,1
60863,52.0,1.0,1.0,0.0,1.0,0.0,102.24076532276526,111.33333333333333,240.0,64.0,31.27,4.55,21713.840153,83.0,1.0,1
60864,33.0,0.0,1.0,0.0,0.0,0.0,84.41566987382657,117.33333333333333,192.0,53.0,26.31,4.1,20802.659837,81.0,2.0,1
60866,56.0,0.0,1.0,0.0,0.0,0.0,98.91752920163769,132.66666666666666,221.0,47.0,26.99,4.69,20166.788583,83.0,2.0,1
60867,62.0,0.0,0.0,0.0,0.0,0.0,101.22479656428506,120.66666666666667,259.0,54.0,28.77,7.39,60349.521987,85.0,2.0,1
60870,60.0,0.0,0.0,0.0,0.0,0.0,103.7292284191516,132.0,238.0,70.0,18.76,6.45,6291.621749,89.0,1.0,1
60871,48.0,0.0,0.0,0.0,1.0,1.0,87.55961281805574,131.33333333333334,228.0,44.0,34.93,3.64,96096.130252,78.0,2.0,1
60873,58.0,1.0,0.0,0.0,0.0,1.0,87.98619592553051,154.66666666666666,157.0,60.0,23.71,17.09,114618.629798,82.0,2.0,1
60877,69.0,0.0,0.0,0.0,0.0,0.0,95.0885609811679,128.66666666666666,136.0,38.0,26.2,6.42,7591.775942,77.0,2.0,1
60881,45.0,1.0,0.0,0.0,1.0,0.0,112.73472028679367,128.0,218.0,49.0,27.01,13.03,21284.906566,75.0,1.0,1
60882,32.0,0.0,1.0,0.0,0.0,0.0,116.76738581157085,105.33333333333333,276.0,37.0,42.27,4.12,26792.411843,86.0,2.0,1
60883,47.0,1.0,0.0,1.0,1.0,0.0,112.25455726091992,142.66666666666666,177.0,33.0,37.82,6.55,23076.394545,82.0,2.0,1
60891,46.0,1.0,0.0,0.0,0.0,0.0,115.4358355457845,143.33333333333334,172.0,38.0,33.43,6.13,11633.806706,88.0,2.0,1
60893,66.0,1.0,0.0,0.0,0.0,0.0,72.43372123219312,100.0,228.0,83.0,18.17,1.36,67490.818023,87.0,2.0,1
60894,37.0,1.0,0.0,0.0,0.0,0.0,85.58176049657727,113.33333333333333,194.0,36.0,46.29,2.2,28232.49081,84.0,2.0,1
60899,64.0,1.0,0.0,0.0,1.0,0.0,61.433012583752046,104.0,221.0,80.0,31.44,45.06,66402.459548,77.0,1.0,1
60901,57.0,0.0,0.0,0.0,0.0,0.0,86.74336679062223,149.33333333333334,187.0,57.0,28.97,6.56,11822.128672,86.0,2.0,1
60902,49.0,1.0,1.0,0.0,0.0,0.0,110.41111045263344,131.33333333333334,166.0,66.0,55.6,17.54,18220.528013,87.0,2.0,1
60906,78.0,0.0,0.0,0.0,0.0,0.0,70.24125412083845,131.33333333333334,221.0,59.0,20.19,3.64,42248.55886,82.0,2.0,1
60910,36.0,0.0,0.0,0.0,0.0,0.0,112.01944372066578,104.66666666666667,249.0,43.0,27.66,3.13,20515.158821,88.0,1.0,1
60911,32.0,1.0,1.0,0.0,0.0,0.0,108.4128461211491,101.33333333333333,224.0,45.0,23.51,12.76,52494.07754,79.0,1.0,1
60914,62.0,1.0,0.0,1.0,0.0,0.0,104.98281364188522,151.33333333333334,240.0,42.0,31.33,97.5,7921.851507,75.0,1.0,1
60916,44.0,0.0,0.0,0.0,0.0,1.0,111.49689483707986,111.33333333333333,158.0,46.0,26.41,3.89,87735.097563,79.0,2.0,1
60918,79.0,0.0,0.0,0.0,0.0,0.0,87.46941372006624,132.66666666666666,158.0,40.0,30.29,4.17,29919.638147,84.0,1.0,1
60923,64.0,1.0,0.0,0.0,1.0,1.0,96.85239573532772,129.33333333333334,186.0,81.0,34.44,7.65,56822.323859,84.0,1.0,1
60925,46.0,1.0,0.0,0.0,1.0,0.0,117.63969235178001,155.33333333333334,230.0,53.0,34.63,9.83,14357.518355,88.0,2.0,1
60933,42.0,0.0,1.0,0.0,0.0,0.0,109.3568584605196,129.33333333333334,255.0,61.0,31.02,4.57,16557.906564,88.0,1.0,1
60934,49.0,0.0,0.0,0.0,1.0,1.0,82.29221680290215,106.0,151.0,69.0,32.39,3.13,81895.402401,77.0,1.0,1
60940,61.0,1.0,0.0,1.0,1.0,0.0,93.50559750803058,140.66666666666666,171.0,53.0,24.92,100.99,20205.043843,80.0,1.0,0
60953,53.0,0.0,1.0,0.0,0.0,0.0,93.34689407949695,119.33333333333333,152.0,44.0,24.61,3.33,17126.695224,84.0,1.0,1
60954,30.0,0.0,0.0,0.0,0.0,0.0,116.27850977311344,114.66666666666667,200.0,41.0,39.28,3.29,27516.988161,75.0,2.0,1
60956,69.0,1.0,0.0,1.0,1.0,1.0,76.26464803461039,130.0,184.0,44.0,32.83,9.78,6323.300843,88.0,2.0,1
60957,41.0,1.0,0.0,0.0,0.0,0.0,107.65797284621458,130.0,173.0,62.0,26.23,87.5,18820.44423,85.0,2.0,1
60964,50.0,1.0,1.0,0.0,0.0,0.0,93.91765822093848,98.0,253.0,75.0,25.87,7.37,21800.840156,78.0,1.0,1
60967,30.0,0.0,1.0,0.0,0.0,0.0,118.2288791954785,111.33333333333333,273.0,27.0,23.75,5.66,19476.746003,76.0,1.0,1
60969,64.0,0.0,0.0,0.0,0.0,0.0,98.09193756150789,113.33333333333333,267.0,66.0,39.89,5.52,6426.606351,88.0,1.0,1
60970,31.0,0.0,0.0,0.0,0.0,0.0,115.55758301252014,118.0,159.0,46.0,34.28,37.29,15464.412576,84.0,1.0,1
60971,64.0,0.0,0.0,0.0,0.0,0.0,86.108015255757,116.66666666666667,140.0,37.0,23.83,3.2,55670.350052,86.0,2.0,1
60973,42.0,1.0,0.0,0.0,0.0,0.0,112.24967112652445,102.66666666666667,200.0,63.0,21.9,6.24,21052.826838,77.0,2.0,1
60977,67.0,1.0,0.0,1.0,0.0,0.0,62.49665349518806,105.33333333333333,240.0,51.0,42.27,6.0,57924.982501,84.0,1.0,1
60979,36.0,1.0,0.0,0.0,0.0,0.0,118.28639991589417,92.66666666666667,162.0,66.0,21.64,5.34,18266.025284,84.0,2.0,1
60980,37.0,0.0,0.0,0.0,0.0,0.0,113.19220480677019,108.66666666666667,248.0,52.0,25.03,7.25,62622.748131,85.0,1.0,1
60982,52.0,0.0,0.0,0.0,0.0,0.0,84.44227448614791,107.33333333333333,210.0,55.0,25.7,3.67,21593.236365,79.0,2.0,1
60984,30.0,1.0,0.0,0.0,0.0,0.0,115.28087958949364,103.33333333333333,256.0,53.0,36.13,2.29,28232.49081,84.0,2.0,1
60986,65.0,0.0,0.0,0.0,0.0,0.0,89.96227676148709,127.33333333333333,185.0,54.0,23.58,3.53,11071.371044,78.0,2.0,1
60989,48.0,0.0,0.0,0.0,0.0,0.0,95.11734087599032,119.33333333333333,189.0,35.0,32.05,2.81,23620.047773,77.0,2.0,1
60990,34.0,0.0,0.0,0.0,0.0,0.0,114.93547270008962,115.33333333333333,187.0,44.0,28.32,4.63,29242.895109,87.0,2.0,1
60991,49.0,0.0,0.0,0.0,0.0,0.0,107.28984710712193,112.0,156.0,40.0,26.6,6.67,15989.393546,85.0,2.0,0
60993,31.0,1.0,0.0,0.0,0.0,0.0,121.09239684443466,100.66666666666667,147.0,67.0,21.33,5.92,48622.528987,86.0,3.0,1
60994,60.0,0.0,0.0,0.0,0.0,0.0,86.16262077966914,126.0,207.0,50.0,30.55,3.43,11286.80413,78.0,2.0,1
60998,60.0,1.0,0.0,1.0,1.0,1.0,99.99838858339405,134.0,164.0,59.0,52.49,12.88,5704.537759,89.0,2.0,1
61006,75.0,0.0,0.0,1.0,1.0,1.0,57.822402709810596,132.66666666666666,159.0,52.0,28.69,6.19,35141.525644,82.0,1.0,1
61007,41.0,0.0,0.0,0.0,0.0,0.0,112.76301703225437,116.66666666666667,173.0,42.0,30.56,4.67,20306.364191,77.0,1.0,1
61020,55.0,0.0,0.0,0.0,0.0,0.0,94.52694274828845,126.0,208.0,45.0,29.03,9.69,118993.77516,75.0,2.0,1
61026,53.0,0.0,0.0,1.0,0.0,0.0,113.20088646810956,123.33333333333333,219.0,47.0,41.0,7.47,11516.018157,85.0,1.0,1
61029,62.0,0.0,0.0,0.0,0.0,0.0,97.22396860027366,110.0,302.0,30.0,30.08,6.67,5585.808017,78.0,1.0,1
61037,38.0,1.0,1.0,0.0,0.0,0.0,86.21225600738919,114.0,169.0,55.0,20.87,5.31,22459.008911,77.0,2.0,1
61042,34.0,1.0,0.0,0.0,0.0,0.0,120.23716734931925,100.0,195.0,72.0,19.13,16.62,51176.388512,88.0,1.0,1
61044,41.0,1.0,0.0,0.0,0.0,0.0,112.14025139426158,109.33333333333333,192.0,78.0,24.8,4.84,30453.858214,86.0,1.0,1
61048,54.0,0.0,1.0,0.0,0.0,0.0,103.62936284769019,117.33333333333333,200.0,56.0,22.44,6.14,90003.659124,85.0,2.0,1
61049,69.0,0.0,1.0,0.0,0.0,0.0,90.04600283733936,132.66666666666666,289.0,57.0,26.29,8.47,7200.115955,81.0,1.0,1
61051,44.0,1.0,0.0,0.0,0.0,0.0,97.48848036188426,98.66666666666667,237.0,44.0,23.35,5.49,86519.30926,78.0,2.0,1
61052,47.0,0.0,1.0,0.0,0.0,0.0,106.36688562392148,141.33333333333334,136.0,50.0,23.79,9.51,21427.684528,77.0,1.0,0
61053,78.0,0.0,0.0,1.0,1.0,0.0,44.83541363572302,173.33333333333334,155.0,67.0,29.95,35.0,11329.112652,84.0,1.0,1
61058,31.0,0.0,0.0,0.0,0.0,0.0,109.74374946445099,130.66666666666666,204.0,38.0,39.62,3.54,23817.094228,84.0,1.0,1
61059,36.0,0.0,1.0,0.0,0.0,0.0,113.89837473009679,121.33333333333333,252.0,53.0,28.63,2.2,55300.437963,89.0,2.0,1
61060,36.0,1.0,1.0,0.0,0.0,0.0,91.00128413913762,111.33333333333333,187.0,78.0,26.14,6.07,28833.699747,88.0,1.0,1
61062,72.0,1.0,0.0,0.0,1.0,1.0,92.80703767439074,142.66666666666666,190.0,55.0,27.2,21.2,38087.107887,81.0,2.0,1
61063,71.0,1.0,0.0,1.0,1.0,1.0,50.93045517389772,141.33333333333334,184.0,65.0,22.88,11.11,21141.633727,85.0,2.0,1
61065,44.0,0.0,1.0,0.0,0.0,0.0,74.97271268786355,117.33333333333333,206.0,35.0,28.06,3.26,18517.344718,84.0,2.0,1
61069,38.0,0.0,0.0,0.0,0.0,0.0,78.59567043176304,126.66666666666667,194.0,60.0,31.55,11.07,68882.984455,76.0,2.0,1
61073,70.0,0.0,0.0,0.0,0.0,0.0,92.5050162792939,125.33333333333333,173.0,37.0,26.54,7.16,35523.208227,77.0,2.0,1
61077,34.0,0.0,1.0,0.0,0.0,0.0,96.6284672036636,118.66666666666667,285.0,48.0,26.81,6.59,16093.817145,84.0,2.0,0
61078,65.0,0.0,1.0,1.0,0.0,0.0,104.08827717039736,100.0,160.0,49.0,32.58,109.24,61916.952446,77.0,2.0,1
61079,44.0,0.0,1.0,0.0,0.0,0.0,96.33249047617024,132.66666666666666,151.0,33.0,32.26,3.59,20509.60003,87.0,2.0,1
61080,46.0,0.0,0.0,0.0,1.0,0.0,87.6528351951641,152.0,184.0,44.0,32.42,5.2,20849.684194,87.0,2.0,1
61081,62.0,0.0,0.0,0.0,0.0,0.0,75.9006793218729,116.0,313.0,52.0,29.21,3.5,54784.845182,77.0,1.0,1
61085,51.0,1.0,0.0,0.0,0.0,0.0,96.33000919016202,126.0,196.0,74.0,24.91,3.46,108209.282855,83.0,2.0,1
61088,64.0,1.0,0.0,0.0,1.0,1.0,77.55090599096587,118.66666666666667,155.0,54.0,35.56,5.25,80888.133133,83.0,1.0,1
61091,59.0,1.0,0.0,0.0,0.0,0.0,100.98757605827362,138.0,226.0,94.0,22.01,6.27,83098.701741,85.0,1.0,1
61094,41.0,0.0,0.0,0.0,0.0,0.0,113.17655952541588,116.66666666666667,181.0,40.0,26.85,4.17,18226.446244,85.0,1.0,1
61096,49.0,0.0,1.0,0.0,0.0,0.0,105.77557528209418,137.33333333333334,215.0,45.0,23.28,4.6,24597.681424,87.0,2.0,0
61102,62.0,0.0,0.0,1.0,0.0,0.0,94.05274868234349,103.33333333333333,185.0,50.0,27.27,3.65,11071.371044,78.0,2.0,1
61103,42.0,0.0,0.0,0.0,0.0,0.0,110.86864280469636,122.66666666666667,238.0,85.0,23.18,5.93,27378.199535,75.0,2.0,1
61104,47.0,1.0,1.0,0.0,1.0,0.0,113.70059034885377,105.0,169.0,49.0,28.21,12.73,17702.790493,86.0,1.0,1
61106,53.0,0.0,1.0,0.0,0.0,0.0,91.088535552537,106.0,211.0,39.0,30.91,3.83,11572.031297,88.0,1.0,1
61107,32.0,0.0,0.0,0.0,0.0,0.0,84.07922579700514,103.33333333333333,180.0,39.0,30.33,2.73,17498.238159,75.0,2.0,1
61108,53.0,0.0,0.0,0.0,0.0,1.0,94.5149423493131,125.33333333333333,185.0,55.0,26.76,2.46,84942.315961,83.0,2.0,1
61110,58.0,1.0,0.0,1.0,1.0,0.0,93.72382425083185,106.0,145.0,42.0,41.09,7.3,28522.937384,81.0,2.0,1
61119,51.0,1.0,0.0,0.0,0.0,0.0,106.53050320871651,92.66666666666667,194.0,84.0,18.01,9.47,91691.203392,86.0,1.0,1
61121,57.0,1.0,0.0,0.0,0.0,0.0,97.4608234720502,106.66666666666667,162.0,65.0,28.14,5.64,86709.864461,88.0,2.0,1
61126,74.0,0.0,0.0,1.0,1.0,1.0,69.68145644210134,131.33333333333334,144.0,34.0,32.7,6.05,35823.460214,82.0,1.0,1
61127,38.0,0.0,1.0,0.0,0.0,0.0,105.06855051128726,114.66666666666667,256.0,41.0,34.4,15.14,52195.467501,88.0,1.0,1
61132,46.0,1.0,0.0,0.0,1.0,0.0,54.885044670887304,143.33333333333334,202.0,77.0,84.87,1005.56,36880.224998,83.0,2.0,0
61133,66.0,1.0,0.0,1.0,1.0,1.0,43.73148710072633,162.66666666666666,236.0,64.0,40.33,6.12,17057.398655,81.0,2.0,1
61140,60.0,1.0,0.0,0.0,0.0,0.0,85.58024785216206,132.0,266.0,49.0,33.5,4.64,60851.686967,77.0,1.0,1
61141,61.0,0.0,0.0,0.0,0.0,0.0,78.95094987627384,123.33333333333333,150.0,47.0,21.19,4.35,52398.27782,84.0,2.0,1
61144,69.0,0.0,1.0,0.0,1.0,1.0,66.79614875274244,106.66666666666667,193.0,49.0,43.36,11.14,6710.314132,87.0,2.0,1
61145,32.0,0.0,0.0,1.0,0.0,0.0,117.57162615510919,116.0,178.0,90.0,25.98,2.98,18875.984973,76.0,2.0,1
61148,36.0,1.0,1.0,0.0,0.0,0.0,115.68220640205338,90.0,194.0,48.0,26.76,6.85,63645.377006,77.0,1.0,1
61153,30.0,0.0,0.0,0.0,0.0,0.0,97.93140135486792,110.0,188.0,55.0,28.97,4.71,23874.823219,84.0,1.0,0
61154,44.0,1.0,0.0,0.0,0.0,0.0,91.74029836992489,92.66666666666667,246.0,58.0,30.66,3.38,13949.293547,89.0,2.0,1
61155,63.0,1.0,0.0,0.0,1.0,0.0,61.81627347932386,115.33333333333333,207.0,51.0,37.62,7.92,80888.133133,83.0,1.0,1
61156,64.0,1.0,0.0,0.0,1.0,0.0,78.6734704571138,154.0,218.0,52.0,,10.16,16280.607991,77.0,1.0,1
61159,30.0,1.0,1.0,0.0,0.0,0.0,67.12157598902085,104.0,132.0,36.0,15.95,7.57,43181.860913,80.0,1.0,1
61160,34.0,0.0,0.0,1.0,0.0,0.0,107.71514521859211,125.33333333333333,317.0,43.0,28.76,25.68,27118.823006,86.0,2.0,0
61161,43.0,1.0,1.0,0.0,0.0,0.0,114.14573969680004,94.66666666666667,212.0,42.0,22.72,4.33,98425.171965,75.0,2.0,1
61162,35.0,1.0,0.0,0.0,0.0,0.0,118.11711889319605,98.66666666666667,215.0,51.0,37.5,5.43,61051.755394,86.0,1.0,0
61163,48.0,1.0,0.0,0.0,0.0,0.0,108.13817395799143,108.66666666666667,211.0,31.0,32.11,17.24,22758.235199,82.0,2.0,1
61164,69.0,0.0,1.0,0.0,0.0,0.0,90.04600283733936,114.66666666666667,187.0,31.0,29.83,10.14,9590.4584,75.0,1.0,1
61165,35.0,1.0,0.0,0.0,0.0,0.0,104.73092239364075,112.0,171.0,56.0,25.31,3.26,14913.47286,89.0,1.0,1
61166,38.0,1.0,0.0,0.0,0.0,0.0,95.22833560213161,150.0,228.0,33.0,37.64,312.5,65846.13843,81.0,1.0,1
61167,41.0,0.0,0.0,0.0,0.0,0.0,74.19011237291771,106.0,179.0,75.0,24.22,6.89,72486.78935,85.0,1.0,1
61172,55.0,1.0,0.0,0.0,0.0,1.0,91.04208962485207,94.0,198.0,95.0,23.02,6.77,71724.177475,86.0,3.0,1
61174,32.0,0.0,1.0,0.0,0.0,0.0,125.0136162199124,122.66666666666667,188.0,55.0,28.14,3.99,13780.597684,86.0,3.0,1
61175,44.0,1.0,0.0,0.0,0.0,0.0,93.118117274328,104.66666666666667,277.0,76.0,23.41,18.39,21052.826838,77.0,2.0,1
61178,64.0,0.0,1.0,1.0,0.0,0.0,74.96242852039481,122.66666666666667,270.0,41.0,36.57,2.64,6230.506123,89.0,2.0,1
61181,50.0,0.0,1.0,0.0,1.0,1.0,80.0326779581384,152.66666666666666,145.0,36.0,26.28,12.66,28250.716608,75.0,2.0,1
61182,46.0,1.0,0.0,0.0,1.0,0.0,109.49166170364069,119.33333333333333,203.0,48.0,31.36,9.92,21052.826838,77.0,2.0,1
61185,54.0,0.0,0.0,0.0,0.0,0.0,87.33830108299492,96.66666666666667,280.0,35.0,30.34,3.19,9731.188016,88.0,1.0,1
61189,37.0,1.0,0.0,0.0,0.0,0.0,106.79997729856711,99.33333333333333,166.0,51.0,23.39,32.98,25936.820943,87.0,1.0,1
61196,41.0,0.0,0.0,0.0,0.0,0.0,95.8191680907782,137.33333333333334,144.0,40.0,47.49,5.56,94749.208784,81.0,2.0,1
61202,50.0,1.0,0.0,0.0,0.0,0.0,82.25039340929003,123.33333333333333,308.0,52.0,28.09,11.28,11653.644872,86.0,2.0,1
61203,59.0,1.0,0.0,0.0,1.0,0.0,73.6437755565096,143.33333333333334,200.0,34.0,48.3,486.57,11067.318779,85.0,1.0,1
61206,66.0,0.0,0.0,0.0,0.0,1.0,90.55935413203161,153.33333333333334,257.0,56.0,25.89,3.37,10840.376763,81.0,2.0,1
61208,44.0,1.0,1.0,0.0,0.0,0.0,81.9358876424416,112.66666666666667,197.0,49.0,25.5,8.89,20013.359204,80.0,2.0,1
61219,68.0,1.0,0.0,0.0,0.0,0.0,88.07241904460619,161.0,161.0,41.0,28.48,26.46,5133.304707,84.0,2.0,1
61220,34.0,1.0,0.0,0.0,0.0,0.0,117.97585622866464,98.66666666666667,182.0,43.0,33.27,5.06,71929.361138,81.0,2.0,1
61222,51.0,1.0,0.0,0.0,0.0,0.0,99.50563731959164,119.33333333333333,180.0,51.0,33.36,4.58,11556.695436,88.0,2.0,1
61224,67.0,0.0,0.0,0.0,0.0,0.0,75.21480615361708,136.0,220.0,71.0,27.68,7.0,10576.929411,86.0,1.0,1
61227,61.0,1.0,0.0,0.0,0.0,1.0,100.86371246697986,184.66666666666666,196.0,51.0,28.29,16.67,69887.73768,79.0,1.0,1
61229,40.0,1.0,0.0,0.0,0.0,0.0,110.16310870388523,94.66666666666667,244.0,60.0,22.14,3.6,73773.739913,79.0,2.0,1
61230,65.0,1.0,0.0,0.0,0.0,0.0,78.18569494027969,193.33333333333334,237.0,61.0,40.98,36.55,77758.252044,80.0,2.0,1
61232,72.0,1.0,0.0,0.0,1.0,1.0,80.64926896953644,134.0,165.0,45.0,28.17,5.28,13516.779452,82.0,2.0,1
61234,35.0,0.0,0.0,0.0,0.0,0.0,94.93294006823407,149.33333333333334,161.0,38.0,25.39,4.14,70628.249043,77.0,1.0,0
61235,35.0,1.0,1.0,0.0,0.0,0.0,91.56901201362206,120.0,181.0,54.0,27.72,6.0,16169.588736,80.0,1.0,1
61238,47.0,0.0,0.0,0.0,1.0,1.0,93.41830841115338,142.66666666666666,227.0,76.0,22.65,3.66,68566.199782,76.0,2.0,1
61239,56.0,1.0,0.0,1.0,1.0,1.0,108.97434156615849,108.66666666666667,191.0,62.0,34.6,7.37,77376.076869,88.0,2.0,1
61242,43.0,0.0,1.0,0.0,0.0,0.0,99.3367502559088,126.66666666666667,316.0,32.0,25.26,10.36,21301.379538,79.0,1.0,1
61248,60.0,1.0,0.0,1.0,1.0,0.0,91.08618933780032,128.0,221.0,41.0,31.52,11.09,15497.580757,84.0,1.0,1
61252,37.0,0.0,1.0,0.0,0.0,0.0,104.40386951914022,162.66666666666666,179.0,23.0,35.06,36.59,33061.224604,78.0,2.0,1
61253,49.0,0.0,0.0,1.0,0.0,0.0,106.52111279397073,110.66666666666667,181.0,42.0,35.85,4.78,20283.608634,85.0,2.0,1
61257,40.0,1.0,0.0,0.0,0.0,0.0,119.28622223235253,123.33333333333333,161.0,40.0,48.54,5.88,83309.69139,76.0,2.0,1
61258,38.0,1.0,0.0,0.0,0.0,0.0,117.28290265346558,100.0,242.0,56.0,31.86,2.82,28986.630262,79.0,2.0,1
61259,49.0,0.0,1.0,0.0,0.0,0.0,92.2635123866304,126.66666666666667,190.0,66.0,19.75,9.55,15175.607764,89.0,1.0,1
61261,62.0,0.0,0.0,1.0,0.0,1.0,102.86878441383074,139.33333333333334,162.0,48.0,37.27,6.93,59035.504595,86.0,1.0,1
61265,70.0,0.0,0.0,0.0,0.0,0.0,72.21669386019647,150.0,205.0,30.0,30.75,9.11,41267.643323,87.0,1.0,1
61266,55.0,0.0,1.0,1.0,0.0,1.0,103.73907741093174,146.0,169.0,40.0,32.33,4.42,90382.442658,79.0,1.0,0
61269,37.0,0.0,1.0,0.0,0.0,0.0,89.64586814075305,138.66666666666666,219.0,28.0,33.91,4.49,77176.460949,81.0,2.0,1
61270,49.0,1.0,0.0,0.0,0.0,0.0,86.36612254006826,128.0,192.0,54.0,19.16,5.44,76603.798386,77.0,1.0,1
61276,59.0,0.0,0.0,0.0,0.0,0.0,97.08904675313786,112.66666666666667,154.0,48.0,27.17,5.93,13666.884857,81.0,1.0,1
61280,55.0,1.0,0.0,0.0,0.0,0.0,91.04208962485207,97.33333333333333,251.0,100.0,22.11,5.33,95158.077948,77.0,1.0,1
61286,31.0,1.0,0.0,0.0,0.0,0.0,102.49501894446688,100.66666666666667,190.0,63.0,35.2,5.76,61425.654084,83.0,1.0,1
61294,32.0,1.0,1.0,0.0,0.0,0.0,119.4524751675974,103.33333333333333,216.0,46.0,38.22,7.08,23407.555929,83.0,1.0,1
61298,57.0,0.0,0.0,0.0,0.0,0.0,76.62320184642616,118.0,218.0,53.0,25.56,3.65,105231.671887,87.0,1.0,1
61300,39.0,1.0,0.0,0.0,0.0,0.0,116.55574865701409,97.33333333333333,176.0,40.0,24.7,4.4,61739.600243,75.0,2.0,1
61303,35.0,1.0,0.0,0.0,0.0,0.0,119.96864882040761,102.66666666666667,204.0,49.0,40.7,28.49,25936.820943,87.0,1.0,1
61306,55.0,1.0,1.0,0.0,0.0,0.0,64.21351119375277,125.33333333333333,192.0,47.0,25.75,15.14,29615.973733,83.0,2.0,1
61312,61.0,1.0,1.0,0.0,0.0,0.0,95.06618064770778,101.33333333333333,206.0,63.0,24.24,26.36,60851.686967,75.0,2.0,0
61319,30.0,1.0,0.0,0.0,0.0,0.0,127.51367786495405,111.33333333333333,174.0,47.0,25.26,5.35,15101.432598,88.0,1.0,1
61322,42.0,0.0,1.0,0.0,0.0,0.0,91.93841868838255,110.0,319.0,53.0,28.31,2.74,80523.693485,86.0,1.0,1
61323,54.0,0.0,1.0,0.0,0.0,0.0,103.62936284769019,155.33333333333334,293.0,65.0,,45.63,15186.386639,77.0,2.0,0
61326,57.0,1.0,1.0,1.0,0.0,0.0,104.62744031263121,170.0,180.0,37.0,28.4,16.64,24911.53081,76.0,2.0,1
61329,61.0,0.0,0.0,0.0,1.0,1.0,100.3103263877649,125.33333333333333,153.0,48.0,29.67,4.21,57398.774363,81.0,2.0,1
61332,40.0,0.0,0.0,0.0,1.0,0.0,86.08975612426984,121.33333333333333,258.0,56.0,39.87,2.08,27557.819396,81.0,2.0,1
61333,40.0,0.0,0.0,0.0,0.0,0.0,95.28375110001366,102.0,148.0,51.0,28.42,3.45,28419.766067,78.0,2.0,1
61336,66.0,0.0,0.0,1.0,1.0,0.0,53.5892728572878,120.0,184.0,45.0,30.05,118.67,9874.558493,83.0,2.0,1
61338,58.0,0.0,0.0,0.0,1.0,0.0,86.20555791652036,125.33333333333333,197.0,54.0,23.81,6.14,13715.700749,81.0,1.0,1
61340,56.0,1.0,0.0,0.0,0.0,0.0,116.79775338642156,115.33333333333333,274.0,74.0,29.45,9.6,11193.671799,85.0,1.0,1
61342,38.0,1.0,0.0,0.0,0.0,0.0,123.64083825274062,142.66666666666666,316.0,30.0,37.81,295.0,18759.085729,80.0,2.0,1
61343,48.0,0.0,0.0,0.0,0.0,0.0,101.28647410045195,142.0,173.0,70.0,21.13,17.35,87242.435903,76.0,1.0,1
61349,63.0,1.0,0.0,0.0,1.0,0.0,83.99830396012484,155.33333333333334,208.0,72.0,30.18,5.77,81142.658346,79.0,2.0,1
61353,54.0,0.0,0.0,0.0,0.0,0.0,88.37700857622673,140.66666666666666,176.0,58.0,25.34,13.44,14717.191175,78.0,2.0,1
61356,73.0,1.0,0.0,0.0,0.0,0.0,30.814677513415432,143.33333333333334,164.0,47.0,34.47,20.13,39446.870985,81.0,1.0,1
61360,46.0,0.0,0.0,0.0,0.0,0.0,82.04863859397764,108.0,166.0,34.0,30.23,2.67,84551.439388,77.0,1.0,1
61362,60.0,1.0,0.0,0.0,1.0,0.0,103.9707528939343,167.33333333333334,208.0,87.0,28.74,3.73,18721.249999,78.0,2.0,1
61365,61.0,1.0,0.0,0.0,1.0,0.0,99.73921207757469,114.0,205.0,66.0,36.12,6.13,23288.478748,77.0,2.0,1
61369,57.0,0.0,0.0,0.0,1.0,0.0,71.24683384302266,134.66666666666666,237.0,64.0,28.75,4.7,90382.442658,79.0,1.0,1
61373,30.0,1.0,0.0,0.0,0.0,0.0,121.39341747138397,127.33333333333333,271.0,73.0,42.13,3.46,64527.134074,79.0,1.0,1
61378,73.0,0.0,0.0,0.0,0.0,0.0,84.51571603599076,133.33333333333334,197.0,50.0,27.05,10.93,12635.930248,81.0,1.0,1
61379,38.0,1.0,0.0,0.0,0.0,0.0,78.64658875386627,116.66666666666667,196.0,45.0,32.44,6.4,15043.817796,88.0,1.0,1
61380,74.0,0.0,0.0,1.0,1.0,1.0,55.093995831256116,118.66666666666667,162.0,76.0,31.57,4.08,12635.930248,81.0,1.0,1
61384,30.0,1.0,0.0,0.0,0.0,0.0,120.94757588373878,110.0,145.0,50.0,33.45,7.97,53978.982896,84.0,1.0,1
61396,63.0,0.0,0.0,0.0,1.0,0.0,96.29202546729238,163.33333333333334,195.0,42.0,25.3,22.81,19112.796813,85.0,2.0,0
61405,63.0,1.0,0.0,0.0,0.0,0.0,100.79513131538381,150.0,166.0,49.0,30.04,7.82,7084.376544,81.0,1.0,1
61407,39.0,0.0,0.0,1.0,0.0,0.0,118.20131464881989,114.0,219.0,45.0,34.58,8.86,26569.519415,88.0,1.0,1
61411,72.0,0.0,0.0,0.0,1.0,1.0,63.61570798067002,123.33333333333333,156.0,48.0,22.49,8.37,12378.492771,75.0,2.0,1
61414,74.0,0.0,0.0,0.0,1.0,1.0,65.41566488455183,113.33333333333333,162.0,39.0,30.37,106.78,34006.183648,79.0,1.0,1
61415,39.0,0.0,0.0,0.0,0.0,1.0,109.94877345234129,103.33333333333333,196.0,43.0,30.71,2.58,15234.0146,79.0,2.0,1
61417,43.0,1.0,0.0,0.0,0.0,0.0,80.27743872182762,112.66666666666667,163.0,66.0,21.03,4.34,22361.297747,76.0,1.0,1
61422,44.0,0.0,0.0,0.0,0.0,0.0,111.91597231788941,113.33333333333333,170.0,58.0,38.06,4.62,21181.316627,81.0,1.0,1
61428,38.0,0.0,1.0,0.0,0.0,0.0,83.54176738791202,122.66666666666667,175.0,39.0,26.98,2.54,12624.582404,86.0,2.0,0
61429,51.0,1.0,0.0,1.0,1.0,0.0,114.03780308635295,92.0,224.0,31.0,33.02,8.16,10168.947324,88.0,1.0,1
61433,33.0,0.0,0.0,0.0,0.0,0.0,108.3871455208212,140.66666666666666,157.0,74.0,22.28,6.39,20657.463731,79.0,2.0,1
61435,52.0,0.0,1.0,0.0,0.0,0.0,84.44227448614791,140.66666666666666,175.0,39.0,22.31,5.0,77872.686301,78.0,1.0,1
61439,58.0,1.0,0.0,1.0,1.0,0.0,107.62724870442793,124.0,254.0,33.0,36.19,18.93,13091.269928,81.0,1.0,1
61441,53.0,1.0,1.0,1.0,1.0,1.0,96.68409555865611,120.66666666666667,147.0,57.0,31.48,5.75,25721.889396,84.0,2.0,1
61442,52.0,1.0,0.0,0.0,0.0,0.0,115.6806909623652,142.0,229.0,88.0,24.46,17.36,106104.605651,81.0,2.0,1
61445,46.0,1.0,0.0,0.0,0.0,0.0,104.36170362805939,104.66666666666667,212.0,93.0,23.58,6.03,63386.839663,84.0,1.0,1
61446,62.0,1.0,0.0,1.0,1.0,1.0,92.92586280348077,118.0,173.0,81.0,24.38,4.76,13070.875072,78.0,1.0,1
61447,45.0,0.0,0.0,0.0,0.0,0.0,112.5133463707831,124.66666666666667,135.0,42.0,43.44,3.55,92531.23983,76.0,2.0,1
61449,39.0,0.0,1.0,0.0,0.0,0.0,81.32368052381018,112.0,179.0,64.0,27.82,11.09,23790.496586,84.0,1.0,1
61451,64.0,1.0,0.0,0.0,0.0,0.0,84.76342483152837,90.66666666666667,209.0,74.0,23.89,10.45,60851.686967,77.0,1.0,1
61454,35.0,1.0,0.0,0.0,0.0,0.0,74.45015233223732,119.33333333333333,192.0,53.0,24.84,4.71,22157.972966,81.0,2.0,0
61471,52.0,1.0,0.0,0.0,1.0,0.0,94.22318911704791,122.66666666666667,204.0,80.0,22.2,11.77,93109.959096,87.0,2.0,1
61475,30.0,1.0,0.0,0.0,0.0,0.0,109.76977174070818,113.33333333333333,158.0,52.0,18.83,3.94,22909.815542,89.0,2.0,0
61476,44.0,0.0,1.0,0.0,0.0,0.0,68.20972589286554,158.0,215.0,63.0,30.77,29.87,15175.607764,89.0,1.0,1
61477,35.0,0.0,1.0,0.0,0.0,0.0,120.68847927166654,137.33333333333334,144.0,46.0,52.2,21.6,22224.860402,86.0,3.0,0
61478,48.0,0.0,0.0,0.0,0.0,0.0,88.57088500812246,118.66666666666667,208.0,76.0,22.84,5.48,66422.574134,76.0,1.0,1
61479,63.0,0.0,1.0,1.0,1.0,1.0,86.64521559243006,105.33333333333333,187.0,50.0,26.98,9.34,7737.568458,75.0,1.0,1
61480,40.0,1.0,0.0,0.0,0.0,0.0,115.83310301534061,109.33333333333333,270.0,61.0,27.04,6.22,18949.098086,87.0,2.0,1
61482,59.0,1.0,0.0,0.0,0.0,0.0,100.26362185731047,142.0,314.0,40.0,33.97,5.26,95185.415335,79.0,1.0,1
61484,37.0,1.0,0.0,0.0,1.0,0.0,118.01459313087702,152.66666666666666,184.0,51.0,34.06,26.52,21775.247212,87.0,2.0,0
61488,41.0,1.0,0.0,0.0,0.0,0.0,104.17586855243808,98.0,233.0,69.0,26.7,28.51,18820.44423,85.0,2.0,1
61491,37.0,0.0,0.0,0.0,0.0,0.0,83.1940923215071,113.33333333333333,194.0,34.0,30.0,2.16,53465.061204,80.0,1.0,1
61496,37.0,0.0,0.0,0.0,0.0,0.0,108.45823598683084,108.66666666666667,197.0,47.0,28.85,3.71,63532.09961,79.0,1.0,1
61498,33.0,0.0,0.0,0.0,0.0,0.0,116.44009866336877,120.0,181.0,40.0,37.69,4.66,17343.50186,83.0,2.0,1
61499,55.0,1.0,0.0,0.0,1.0,1.0,103.53137420718461,130.0,260.0,97.0,30.24,81.51,13556.336626,81.0,1.0,1
61501,46.0,1.0,0.0,1.0,0.0,0.0,116.51094450866958,144.66666666666666,152.0,53.0,36.21,10.95,14251.534831,85.0,2.0,1
61507,68.0,1.0,1.0,1.0,1.0,1.0,94.14566788317298,130.66666666666666,155.0,49.0,28.23,10.0,5184.204509,86.0,3.0,1
61508,45.0,1.0,1.0,0.0,1.0,0.0,82.53952338250114,123.33333333333333,213.0,37.0,31.21,5.44,20120.872457,81.0,2.0,1
61510,43.0,1.0,0.0,1.0,0.0,0.0,123.00480111029981,118.66666666666667,148.0,56.0,21.91,10.67,16043.839024,85.0,1.0,1
61512,36.0,1.0,0.0,0.0,0.0,0.0,115.68220640205338,118.0,146.0,45.0,35.7,8.72,72906.586048,77.0,2.0,1
61518,39.0,0.0,1.0,0.0,0.0,0.0,88.53770536297904,134.66666666666666,239.0,38.0,33.4,11.88,69214.37238,77.0,1.0,0
61519,36.0,0.0,0.0,0.0,0.0,0.0,102.48771054741968,113.33333333333333,280.0,49.0,26.89,3.48,80661.440548,82.0,2.0,1
61523,48.0,1.0,0.0,0.0,0.0,1.0,99.73786717214946,109.33333333333333,198.0,73.0,24.19,5.12,28877.031792,75.0,1.0,1
61525,46.0,1.0,1.0,0.0,0.0,0.0,90.60624516720716,110.0,192.0,31.0,32.91,5.35,72750.111486,76.0,2.0,1
61531,50.0,0.0,1.0,1.0,1.0,1.0,88.49613559136108,134.66666666666666,170.0,29.0,39.15,27.89,20417.230428,75.0,1.0,1
61532,43.0,0.0,1.0,0.0,0.0,0.0,110.57112804401123,149.33333333333334,248.0,32.0,43.12,7.06,26807.218462,75.0,2.0,1
61533,50.0,0.0,0.0,0.0,0.0,0.0,101.34062616103245,126.0,207.0,61.0,28.84,4.5,14984.141601,87.0,1.0,1
61538,69.0,0.0,0.0,0.0,0.0,0.0,55.83996679695678,141.33333333333334,218.0,61.0,27.21,22.36,9590.4584,75.0,1.0,0
61541,73.0,1.0,1.0,0.0,0.0,0.0,98.04086280937206,119.33333333333333,207.0,86.0,19.56,8.26,10937.272869,87.0,1.0,1
61545,34.0,0.0,1.0,0.0,0.0,0.0,94.44480175128874,115.33333333333333,221.0,34.0,23.09,7.68,71698.374029,76.0,2.0,0
61552,30.0,1.0,0.0,0.0,0.0,0.0,119.2445747588726,111.33333333333333,175.0,59.0,25.88,3.14,25286.616656,87.0,1.0,0
61561,76.0,1.0,1.0,1.0,1.0,1.0,60.559718380596316,109.33333333333333,157.0,69.0,25.75,6.28,41882.429829,77.0,2.0,1
61565,55.0,0.0,0.0,0.0,0.0,1.0,81.04298554773835,110.0,166.0,61.0,23.89,5.96,83025.267547,86.0,2.0,1
61569,31.0,1.0,0.0,0.0,0.0,0.0,123.4897508539896,107.33333333333333,215.0,46.0,23.96,4.32,59274.593748,86.0,2.0,1
61572,41.0,0.0,0.0,0.0,0.0,0.0,104.44427033310565,110.0,159.0,33.0,24.81,6.3,18607.909455,85.0,1.0,1
61576,41.0,1.0,0.0,0.0,0.0,0.0,116.52256251235403,104.0,181.0,56.0,24.69,8.39,16210.27682,79.0,1.0,1
61577,52.0,1.0,0.0,1.0,1.0,0.0,98.88870236821016,116.66666666666667,223.0,45.0,32.04,5.3,110823.740766,87.0,1.0,1
61578,66.0,1.0,0.0,1.0,1.0,0.0,70.50647339516557,122.0,193.0,52.0,28.77,2.86,13875.16562,78.0,1.0,1
61579,51.0,1.0,0.0,0.0,1.0,0.0,77.40056064304865,116.0,188.0,43.0,26.67,44.43,99626.593895,79.0,2.0,1
61580,69.0,1.0,0.0,0.0,0.0,0.0,100.9819024531328,120.66666666666667,258.0,55.0,33.77,13.29,4291.840243,88.0,2.0,1
61582,39.0,0.0,0.0,0.0,0.0,0.0,120.72517977779978,100.66666666666667,170.0,75.0,18.61,47.5,66243.377834,75.0,2.0,1
61585,61.0,0.0,0.0,0.0,0.0,0.0,95.88887467635615,122.66666666666667,288.0,51.0,24.79,3.37,9441.209941,75.0,2.0,1
61587,43.0,1.0,0.0,0.0,0.0,0.0,104.5817118619942,124.0,193.0,67.0,27.73,4.17,80201.026305,79.0,2.0,1
61588,59.0,1.0,0.0,0.0,1.0,0.0,100.98757605827362,111.33333333333333,217.0,47.0,26.67,7.24,26981.731139,83.0,1.0,1
61590,49.0,1.0,0.0,0.0,0.0,0.0,111.3325797274296,112.0,202.0,75.0,30.49,14.63,20195.776359,81.0,1.0,1
61591,46.0,0.0,0.0,0.0,0.0,0.0,103.89331736622745,112.0,195.0,38.0,23.19,3.29,35631.04933,79.0,2.0,1
61600,60.0,1.0,0.0,0.0,0.0,0.0,98.94831465668567,138.66666666666666,313.0,54.0,32.2,6.06,62032.536921,77.0,1.0,1
61601,30.0,1.0,1.0,0.0,0.0,0.0,89.38986249414431,98.66666666666667,208.0,66.0,25.11,3.58,64508.601789,77.0,1.0,1
61602,40.0,0.0,0.0,0.0,0.0,0.0,106.45339435261532,104.0,141.0,37.0,28.99,4.48,17395.90535,84.0,1.0,1
61609,76.0,0.0,1.0,0.0,0.0,0.0,74.41539162850705,142.66666666666666,174.0,73.0,20.22,10.75,32931.023461,81.0,2.0,1
61610,31.0,0.0,1.0,0.0,0.0,0.0,95.1453541929451,125.33333333333333,230.0,31.0,35.12,12.0,17722.563469,82.0,1.0,1
61612,77.0,1.0,0.0,0.0,0.0,0.0,92.02279286187276,144.0,206.0,55.0,23.21,38.89,8854.221571,78.0,1.0,1
61616,38.0,1.0,0.0,0.0,0.0,0.0,101.19506792760534,106.66666666666667,210.0,65.0,29.57,4.36,64508.601789,77.0,1.0,1
61617,44.0,1.0,0.0,0.0,0.0,0.0,118.53357404019758,135.33333333333334,222.0,89.0,19.42,5.42,68673.980843,86.0,2.0,1
61618,43.0,0.0,1.0,0.0,1.0,0.0,90.32518722372444,151.33333333333334,228.0,56.0,28.17,4.49,15937.414921,89.0,1.0,1
61623,32.0,1.0,0.0,0.0,0.0,0.0,121.74208949311374,109.33333333333333,135.0,41.0,27.72,9.32,17065.069489,86.0,2.0,1
61625,73.0,0.0,0.0,1.0,1.0,1.0,74.10350726157328,173.33333333333334,148.0,59.0,32.58,364.16,29991.270791,89.0,2.0,1
61626,48.0,0.0,1.0,0.0,0.0,0.0,91.73717092431419,120.66666666666667,156.0,51.0,20.37,2.88,121750.132804,75.0,1.0,1
61628,60.0,1.0,0.0,0.0,0.0,0.0,104.86960227898052,137.33333333333334,188.0,51.0,35.49,5.63,64361.747631,88.0,1.0,1
61629,65.0,1.0,0.0,0.0,0.0,0.0,96.25191088176868,133.33333333333334,216.0,54.0,31.64,9.24,5302.202469,88.0,2.0,1
61630,42.0,1.0,0.0,0.0,0.0,0.0,100.26927513693546,117.33333333333333,245.0,74.0,33.72,7.32,70653.154593,79.0,1.0,1
61637,49.0,0.0,1.0,0.0,0.0,0.0,108.48933177452405,112.0,178.0,41.0,26.59,12.33,15445.283252,85.0,1.0,1
61639,59.0,1.0,1.0,0.0,0.0,0.0,91.65444690863384,116.0,243.0,59.0,21.78,5.45,21166.764065,84.0,1.0,1
61642,53.0,1.0,0.0,0.0,0.0,0.0,108.59710352620219,107.33333333333333,211.0,67.0,30.9,4.81,14101.385993,81.0,2.0,1
61649,40.0,0.0,0.0,0.0,0.0,0.0,111.86506113710337,114.66666666666667,170.0,36.0,36.06,2.57,69995.376556,78.0,1.0,1
61653,56.0,0.0,0.0,0.0,0.0,1.0,100.5766984210164,127.33333333333333,160.0,54.0,26.54,4.59,93748.659542,79.0,2.0,0
61654,54.0,0.0,0.0,0.0,0.0,0.0,105.5678777099181,94.0,194.0,45.0,28.64,4.94,9969.066437,88.0,2.0,1
61655,43.0,0.0,0.0,0.0,0.0,0.0,86.36230633311139,106.0,191.0,46.0,27.08,2.4,93833.198076,79.0,2.0,1
61657,41.0,1.0,0.0,0.0,0.0,0.0,104.17586855243808,122.66666666666667,163.0,75.0,26.57,3.29,20485.581328,81.0,2.0,1
61658,30.0,0.0,0.0,0.0,0.0,0.0,118.2288791954785,108.0,200.0,30.0,37.06,2.84,90136.964446,77.0,1.0,1
61659,40.0,1.0,0.0,0.0,0.0,0.0,83.99978864343159,102.66666666666667,168.0,52.0,34.49,3.36,27466.731558,78.0,1.0,1
61661,63.0,0.0,0.0,0.0,1.0,0.0,96.955240894302,111.33333333333333,213.0,48.0,31.19,2.95,47468.363306,81.0,2.0,1
61665,45.0,1.0,1.0,0.0,0.0,0.0,101.61623497648871,106.66666666666667,239.0,67.0,27.15,5.83,20781.988696,87.0,1.0,1
61666,52.0,0.0,0.0,0.0,0.0,0.0,103.46260775970478,113.33333333333333,216.0,57.0,27.39,5.9,16023.891962,86.0,3.0,1
61675,50.0,1.0,0.0,1.0,1.0,1.0,106.80141743231928,129.33333333333334,183.0,54.0,30.94,5.86,125317.169771,75.0,2.0,1
61676,42.0,1.0,0.0,0.0,0.0,0.0,120.01717353184185,102.66666666666667,150.0,47.0,33.65,6.6,15496.851984,76.0,1.0,1
61677,55.0,1.0,0.0,0.0,0.0,0.0,104.69862897275345,147.33333333333334,231.0,37.0,25.27,8.7,25761.298255,82.0,2.0,1
61678,35.0,1.0,1.0,0.0,0.0,0.0,116.8202661662569,138.66666666666666,179.0,54.0,33.79,11.83,14978.26014,86.0,3.0,1
61679,45.0,1.0,0.0,0.0,1.0,0.0,63.14950361466654,122.66666666666667,217.0,82.0,27.29,7.05,27598.304309,88.0,1.0,0
61685,59.0,1.0,0.0,0.0,0.0,1.0,91.65444690863384,115.33333333333333,199.0,38.0,26.49,3.05,108048.508847,79.0,2.0,1
61693,33.0,1.0,0.0,1.0,0.0,1.0,81.13064488374893,118.66666666666667,280.0,39.0,68.63,5.04,25247.94746,78.0,2.0,1
61696,62.0,1.0,0.0,1.0,1.0,1.0,47.81449454605614,128.66666666666666,194.0,60.0,25.22,133.84,6821.241886,87.0,2.0,1
61699,56.0,0.0,0.0,0.0,0.0,0.0,75.4809068104294,101.33333333333333,233.0,37.0,30.86,5.86,8007.56716,89.0,1.0,1
61704,61.0,1.0,0.0,0.0,0.0,0.0,89.09405611064034,125.33333333333333,165.0,89.0,25.74,4.72,6398.584814,82.0,1.0,1
61705,36.0,0.0,1.0,0.0,0.0,0.0,91.20834509670925,126.66666666666667,220.0,42.0,34.11,9.31,62891.067864,86.0,2.0,1
61712,37.0,1.0,0.0,0.0,0.0,0.0,116.22193042949988,110.0,227.0,84.0,24.12,5.98,17856.435749,88.0,1.0,0
61713,55.0,0.0,0.0,0.0,0.0,1.0,73.6208630172731,121.33333333333333,220.0,64.0,25.13,29.03,98371.365395,79.0,2.0,1
61716,68.0,0.0,0.0,0.0,0.0,0.0,96.76486265159531,126.66666666666667,220.0,70.0,27.36,35.84,8809.825372,82.0,2.0,1
61717,59.0,0.0,0.0,0.0,1.0,1.0,77.33012027953451,145.33333333333334,193.0,35.0,39.7,3.5,87610.035587,77.0,1.0,1
61721,31.0,1.0,0.0,0.0,0.0,0.0,99.46567791581263,104.66666666666667,171.0,37.0,37.42,2.63,34968.61429,78.0,2.0,1
61725,49.0,0.0,1.0,0.0,0.0,0.0,108.90224399203015,107.33333333333333,204.0,51.0,23.79,3.55,15175.607764,89.0,1.0,1
61727,66.0,0.0,0.0,0.0,0.0,0.0,83.00664385952577,106.0,183.0,57.0,19.68,5.14,56851.289866,85.0,2.0,1
61730,51.0,1.0,0.0,0.0,0.0,0.0,81.74044097015242,102.0,197.0,85.0,19.76,4.52,94786.503036,85.0,2.0,0
61731,30.0,0.0,0.0,0.0,0.0,0.0,101.39789095079487,110.0,171.0,42.0,27.4,2.46,33324.854365,75.0,1.0,1
61734,30.0,0.0,0.0,0.0,0.0,0.0,118.63302035564686,126.66666666666667,308.0,53.0,30.27,4.43,21975.81089,83.0,1.0,0
61738,41.0,0.0,1.0,0.0,0.0,0.0,103.12636693624476,98.66666666666667,191.0,38.0,22.33,4.14,15175.607764,89.0,1.0,1
61745,37.0,1.0,0.0,0.0,0.0,0.0,114.96497672236065,101.33333333333333,214.0,94.0,19.81,9.0,35929.456026,79.0,2.0,1
61755,47.0,0.0,0.0,0.0,0.0,0.0,96.89601532550854,140.0,212.0,64.0,29.57,2.09,28419.766067,78.0,2.0,1
61756,30.0,1.0,1.0,0.0,0.0,0.0,117.23202281816458,126.0,215.0,57.0,24.35,11.65,15350.24237,80.0,1.0,0
61762,45.0,1.0,0.0,0.0,0.0,0.0,109.77618035689244,117.33333333333333,214.0,57.0,26.96,5.26,15979.688031,81.0,1.0,1
61765,30.0,1.0,1.0,0.0,0.0,0.0,119.2445747588726,114.66666666666667,265.0,50.0,39.29,34.56,22157.972966,81.0,2.0,1
61770,40.0,0.0,0.0,0.0,1.0,0.0,117.95212646940004,141.33333333333334,221.0,37.0,28.07,21.9,20708.126413,85.0,2.0,1
61772,61.0,1.0,0.0,0.0,1.0,0.0,105.15393687252994,129.33333333333334,210.0,69.0,21.06,5.84,6950.891576,77.0,2.0,1
61773,60.0,0.0,0.0,1.0,1.0,1.0,103.7292284191516,114.66666666666667,163.0,37.0,30.26,8.68,5791.074815,88.0,2.0,1
61775,61.0,0.0,0.0,1.0,0.0,0.0,103.51054982273168,145.33333333333334,184.0,34.0,30.71,4.93,7399.58979,85.0,2.0,1
61778,55.0,1.0,0.0,0.0,1.0,0.0,88.28330392417243,119.33333333333333,249.0,69.0,34.27,9.83,27000.043569,87.0,2.0,1
61779,34.0,0.0,0.0,0.0,0.0,0.0,103.77047550662333,120.66666666666667,213.0,59.0,26.94,3.69,60123.4098,79.0,2.0,1
61780,37.0,1.0,0.0,0.0,0.0,0.0,114.16463067272926,135.33333333333334,216.0,76.0,34.29,7.57,21584.580906,86.0,1.0,0
61786,35.0,0.0,1.0,0.0,0.0,0.0,117.91575630086412,118.0,188.0,43.0,21.78,8.12,56137.422196,76.0,1.0,1
61789,51.0,1.0,0.0,0.0,0.0,0.0,106.53050320871651,114.0,188.0,61.0,25.11,5.31,12516.66658,82.0,2.0,1
61790,69.0,1.0,0.0,0.0,0.0,0.0,69.20316699286063,134.66666666666666,276.0,46.0,30.23,3.45,66402.459548,76.0,2.0,1
61791,42.0,1.0,0.0,0.0,0.0,0.0,95.71757264247408,96.66666666666667,200.0,97.0,20.27,10.45,70653.154593,79.0,1.0,1
61795,61.0,0.0,0.0,0.0,0.0,0.0,89.92747782808695,122.66666666666667,237.0,40.0,28.29,10.0,52696.446317,80.0,1.0,1
61800,44.0,1.0,1.0,0.0,0.0,0.0,110.06734800595726,109.33333333333333,168.0,45.0,35.17,10.0,29437.992432,81.0,1.0,1
61812,46.0,0.0,1.0,0.0,0.0,0.0,103.89331736622745,104.66666666666667,174.0,43.0,20.8,2.74,26444.710314,75.0,2.0,1
61815,33.0,0.0,0.0,0.0,0.0,0.0,107.033721431505,117.33333333333333,185.0,41.0,40.94,2.09,50388.933244,84.0,2.0,1
61817,73.0,0.0,0.0,0.0,0.0,0.0,41.16711928777908,121.33333333333333,212.0,42.0,19.83,7.0,12277.541603,75.0,2.0,1
61820,39.0,0.0,0.0,0.0,0.0,0.0,114.59310911938168,97.33333333333333,147.0,65.0,21.13,3.2,69862.627307,79.0,1.0,1
61828,59.0,1.0,0.0,0.0,0.0,0.0,77.77301144441587,124.0,208.0,60.0,34.94,253.48,14495.000318,76.0,1.0,1
61830,57.0,1.0,0.0,0.0,0.0,0.0,91.33826578334742,117.33333333333333,306.0,70.0,26.91,5.5,107298.217979,81.0,2.0,1
61833,33.0,0.0,0.0,0.0,0.0,0.0,99.52355921793799,118.0,151.0,76.0,32.13,1.94,68314.547365,87.0,2.0,1
61834,46.0,1.0,0.0,0.0,0.0,0.0,112.4904879347848,105.33333333333333,190.0,64.0,25.51,4.71,16976.806827,88.0,2.0,1
61836,77.0,1.0,1.0,0.0,0.0,1.0,39.423394576370505,133.33333333333334,198.0,38.0,24.73,3.58,45926.773223,87.0,1.0,1
61839,75.0,0.0,0.0,0.0,1.0,0.0,86.74778483823152,138.0,141.0,37.0,30.33,11.79,10672.407106,84.0,1.0,1
61843,72.0,1.0,0.0,0.0,0.0,0.0,96.90621331425872,146.0,223.0,45.0,30.94,8.16,46891.216111,75.0,2.0,1
61849,32.0,0.0,0.0,0.0,0.0,0.0,117.98282942464486,112.66666666666667,193.0,64.0,25.7,3.69,79590.36724,78.0,2.0,1
61853,40.0,1.0,1.0,0.0,0.0,0.0,81.78930738901728,102.66666666666667,168.0,65.0,15.02,3.61,87550.314744,77.0,2.0,1
61855,45.0,0.0,1.0,0.0,0.0,0.0,108.81924499731535,122.0,228.0,48.0,27.65,3.81,83568.320819,77.0,1.0,1
61858,41.0,1.0,0.0,0.0,0.0,0.0,112.54135658238424,110.66666666666667,155.0,52.0,40.11,10.47,15510.135957,82.0,1.0,1
61866,74.0,1.0,0.0,0.0,1.0,1.0,54.506890852742586,109.33333333333333,183.0,50.0,33.33,14.25,37401.305445,77.0,2.0,1
61874,66.0,0.0,0.0,0.0,1.0,0.0,50.22275692939323,146.0,210.0,30.0,33.47,2.58,12660.83781,75.0,2.0,0
61875,58.0,0.0,0.0,0.0,0.0,0.0,74.54784505203787,122.66666666666667,197.0,45.0,26.83,2.13,101172.924903,75.0,2.0,1
61877,40.0,1.0,1.0,1.0,0.0,0.0,95.46368990413177,90.66666666666667,135.0,40.0,35.04,3.68,21853.714409,78.0,2.0,1
61884,41.0,1.0,0.0,0.0,0.0,0.0,118.02357489880046,101.33333333333333,195.0,60.0,24.44,5.0,16043.839024,85.0,1.0,1
61885,53.0,1.0,0.0,0.0,0.0,0.0,106.41863524661174,152.66666666666666,285.0,67.0,27.17,11.06,8596.075217,85.0,1.0,1
61890,50.0,0.0,0.0,0.0,0.0,0.0,109.06841544306235,161.33333333333334,219.0,38.0,48.53,21.27,8077.871753,88.0,2.0,1
61893,40.0,0.0,0.0,0.0,0.0,0.0,96.41695320062206,112.0,210.0,51.0,26.37,3.76,17395.90535,84.0,1.0,1
61894,73.0,1.0,0.0,1.0,0.0,0.0,93.97179730560603,141.33333333333334,152.0,44.0,42.78,8.89,11069.69249,86.0,2.0,1
61899,36.0,1.0,0.0,0.0,0.0,0.0,80.64859527711067,99.0,228.0,92.0,19.54,5.0,49830.060206,80.0,1.0,1
61903,54.0,0.0,0.0,0.0,0.0,0.0,107.23749752307569,146.66666666666666,186.0,49.0,30.67,7.77,21083.821603,87.0,2.0,1
61905,77.0,1.0,0.0,0.0,1.0,0.0,79.39991732690974,132.0,198.0,76.0,46.81,10.71,48369.724309,80.0,2.0,1
61907,53.0,1.0,0.0,0.0,0.0,0.0,109.53594870145939,121.33333333333333,231.0,22.0,33.93,127.82,21623.471032,80.0,2.0,1
61909,33.0,0.0,1.0,0.0,0.0,0.0,119.39162301222716,122.66666666666667,185.0,47.0,29.9,4.26,14757.744593,76.0,1.0,1
61917,44.0,1.0,0.0,0.0,0.0,0.0,100.61637229246554,101.33333333333333,162.0,59.0,18.44,5.96,86576.383051,77.0,2.0,1
61918,35.0,0.0,1.0,0.0,0.0,0.0,109.81572971869222,117.33333333333333,164.0,21.0,20.89,7.7,28347.959556,75.0,1.0,1
61924,46.0,0.0,0.0,0.0,0.0,0.0,98.72054105015717,121.33333333333333,209.0,38.0,28.75,6.93,20890.529821,78.0,1.0,1
61932,64.0,1.0,0.0,0.0,1.0,0.0,97.19375269953703,125.0,161.0,41.0,41.2,4.3,6592.294836,81.0,1.0,1
61933,41.0,1.0,0.0,0.0,0.0,0.0,111.74640040365365,111.33333333333333,196.0,81.0,29.76,4.55,15810.153943,84.0,1.0,1
61943,59.0,0.0,0.0,0.0,1.0,0.0,82.71416705983106,102.0,151.0,30.0,33.56,8.79,75696.640351,80.0,1.0,1
61947,56.0,0.0,0.0,0.0,1.0,0.0,83.30973859382364,128.66666666666666,195.0,46.0,32.21,2.83,91372.94023,77.0,1.0,1
61949,61.0,1.0,0.0,1.0,1.0,0.0,76.81161569706504,146.0,183.0,41.0,33.02,14.27,4877.462322,78.0,1.0,1
61956,36.0,0.0,0.0,0.0,0.0,0.0,105.05521183250174,126.66666666666667,147.0,59.0,24.95,6.34,61532.899527,86.0,2.0,1
61958,52.0,0.0,0.0,0.0,0.0,1.0,100.08789793030527,106.66666666666667,188.0,45.0,28.22,4.71,11042.99474,88.0,2.0,1
61959,32.0,0.0,0.0,0.0,0.0,0.0,75.55086837665165,124.0,224.0,89.0,22.34,6.51,55300.437963,89.0,1.0,0
61960,78.0,1.0,0.0,0.0,1.0,0.0,92.95934441708178,147.33333333333334,221.0,56.0,46.98,8.07,40953.836586,79.0,1.0,1
61965,38.0,1.0,0.0,0.0,0.0,0.0,118.22895780895121,112.0,164.0,41.0,36.21,5.78,27369.12282,75.0,1.0,1
61967,69.0,1.0,0.0,0.0,1.0,0.0,78.52988446453398,132.66666666666666,248.0,72.0,23.54,9.18,84144.730051,80.0,2.0,1
61968,66.0,0.0,0.0,0.0,0.0,0.0,95.83376834991121,126.0,176.0,40.0,38.79,6.53,62997.695381,78.0,2.0,1
61970,31.0,0.0,1.0,0.0,0.0,0.0,99.59635642973038,137.33333333333334,217.0,78.0,22.39,3.63,25967.319538,78.0,1.0,0
61974,50.0,0.0,0.0,0.0,0.0,0.0,104.75757480612519,110.0,189.0,47.0,30.74,4.23,17242.660371,76.0,1.0,1
61979,54.0,0.0,0.0,0.0,0.0,0.0,90.52378663211127,112.66666666666667,210.0,72.0,23.09,2.87,14883.708575,77.0,2.0,1
61981,63.0,0.0,1.0,0.0,0.0,0.0,83.56611822170068,128.0,160.0,33.0,27.88,3.81,8651.550531,87.0,1.0,0
61983,54.0,0.0,0.0,0.0,0.0,0.0,83.39843624355093,119.33333333333333,208.0,44.0,25.7,5.17,9702.610964,81.0,1.0,1
61986,52.0,0.0,0.0,0.0,1.0,1.0,90.55802889550912,124.66666666666667,252.0,78.0,35.01,5.4,24613.220078,83.0,2.0,1
61989,46.0,0.0,0.0,0.0,0.0,0.0,86.67073375625436,114.66666666666667,226.0,66.0,29.67,2.97,66479.511871,82.0,1.0,1
61990,38.0,1.0,0.0,0.0,0.0,0.0,123.04031237509581,104.66666666666667,200.0,50.0,28.6,14.29,56333.431437,85.0,1.0,1
61991,31.0,0.0,1.0,0.0,0.0,0.0,93.05427351270406,115.33333333333333,156.0,40.0,23.15,2.19,12400.780458,75.0,2.0,1
62000,67.0,1.0,0.0,1.0,1.0,1.0,99.54148965606014,102.0,199.0,54.0,29.59,7.78,6627.415843,75.0,1.0,1
62005,50.0,0.0,1.0,0.0,0.0,0.0,84.54120680094985,167.33333333333334,170.0,43.0,31.47,17.65,17126.695224,84.0,1.0,1
62013,73.0,1.0,0.0,0.0,0.0,0.0,91.90291411023256,176.66666666666666,251.0,51.0,26.62,8.67,38913.512966,77.0,1.0,1
62026,47.0,1.0,1.0,0.0,0.0,1.0,78.30499701916808,98.0,209.0,71.0,27.85,2.81,21594.166094,77.0,2.0,1
62028,38.0,1.0,1.0,0.0,0.0,0.0,115.93373359731667,116.0,187.0,54.0,21.17,5.56,18259.648426,86.0,2.0,1
62030,56.0,0.0,0.0,0.0,0.0,0.0,104.26289405553428,101.33333333333333,228.0,31.0,23.3,8.53,21231.427069,81.0,1.0,1
62034,43.0,0.0,1.0,0.0,0.0,0.0,110.18125721930724,116.66666666666667,182.0,52.0,39.09,2.42,32359.476034,76.0,2.0,1
62035,75.0,1.0,0.0,0.0,1.0,1.0,68.49071958015344,116.0,258.0,83.0,26.67,3.33,11967.214768,81.0,1.0,1
62037,56.0,0.0,0.0,0.0,0.0,0.0,66.3068605137937,112.66666666666667,240.0,58.0,22.71,15.14,108835.074142,82.0,2.0,1
62040,39.0,1.0,0.0,0.0,0.0,0.0,107.21604348404415,110.0,179.0,73.0,30.83,4.63,40866.112466,75.0,2.0,1
62045,75.0,1.0,0.0,0.0,1.0,1.0,59.463258208917516,148.66666666666666,184.0,44.0,21.49,8.24,42560.928687,79.0,1.0,1
62049,74.0,0.0,0.0,0.0,0.0,0.0,63.45813419391165,122.66666666666667,183.0,41.0,30.27,6.47,30233.187542,80.0,1.0,1
62050,53.0,1.0,0.0,0.0,1.0,0.0,77.47562611176801,122.0,181.0,64.0,37.5,8.12,23014.322091000002,84.0,2.0,1
62052,49.0,0.0,0.0,0.0,0.0,0.0,108.90224399203015,125.33333333333333,207.0,48.0,28.56,5.98,14031.345086,88.0,2.0,1
62059,35.0,1.0,0.0,0.0,0.0,0.0,111.7512123963772,145.33333333333334,153.0,82.0,32.34,42.59,16913.009072,87.0,2.0,1
62063,73.0,1.0,0.0,0.0,1.0,1.0,94.7173369612668,137.33333333333334,168.0,64.0,28.94,6.42,10343.744487,88.0,1.0,1
62064,77.0,1.0,0.0,0.0,1.0,0.0,55.35653695142211,139.33333333333334,238.0,47.0,26.95,5.75,24122.064727,83.0,1.0,1
62065,51.0,1.0,0.0,0.0,0.0,0.0,112.94361521750118,118.0,198.0,55.0,30.02,14.16,10198.250791,87.0,2.0,0
62067,35.0,0.0,0.0,0.0,0.0,0.0,122.18556535115025,122.66666666666667,161.0,50.0,26.62,1.45,35549.167135,82.0,2.0,1
62071,49.0,0.0,1.0,0.0,0.0,0.0,104.69814147034143,141.33333333333334,275.0,61.0,22.14,3.03,29892.016061,78.0,2.0,1
62072,31.0,0.0,0.0,0.0,0.0,0.0,124.74261476301707,118.0,270.0,40.0,28.19,11.17,62891.067864,86.0,2.0,1
62081,55.0,0.0,0.0,0.0,0.0,0.0,81.04298554773835,124.0,243.0,53.0,32.94,2.9,11723.777579,88.0,2.0,1
62083,40.0,1.0,0.0,0.0,1.0,0.0,108.32961646831816,115.33333333333333,174.0,67.0,26.61,7.53,37645.371526,82.0,2.0,1
62085,54.0,0.0,0.0,0.0,0.0,0.0,83.39843624355093,148.66666666666666,191.0,38.0,27.8,3.65,17577.44201,78.0,1.0,1
62087,74.0,1.0,0.0,0.0,0.0,0.0,73.92957887898895,138.66666666666666,250.0,42.0,39.97,6.36,41085.156853,77.0,2.0,1
62091,66.0,1.0,0.0,1.0,0.0,1.0,74.45979949873593,133.33333333333334,234.0,54.0,36.23,8.26,7085.366775,75.0,1.0,1
62092,46.0,1.0,0.0,0.0,1.0,0.0,79.84526091763327,124.0,157.0,60.0,30.11,3.2,13233.473823,89.0,2.0,1
62097,69.0,0.0,0.0,0.0,0.0,0.0,93.73062786692225,124.66666666666667,203.0,44.0,27.44,4.24,6932.682394,87.0,2.0,1
62102,59.0,1.0,0.0,0.0,0.0,0.0,82.34750290289922,108.66666666666667,257.0,44.0,26.74,5.98,125317.169771,75.0,2.0,1
62103,53.0,1.0,0.0,0.0,0.0,0.0,88.04913995269463,94.66666666666667,229.0,67.0,20.09,3.42,10398.717828,89.0,2.0,1
62105,43.0,0.0,0.0,0.0,0.0,0.0,111.36909023142913,111.33333333333333,227.0,39.0,30.12,3.08,78710.236967,80.0,2.0,1
62106,30.0,0.0,0.0,0.0,0.0,0.0,109.0494923920825,104.66666666666667,155.0,50.0,25.63,3.51,33211.444479,78.0,2.0,1
62107,70.0,1.0,0.0,1.0,1.0,1.0,51.78812075327741,125.33333333333333,154.0,44.0,42.05,2.93,42613.475824,78.0,2.0,1
62108,54.0,1.0,0.0,1.0,1.0,1.0,106.5978936710779,119.33333333333333,166.0,81.0,28.98,7.96,13021.335041,81.0,1.0,1
62112,58.0,1.0,0.0,1.0,1.0,0.0,100.18677954321588,142.66666666666666,221.0,45.0,24.55,5.7,15009.934467,77.0,2.0,1
62123,78.0,1.0,0.0,0.0,1.0,1.0,57.66441796567935,182.0,174.0,63.0,29.89,29.29,37058.064768,77.0,1.0,1
62125,56.0,0.0,0.0,0.0,0.0,0.0,102.3483422610867,118.0,221.0,65.0,30.89,8.18,90382.442658,79.0,1.0,1
62126,54.0,0.0,0.0,0.0,0.0,0.0,102.18364852612675,108.66666666666667,211.0,52.0,29.93,3.21,11822.128672,86.0,2.0,1
62127,48.0,1.0,0.0,0.0,0.0,0.0,69.49253277221659,124.66666666666667,196.0,60.0,36.09,9.24,27598.304309,88.0,1.0,1
62130,67.0,1.0,0.0,0.0,0.0,0.0,90.0806609755848,148.0,183.0,60.0,20.37,5.09,6304.341968,85.0,2.0,1
62132,66.0,1.0,0.0,1.0,1.0,0.0,97.40508054998159,122.66666666666667,224.0,77.0,45.39,14.25,26032.873284,87.0,1.0,1
62136,70.0,0.0,1.0,0.0,0.0,0.0,95.93707668871211,140.0,197.0,41.0,32.84,5.2,15661.814696,75.0,1.0,1
62137,34.0,1.0,0.0,0.0,0.0,0.0,123.82157683473228,106.66666666666667,137.0,34.0,38.74,6.43,25247.94746,78.0,2.0,1
62139,37.0,0.0,0.0,0.0,0.0,0.0,86.77216784738334,121.33333333333333,199.0,69.0,22.96,3.48,63837.745058,79.0,1.0,1
62142,55.0,0.0,0.0,0.0,1.0,0.0,73.6208630172731,125.33333333333333,248.0,48.0,27.85,4.52,85700.159432,75.0,2.0,1
62143,48.0,1.0,0.0,0.0,0.0,0.0,89.48621063119802,102.0,170.0,72.0,21.66,5.04,88087.54939,78.0,2.0,1
62144,33.0,1.0,0.0,0.0,0.0,0.0,95.4024534578039,98.66666666666667,153.0,59.0,25.72,3.0,18926.031583,78.0,1.0,1
62152,52.0,0.0,0.0,0.0,0.0,0.0,89.48316002790122,106.0,210.0,29.0,44.82,19.19,12664.205092,89.0,1.0,1
62155,32.0,0.0,0.0,0.0,0.0,0.0,106.37045861360633,115.33333333333333,198.0,38.0,35.28,3.71,18147.496374,89.0,1.0,1
62156,48.0,1.0,1.0,0.0,0.0,0.0,79.9226973326412,110.66666666666667,246.0,76.0,35.38,6.29,21081.607689,80.0,2.0,1
62160,63.0,1.0,0.0,1.0,1.0,1.0,99.61687963349655,122.66666666666667,181.0,38.0,28.82,3.33,6443.674009,81.0,2.0,0
